q_slab_index,q_lo,q_hi,q_mid,x_panel_index,x_lo,x_hi,c_point_midpoint_term_lower,c_point_midpoint_term_upper,c_point_remainder_term_lower,c_point_remainder_term_upper,c_point_contribution_lower,c_point_contribution_upper,cq_midpoint_term_lower,cq_midpoint_term_upper,cq_remainder_term_lower,cq_remainder_term_upper,cq_contribution_lower,cq_contribution_upper
0,0/1,1/32,1/64,0,0/10,1/10,0.08267656652930331462316209022574471654737678700722083216161240019297910471749577142491497022339815470,0.08267656652930331462316209022574471654737678700722083216161240019297910471749582268635246918181733309,-0.0002064665531445386749651782710252533227292762050920299472897828154142976572820827968365948448483703691,-0.0001845930059650011792175707301106114127065394179432957285693672606060318063209599524218235489235466989,0.08247009997615877594819691195471946322464751080212880221432261737756480706021368857634542160439609370,0.08249197352333831344394451949563410513467024758927753643304303293237307291117486278231768697389325822,0.006080031221319456641870399244811704707511191157977059704075203382924806466393420587331383905033752282,0.03596285708682350134771600361561204811777501949540608399214762551051546309944098771314491963216618141,-0.00003304288170915959816747365502358902112675728655208586912559041144171074636099840101171347253843615792,0.0001310010146655625525346517360362606496685531768034800829104240529267656392310896087981287549922433693,0.006046988339610297043702925589788115686384433871424973834949612971483095720032422182845069059604396604,0.03609385810148906390025065535164830876744357267220956407505804956344222873867207733738572115556251154
0,0/1,1/32,1/64,1,1/10,2/10,0.07798800145602276912416944202409139237212282978022729312286637226123060532451140748409059909664004916,0.07798800145602276912416944202409139237212282978022729312286637226123060532451145874552809805505922756,-0.0002297258195013188542714950504224361296598015483683974909285183261055897829519266869703484307409689909,-0.0001686786481023208247626357207743573719687752066725479922749154120188315770038985763270534785843022834,0.07775827563652145026989794697366895624246302823185889563193785393512501554155948076597752724961750522,0.07781932280792044829940680630331703500015405457355474513059145684921177374750756021681595227905419277,0.007065616244303965977105680909021194681812098250196636292953930375463049493992056805643516648842152348,0.03735076208950343361388114002952330246019338112035108848992510771210169775141409048866854368181211122,-0.0001327089648368615457847439048182684623101579447449013385831128988016141187140849296313976997333377882,0.0001873459570058668613630192142669595202016289757373798986140884857053730909904848203212723081622349282,0.006932907279467104431320937004202926219501940305451734954370817476661435375277971874725229551741807331,0.03753810804650930047524415924379026198039501009608846838853919619780707084240457532237346572259122134
0,0/1,1/32,1/64,2,2/10,3/10,0.06852743993943842817150051865336967084247991810795471690963707701211283172369879934358323798287876583,0.06852743993943842817150051865336967084247991810795471690963707701211283172369885020968831407015332331,-0.0002572004370949666088630979256398061440198826375460379883957881059311254834238636203781597229630296310,-0.0001548785452823107133408348179115827596500396023221876687587841150292982316353486743030572780225331184,0.06827023950234346156263742072772986469846003547040867892124128890618170624027493560584076522004467686,0.06837256139415611745815968383545808808282987850563252924087829289708353349206350161748880034414585144,0.008352570269873098242993630802590600877412056442460140237288657222003908478568453424775791512700801748,0.03990950136228333035056310580358074238670079353716154984214387353280265546646845399718597945237725101,-0.0002680333839200125102808757566595007271919959026305801581316910233270552352302879524964357949754299386,0.0002359848639405131346940066284535637719891460742922325033899851494116207574371839830354374041339182342,0.008084536885953085732712755045931100150220060539829560079156966198676853243338165456321927190374482163,0.04014548622622384348525711243203430615868993961145378234553385868221427622390563800724609420121832107
0,0/1,1/32,1/64,3,3/10,4/10,0.05413377873522150339439849365061632719774391651654281823360989359174442042103194114844825679719602813,0.05413377873522150339439849365061632719774391651654281823360989359174442042103199471599155583729216185,-0.0002889042489662358846230960292657005415943283962256626528399876010980267253607517491129948787371945783,-0.0001421107294179801531361908611763007729746458737101879647778483974891265441415466437160500150064950642,0.05384487448625526750977539762135062665614958812031715558076990599064639369567118936536138182796984269,0.05399166800580352324126230278944002642476927064283263026883204519425529387689044812967077294485418922,0.008736169177248524888178357724838119561393756860838738240743736685298681844419675722978004032258775667,0.04261864835733658917006587041074673871770402225140587984850256096218629383820234357026689218957547164,-0.0004468041458179143777813321148267931633488372725102382436582400461276077737812759143577013981657781568,0.0002835336792603555039289692964807519612460267906578326980328028670942448349760156787666271611871733876,0.008289365031430610510397025610011326398044919588328499997085496639171074070638399793692385624635713648,0.04290218203659694467399483970722749067895004904206371254653536382928053867317835929124349158440048216
0,0/1,1/32,1/64,4,4/10,5/10,0.03457921582477327643081979155262867675347255892118385424809092297439997967883901605524993258852535294,0.03457921582477327643081979155262867675347255892118385424809092297439997967883907469622599180831078838,-0.0003248769936296509566296111258595133953731068007624088975636948566306914842161026799779826350482760932,-0.0001293561700048786196141671922554381820661130746750438060869127118671909112129535700096726932812866295,0.03425433883114362547419018042676916335809945212042144535052722811776928819462291335004891776508373514,0.03444985965476839781120562436037323857140644584650881044200401026253278876762612119081816686285326467,0.006786083594967187324079653539961061370425483019847577920750080777987458449133387541518393023968955544,0.04384783404735186855328867456543003920841384593355242880398810073612066595914573276072878183087898513,-0.0006818962640346409364448534330310349707540912494769242107720279310393846782997195094220923379501516644,0.0003360619922304035946641852142687830444300505142732423649931006150781157148677023134477357795638667285,0.006104187330932546387634800106930026399671391770370653709978052846948073770833668029007766132337986528,0.04418389603958227214795285977969882225284389644782567116898120135119878167401343511278319953145306874
0,0/1,1/32,1/64,5,5/10,6/10,0.009584414012207835025916215149369648966786174406633178043717627124256480215080496869468910182116775618,0.009584414012207835025916215149369648966786174406633178043717627124256480215080559035492406669608414199,-0.0003653105747960298183228195456853313736755655874344195546719370488911307087036460035269016704567528727,-0.0001149588292226914901258568994280084099985062685082911375489541700558812642288403116827394996098673648,0.009219103437411805207593395603684317593110608819198758489045690075365349506376850857191160609564373585,0.009469455182985143535790358249941640556787668138124886906168672954200598950851718725740001266049057678,0.0002795635062366885256990574459874856117897417679030824242175662021957550407983743369535011176119012496,0.04147562641633703882635673603105438177806808268671392636838790064003828226504179512935563330822539502,-0.0009862728962402919229340520941352300586594698593868283425049252808925614609318116385218906784948416453,0.0004019192065894133054952669471468201221599091008561499216769047124955925635814914849483817255999046097,-0.0007067093900036033972349946481477444468697280914837459182873590786968064201334373015683895608829403957,0.04187754562292645213185200297820120190022799178757007629006480535253387482862328667555995034849484375
0,0/1,1/32,1/64,6,6/10,7/10,-0.02116351924420537920112927041595483214612506334671198929970291595285708130335687439664890091372795667,-0.02116351924420537920112927041595483214612506334671198929970291595285708130335680653124964136723469993,-0.0004097949984469213972863381973268458143002862124853957208556202624132287037631518706467090979377124658,-0.00009769425347929070682951221333050012814789550590070718676066455194638241332990533032136888144218539525,-0.02157331424265230059841560861328167796042534955919738502055853621527031000712002627656121367270812119,-0.02126121349768466990795878262928533227427295885261269648646358050480346371668671183892175685501755808,-0.01367703750271423472174922953316005942735585606034567663223207045844939233774198504449777885818907481,0.03278053837476828359658782580181848419933937136503671379626771252483522204332892679435779450639794207,-0.001373329160906384730801527834897346135153169999745737044382253123313946840279185994375381970107501981,0.0004922704848910142159670924209279379615156594269640685147825908465018499422130425768392361681082381001,-0.01505036666362061945255075736805740556250902606009141367661432358176333917802117104710925297144542307,0.03327280885965929781255491822274642216085503079200078231105030337133707198554196943605625630180334454
0,0/1,1/32,1/64,7,7/10,8/10,-0.05799179796053735099373015455477042296815571720112155168258174848768098052386266353825044077279457913,-0.05799179796053735099373015455477042296815571720112155168258174848768098052386259000641978673989508930,-0.0004580399236164545891453436524304953840658852576870709124472810550566344051436477833298827833567438101,-0.00007619737977910075881534782789150567349223183245979014998018683917504515800425836864174691848597751137,-0.05844983788415380558287549820720091835222160245880862259502902954273761492900631136584931882557637164,-0.05806799534031645175254550238266192864164794903358134183256193532685602568186684832628842549817149281,-0.03876438584448018361530114491003107317065303547461240127744747550736247698240936940820636189125020838,0.01445378578314521844003200349333405003994742077931691586861425560344728556374207082343749296531556622,-0.001864256307541012776260308830343802715090807676774873106457762686940222524848050926369683549259219549,0.0006253355438931243307110534522355377097610808000107013490126451209443146331263837409322839020170673952,-0.04062864215202119639156145374037487588574384315138727438390523819430269950725742039016966740676414025,0.01507912132703834277074305694556958774970850157932761721762690072439160019686845457363538052837508567
0,0/1,1/32,1/64,8,8/10,9/10,-0.1012230445071942484510457524127706605945858657297515381645446513705574714173925818435467339375721479,-0.1012230445071942484510457524127706605945858657297515381645446513705574714173924969788532909318601919,-0.0005094997155158688745915908792425429671016416599182551986743761484549962899430350752491218983009472441,-0.00004929153060186709399371517680701212009250069440422458014397860507554177794887628634862689518118117567,-0.1017325442227101173256373432920132035616875073896697933632190275190124677073356170124814039641912215,-0.1012723360377961155450394675895776727146783664241557627446886299756330131953413731750553155414825167,-0.07929671835947285431287764603063639987594447444458649447059915307385144089929561726589285371910181465,-0.01767758334658565318835554936550708799044387900289457932297906330055961866479090397138551439508637848,-0.002487451057064179971587182630316604510607076337204835544264346953007116535476929502278839333208059701,0.0008211770274575370869769286230240964428993986549072010086679535454158577018033058517837075956117344930,-0.08178416941653703428446482866095300438655155078179133001486350002685855743477254680523410769647968256,-0.01685640631912811610137862074248299154754448034798737831431110975514376096298759808871646126266647047
0,0/1,1/32,1/64,9,9/10,10/10,-0.1511581222347857337732017774743541747585008346008364705061287052332094884254776318324133787774606015,-0.1511581222347857337732017774743541747585008346008364705061287052332094884254775438050605528025916782,-0.0005643707983496772533137721995094335871254287436860837602351525663116795306352012568035598066768629908,-0.00001654013190536221827881688124152956402256498049919705335281860177285441655312325076114786110709639730,-0.1517224930331354110265155496738636083456262633445225542663638577995211679561128331818729751945619850,-0.1511746623666910959914805943555957043225233995813356675594815238349823428420306669008802172207111042,-0.1402751674609916449812878418983570094583129767132146865679240775268822611729193934322286091367681292,-0.06815975472284946143971148469854674564494772260631244840565426827224814599707538262461342992506986134,-0.003260116986294631883134984412603013863622997485513732331604928091424015710489239667763175962949463346,0.001108360617903384034548086805261303258290476328962177392106490477160856781365298860284188229939793510,-0.1435352844472862768644228263109600233219359741987284188995290056183062768834086331288181076007385544,-0.06705139410494607740516339789328544238665724627735027101354777779508728921571008371079464276466256708
1,1/32,1/16,3/64,0,0/10,1/10,0.08332987147189265246232676329387917664880478378113929103716682110296112224247459912812257641241176195,0.08332987147189265246232676329387917664880478378113929103716682110296112224247464986245017820930477913,-0.0002050756388422839741584046188869118428306650375634853419190528176800250036629350132352054796239354370,-0.0001828628420653174539149343770672204280987763058377901444230115801577345007654185962149450728578201785,0.08312479583305036848816835867499226480597411874357580569524776828528109723881166398877220999082111802,0.08314700862982733500841182891681195622070600747530150089274380952280338774170923126932376769012777630,0.005099267492873638065802504965341574940864604436955829873593241991126147191384183258976884520171117360,0.03588724947664847084145931811004638921240698586356249970192103815469947285370472365726190873587265592,-0.00003051064945974625388549162526144693212943692288984694245657596458641689038173324679938880154978187560,0.0001348533514222256789124950070941394446668045109067244935271926793567431279970054125252791104953225747,0.005068756843413891811917013340080128008735167514065982931136666026539730301002450010247161622570824640,0.03602210282807069652037181311714052865707379037446922419544823083405621598170172912846934436630350817
1,1/32,1/16,3/64,1,1/10,2/10,0.07867952109893364259123373613840192818912575550312128364811979463600896316778472294344901266691682518,0.07867952109893364259123373613840192818912575550312128364811979463600896316778477341422166588304676175,-0.0002288749320335735196750596552687932528482956971694780230032192914496605871437334468620572215670716005,-0.0001677074519901095236363698957454014941753674925172421199722924138691820901181818779912053615859226683,0.07845064616690006907155867648313313493627745980595180562511657534455930258064098947573934720800423646,0.07851181364694353306759736624265652669495038801060404152814750222213978107766659154884197661565750993,0.006342603878325240831543461777965551402975874975731327627197001685388145635757878854193446601061090077,0.03725863132484092037292837727012410084518792914651666181515779665951176488587194579916032952364883698,-0.0001295943755774771884752706559763328648753780862126236607223575324044793321777257545830399871253937921,0.0001903315060230279067590194060501959369685624458710864148966957267841360821610284528124777542723942785,0.006213009502747763643068191121989218538100496889518703966474644152983666303580153095749738421834674596,0.03744896283086394827968739667617429678215649159238774823005449238629590096803297429006473343998464525
1,1/32,1/16,3/64,2,2/10,3/10,0.06927976572289213738522747809800620209112103930925029267178684819540081681564841080058868524005071632,0.06927976572289213738522747809800620209112103930925029267178684819540081681564846140313881274656219320,-0.0002577035439714584958342120846937762229497307563494070045620294790686438815084722749892517282409724577,-0.0001553092394839815786545508640407817623712439825871811084864658847192206787251157113311444332959905580,0.06902206217892067888939326601331242586817130855290088566722481871633217293413993841904499140982154526,0.06912445648340815580657292723396542032874979532666311156330038231068159613692334572578154840375519350,0.007692701660309635982369241650641519024306901038122916397114060954592235289406002328956089644431214580,0.04001830914405878111880855086630022372675727473475115142759041615617187744881560016570969378716827165,-0.0002636917048694410305697595281121304642660667458515308027696436787758982054657788408897048721021690758,0.0002374896745152259130167790407717496524220234224051745658380042863809944952692774167555585505945984513,0.007429009955440194951799482122529388560040834292271385594344417275816337083940223483433582941807819477,0.04025579881857400703182532990707197337917929815715632599342842044255287194408487763831625218349098387
1,1/32,1/16,3/64,3,3/10,4/10,0.05493763463890156561222771509716046251049029222583777363812818444263611221107075758590381870155912242,0.05493763463890156561222771509716046251049029222583777363812818444263611221107081075811469487051063523,-0.0002914970399756596972889420578257219927556842352734049348973184489815162373040055190112560042114557477,-0.0001447526762926910135454838159074078308503824622676727504473971390188753663752237815599045156689184656,0.05464613759892590591493877303933474051773460799056436870323086599365459597376675205968598207209242618,0.05479288196260887459868223128125305467963990976357010088768078730361723684469558701979427410637315967,0.008311509820536725250353519915635058230234999214157954262897411794907876472578167108944848738716195932,0.04297094138181170822307740491606638235531192361549929894498119759803719941367237130832122459099664591,-0.0004412402240134018636816092337346719137842495869834296068353108501724497411217271778790134703939198714,0.0002834026214545646055549220468371813389737579441778894468657859692739004255676263091249688828583478900,0.007870269596523323386671910681900386316450749627174524656062100944735426731456439915623162499918189306,0.04325434400326627282863232696290356369428568155967718839184698356731109983923999763340362200120588345
1,1/32,1/16,3/64,4,4/10,5/10,0.03537604776857624129546329189574515505732958704916081411996337672220290347904540498974174784675753592,0.03537604776857624129546329189574515505732958704916081411996337672220290347904545967739357835509676223,-0.0003302766531271691842201472948167722171989255377854703746700613084719006082723485239420999749272182925,-0.0001349458164534254445116444308737391822111011093346221810928823254349831288629886171500598827328374843,0.03504577111544907211124314460092838284013066151137534374529331541373100287077305644932746358553262509,0.03524110195212281585095164746487141587511848593982619193887049439676792035018247107053863365129998258,0.006669689003646956491567549685208998900621002923793754308785727771427116505326387180484395918612195608,0.04451479834258081815804053122221044480516575589974700257646795509832400629689038202081529535721251311,-0.0006756024572448093378772584341624870250865388674585836811021990834658167761400089583210598548249505498,0.0003328814404074872491422750626475864520849482412236966214103041228312913902220531593763381518584588407,0.005994086546402147153690291251046511875534464056335170627683528687961299729186378219074801510106427707,0.04484767978298830540718280628485803125725070414097069919787825922115529768711243521107697904587914546
1,1/32,1/16,3/64,5,5/10,6/10,0.01024740475920709945212369000893474473261281948812274616505245745464263346617862884898048028793600685,0.01024740475920709945212369000893474473261281948812274616505245745464263346617869251397274682851766640,-0.0003745258778966949760746097278368342743272080346670016376142159689729779918937332334993549523234755034,-0.0001242547720812132820101783559279616455730259624316576034416004844248385790431420349477507027565937694,0.009872878881310404476049080281097910458285611453455744527438241485669655474284895608274544710357290864,0.01012314998712588617011351165300678308703979352569108856161085697021779488713555048700371038943651745,0.0005018686354167863607570120978961888000287607338223914590903222086401412569078082436717835886094023099,0.04248417841619371704103535824610059449815091213167982918700462569375612138722457062416618911281021561,-0.0009825262761286603177024527232542874452242781841389711853282014310048005207966714181167143699662101918,0.0003932737224919348346432851878622291379640597022051819906668262410389907692785554964614333755128856672,-0.0004806576407118739569454406253580986451955174503165797262378792223646592638888631744449307813568078819,0.04287745213868565187567864343396282363611497183388501117767145193479511215650312612320140128305711574
1,1/32,1/16,3/64,6,6/10,7/10,-0.02085024296809398550886401722044834645700007171856601039234807081332602807699686884512591132561955746,-0.02085024296809398550886401722044834645700007171856601039234807081332602807699680009022870031905090366,-0.0004240183358216980236880860948785191110506819623899336173976728671313803304309414649291312626585974987,-0.0001114509490356400319331582938340958334626296641365248136579830390525190442103102560417133929832598025,-0.02127426130391568353255210331532686556805075368095594400974574368045740840742781032858624991036305907,-0.02096169391712962554079717551428244229046270138270253520600605385237854712120711034163761188151293744,-0.01319018314314639370646946012245955507683415575826286076424787453828904604881623687855006240029203153,0.03404498058761656828963062153735545601409712151675718312541673515268627622244453515410243569885435819,-0.001376550586347852052138226908561562821531829506358041136656251988421431519583025947264060336590991495,0.0004723459250228543819871928270896663788883678314746511206542811440785998612189403205175100644375697219,-0.01456673372949424575860768703102111789836598526462090190090412652671047756839926282787314577267023460,0.03451732651263942267161781436444512239298548934823183424607101629676487608366347547925274759381315394
1,1/32,1/16,3/64,7,7/10,8/10,-0.05835581751020266486033952237957199439580117664576644403017658883853985091603728366287494591261769083,-0.05835581751020266486033952237957199439580117664576644403017658883853985091603720914271323470185664872,-0.0004784539061697201782892566756823950983968863022545606841662695802727166258743630914459504974754329431,-0.00009520116482557377893054233627218601472726404518714466356669091139455304702273438521561753445055503335,-0.05883427141637238503862877905525438949419806294802100471434285841881256754191164681712109900160307658,-0.05845101867502823863927006471584418041052844069095358869374327974993440396305994349163857123055759988,-0.03828307865667967453031968511717144012175015695976725073094376033987099455757172484796896069241966020,0.01573027527869094902545522266725872361380258060675432426247564142885760449783224301162384700631771786,-0.001880029419719905539070568454993394529031366385640211000506354720004806339408582600699013917471340354,0.0005887303602590890030109479373614048252252026514030244502209719493756774908120578420929720200799757914,-0.04016310807639958006939025357216483465078152334540746173145011505987580089698030748984843532563523190,0.01631900563895003802846617060462012843902778325815734871269661337823328198864430087739558393795062668
1,1/32,1/16,3/64,8,8/10,9/10,-0.1027280534040413364667267867096068524049479632763606379826432922132318728178421869537654057814925389,-0.1027280534040413364667267867096068524049479632763606379826432922132318728178420999806323741296759380,-0.0005376321671638271415183043980219678012981954478637356142085573083285065320503845652213650772412469844,-0.00007407407525041077972467384692746721624539952371389181465423739859145685002342884178902753353621575837,-0.1032656855712051636082450911076288202062461587242243735968518495215603793498925715642852776460524404,-0.1028021274792917472464514605565343196211933628000745297972975296118233296678655288202336896876882415,-0.07948107896974338204251848403311928989853877064268215504877214059424315152016484245995063809196337365,-0.01695290552907690621445629305582870384688889219220641975947453521294839880787618376599237102263902896,-0.002526794500647688471570664777943814130131736539692717700854284769208011898260252980612056802373607154,0.0007618353129710993456782239126169317693498284118511944797670603756805165500286522504555447697797558752,-0.08200787347039107051408914881106310402867050718237487274962642536345116341842509548586120168165563528,-0.01619107021610580686877806914321177207753906378035522527970747483726788225784753150524171107392321525
1,1/32,1/16,3/64,9,9/10,10/10,-0.1544298653035756207041361295168718152786383589895364312312290879756811393304542055082413564369607535,-0.1544298653035756207041361295168718152786383589895364312312290879756811393304541148453390446544610241,-0.0006022088725844374457150452507261033791272453035493862506800255824674238392231278747071848200682866398,-0.00004739773017883627006637841380637648563444975594542299527961253953858228661210430551979007442239705309,-0.1550320741761600581498511747675979186577656042930858174819091135581485631696773335764967066210269275,-0.1544772630337544569742025079306781917642728087454818542265087005152197216170662190105878904158796331,-0.1423336687696486866742760214239024174032576987795371659915828318901228225893806722495598997748278551,-0.06904119276694491846202313114874905895451910915149228855487550109245068530945928943092478836193998268,-0.003338314357385218504215533050642404023982450800023548121562500037459655469713502356100388209869673568,0.001017441227934597446574683835671968430099965931683214023427729779933324674492844540619486660555278443,-0.1456719831270339051784915544745448214272401495795607141131453319275824780590941747250836240603557996,-0.06802375153901032101544844731307709052441914321980907453144777131251736063496644482029851848461951095
2,1/16,3/32,5/64,0,0/10,1/10,0.08396702565553157792050092129544339788018971191746238625639372008646335040339217674178844214230060888,0.08396702565553157792050092129544339788018971191746238625639372008646335040339223011166552974682443215,-0.0002036383353957157931024524106992259190855822914870652516237892768151306307392424696294403196229988860,-0.0001809799747306952185271903102494476269607878990290207770330548665993598565810789559353891015776634006,0.08376338732013586212739846888474417196110412962597532100476993080964821977265293417461278550225846200,0.08378604568080088270197373098519395025322892401843336547936066521986399054681115125018782241198509940,0.004050941119150499003324558282283498736145911123312424089864148313026401311011561565956814750232143589,0.03590953265014055326763575206303822567252684658252196863465452041854480992104315993809207155572413189,-0.00002880265040340773205298871018226221786607839234108984870155672604803456790575488873684678375570580450,0.0001391509516324212879943138913533577255032573071251012766669895954160959676383362339726980815620001516,0.004022138468747091271271569572101236518279832730971334241162591586978366743105806670689004274838876095,0.03604868360177297455563006595439158339803010388964706991132151001396090588868149622791576948301424581
2,1/16,3/32,5/64,1,1/10,2/10,0.07935726914072529433681771336270458476740238591668485305832313391643642400601091620200445805168897063,0.07935726914072529433681771336270458476740238591668485305832313391643642400601096878121669991392355207,-0.0002280584174827208473598212534897947764047990510360697927723250347459051486660946029565963874337952381,-0.0001664196732474457087279353807107006541008937574275722078917806567231663473267105711418494807084648599,0.07912921072324257348945789210921478999099758686564878326555080888169051885734482156198544702008536719,0.07919084946747784862808977798199388411330149215925728085043135325971325765868425825305695630527312868,0.005499840018872872172331448365574995292534705308990930098523559211294547307767623416200353784310537698,0.03723671745740578221595725021123069005308696603642463273215457318703415651872605486538665922522077005,-0.0001271707781555715907677481380919798328337286392424060658406957283250854707189746259139268485253456809,0.0001942328402247095034231505134014648447190122190613083044642232832093419228370313443184249726571381450,0.005372669240717300581563700227483015459700976669748524032682863482969461837048648788999537538418184788,0.03743095029763049171938040072463215489780597825548594103661879647024349844156308622489037908680859351
2,1/16,3/32,5/64,2,2/10,3/10,0.07002321685080066388797439169051374270812586248759653292023192140560200163570669781777588604009877869,0.07002321685080066388797439169051374270812586248759653292023192140560200163570675013343317932157027952,-0.0002582716035513027431177502210603808582367701387791109581103682950382261132939048188663387770898833491,-0.0001552852474993459569099007863133341573805568356576596679931038452293393674876750099799002338454424389,0.06976494524724936114485664146945336184988909234881742196212155311056377552241279296750944596725391894,0.06986793160330131793106449090420040855074530565193887325223881756037266226821907525291435246284576437,0.006985208569677687262170151089697242961603874705104966369919425415911195556940301627920130608915112355,0.04015148119914617975862831641104881619530586281067735159258720848889215715674717411022796281381421684,-0.0002603762759364335459524687748819614840678948593555027248090359119034326988796777681699728998191899816,0.0002407900787237076159473158409955049590804796110962029457267320217084909421291278003568454658591471482,0.006724832293741253716217682314815281477535979845749463645110389504007762858060623858205890432255513698,0.04039227127786988737457563225204432115438634242177355453831394051060064809887630193632259622701350858
2,1/16,3/32,5/64,3,3/10,4/10,0.05574012752252815679632286278353157521658936007764435553998883351049617906900754300624560114705720223,0.05574012752252815679632286278353157521658936007764435553998883351049617906900759828689606596211335991,-0.0002942579940156662778922214791366752931701555469469329824342413044865277934465491899855952433746572673,-0.0001467122594628413743428401837557887705210913683825399537482827921941838684206571540542074707140840151,0.05544586952851249051843064130439489992341920453069742255755459220600965127556099377662381246477872230,0.05559341526306531542198002259977578644606826870926181558624055071830199520058694115291733309032458868,0.007837418865037744139307986167305719404161792661669628045681855530611110314237610243868411313360724328,0.04335163996598691773181599015042043653755903328141001830415884055501473999406764096413557241142465606,-0.0004381417836567473592444007476520529459731294542228420373739633640677723774488769652337244781243245947,0.0002862209365290717144582941486792520049410892789584573564723978804065916225592780053102182348368293930,0.007399277081380996780063585419653666458188663207446786008307892166543337936788733273487129245768370815,0.04363786090251598944627428429909968854250012256036847566063123843542133161662691899775735738833564450
2,1/16,3/32,5/64,4,4/10,5/10,0.03618132372140725640905487590626643455994994275402085853496906521849778916170160870871353766824518823,0.03618132372140725640905487590626643455994994275402085853496906521849778916170166794268823119474755504,-0.0003360712743061461934265772142298982222207178875329155830427579554205984681533695396246926236705231039,-0.0001397292668545960109383539125961359228438732821647561334647472452326131354626169049865107802124699254,0.03584525244710111021562829869203653633772922486648794295192630726307719069354823912996740736461764535,0.03604159445455266039811652199367029863710606947185610240150431797326517602623905104465092316031692415,0.006504420778216984886960819132447960868139867991308438400109375618073179152449402976338843602550487197,0.04521814555561091011258275445194747999535263275328329575381722455282689591002014092395652964883056534,-0.0006726088435116835785491323616414476235497256893674325785333586088879903322596010079209784270910004839,0.0003334792109661560806338926186801374373403505701317675655222077498741444636877509161529345649206572812,0.005831811934705301308411686770806513244590142301941005821576017009185188820189801965329330621778669362,0.04555162476657706619321664707062761743269298332341506331933943230270104037370789184731604483900646311
2,1/16,3/32,5/64,5,5/10,6/10,0.01092961219627437137606788934650601713324136648793537515953815139619124891238717912204909764974863170,0.01092961219627437137606788934650601713324136648793537515953815139619124891238724407187173852155030921,-0.0003842363756450297310094532869046135026546122369845774713780483561267999292055281623016935174718653778,-0.0001327383617666484679223689101252281313938521204618205658550151022897700847278037591147816051524479803,0.01054537582062934164505843605960140363058675425095079768816010304006444898318165095305557926596832873,0.01079687383450772290814552043638078900184751436747355459368313629390147882765944031455860207271167135,0.0006805830947748510023750386145115446234056891831640459348498118582114001018008539881839555514449748009,0.04354198359037055940982446677566873003064506914840179315574314577810748317275393039383359948277785121,-0.0009826107786143944841525969919945786905434667863609487361482559296373690013337179699512239577769578745,0.0003895918280251852611565436304098686769733264437308424020827693361917302347934817817871425274120339771,-0.0003020276838395434817775583774830340671377776031969028012984440714259688995328639817672684063319830736,0.04393157541839574467098101040607859870761839559213263555782591511429921340754741222194876031540214545
2,1/16,3/32,5/64,6,6/10,7/10,-0.02050920036453166088422273718249001666068692828580506238835526851739765881424439157073251044011121794,-0.02050920036453166088422273718249001666068692828580506238835526851739765881424432008145270790812560283,-0.0004390193512062637413064305192227446726564911889819169779669039817805521318135140182046127438149535195,-0.0001245017854206244995240248633625213064243032553650943310774226167561693659187090294732608787501680168,-0.02094821971573792462552916770171276133334341947478697936632217249917821094605790562136673599757475365,-0.02063370214995228538374676204585253796711123154117015671943269113415382818016302909393902874163127542,-0.01273834565175574441538183403617539661215559162439308161365508768231622166000113900345655780823535338,0.03539035175800027568693889711550008916609872537310441222582965023327032801028888379323372960882007216,-0.001384974943450722488952630479836728068129193554878449546013275231570354261353236935288476142664904670,0.0004596374536030073376403997854854151346603673727425840496633166799582343653678093301097945119868410490,-0.01412332059520646690433446451601212468028478517927153115966836291388657592135437595109917216562352745,0.03584998921160328302457929690098550430075909274584699627549296691322856237565669317327483273864679372
2,1/16,3/32,5/64,7,7/10,8/10,-0.05869193458904066431146817366052040488784306578264278419689485125157727072352012626763503309930301246,-0.05869193458904066431146817366052040488784306578264278419689485125157727072352004898014636179052962395,-0.0005004694143855657837766567889003601753824397438985393341468811044336408136441994870845510196540948770,-0.0001139516883767180774405738398264542678857865768096268118175857619920859119840497469939338802943592198,-0.05919240400342623009524483044942076506322550552654132353104173235601091153716432575780811867263792468,-0.05880588627741738238890874750034685915572885235945241100871243701356935663550409868531639025639624821,-0.03781393688967028794804008807540623570365070706892579081754645248656363529722271436984877839326052769,0.01707963677910310997988465205025759817823519896455781281461535074261777708256579360642617136228543248,-0.001905226477688250256626706929324681202692882782679661684644775081786248980028226018538629520980375956,0.0005593091634127051439472011171607405050157046694006920072196878938637921783729583260496512526566849646,-0.03971916336735853820466679500473091690634358985160545250219122756834988427725094040897763827211301932,0.01763894594251581512383185316741833868325090363395850482183503863648156926093875195306605297281423312
2,1/16,3/32,5/64,8,8/10,9/10,-0.1042241097554888544998190001405852747518352057896513063816581178490348770619333061464199737733180415,-0.1042241097554888544998190001405852747518352057896513063816581178490348770619332223359463250906584079,-0.0005685526147237188174774817100944704716090579788323856616608968783941545043055089894532331845901589508,-0.00009956896333281153402841589156416799095454198316183887069524564643237048049806887037636811772003595605,-0.1047926623702125733172964818506797452234442637684836920433190147274290315662388151708765985662907971,-0.1043236787188216660338474160321494427427897477728131452523533634954672475424312911491848039652833229,-0.07965600785680917993059011965027824587069510143852749660907342611870042411485299541944430492233170270,-0.01617223509310789697894375471020826135740104636339423488282031299232543370953582964243278393796592633,-0.002580038767912894848541909081017460002305924347056345962705919327281921040192921608722639112370880483,0.0007105774737730261561726512632851401543223745580226277300782809240574878540868170030788815771035842954,-0.08223604662472207477913202873129570587300102578558384257177934544598234515504591707758349689359566080,-0.01546165761933487082277110344692312120307867180537160715274203206826794585544901263832439084296873625
2,1/16,3/32,5/64,9,9/10,10/10,-0.1577477106583830507258486900259721704840403193770958586485802439313461234954365115454250193967871729,-0.1577477106583830507258486900259721704840403193770958586485802439313461234954364190376380675489458793,-0.0006436750348298072431582751263793052405885616470256862234987161233682830560462942527519069815852010914,-0.00008042497101258285993060124399624847074022470847267058682983475213335464630306951383769958870013623648,-0.1583913856932128579690069651523514757246288810241215448720789600547144065514828058856854053993288656,-0.1578281356293956335857792912699684189547805440855685292354100786834794781417394883794186547096771489,-0.1444079830044154055764477737747108268164942837040902965961482339882682873058740594475639698238239469,-0.06993410036307336113542813888356892399782096285202886148455626674620979833498605875490585736868413741,-0.003438299442559775010766726745807395780249577187104557338095975481809871965582850424463206843487324482,0.0009321650265680288752665498949716406727097486466973152444815025098863347646572271400619061398755505862,-0.1478462824469751805872145005205182225967438608911948539342442094700781592714569100985197106039045438,-0.06900193533650533226016158898859728332511121420533154624007476423632346357032883160866688212144695212
3,3/32,1/8,7/64,0,0/10,1/10,0.08458775694656547562354804968852052866371201099534762116071843504756869758100281713525671795246532813,0.08458775694656547562354804968852052866371201099534762116071843504756869758100287221824097133194917535,-0.0002021254865493215179183860143125945276910917103551625064883080756284317356825906086223895768130870357,-0.0001789772544427864760550768430820058608429238390723771395600688342046376099395913208132123158657722783,0.08438563146001615410562966367420793413602091928499245865423012697194026584532022643037500145260010033,0.08440877969212268914749297284543852280286908715627524402115836621336405997106328097206734406336982239,0.002961163623273870321399517644129357815723543421979399715001106737867742361238400982283175383336918373,0.03605381903757862828450572446919020014993543234585139680681314847630843045811786908393206877217477688,-0.00002760866504650327614672045242856030412168418725135265216465410243678331238364047404960736165044120873,0.0001439002151970097616879595830527024023167386395289401277517555396271153811514235982332754538573075254,0.002933554958227367045252797191700797511601859234728047062836452635430959048854760504565933239190506560,0.03619771925277563804619368405224290255225217098538033693456490401593554583926929270095392942759038995
3,3/32,1/8,7/64,1,1/10,2/10,0.08002093519556623315502835954787851883509144539371395424277286481192593916104691426746025542736474108,0.08002093519556623315502835954787851883509144539371395424277286481192593916104696935044450880684858830,-0.0002272661182249574444676466013273900818961593660211351784366054190832894033203665757773010852534199724,-0.0001649560774851982734511386878645859211383393854906991693716813884137666694539378182332020027079230733,0.07979366907734127571056071294655112875319528602769281906433625939284264975772654762862537387112796686,0.07985597911808103488157722086001393291395310600822325507340118342351217249159303161251320519984191635,0.004467039047297576144958264951181347827157025699435967685252318127448679075624079089978710011096281901,0.03736956510536424514263927983073803867614428732272847205576242619395199135808219682430385219686735653,-0.0001255543191049012975170536632522844088313346324814983471614849594587767013681541810526889082485111440,0.0001995001409447554417708502111360829577544519893537973982211855777809066756306223920074660213498252358,0.004341484728192674847441211287929063418325691066954469338090833167989902374255924908153887464427566419,0.03756906524630900058441013004187412163389873931208226945398361177173289803371281921708345185663738611
3,3/32,1/8,7/64,2,2/10,3/10,0.07075742943469403848742373944967325665593397669405036196087055089788073948835215700686716163598132535,0.07075742943469403848742373944967325665593397669405036196087055089788073948835221248518383788660979348,-0.0002588139599801756725248941977891546595665046516043342657038119640000439625481036033118933048894568780,-0.0001550492376722417309777018536061844641648187877854882440386444273301254446086632800209743551143634265,0.07049861547471386281489884525188410199636747204244602769516673893388069552580405335877151730272001688,0.07060238019702179675644603759606707219176915790626487371683190647055061404374354922137766993831972115,0.006193832043445328707234602177055209758197079140559928958129085619609060288828284621815522314658943329,0.04029887755080218559438484135142162470216264421004395951156043636433227965137446369919965812975333233,-0.0002579309993742126909410843626363294694847211891560825738765042289778158770955517060986091468418134071,0.0002460260470487834583205034515327349760992996779161388348561808957351243418757196611133520367774529045,0.005935901044071116016293517814418880288712357951403846384252581390631244411732732911598867096242706787,0.04054490359785096905270534480295435967826194388796009834641661726006740399325018341487712061489189177
3,3/32,1/8,7/64,3,3/10,4/10,0.05654087203429483177570887691751409571234582456381779953090285743458277658892661926373751748327827216,0.05654087203429483177570887691751409571234582456381779953090285743458277658892667764115862812230062699,-0.0002970770344892924545938854121041377751652123180787507232102693463000113017220276748478527375418977411,-0.0001483785119801388158128837928684688149142844458610395849883796770299427879324827916336770125329046976,0.05624379499980553932111499150540995793718061224573904880769258808828276528720459153844360036894969102,0.05639249352231469295989599312464562689743154011795675994591447775755283380099419491412679885759148522,0.007270209643536966966386432213794051108377421522223706195750077430817342051067683002899290815357004004,0.04375686197904512448965787299316390853578035833176765370090567659339964108092752331691616927373048864,-0.0004362817871679691613869283159664953866722462391982224118486463075727088985290981840068582195252001766,0.0002906203383397364077837765961063728389954594394052030431255971406394860725066207079321922799846928205,0.006833927856368997804999503897827555721705175283025483783901431123244633152538584814259630765310577801,0.04404748231738486089744164958927028137477581777117285674403127373403912715343414406499931075156580702
3,3/32,1/8,7/64,4,4/10,5/10,0.03699473802878660636817921030230704315028871457659501615572955686425805511694115786936376128038382215,0.03699473802878660636817921030230704315028871457659501615572955686425805511694121848700193485589236215,-0.0003421558240137612057990019044087718592638498623622253984525014103509710264909376602350004725231068085,-0.0001441174031857719220979585661775618595599407393124762774602590095918013430000644417569080831238404688,0.03665258220477284516238020839789827129102486471423279075727705545390708409045022017772865951210573894,0.03685062062560083444608125173612948129072877383728253987826929785466625377394115404756142768802913470,0.006236725198417203365794075336746336284251622399770607201448181618724151065120867912239812803007316264,0.04596468780056152766211787635841193801481276442851174098244095576518361499910178003426510959182333884,-0.0006737600124788083870518543307424197762869516639001664636736102194026558832577512098951370040186507986,0.0003352364109159814877389438501681412839023568988409692403114333372529423606317083739017045101138270694,0.005562965185938394978742221006003916507964670735870440737774571399321495181863116700285652763201453898,0.04629992421147750914985682020858007929871512132735271022275238910243655735973348844419971722821336834
3,3/32,1/8,7/64,5,5/10,6/10,0.01163098551158474509093532538291753516191965691526600130638250100007173959024348630046095917834415723,0.01163098551158474509093532538291753516191965691526600130638250100007173959024355263394708009915200794,-0.0003946026148297708415667010520290522323143661388597144279985928215374276488686290071659841414453656425,-0.0001408061666152106812803616381587174537325034932800856372223799435323033302199269070193271880277499083,0.01123638289675497424936862433088848292960529077640628687838390817853431194137485728197034834006912797,0.01149017934496953440965496374475881770818715342198591566916012105653943626002362573645073445164011153,0.0007508569197567299187124448080687627520705449763840566337475195782519677491203207953821468705537122673,0.04467291789153342320542785245571975395185337950985433348405691524735116081345759940602165301860512428,-0.0009882169602459742842796307900175363243544553976157513697789269781749570259166745991988344741588507877,0.0003870703063474406775858001798783363046055156721720633112766248042872150415667810929242325289116649651,-0.0002373600404892443655671859819487735722839104212316947360314073999229892767963538038166876036051385204,0.04505998819788086388301365263559809025645889518202639679533354005163837585502438051902136014644210202
3,3/32,1/8,7/64,6,6/10,7/10,-0.02013998276657528340725032442810375912478719623878665709185181115168976710509315723772406582928230808,-0.02013998276657528340725032442810375912478719623878665709185181115168976710509308571549989472470130789,-0.0004549615729418830561866244653897914007729696820287673206982652151387598809000100679794457012976409970,-0.0001371835174563921114627923926148346653307432169049712090558852432077190589987108146016224594632380916,-0.02059494433951716646343694889349355052556016592081542441255007636682852698599316731805764974530321848,-0.02027716628403167551871311682071859379011793945569162830090769639489748616409179653010151718416454599,-0.01238757206933565284534730683806112809258538164864160037835531270312216710551095699346206205814688092,0.03684410691174090926505467835095145062702060082230412690329908637051174512352982100055747883422900456,-0.001398659896168814391220026381829864726628979349934031694326788443896498000120211728410241025067518684,0.0004507408104165280453029884530408071799706240223893621092393485593504792053077170032163508679943505024,-0.01378623196550446723656733321989099281921436099857563207268210114701866510563116872804937219057603431,0.03729484772215743731035766680399225780699122484469348901253843492986222432883753806760354381162691365
3,3/32,1/8,7/64,7,7/10,8/10,-0.05899920011461378490396943743670852045557104561272586545758927632617186227136374101704621259431786470,-0.05899920011461378490396943743670852045557104561272586545758927632617186227136366570621965564126758076,-0.0005237758414315117085820597243901951522489546908635899148376284285279364447600975663145367179040861639,-0.0001322737603837842211227292243002122306864735496218753388098907166429052343642171848121352043634456325,-0.05952297595604529661255149716109871560782000030358945537242690475469979871612383859777391056273243183,-0.05913147387499756912509216666100873268625751916234774079639916704281476750572788287816289687196095409,-0.03741855418671412238536142976072445394449685903987292880635639345891701227523338902651021556376334937,0.01856251709747755509983355659212444301685143848828135868486050997279341213366171418711020869072623090,-0.001932426783377693974362003713100976644315500846616074676495895815299287388311634386548894004988238723,0.0005389648070357413326999467983977375823884438268928209942798997132931892359725393240708137519386451470,-0.03935098097009181635972343347382543058881235988648900348285228927421629966354502342953129385504928063,0.01910148190451329643253350339052218059923988231517417967914040968608660136963425351529906851423929918
3,3/32,1/8,7/64,8,8/10,9/10,-0.1057101266484286265667056074345444247091417990896866086609130533464270062810224220598024259229651265,-0.1057101266484286265667056074345444247091417990896866086609130533464270062810223367997765600461085496,-0.0006015907779759535253631655043569118096593770643091457804057396041667956370018097059728253319462029174,-0.0001245831702118197315328495613179471997541405378238100412186133821139611372254841606935746136036176765,-0.1063117174264045800920687729389013365188011761539957544413187929505938019180242317832769470591026278,-0.1058347098186404462982384569958623719088959396275104187021316667285409674182478209439979503734144748,-0.07987843068983267101787174754149573698949448471081711499042639373450806404404994254663847230459001346,-0.01526753859654944006683914422867465340963343984487086388334576054715968772749504498825456828559087563,-0.002636693445499006911138200312853087083780527437466231304531873002079749008875618275373468321369368521,0.0006688999156803650968541363734270915223613675469238206239073474258710013215028244047739946747599108549,-0.08251512413533167792900994785434882407327501214828334629495826673658781305292556092908113848689438348,-0.01459863868086907496998500785524756188727207229794704325943841312128868640599222057627399298557572429
3,3/32,1/8,7/64,9,9/10,10/10,-0.1611120376397796421440315560422037318932362805391509520368648638153163794777081822766329418714574714,-0.1611120376397796421440315560422037318932362805391509520368648638153163794777080924043954758312469838,-0.0006890939557808997954599785542464922398014884817174048173697895685848259828369133291821956622926938483,-0.0001138835462016021049217877752486295510974787230735481904024834820126828688524589952350176420675959975,-0.1618011315955605419394915345964502241330377690208683568542346533839012054605450956644972940536856949,-0.1612259211859812442489533438174523614443337592622245002272673472973290623465605511784142060659260371,-0.1465297395440527866646997972976471283618687527897488129875615468268672078338043713543698376659606198,-0.07080047514200447747875669103284084001087746010900542488035779564884657382407725683225441091477710719,-0.003548567766374356444567538168686648854568776841551322854334044656032999398701644615984993081832514805,0.0008558648593202844464067288657484799282366420256207192539844692478931769358845023933709317175584959182,-0.1500783073104271431092673354663337772164375296313001358418955914829002072325060161968473646843864070,-0.06994461028268419303234996216709236008264081808338470562637332640095339688819275435034548865836851387
4,1/8,5/32,9/64,0,0/10,1/10,0.08519180436081178541425680386456388373268102482210839234448725880798228609762646417762548263537297744,0.08519180436081178541425680386456388373268102482210839234448725880798228609762652057838447891867222770,-0.0002005505619433324951981888936126047490522533071920395317120887751680078218926024282410125245904970992,-0.0001768376517608537818412731928290851513062311513593776478001728614318480880465984267310140089817356604,0.08499125379886845291905861497095127898362877151491635281277517003281427827573386166213336896929939018,0.08501496670905093163241553067173479858137479367074901469668708594655043800957992219617983805858894218,0.001743369930081305444575723455048620800867852247083449200334866437261756800405908984089660865178410270,0.03621433100920394288972083695319475729524778756099604606598597194135865539414173900760306583705129090,-0.00002673505473351367308693383525245791227797813891651896518418307042858036390401734742679405320856422169,0.0001489418643224934851365893622763087848997262708659849447698915012912365718813321809399999964810353637,0.001716634875347791771488789619796162888589874108166930235150683366833176436501891635311632944734488457,0.03636327287352643637485742631547106608014751383186203101075586344264989196602307125314491358135608918
4,1/8,5/32,9/64,1,1/10,2/10,0.08067021761880859319786753992512658457398263507549598220387101122641970661750178631170656420572030850,0.08067021761880859319786753992512658457398263507549598220387101122641970661750184192180071474673031694,-0.0002266005492730543061695040441492012112294758183461645856976266945510858334157911799912636462622434874,-0.0001632404155425573723704127536788033875681178063227379334246984031733813944849395043926661853226329438,0.08044361706953553889169803588097738336275315925714981761817338453186862078408599506402491825795348474,0.08050697720326603582549712717144778118641451726917324427044631282324632522301690252241822338655547393,0.003312837727418150220624727927792957186366344926754172206023511337431220358093542348842061897566090571,0.03759248279079240186919937142762333875748588340534387519400462099839479994303983207983669713423438670,-0.0001247578261802032134333348020483487403225005971762356853874506781830707183577457218737097322089270110,0.0002055110339816695191212122170791117412615278340072339794844173542447428413278522723810196664821984515,0.003188079901237947007191393125744608446043844329577936520636060659248149639735796623622439732202944763,0.03779799382477407138832058364470245049874741123935110917348903835263954278436768435839478590807821985
4,1/8,5/32,9/64,2,2/10,3/10,0.07148204319465379372817351674450521490988006983045473034838433517052732127812974005522564217313677954,0.07148204319465379372817351674450521490988006983045473034838433517052732127812979790553685565063297316,-0.0002595643766139903688045170794588920199993997754796118332731117073975934090635468672843412176053669774,-0.0001545326500798566964595435339376275822984496603052386460520837010073621015224957292138955956205744631,0.07122247881803980335936899966504632288988067005497511851511122346312972786906619318021996457132936919,0.07132751054457393703171397321056758732758162017014949170233225146951995917660730218147051764448042761,0.005374898584498608040114027077489600073473752085577607607196360539322668003713285184564378237595205356,0.04048331668076353720269744850105448550121423985245985234286187270340700536365235770257054172169449877,-0.0002567362883233295076620487741078743270234627866588259768746395081040915324147502921057225696912367663,0.0002524835061827058519073623067797974574570810398447147377939706230844617138100851092211835113887397232,0.005118162296175278532451978303381725746450289298918781630321721031218576471298534888340609596329545455,0.04073580018694624305460481080783428295867132089230456708065584332649146707746244284730987260041263803
4,1/8,5/32,9/64,3,3/10,4/10,0.05733947850155064822013815481080184703881209778333880398336840213819591320433466848688866126062763216,0.05733947850155064822013815481080184703881209778333880398336840213819591320433472640308861188331459593,-0.0002999952692112051818292937229311794791373082859439181664417834719058688048260723426633191104767085315,-0.0001497802129152579278299141222703314057388077371259437725167885002935932793606745166409038340030642278,0.05703948323233944303830886108787066755967478949739488581692661866629004439950859611745804268491717325,0.05718969828863539029230824068853151563307329004621286021085161363790231992497405189339691079509337074,0.006670066754067792471846386189147836136453879681724216730009154421420637105479477206211044572699106460,0.04419382276638039597775952200305888371881805710306859677613573887023038071254097776495846667153128981,-0.0004357426801817544794819938272741220327216859408475475022646368656872355471812147416284550740693205207,0.0002966729013610068634234083021485045633581692793895129324576584066996231008034432438855655525642677122,0.006234324073886037992364392361873714103732193740876669227744517555733401558298262457376008873374545454,0.04449049566774140284118293030520738828217622638245810970859339727693000381334442102583097226934005295
4,1/8,5/32,9/64,4,4/10,5/10,0.03781597128581064530133681954294381473461186440236897121502807106162018438471102810645038960869040545,0.03781597128581064530133681954294381473461186440236897121502807106162018438471109241385784331488207398,-0.0003483171472631912636538242647328727487586623032435377313112891843344218866399935626472102710764556302,-0.0001482126971991939231751998091912927909048639978717326878872809742394906498474171388405096235587241157,0.03746765413854745403768299527821094198585320209912543348371678187728576249807103453659659871235870933,0.03766775858861145137816161973375252194370700040449723852714079008738069373486367533138308929599826651,0.005930415570497532172588213509884784630206074355325162554859998353724413525707869178486162585123734489,0.04674879143494553462356451602254175292304223822604942218336050137659450489449372635047203412614676207,-0.0006756166084679337049153786237044788144366635947865795981986088591483096326890812085905009818092131553,0.0003402503745607568788759828614799973733232983460995575666045522043264611347778143528086883445047023538,0.005254798962029598467672834886180305815769410760538582956661389494576103893018787966807127049633703983,0.04708904180950629150244049888402175029636553657214897974996505358092096602927154075012349653481052758
4,1/8,5/32,9/64,5,5/10,6/10,0.01235145329943763828288013783485896327085275414687738611546805462783479199095391472753990607180786445,0.01235145329943763828288013783485896327085275414687738611546805462783479199095398475079530712329884367,-0.0004052205928281137365096787559930746871587540306843312376860837293111983594070116126403373331689365044,-0.0001487299186493145428141414857627316646980321137450548983842040208987886475085684678274184701065444184,0.01194623270660952454637045907886588858369400011619305487778197089852359363154690311232578994390491348,0.01220272338078832374006599634909623160615472203313233121708385060693600334344541628914495776055393396,0.0007806992682947670538309117531510881735786742991975009716554591366605320604066968113975720590848802005,0.04585335385152253919938631208996498373368718910636341590042983990256126592085354369892398875758413723,-0.0009953180920271359991306141553715889431638271316531730594401855431257221147931963033770218509565013128,0.0003878276097234652877957428842959472562867336178201671529779132397367969787910937860966452933814627538,-0.0002146188237323689452997024022205007695851528324556720877847264064651900543864994919794497918716211123,0.04624118146124600448718205497426093098997392272418358305340775314229806289964463753546669842775228338
4,1/8,5/32,9/64,6,6/10,7/10,-0.01974219894975676340007426689376230645244651279756298956434046538787533441204594417980003630826052726,-0.01974219894975676340007426689376230645244651279756298956434046538787533441204587163630043945322258971,-0.0004716777666734969751557251308170228066796362248080329540758789436843448058695789765632942326464861293,-0.0001500065342349985354532835491653622216017867619453588517983730114167312386442577029527073994269389064,-0.02021387671643026037522999202457932925912614902237102251841634433155967921791552318158636272930035509,-0.01989220548399176193552755044292766867404829955950834841613883839929206565069012933539247866054850693,-0.01207523499230374270649227308742682599526053277058131175043033023447424540580088130602632496059656212,0.03836778032599686997653159893364064967704335781775025482771676437816930070538979816517537848403189140,-0.001416622879154893145706658628133609653396503049291344249822546497908838526360890647894405498967989962,0.0004457993432707710433819762649715618188510007745004383742789781161150122608439174531530456874799864267,-0.01349185787145863585219893171556043564865703581987265600025287673238308393216177196627486867428782148,0.03881357966926764101991357519861221149589435859225069320199574249428431296623371567701058069144740749
4,1/8,5/32,9/64,7,7/10,8/10,-0.05927666216146328161534403427475944806162253261506337698520232463143376626641369579899414225147678172,-0.05927666216146328161534403427475944806162253261506337698520232463143376626641361679839830516774336926,-0.0005483647352828215899409519124661394005633119172737351112711718807401372016474323101439327512458477702,-0.0001512739957988835749972851226594295410210568498899153175995780200355644761842968373107334053886039107,-0.05982502689674610320528498618722558746218584453233711209647349651217390346806112816164316241529652445,-0.05942793615726216519034131939741887760264358946495329230280190265146933074259791363313525977839795871,-0.03706614361912686953337544626098371478560906591440533961920568609826491845842778458047587400720179255,0.02014187056886490105490839818863553231391107931753243470430184096263432560525128627399442706862544679,-0.001970921288315617287287171162559321180571400614503279069735229742130985679728973454691315910604431070,0.0005224435525139854551009616001349184508673795053823458854127808355942472228967993242006431063331207507,-0.03903706490744248682066261742354303596618046652890861868894091584039590413815675804340328206095506989,0.02066431412137888651000935978877045076477845882291478058971462179822857282814808561981481205072428899
4,1/8,5/32,9/64,8,8/10,9/10,-0.1071849849270129937502070608057912972818414097168927265051673540558171088825293039742248451272478476,-0.1071849849270129937502070608057912972818414097168927265051673540558171088825292176599791849273389483,-0.0006366754196921231508530965075753359217440123311576625829817033171009771120141188177248223935633882190,-0.0001509997851580891835194497368241283355115373306790784226465124321825808953695644645196705820913906431,-0.1078216603467051169010601573133666332035854220480503890881490573729180859945434229165205611859375357,-0.1073359847121710829337265105426154256173529470475718049278138664879996897778987820799724823605318888,-0.08013322844583815976391248286865491227869609117296912592208365140295654076762888501239295716860774672,-0.01425999957090866303269050267307410098422570011969185561559982428101817873499006051798219069074840933,-0.002705767987377884883425873394071961087859970334947654812933036080520171097054564986617834210806513117,0.0006328484404829506321155417592273165223495903992540115597900347142226181536712624623744837885652264671,-0.08283899643321604464733835626272687336655606150791678073501668748347671186468345006078148245303060686,-0.01362715113042571240057496091384678446187610972043784405580978956679556058131879804325356868745991346
4,1/8,5/32,9/64,9,9/10,10/10,-0.1645232183045071437429182425181536372314312738785323479430090023609208488824125828634733226083644198,-0.1645232183045071437429182425181536372314312738785323479430090023609208488824124911463512165028123680,-0.0007384836133746244499711514138365440782004341151066005094520572368975326874963976605073504670472490246,-0.0001489812724187293661653036373329511857137696783280297619301129732689785512504462814104397767138251036,-0.1652617019178817681928893939319901813096317079936389484524610595978183815699089807010566541531118636,-0.1646721995769258731090835461554865884171450435568603777049391153341898274336629373363925090664686798,-0.1486993957194103966335838835232987803487613673523108170399107589824742734871183965228676201041751336,-0.07164308754623570243067248484952310076914482933739750830315135260614446021036947700194739898348709322,-0.003676302889134090847282768677653102726646297335167413866956930917777636821783172716058414719487696410,0.0007887089765113740756620465979186250285980131759516747049171334683333894267318975415120742894722801384,-0.1523756986085444874808666522009518830754076646874782309068676899002519103089015694571824766171072561,-0.07085437856972432835501043825160447574054681616144583359823421913781107078363757937601538022673913882
5,5/32,3/16,11/64,0,0/10,1/10,0.08577891831816046839679138412879917639341042678135558331443854885095521103895474925549372347998343037,0.08577891831816046839679138412879917639341042678135558331443854885095521103895481145446158854007045403,-0.0001988788067360792800246609945335337247226088366101469603160421125992639459729654684766690965675979949,-0.0001746075673395369113982336901698801279814523789397855962571880004992557553537147339288988212642087160,0.08558003951142438911676672313426564266868781794474543635412250673835594709298178370954631266192199716,0.08560431075082093148539315043862929626542897440241579771818136085045595528360109675399181405034843328,0.0004709310174969295214734980352227583004495791651628467213586661519742124796189713447548164319334947755,0.03638580643820054030988418314403665601076407440929426475599323995403998236270005577949741471106945288,-0.00002603042831437391559203985466455141838817453389683261880268916272930153349944814710803631870206466169,0.0001541618566530342836429719110010582615533086911756441596882241471179410732137137969102708678807500312,0.0004449005891825556058814581805582068820614046312660141025559769892449109461195231973572299988238534872,0.03653996829485357459352715505503771427231738310046990891568146410115792343591376963354557482204532390
5,5/32,3/16,11/64,1,1/10,2/10,0.08130482382527052625990982892775187606208875640766899667172079689270531539721646806033015257486245011,0.08130482382527052625990982892775187606208875640766899667172079689270531539721652933685569760227869163,-0.0002258403952047959172416084808348209142101233440524062259833586247291653610869253100898844074184669403,-0.0001613888162943883727693145063743910871162398938228524474900342257822540697070546632298609518073042905,0.08107898343006573034266822044691705514787863306361659044573743826797615003612954272270083506379002846,0.08114343500897613788714051442137748497497251651384614422423076266692306132750947468546521910624785386,0.002111374893973567674027850847476322314237710695299430703174937524892267659739547624354070640894650444,0.03783484520305584505018103483402316734642501214452657699652213194785507198024379010029802231794979626,-0.0001245061336288571526222115284634349545684812540277846426831512037316135635011233396578889585642330405,0.0002121606751368866941711254796810166897467817421725186670304380592089525938616542207715216215080418782,0.001986868760344710521405639319012887359669229441271646060491786321160654096238424282122402887596402944,0.03804700587819273174435216031370418403617179388669909566355257000706402457410544434783684340469158851
5,5/32,3/16,11/64,2,2/10,3/10,0.07219670185713940301668810927980547024836518624461636970463148560617495874946464129367470397630086852,0.07219670185713940301668810927980547024836518624461636970463148560617495874946470177953540326142786822,-0.0002604497928931423423064674344469957044735686335646892908819862179474328908348366120264089729175874704,-0.0001537945970249973802625221661683290334301943906882883469809436351876604994497658880380841286283061907,0.07193625206424626067438164184535847454389161761105168041374949938822752585862980459619883901821400101,0.07204290726011440563642558711363714121493499185392808135765054197098729825001493601040589944951103004,0.004519762848428288722373814599914987577400666309328455332571618455478436816661207338144872858311103500,0.04068276870228200501140829675002085184003066606906626258478771256192838556588080656911874951294101313,-0.0002564877978050038224533488491946135295830742039025967147193530350788953803059598282142471325051595252,0.0002598250472039104863206613557911452624670823682659514138178376344299145280721166393264758215346396062,0.004263275050623284899920465750720374047817592105425858617852265420399541436355247505812579654231520840,0.04094259374948591549772895810581199710249774843733221399860555019635830009395292322440265386182654238
5,5/32,3/16,11/64,3,3/10,4/10,0.05813555332391749402213169301457881294054635946119504386586001323285700812805258996455897489031229645,0.05813555332391749402213169301457881294054635946119504386586001323285700812805265229530431424078086042,-0.0003034757960761138963487497681681932273887587146359804737574705263884445399206023793468374076936713985,-0.0001508646067367793326938860059156677978246986168628588670237545335539565827555767932521993459844617208,0.05783207752784138012578294324641061971315760074655906339210254270646856358813198755072350163318283130,0.05798468871718071468943780700866314514272166084433218499883625869930305154529707552727514708318974039,0.006049659456421753509918717762677241405428560850470378209080058518223667177313819457704966312558588602,0.04463116266063558742833503798437917410396800368053070752282690556214656878651649311419798530439416305,-0.0004356780912262477249140153062999247855575195732139942223831549531639728765160101966241583582740579228,0.0003042945857009156550999333422546283496260475816980308389014431610426614041391092972422247271704161829,0.005613981365195505785004702456377316619871041277256383986696903565059694300797809258507029159550516221,0.04493545724633650308343497132663380245359405126222873836172834872318923019065560241555825610313900237
5,5/32,3/16,11/64,4,4/10,5/10,0.03864469050754456009790616960889204249534819771849347324753657379048863533756129905848392651192688412,0.03864469050754456009790616960889204249534819771849347324753657379048863533756136461777738597674318554,-0.0003556863626975959063887584176928918085408543990611410686185302885905951811013180066592504509197272688,-0.0001517952838015035264849110444125187453629644217904779919922832263872959466482623651110555258245593577,0.03828900414484696419151741119119915068680734331943233217891804350189804015645998099108349650528441562,0.03849289522374305657142125856447952374998523329670299525554429056410133939091310231315013212716796597,0.005603960513294966680811986924580426016065381140237522514638521692772938359262083511623785489343877248,0.04753600906486688718338213575535832938621939891483193183949668184568211501963969522049510530569500228,-0.0006786677606656878466563724206634433491546238058323116118730045903217600517509378925155525928237721108,0.0003480055613636411479782699597999269365049107263134687201020773508355357061671745067727156353455167564,0.004925292752629278834155614503916982666910757334405210902765517102451178307511145618078721378626499354,0.04788401462623052833136040571515825632272430964114540055959875919651765072580686978131717563045482268
5,5/32,3/16,11/64,5,5/10,6/10,0.01309092321627097085379074763666533095348534385647354616155473665384253784490694929125605684671823490,0.01309092321627097085379074763666533095348534385647354616155473665384253784490702167003381083877924707,-0.0004177854816695661956497970176717157591011026873862677210001672522445368189327230323282903645186845851,-0.0001559246242408651449675990340929310556566015360016955281061622449187801267408990255657821169827122773,0.01267313773460140465814095061899361519438424116908727844055456940159800102597422624554411674958267513,0.01293499859203010570882314860257239989782874232047185063344857440892375771816612265810905633388681142,0.0007956489423318794186959457362299069227762704924903026198232493744534497972082663613014227437089846008,0.04704583194170063469098512734220938578738698902568316698447567475826834988577956162389087678967920666,-0.001005069096100938844787032147043208235988175625073136193334125842488066417399960355969602386102977951,0.0003955968762726067438072624602313784540153345172705340116763130690772541692536633710739065190485047306,-0.0002094201537690594260910864108133013132119051325828335735108764680346166201916939946681796423939933505,0.04744142881797324143479238980244076424140232354295370099615198782734560405503322503768951130131235141
5,5/32,3/16,11/64,6,6/10,7/10,-0.01931547608555153728513078167184933970185697697897730357281209996640426951842862354635215492577398299,-0.01931547608555153728513078167184933970185697697897730357281209996640426951842854424925700068868210484,-0.0004915460101694739237910901294310030090114004572347719184739316019844001867487813452992714905406966766,-0.0001617956933213307107803415724014477227554957479038529643150359014523893621341419322822617817729204005,-0.01980702209572101120892187180128034271086837743621207549128603156838866970517740490503507614893155485,-0.01947727177887286799591112324425078742461247272688115653712713586785665888056268618076712883203482090,-0.01176591645922896565983082834444195039182557618481315729530306780718968937480805059582534321461081158,0.03992005041826818828613580113230849683693245935727881857851679830944889436285976059811591927561233345,-0.001439767702700240811430739491914160282227450573702309004814913454550947162201246946963708692892716906,0.0004501677016789909655093129624617576174219353422972730473456087738327950297978888990109236199948004121,-0.01320568416192920647126156783635611067405302675851546630011798126174063653700929754484807494329074006,0.04037021811994717925164511409477025445435439469957609162586240708328168939265764951720231749453244664
5,5/32,3/16,11/64,7,7/10,8/10,-0.05952336693348449950885713762567096842228105510975518921424394403393278181573233033741397351263249854,-0.05952336693348449950885713762567096842228105510975518921424394403393278181573225015082086781546522334,-0.0005779537500503160641870545289997434231275405905121488335378664148285625942659450081145392504124173649,-0.0001692016375472773233849056263077362757572642891536610190222181099528455556905927205734110669009263168,-0.06010132068353481557304419215467071184540859570026733804778181044876134440999827537641385829985308942,-0.05969256857103177683224204325197870469803831939890885023326616214388562737142284280962358780874980264,-0.03671756928690934959312154880782676505587330930819694052239534757997232652970830444302883171174943250,0.02177003728965504628571274757291610923472529031594610781285776468858062687188958752711798212448881789,-0.002019591034444907387724692672949038429067617660970303601635299535305305957012539325258362354536304010,0.0005164671946939428235592793972924867882572646002826028762007618097870423820901530130837312863944802081,-0.03873716032135425698084624148077580348494092696916724412403064711527763248672084381358570085360439099,0.02228650448434898910927202697020859602298255491622871068905852649836766925397974056593950135822344269
5,5/32,3/16,11/64,8,8/10,9/10,-0.1086475328283416208069130165815051996713769654694681884741670280169897486999139327361254340117789626,-0.1086475328283416208069130165815051996713769654694681884741670280169897486999138415461132250677530720,-0.0006792672978204683428778817847645154512317989127511526028275255817680408872195481919611922049624713494,-0.0001764074211604771785460650168351430774339234250185056372357376599201452806863634746124449664846685351,-0.1093268001261620891497908983662697151226087643822193410769945535987577895871334809661785523788048479,-0.1088239402495020979854590815983403427488108888944866941114027656769098939806002049334745688927546503,-0.08036762691707591016688372189941457137823380232636997639577688697205390862663210265940532083375039720,-0.01320065377386276611676156748911753857067182829814892023678888136117459867086487716367594278228720991,-0.002804633569231437056892854780488495398199697590402981639526213583493858128151874547489210551531658126,0.0006092370293134707301155127672407239530534814888943092642025882864353183475794941616035467208453799496,-0.08317226048630734722377657667990306677643349991677295803530310055554776675478397728925545281677051802,-0.01259141674454929538664605472187681461761834680925461097258629307473928032328538300104288454354822418
5,5/32,3/16,11/64,9,9/10,10/10,-0.1679816166225074857050671854043558728866793020259830510662237402916715797405649625552169090542667329,-0.1679816166225074857050671854043558728866793020259830510662237402916715797405648700474299572064254393,-0.0007989833121691680234399479550821432556182931160999528220694657887565493413631951341781909754204767308,-0.0001832222670496129133885458454783045458069050945451399973114765929942904815001757140683936981359504068,-0.1687805999346766537285071333594380161422975951420830038882932060804281290819281577686674869074948550,-0.1681648388895570986184557312498341774324862071205281910635352168846658702220650456384717245162754985,-0.1508893918172527025734086547777578542419839057117911802405847779752503156442893653188247830242308500,-0.07249278337251339616402381577457565230579462022688950301783592655004008871708887902853111061159080886,-0.003867211192793099450464874688724820354057398313161749205862760193642226527381870486291934561459030492,0.0007381922945101686502319121109990463527093566072102774063825372355162322725822360862796760460304236149,-0.1547566030100458020238735294664826745960413040249529294464475381688925421716712358092347636572643037,-0.07175459107800322751379190366357660595308526361967922561145338931452385644450664291754315813611384644
6,3/16,7/32,13/64,0,0/10,1/10,0.08634886088132744157632867489926324400996434631683654354476578626770575548272708624799823699471036967,0.08634886088132744157632867489926324400996434631683654354476578626770575548272714844696610205479739333,-0.0001971538984915576973952847725601574281221153466812684153154479309330977278263411438185193637216248436,-0.0001722449344989040332019152439767099552061888788579727960219159691159511096074573766748802010769333590,0.08615170698283588387893339012670308658184223097015527512945033833677265775490074503340080077580334720,0.08617661594682853754312675965528653405475815743797857074874387029858980437311969113540782536049102578,-0.0008276364298903991411102356791263550219346830147522123914799815045642356178653291521504435561662211988,0.03656837302603033727691624397817443117000380908695805838079671162570557772319111315616326258243929005,-0.00002545093998970522935696434976766826948753375040105832713399528614049240168969137596166980158658485039,0.0001594546412618706646070508055910081979505815383309937289852709974404345007633293542911822772396809721,-0.0008530873698801043704672000288940232914222167651532707186139767907047280195550205288520747612388352061,0.03672782766729220794152329478376543936795439062528905210978198262314601222395444253825125584280632718
6,3/16,7/32,13/64,1,1/10,2/10,0.08192447059588962021372270835585416379327042868400979210373254237601219769382113449320797031016211862,0.08192447059588962021372270835585416379327042868400979210373254237601219769382119721928573253177530349,-0.0002251839769111326708816105578773969883811571541786747721052108970836128336268498777277535830402390970,-0.0001593026713257083135234286332981347227006719313507257526739205167606247225031691764526407412182622182,0.08169928661897848754284109779797676680488927152983111733162733147892858486019428455911446112244696287,0.08176516792456391190019927972255602907056975675265906635105862185925157297131802817229416516567796857,0.0008806490172259530447572789661768617612242008597939727022582666932320310598306126056721926915412301622,0.03808833713706443308663632397357575643797228048606018529808099802299668995888651230385922403507341509,-0.0001247923770574152875749570265620848762137294863276896451757730703747813028365872396956478185747931938,0.0002191970739063467615352113033023253634471977285079676946897582452019208446170485209197236137110523238,0.0007558566401685377571823219396147768850104713734662830570824936228572497569940253657191669934930355225,0.03830753421097077984817153527687808180141947821456815299277075626819861080350356084099375405560875851
6,3/16,7/32,13/64,2,2/10,3/10,0.07290105355061162202910831876552767560897205907672734923550353192063983503857923837766428785755454775,0.07290105355061162202910831876552767560897205907672734923550353192063983503857929780930519281962922501,-0.0002614431862684336143153566331581572715616179889884437686971164437058852087265929663439237438180260444,-0.0001527214604028879946110459669477028147440530932943879537219817225113752964129608482774366357277057428,0.07263961036434318841479296213236951833741044108773890546680641547693394982985264531866432750331200118,0.07274833209020873403449727279857997279422800598343296128178155019812845974216633699011145656439588266,0.003627537081031517118636041300582127362869688121424988947155610038699297228401095917125926928283245612,0.04093569592432334555572593604867445017267608577303694857519520267510230648719363426307062504541276428,-0.0002566276521078416332165990605127288822090303707142305766010245549156286103804026976808377095701027814,0.0002675967314169685481893533096363915774519547593604216776072051323330598835369613879351627591168481261,0.003370909428923675485419442240069398480660657750710758370554585483783668618020693219445089218713142830,0.04120329265574031410391528935831084175012804053239737025280240780743536637073059570299611945815670448
6,3/16,7/32,13/64,3,3/10,4/10,0.05892869937878189434918847875112306943074375999912927638717724756638356802981173664648409013249009720,0.05892869937878189434918847875112306943074375999912927638717724756638356802981180009733796095120175375,-0.0003071641194791875996137872896220000470948216850867537141521146902932982074411446470634993341636255879,-0.0001515678251845722061324496311632391397284898450526282299154060009569638021837504844586705963452452039,0.05862153525930270674957469146150106938364893831404252267302513287609026982237059193610563244786971592,0.05877713155359732214305602911995983029101527015407664815726184156542660422762804967490735930794625701,0.005411552342429903702210045015611176926672923155444707621609526303726061958229969484647874790403296754,0.04506488200831066181285565085785147386009598305174959470269199987343819528812350718491713583682063829,-0.0004361248363490976438395262377020639573511950961977941484394484893982383765230206837730330988476144345,0.0003125449809631350359352805858397506317635924450399985346895161858925449193722958035268614716005505403,0.004975427506080806058370518777909112969321728059246913473170077814327823581706948798815818655768470752,0.04537742698927379684879093144369122449185957549678959323738151605933074020749580304352286351572909826
6,3/16,7/32,13/64,4,4/10,5/10,0.03948054932646500390287748257579269172829828520878193481207323761496157515216545007038796472169298963,0.03948054932646500390287748257579269172829828520878193481207323761496157515216551780400974997780470607,-0.0003634417023005555211964170576127546600198407515052611109818440019527886192328112538282431895084345099,-0.0001548047713516213584926529941760653891470340405280711126834363900685747489011475647842495221075494741,0.03911710762416444838168106551817993706827844445727667370109139361300878653293263881553021001429094933,0.03932574455511338254438482958161662633915125116825386369938980122489300040326437025312390594726083467,0.005262096008517775833551270573523795585364987699726927144033706327598020127834984177702152702789699373,0.04831609030049511483869306865070970936957360732314137110940861768144096163038620091422309869773915212,-0.0006826981851516376631471572996121168896444417280178345118915425080459959893949725331453687912022330426,0.0003572586020285843463211682409111955814546719353463170264414660715478987452630131882144117953901129439,0.004579397823366138170404113273911678695720545971709092632142163819552024138440011641468249357906648979,0.04867334890252369918501423689162090495102827925848768813585008375298886037564921410964409111838450555
6,3/16,7/32,13/64,5,5/10,6/10,0.01384928166520702214833229863206639427733706495187108254775141559063853541230505228594088026319474511,0.01384928166520702214833229863206639427733706495187108254775141559063853541230512426938621138411113636,-0.0004312635279259356514695144905642486000619027778431942867176124027195872858660661433861773979028717711,-0.0001620477029039418336890326243795516684915591852912538945470358281015515128949877862185465203407539654,0.01341801813728108649686278414150214567727516217402788826103380318791894812643898613740714527582384442,0.01368723396230308031464326600768684260884550576657982865320437976253698389941013649346278004270644023,0.0008029004944562662361817962006414827220878068023952793352598556517961372695195281269830069207324355475,0.04823815052730859226783738362678574912202666013704963166841305999413629262385301816988100986266670898,-0.001016297968669382322945350241479072582287753419206078580746828653426835646818762416903616450214347118,0.0004039413843660317799480578433471090476554873355831977010115869030993100839462336208319570913425056830,-0.0002133974742131160867635540408375898601999466168107992454869730016306983772992342899206095294819115710,0.04864209191167462404778544147013285816968214747263282936942464689723560270779925182880489311607262866
6,3/16,7/32,13/64,6,6/10,7/10,-0.01885946069313068795824607652462299327699228819348413935744571027480128584127902780851143688627829695,-0.01885946069313068795824607652462299327699228819348413935744571027480128584127895012569034270636028753,-0.0005130456553768132212922631752953358875672206161331203507290560864807694086289149704399140626753497131,-0.0001721023086924500405812107471997033012445119698004357783878383550470396685609901732350670473837557111,-0.01937250634850750117953833969991832916455950880961725970817476636128205524990794279645304675314494498,-0.01903156300182313799882728727182269657823680016328457513583354862984832550983994028888767245428138685,-0.01144865099982887487084740953583243427689386417253981166305295986074401541284008843840070476507262122,0.04148660138234461484458723995377346270533222259368795524232032209796228054827112267746126023711493119,-0.001466727234054893526177286573480598949305927410007004837240471408231164910288903756893670376623204841,0.0004568591997476056573008445867777026228905718849869131371640898752503016450518395896164522799785331274,-0.01291537823388376839702469610931303322619979158254681650029343126897518032312899220558949032063188390,0.04194346058209222050188808454055116532822279447867486837948441197321258219332296231958279992966735929
6,3/16,7/32,13/64,7,7/10,8/10,-0.05973835977699685199273088046992073440675434773879521970106325717775358285905033147365842126704504964,-0.05973835977699685199273088046992073440675434773879521970106325717775358285905024878329330405262850866,-0.0006106688269083856698589816268647671006198406357607468465897992457308939083038118499551452873555327856,-0.0001848431985834834201631988327803689935226324948765768551837196302572313058551968669872468483506425457,-0.06034902860390523766258986209678550150737418837455596654765305642348447676735414335964646968067678486,-0.05992320297558033541289407930270110340027698023367179655624697680801081416490544564255921451677710783,-0.03634041592435274137919198922529138894939722551294942356410405089634785980785762739054607835916436735,0.02343363268616184821405275479471472386281335735954553346326041003367936488861980425195533510616319320,-0.002079847350148394567515935125107507466885515719581237138847259145918442372565557516356790777297948530,0.0005186227641323834690078504165257460677735465102209939176910986800504755518121077123622046021535286730,-0.03842026327450113594670792435039889641628274123253066070295131004226630218042318491513896127961116215,0.02395225545029423168306060521124046993058690386976652738095150871372984044043191198284874703040162597
6,3/16,7/32,13/64,8,8/10,9/10,-0.1100965856396516572227148360288821709964649896081637648894393879421033153620006846269386830451668441,-0.1100965856396516572227148360288821709964649896081637648894393879421033153620005933051489998107594131,-0.0007269983083390400074476104974367759073618418390390806956729529138775717181728010390189672501375913088,-0.0001992642405284133387856711147132408275030615618744560942190232281964197366386877114931843392192937254,-0.1108235839479906972301624465263189469038268314472028455851123408559808870801734857318463874404952055,-0.1102958498801800705615005071435954118239680511700382209836584111702997350986392809445763778974263020,-0.08056158782019643668988594725089676743013594802147902379969953848390386814011198425546251128280987851,-0.01210448903258265010969273933786073442927517669818557303890154883388432727558780168644672697513270756,-0.002922368888128465949774390913249594386479699171865647039913256187962091497977841730506061157914127251,0.0005991860906804487053016577696332945089379998612040029380838082134065717247190644636955856489283753694,-0.08348395670832490263966033816414636181661564719334467083961279467186595963808982608480167815851016099,-0.01150530294190220140439108156822743992033717683698157010081774062047775555086873721039700311148106278
6,3/16,7/32,13/64,9,9/10,10/10,-0.1714875876206440037805000294009865408073278136774830612279064920025573178619135512960187030045574295,-0.1714875876206440037805000294009865408073278136774830612279064920025573178619134556255723681875591685,-0.0008670112653560483471030855567070064986229580069507499508419616978820008709905238010626620263105841402,-0.0002142793184134067914890985924386112544094704188830170492912991113061609000009186735320481795841300358,-0.1723545988860000521276031149576935473059507716844338111787484537004393187329040751845898440518245053,-0.1717018669390574105719891279934251520617372840963660782771977911138634787619143741801958360504318306,-0.1530866526974737047253047351597806384254326808277680638570274017938189861485070762486800290392494067,-0.07335880040590480925652452190588916744948375023388986189582169995077148368665123714442858621950843359,-0.004083682433533581449233899656256385759532210078820505609744704782004388169241735867461528478441511319,0.0007163558074585278701185188985530749661629575400086669248849076835167674514097203643278563987098088984,-0.1571703351310072861745386348160370241849648909065885694667721065758233743177488121243776496608397643,-0.07264244459844628138640600300733609248332079269388119497093679226725471623524151671524150419350146032
7,7/32,1/4,15/64,0,0/10,1/10,0.08690140597835228353381987881755819919409981904492866671453436688695975700447107900981179129026964502,0.08690140597835228353381987881755819919409981904492866671453436688695975700447114279010934783493515233,-0.0001953401613988885199029339391069369912458160970832588930235819731829526533952769261526139424946653619,-0.0001697946507914573427178068759882144559238477245637188782619131242959202973758021018967033739887288946,0.08670606581695339501391694487845126220285400294784540782151078491377680435107580195728663852633486971,0.08673161132756082619110207194156998473817597132036494783627245376266383670709534071678158908249398393,-0.002152395457366056786805821732771108537933650940904416220152218020951829260208453959011891659576126340,0.03676285745481945115658062383700675707270431363502169004520422671444792610149973203398555213047618176,-0.00002497362720696607250664953825920824305541718857130028542867835666020773661654447127372255640897364417,0.0001647604238804212237011529905433849701640533662751230235260065185283065531198798318220652293401228678,-0.002177369084573022859312471271030316780989068129475716505580896377612036996824998431379470203747056129,0.03692761787869987238028177682755014204286836700129681306873023323297623265461961190261265412451271139
7,7/32,1/4,15/64,1,1/10,2/10,0.08252888437216978962601840821180913021405157856288958202927297742031712774923595813285316071153694696,0.08252888437216978962601840821180913021405157856288958202927297742031712774923602415336778019268863945,-0.0002244188004861325796562754814784691821761340871959006653428008109997417839717477770644745371534538652,-0.0001570948715268932227845286949214525796324665977833116404718409851200277648023076797494418444003898223,0.08230446557168365704636213273033066103187544447569368136393017660931738596526421031280658030232545163,0.08237178950064289640323387951688767763441911196510627038880113643519709998443371660488105687972298704,-0.0003782333969069364630598325251496999518668117921077711871158228960663328976730827325354349923551504671,0.03835319968572714016456102499955974135971187098293726624034477315149416539884855286554287195632034707,-0.0001254182015042860624664124658516214281027776712266759375586594650764362525617494852428551896581668399,0.0002264943826423236759593432693153195683922844102999233949774180540539041998650743648897725866928243801,-0.0005036515984112225255262449910013213799695894633344471246744823611427691502348322177782901820133173070,0.03857969406836946384052036826887506092810415539323718963532219120554806959871362723789660304774181338
7,7/32,1/4,15/64,2,2/10,3/10,0.07359475119818138368234379642770536901896930444116398653547330375841732187068190475068819118985291924,0.07359475119818138368234379642770536901896930444116398653547330375841732187068197011231543921909691020,-0.0002625399261537316359473260185966506211480602197565509835966761733709644438892943946951001269872246468,-0.0001513552467840361060593858524098146312414256651347666229614992446442106319524056732024515731281172927,0.07333221127202765204639647040910871839782124422140743555187662758504635742679261033128481463341915578,0.07344339595139734757628441057529555438772787877602921991251180451377311123872956453923298276112195536,0.002605750209169770693999037342405715779499121313056020015703848185395805208690215802164574005210210158,0.04123857021977575095900440269353691363289224633086170692999508544000459947279558983629084218105099849,-0.0002573875749574940960309975292027897203078891484642330120322192298398593428474270960822010905421758356,0.0002761681143070879431874355221796933093984924593133015899297863642576974454142859309176401101065652499,0.002348362634212276597968039813202926059191232164591787003671628955555945865842788704023349878880822755,0.04151473833408283890219183821571660694229073879017500851992487180426229691820987578471017809534886206
7,7/32,1/4,15/64,3,3/10,4/10,0.05971851643848102551734346717504736659774687671527774343242299176567346571944665654938800384524185149,0.05971851643848102551734346717504736659774687671527774343242299176567346571944672415123231481097202763,-0.0003109778959522886079183346424809162460054010827179500163838512481487812495833663407848852455424992448,-0.0001517113810551973142550443695849953532105281722723550206237345386330500270807868996337505965664697669,0.05940753854252873690942513253256645035174147563255979341603914051752468446986329017565875002710396717,0.05956680505742582820308842280546237124453634854300538841179925722704041569236593728196915399226692848,0.004752337748462128886896038177396714270735702232697814599956139619218522809602720605582956360088936524,0.04549824296612895385949296167207058851592280360127036975160264447132203440013200214865697490177576871,-0.0004376213254638050047044483889372193036877354354884266218654015936598614408175675351493273157575851179,0.0003217491109669578405946270426327204223933968931463829782721417322227147123873785955854211527768690864,0.004314716422998323882191589788459494967047966797209387978090738025558661368785153063227048419076110921,0.04581999207709591170008758871470330893831620049441675272987478620354474911251938079571797194923292698
7,7/32,1/4,15/64,4,4/10,5/10,0.04032318821701128740864443171246943794610887636329354160528127251570766920214210331670130447389334739,0.04032318821701128740864443171246943794610887636329354160528127251570766920214217309287394123091893855,-0.0003713798507983180181308928250442666628314204554615191354173773934777180163252177137029508026724552279,-0.0001569170645907620492657412598798506656796151227221756423263391835993715658865711260374852789675707280,0.03995180836621296939051353888742517128327745590783202246986389512222995118581688558858519242071041119,0.04016627115242052535937869045258958728042926124057136596295493333210829763625560201599563093137104399,0.004904888546296026707533126166862223212572714112941694393176323318289982520594239883442019301133290954,0.04908814965157914389131876190424799789104013158714392445058524839518965007495736600258273484461015376,-0.0006882911073723293504631447963152121916677717948252161690195227844922578305101561784644216202067239496,0.0003681113538078307770342300685513417993999150821994203630394598404144063883126887487760569265930888801,0.004216597438923697357069981370547011020904942318116478224156800533797724690084083701889063127245749653,0.04945626100538697466835299197279933969044004666934334481362470823560405646327005475959488391435208891
7,7/32,1/4,15/64,5,5/10,6/10,0.01462639351049665496795916236667230989343987165702638205873624712000770755484453330694810668551398363,0.01462639351049665496795916236667230989343987165702638205873624712000770755484460995202159082867736315,-0.0004451594337547731761423001419363600895341389327404466766048604368258264921161420771901847582373075395,-0.0001671319585075093055545011818279477703879459118801129490205567429653820150595497772481128691738684304,0.01418123407674188179181686222473594980390573272428593538213138668318188106272839121483000491781939223,0.01445926155198914566240466118484436212305192574514626910971569037704232553978506018995877284843418003,0.0008023135503484041270763920204140712976333122473297714844846439583447486144987457585775213089595513907,0.04942907846216483642825908313249242803225859901607134235631524345947998661653447645032876003982174590,-0.001030719186342354498277983352054303514676317509962687380035917585438023338170525697121413339719340381,0.0004151763311715451811335641450667015588140382114095924982361771841236769848444388148631883096465497874,-0.0002284056359939503712015913316402322170430052626329158955512736270932747236717799385438920307597889907,0.04984425479333638160939264727755912959107263722748093485455142064360366360137891531563801272625497908
7,7/32,1/4,15/64,6,6/10,7/10,-0.01837381958743417469112514367584780326086028261602040505737686996997548269640449684427469148328888964,-0.01837381958743417469112514367584780326086028261602040505737686996997548269640442038039523448940012804,-0.0005352362606905205442552812510125854784972239388043578453130418734351685602223210384980530704002902870,-0.0001814697038292130606565616672897605527729492400236838613575743890692200849956815320148845310326175471,-0.01890905584812469523538042492686038873935750655482476290268991184341065125662681788689079062526360306,-0.01855528929126338775178170534313756381363323185604408891873444435904470278140010189310677805992763714,-0.01112349473828177828876688234669661367508828414724113062442867481173872629952500248188920706730445242,0.04306617668288108350654560042948566677717393949134892502194723097898849136101212403133215187581381450,-0.001499699542088118258002077793617445991171690046537684905165391855408221518332657036818821304502632264,0.0004685725186813842453357404584150757053275081507768771246422755355633018567544919036198728535012390593,-0.01262319428036989654676896014031405966625997419377881552959406666714694781785765951870802837180708468,0.04353474920156246775188134088790074248250144764212580214658950651455179321776661595142420901561274609
7,7/32,1/4,15/64,7,7/10,8/10,-0.05992068623454103215723364983717426306330012328181198782589752967749485494900968819064642451125150688,-0.05992068623454103215723364983717426306330012328181198782589752967749485494900960806994205595927500183,-0.0006448274312557604565475585151252392152534441599994614099014263220850676189381970441437665921673992639,-0.0001998270100498133355232319631926849382467415194376498213347109516629198109312052649027420079479532213,-0.06056551366579679261378120835229950227855356744181144923579895599957992256794788524405579476446135819,-0.06012051324459084549275688180036694800154686480124963764723224062915777475994081327667739720623422827,-0.03593407071995785925182102810267524550120385345190600372404369729475367012425876155572720226065390486,0.02515093883883593528863716800576998800256226082512960373499646317868108347697974013602856983081282177,-0.002148143584021213394117559157326992932863486724402406241863095545324607138462658955828917097253151527,0.0005281289435980216053156454853632775180322351374865724343984518833885958197242974240851857757732851463,-0.03808221430397907264593858726000223843406734017630840996590679284007827726272142051155611935790705638,0.02567906778243395689395281349113326552059449596261617616939491506206967929670403758791056658971346307
7,7/32,1/4,15/64,8,8/10,9/10,-0.1115309253790470489685581123057873945408977939565212242223890414232993803590521152012202959766942012,-0.1115309253790470489685581123057873945408977939565212242223890414232993803590520287551971614864037615,-0.0007776601784076679879486892264094566774345467208508270311202305928712073444294430314580922979715284410,-0.0002218160791259054997867426641240334685022433837866736181243441190475149357890617358750556496982458240,-0.1123085855574547169565068015321968512183323406773720512535092720161705877034815583613673280113664526,-0.1117527414581729544683448549699114280094000373403078978405133855423468952948410904272425030266984487,-0.08071341864663890766851092089534625523280245137634052701744782405888866919044163085657218060735067419,-0.01096854290377418369308727032633564700800270736407990550549717017243019791897142600861786715065124176,-0.003052718266791162633457177391147531053709064062010355242485717959054520745004355007338906246157551926,0.0005989679907558253604723597799582600830939075217024331809670807900875997542812520324670480823181562388,-0.08376613691343007030196809828649378628651151543835088225993354201794318993544598590509154756925245746,-0.01036957491301835833261491054637738692490879984237747232453008938234259816469017396070814629992899876
7,7/32,1/4,15/64,9,9/10,10/10,-0.1750414764701351750385686956276899136573431282047004027962050480981242373052704219149376480001426365,-0.1750414764701351750385686956276899136573431282047004027962050480981242373052703246631616216985658919,-0.0009408847660142232924291330600685398496141976232022085953086689212812468960024979733534885419430134513,-0.0002468958488241597955485112271101911947075563482279069813594460902244221248640894970564016936906560485,-0.1759823612361493983309978286877584535069573258279026113915137170194054842012729200993409977102748356,-0.1752883723189593348341172068548001048520506845529283097775644941883486594301344141180080511586187108,-0.1552903278951973338197107213637904742463684707845253365481572979072995820246364553930683308429258255,-0.07424138309760766456037528596396282373442219289512095984249799587168400906302361213501325381253114536,-0.004324604492149499569050905437318304031658775245655251610212597780695584616209638378095352818501982959,0.0007047339028977732229608696029772104793606864935343478930686347760082328877865058557922395624305727597,-0.1596149323873468333887616268011087782780272460301805881583698956879951666408460939605938029538512726,-0.07353664919470989133741441636098561325506150640158661194942936109567577617523710622774543835542028342
8,1/4,9/32,17/64,0,0/10,1/10,0.08743633960846944233276246730687676186300583502815459663194713554547182656355120496742266387373453673,0.08743633960846944233276246730687676186300583502815459663194713554547182656355127599548130638938476078,-0.0001934388314495923199523546516193585779364292132086622427104220004912059440174148458868834674219259158,-0.0001672456427915143903941898250933349437044073415605592402714137982373790080251012638748766114918117275,0.08724290077701985001281011265525740328506940581494593438923671354498062061953379010094555004844049514,0.08726909396567792794236827748178342691930142768659403739167572174723444755552617476866884442206275726,-0.003503400257120809275618678383959131717487343232926618117935657083941678462724083859366205431130126891,0.03697009019969137585614915914548549901818535292265294618089684248387945537240398126444797717995027387,-0.00002461641791034850670693615319683406638599857997249279663162399851587634644678249689975994552431987159,0.0001700563583003226857110075481878342089599728246273683797727174189232859533061718790799116000946633224,-0.003528016675031157782325614537155965783873341812899110914567281082457554809170866358550194056980884595,0.03714014655799169854186016669367333322714532574728031456066955990280274132571015315150660304372038202
8,1/4,9/32,17/64,1,1/10,2/10,0.08311780153787077169357346386114610108724898270315959691916100435287030256054128062173309064071339376,0.08311780153787077169357346386114610108724898270315959691916100435287030256054134585158286437957584442,-0.0002235748462931807984663205092987348681960834225605659242828736954040998418937802098929707243496808454,-0.0001546807064984771750569940548058355227929899141658143979513889421289413940297586976760168017898071410,0.08289422669157759089510714335184736621905289928059903099487813065746620271864750038944824440217778712,0.08296312083137229451851646980634026556445599278899378252120961541074136116651158715725276001094025607,-0.001665965173930690745637316193864868986933907499698973393075566554229307254244272509249373191496295729,0.03863021768782770946442868309082216368208490360125088889709397711290008056120393237716379305673642359,-0.0001262786932513735264420983615438374533177713359017176132733388273470304199447530794002700630853726287,0.0002339227695891215607942699449412638550614125851847139436107439647147993710449534581374122285716182919,-0.001792243867182064272079414555408706440251678835600691006348905381576337674189025590451288410895478479,0.03886414045741683102522295303576342753714631618643560284070472107761487993224888588265873510841390793
8,1/4,9/32,17/64,2,2/10,3/10,0.07427745290651276900446785592695080717065777802694563212349946934670214250735611403410003349429904568,0.07427745290651276900446785592695080717065777802694563212349946934670214250735617728728769287743839177,-0.0002636065885913567412414089659699818267439439030739651273188790257288083980692660281170861509674457826,-0.0001496690026597872112488043302854439509662622731989424112290980280745601258426167366473259784864282284,0.07401384631792141226322644696098082534391383412387166699618059032097333410928684794730079082339607023,0.07412778390385298179321905159666536321969151575374668971227037131862758238151356067392437116671125613,0.001500578484904415015590359588389854787628175877220474905049939675331064363369383122915332756367450216,0.04162538429121776511804238362903513205055771384371984438412500213014155267108592383739485024316501665,-0.0002590301770647222104050857646905544828077083019508772163876376728358656495958765490241233910686061332,0.0002855748054067213162246775127445113698984312119100346272175061430324842100607531712470791016077086780,0.001241548307839692805185273823699300304820467575269597688662302002495198713773506573891209365298844083,0.04191095909662448643426706114177964342045614505562987901134250827317403688114667704518958822999573065
8,1/4,9/32,17/64,3,3/10,4/10,0.06050460159846106018170243836266361805332357239696062935795391323103047166592098099680271815104163726,0.06050460159846106018170243836266361805332357239696062935795391323103047166592104892809071484272566416,-0.0003148499953032668949116042033724638240555762792531256595783448932038891173557114834745220957405057751,-0.0001515299477316054312345869638057959171624174660585831404100162277635390612528531679720768686828202759,0.06018975160315779328679083415929115422926799611770750369837556833782658254856526947266249109850370303,0.06035307165072945475046785139885782213616115493090204621754389700326693260466819581545488206082415475,0.004059435642588330414026014340366143229150293898445814059149613312264772777338037549932414509091779606,0.04593130406252835570692156322021021667302819443466005254619225693905602280727316621377654178705472045,-0.0004395970652948882204913196312110091985547981604823943715324004182645075294947948338335530842869615237,0.0003316554765831560782244567691368319505155146961964700425898922141083382532184148002327462074349183262,0.003619838577293442193534694709155134030595495737963419687617212894000265247843242714554594147964409407,0.04626295953911151178514601998934704862354370913085652258878214915316436106049158106342584085338271639
8,1/4,9/32,17/64,4,4/10,5/10,0.04117223474723018810997804628441342810779551164425429078255575657430594704277494840757700959239836523,0.04117223474723018810997804628441342810779551164425429078255575657430594704277501943563565210804858928,-0.0003796017568709523364556797078603315258363648021084920873728640304037023088839733975681777512178448164,-0.0001587289266533134458237536881761933636984722467777896007450652102247877093833848783782257418475077639,0.04079263299035923577352236657655309658195914684214579869518289254390224473389097494823814076756417340,0.04101350582057687466415429259623723474409703939747650118181069136408115933339163461928549531929082998,0.004531508644234468375477004496768628293718718974064381367079300237039645826244479661430244645611585289,0.04985813214236294651328065378831071519647204856922741504346050345092770769366406531187338152119183636,-0.0006943112633039117096806823866333328935044460559349177210682416470092556579426991888139339151803406062,0.0003802211252473660079025269388172376427576650059743388418995369310710712736902430614954448030169212060,0.003837197380930556665796322110135295400214272918129463646011058590030390168301780471586799212537638900,0.05023835326761031252118318072712795283922971357520175388536004038199877896735430839550332395892128192
8,1/4,9/32,17/64,5,5/10,6/10,0.01542210182318461751285433410091439424578464298222216015314820325933663920457294931177660034556901986,0.01542210182318461751285433410091439424578464298222216015314820325933663920457302584154479448464855161,-0.0004597601187755166459835511758379360607519809897901653686189980193221604305185746168362915614672287800,-0.0001719464978536469147632915783857081273174369647318103618603894298713262719221519102665501842191220766,0.01496234170440910086687078292507645818503266199243199478452920524001447877405437468155665905148491589,0.01525015532533097059809104252252868611846720601749034979128781382946531293265087393205037793884963387,0.0007937560289863521034088215153070329037928234892616423070221476375063940478025574051184129441514153262,0.05061736094947015171319038130760233776381771511997630762213954118803668938744940523704686515346091154,-0.001046787888129420441008667805899780332952895411117166487873993038495008638781306728693851076588908326,0.0004295236610475197831337270145378897557246516084871572550921432149877154232058366899415598884294278216,-0.0002530318591430683375998462905927474291600719218555241808518454009886145909787493235754381324374929996,0.05104688461051767149632410832214022751954236672846346487723168440302440481065524196250657240921973889
8,1/4,9/32,17/64,6,6/10,7/10,-0.01785824082154006962202694204485524335449980271082073868289010911827650195992556283309176411051638333,-0.01785824082154006962202694204485524335449980271082073868289010911827650195992548495260445849502606345,-0.0005588208694251801590201802843578884068272117666594853480952533611994004724931883164537015360211293248,-0.0001905342153529275991517299251267467817831323551246551205758889519551088648559437631816486485364515555,-0.01841706169096524978104712232921313176132701447748022403098536247947590243241875116292911537915438784,-0.01804877503689299722117867196998199013628293506594539380346599807023161082478142868876142979885536319,-0.01079051674197317321701695142516665110853655162877853513514927371136420908206034023549132519481828031,0.04465747212043656712373985313739346358151040300238957689958744621901853629934720157424875308209810123,-0.001535204857004288303562454507776584133697969891936416791385888175234219564832573988873687418380117433,0.0004822678680025946514436331805423538824255820163575957325759487837940393868372195616994897964511664544,-0.01232572159897746152057940593294323524223452152071495192653516188659842864689291422848305868477282087,0.04513973998843916177518348631793581746393598501874717263216339500281257568618442114212531198591090238
8,1/4,9/32,17/64,7,7/10,8/10,-0.06006939313934639704940071304606030084198397179790991367895352090246772210264506209558707013842895214,-0.06006939313934639704940071304606030084198397179790991367895352090246772210264497670378372997119083492,-0.0006815609867770224820653851168388720107545381288642189049432060272140595556165123335823994833786756235,-0.0002148604074349346603024891222975636542809880984758940957300391659497885640148841302599395432900267776,-0.06075095412612341953146609816289917285273850992677413258389672692968178165826157445078921149757334922,-0.06028425354678133170970320216835786449626495989638580777468356006841751066665986080315832397767268819,-0.03549794098704053716643968135049289721943764159150755660636420207937551265724108691660459591384415849,0.02689996099117306821923351323076567065259209418507889619119393534036867018028229469145308176260480723,-0.002222698746022226119209372009183393144671072065581569182635317239942973922440382476996470058839599033,0.0005401038348951906080282302331586093799057246583343653307808556121162975103979719928716201472812268238,-0.03772063973306276328564905335967629036410871365708912578899951931931848657968146944713566490315125828,0.02744006482606825882726174346392428003249781884341326152197479095248496769068026668638372494567324562
8,1/4,9/32,17/64,8,8/10,9/10,-0.1129493005019063256145429031315913868090720860336474595113460106937828025027108311517687505987878519,-0.1129493005019063256145429031315913868090720860336474595113460106937828025027107389075367473317096388,-0.0008330338272396915511718608988824237398333070545835946725865804800320150118781079786042276806879415400,-0.0002447921937673027489599123983457821373168788185599335967609042698233184219109372287540242984323933764,-0.1137823343291460171657147640304738105489053930882310541839325911738148175145889392425897337298788238,-0.1131940926956736283635028155299371689463889648522073931081069149636061209246216760930512878786105893,-0.08082339823073689129211722234979699384380218691429357096658984722649938246176685183044845908119685778,-0.009794107434364190246837004329914448368985920023630326959920921327692342399021469691319393960925113573,-0.003197168241008442396601559805403842785168326080124041199916869977587645425885090397977028721892142211,0.0006038640178098751825370052225198802527092439018003119503038436932836673988827784069590730193262440258,-0.08402056647174533368871878215520083662897051299441761216650671720408702788765194233549468566402400148,-0.009190243416554315064299999107394568116276676121830015009617077634408675000138691270976671208981994360
8,1/4,9/32,17/64,9,9/10,10/10,-0.1786436175145819173735414174760295956222719075385821931029052432933841935415835384162212521329147061,-0.1786436175145819173735414174760295956222719075385821931029052432933841935415834374746759457006548330,-0.001022058442960850894652686211156649110284311423299718280107557998251487658656117425789556370496197305,-0.0002804079459857621044848500415900490084332975810832326175905109314459563745068685992422700348398951282,-0.1796656759575427682681941036871862447325562189618819113830128012916356812002396560726213885115785990,-0.1789240254605676794780262675176196446307052051196654257204957542248301499160903059925868058218998712,-0.1574995503328835913241722851184596486017032488727639386466597618402721905426223545450152666410844997,-0.07514072410002000609191119203396813197710184146592984318393792417785687513387910679208260522221059397,-0.004593179445639385930467627069717026720170253683071328012416488724943144477140576016366581874618178886,0.0006963122139254802674622870188046074241535173589370910429086450004055260172722822901979368787773320380,-0.1620927297785229772546399121881766753218735025558352666590762505652153350197629307508119678081261428,-0.07444441188609452582444890501516352455294832410699275214102927917745134911660682444011397726981691492
9,9/32,5/16,19/64,0,0/10,1/10,0.08795346003102106609620644420346417653340391497504974448780625205690158000190563000004353349935545003,0.08795346003102106609620644420346417653340391497504974448780625205690158000190569707477794730355946495,-0.0001914708031505487765877988521773043162315059759044066872538997159423216757105194739567628982874643258,-0.0001645848925811777817772672528880892181783594493455530633968167754686555074577763627431039911053981727,0.08776198922787051731961864535128687221717240899914533780055235234095925832619511052582939272159458426,0.08778887513843988831442917695057608731522555552570419142440943528143292449444792084046640516968138829,-0.004880696176219469983939533733208352433334010432701679697794363629657691739095959244579178484002621213,0.03719090444865896494662541686014129282724422828193409763093107608897027938830496356605657320883718684,-0.00002440386079485136408166610283648369842099693238940240827394010272025162561410271804765540725845161840,0.0001753700806672881104405934464831661092699925909695428796175935643839354101833882525846089088918024001,-0.004905100037014321348021199836044836131755007365091082106068303732377943364710061965104095981192561748,0.03736627452932625305706601030662445893651422087290364051054866965335421479848835182198709455088320803
9,9/32,5/16,19/64,1,1/10,2/10,0.08369096868741766715408735192925897540343535769830326441811231227561009196689944501193044723826383690,0.08369096868741766715408735192925897540343535769830326441811231227561009196689951393154950110780941608,-0.0002227874263739445993348346241172728585225549373700060855724996760749284427133790163006073997984411672,-0.0001519587009912659999225632011077655385086074498506588744294523891631287974492306024782976491284052195,0.08346818126104372255475251730514170254491280276093325833253981259953516352418606587286059132965290604,0.08353900998642640115416478872815120986492675024845260554368285988644696316945028343716991283750961814,-0.002981912845751987050590492517775685048929987289793258372365824422800316562084252694433700253960777003,0.03891939285370161049592547331397908545010406748828376351403211346607164700532653730538679208370516575,-0.0001274674424837697533987791190921761611966527614735259042404133275522522940565045760606205731543389725,0.0002415286090223323561597114967290817413864428337269633765969555713753148427221436513271184130291423112,-0.003109380288235756803989271636867861210126640051266784276606237750352568856140757272810721742375728989,0.03916092146272394285208518481070816719149051032201072689062906903744696184804868100252717304299976544
9,9/32,5/16,19/64,2,2/10,3/10,0.07494882235021078698456177907863419353096753423659353406570255590535100826009067653530031415234627397,0.07494882235021078698456177907863419353096753423659353406570255590535100826009074545491936802189185315,-0.0002647344487890090279011154607276367093599280631585483045681367647412976219090300825572170073094673707,-0.0001474949682515027951957371222468169765496725910012544371646509798561705331447676014664307216405715300,0.07468408790142177795666066361790655682160760617343498576113441914060971063818164636471986236513351210,0.07480132738195928418936604195638737655441786164559227962853790492549483772694597796592707063012771348,0.0003417799073575005088438940527559200836248349073722088133239187873793279965707305515305955134250440715,0.04203808583583508915257815653373141713235280467308234137129863946038314019236280336761855005460200619,-0.0002614048402762487043624336071133893023385207079720939007538364039546528991762852028996056649262427938,0.0002957310802787400112229212117702533353653582338038727574540549613378675967963824592400022527898020010,0.00008037506708125180448146044564253078128631419940011491257008238342467509739444534863098984849880127774,0.04233381691611382916380107774550167046771816290688621412875269442172100778915918586700950150524243375
9,9/32,5/16,19/64,3,3/10,4/10,0.06128654971564614463812922427253189461191622917692757716810098384029200700447386799514702750939904125,0.06128654971564614463812922427253189461191622917692757716810098384029200700447393296144185266749841130,-0.0003188062599811651243512624427660131997302425768329006023079814926378052231655530246072798322762503154,-0.0001507699371113707336309722483562096179311905865028704700232377930312491143996368613225885683417633805,0.06096774345566497951377796182976588141218598660009467656579300234765420178130831494428720397083584345,0.06113577977853477390449825202417568499398503859042470669807774604726075789007429610964224563967250142,0.003328374916461996279085432086070775186415075354149417078907428511806460932594757557965974012765573397,0.04637532660516974314007609270399689874768988075909898282636314042413701387208033161063542078892601838,-0.0004430443394102671525830456362937008370217877951191704310678136542324922256529670456009459935571129269,0.0003431247204886815476578130586249846962487826138263966829524500528854492686400615259588711791387835222,0.002885330577051729126502386449777074349393287559030246647839614857573968706941790509276493465527643119,0.04671845132565842468773390576262188344393866337292537950931559047702246314072039315924354536172412914
9,9/32,5/16,19/64,4,4/10,5/10,0.04202730385742442744387708734150713497054195968236373972177590948429696822053623996494698452905390512,0.04202730385742442744387708734150713497054195968236373972177590948429696822053631257433531852928261282,-0.0003878948125870448594959992866630037377512616431436534304866332529049323046245886801482318199796013173,-0.0001602076466035846446676935222245219679517565853086275786604531838500070485885124029400022935301449336,0.04163940904483738258438108805484413123279069803922008629128927623139203591591165123074939801966000016,0.04186709621082084279920939381928261300259020309705511214311545630044696117194780023162174003252840623,0.004136872553073444240151713929200776034246981428512150829994964063306791003012913078749250004717534129,0.05063114160067241516004296646963891495262467606236567517929754784871209385418312240598180918932785871,-0.0007017082258074491545516468842568727081185621084873558360837624469961317084758736411496091367258667750,0.0003943247033610689321965930890078620358780982053659139196038220146285490257816761183981118869043453592,0.003435164327265995085600067044943903326128419320024794993911201616310659294537039434511106314310850003,0.05102546630403348409223955955864677698850277426773158909890136986334064287996479857482598545301888747
9,9/32,5/16,19/64,5,5/10,6/10,0.01623622765926922452703846656285129439906775827647202584575289259707299518122941481439696965355031779,0.01623622765926922452703846656285129439906775827647202584575289259707299518122949200305253524453755106,-0.0004746341222709577618251121579584602654241213486889036112344216419227942300895062372344434122941066257,-0.0001764676367284696777617460650562150200416985983083318090930080349657197133537542831438605193455752696,0.01576159353699826676521335440489283413364363692778312223451847095515020095113990855451327284759688392,0.01605976002254075484927672049779507937902605967816369403665988456210727546787573774822024146726613484,0.0007771045947536110047695985763848460813772712557858711308390502864129418226684697423685757727945290969,0.05180172116078056866966707317038536639584672916906149906749337183706339957174059952868134164143875817,-0.001065220104682825129286704912254697721397984911011005711936950079040429064620018745412485979882115203,0.0004467725018157574685667665942982060986257217467181590272383015303659401780990601547140725034413082577,-0.0002881155099292141245171063358698516400207136552251345810978997926274872419515490030439102070875861064,0.05224849366259632613823383976468357249447245091577965809473167336742933974983965968493968142172047510
9,9/32,5/16,19/64,6,6/10,7/10,-0.01731243462124552164921441226935676848292823575431055608391000598578339333347625692152655471608941712,-0.01731243462124552164921441226935676848292823575431055608391000598578339333347617937048293482655294801,-0.0005831405594389354370695777423601333326956027623862797538810797156582485859968618429652106883442104982,-0.0001993518754239777685001040169474569876020265999233377605630604644635823895773283525002127420557967681,-0.01789557518068445708628399001171690181562383851669683583779108570144164191947311877993443817283771438,-0.01751178649666949941771451628630422547053026235423389384447306645024697572305350771191589875125248260,-0.01044979937068773992403256323306032665001455663719084065014462354681204851363280468475078254322506151,0.04625913667544508889884664097564747956059320409499902287857072815013438774970232492583585525982992368,-0.001574813491408000871535351421090321872352099621416435829244882761695125239005421614183094306622010753,0.0004999686679875341797877719405497515879535762435384770503981765371354067682697870669776728189198668230,-0.01202461286209574079556791465415064852236665625860727647938950630850717375263822631128801506457034166,0.04675910534343262307863441291619723114854678033853749992896890468726979451797211204325959245553647390
9,9/32,5/16,19/64,7,7/10,8/10,-0.06018352975031653264777799438275325379569345994657125544154742531344210082716859405408143421660251725,-0.06018352975031653264777799438275325379569345994657125544154742531344210082716850661972724254845052530,-0.0007200379128907225364092642823412253132716052109768843776241003593945037267333529896280931273052189962,-0.0002295636557338484362569253108751229702048934335026155987127706842644784963194316880997757377885857141,-0.06090356766320725518418725866509447910896506515754813981917152567283660455390194710342119538173687169,-0.06041309340605038108403491969362837676589835338007387104026019599770657932348793825146126268156419437,-0.03503145611798614396231679267014744179082673486032778927866727944715928054919473275218070382178797896,0.02867995614354251457794727329116780774367892902757059058429174519057953094282719654775326180091191283,-0.002303224246360683779949294315072800933735951037566366389445738375649685521857659714632682561257480673,0.0005586095705455008304194345196420074950902130330605279370654224082534020372054682242322975243952014659,-0.03733468036434682774226608698522024272456268589789415566811301782280896607105239249152166281249199844,0.02923856571408801540836670781080981523876914206063111852135716759883293298003266480287090486211528780
9,9/32,5/16,19/64,8,8/10,9/10,-0.1143504256352139267149297981499868721118297361204919955343571713134540977602598658354967469868439193,-0.1143504256352139267149297981499868721118297361204919955343571713134540977602597735912647437197657062,-0.0008920659688005262813274150607455679454346413655490249761180506325304901558389097988657018329423428842,-0.0002675367147748024507492418716647033965452544160815213783285247409160520984615169039552260503104491934,-0.1152424916040144529962572132107324400572643774860410205104752219459845879160987757465792042701892926,-0.1146179623499887291656790400216515755083749905365735169126856960543701498587212904344787902143534142,-0.08092551204990552650381659600342488151545529429785229064855811448356540802829603409346634179414504813,-0.008577376869797903499928730357331344408993741471645734876694025337271188544433736276984551476774968973,-0.003353751597447480060536755026476745624241568329281735458324234308770072771868115296977533653172964883,0.0006204076282279215461171473907109529897388551053524877263513488926369710721111242952727623109477466884,-0.08427926364735300656435335102990162713969686262713402610688234879233548080016414944809652044935993690,-0.007956969241569981953811582966620391419254886366293247150342676444634217472322611980682277647933616501
9,9/32,5/16,19/64,9,9/10,10/10,-0.1822943332353239198542253948356295997065326241449324942469124460020140997962274369107622534059669215,-0.1822943332353239198542253948356295997065326241449324942469124460020140997962273383412114842005747739,-0.001110502718857389902089415470379257813318556920774250271907620600953004545460845028405290715797969728,-0.0003138067767959919414437077816330601332943514394755901986104710656478493503362254137419077035727592548,-0.1834048359541813097563148103060088575198511810657067445188200666029671043416882821265386403784011439,-0.1826081400121199117956691026172626598398269755844080844455229170676619491465635636854613644463291427,-0.1597134360182914688835216071065592858041165741934388909017880107019201397530077694213339357086958103,-0.07605696010242990587527987170942251097658934259345456217593197896044814928904843861828559339852715931,-0.004885316108989117462143402633867625405680677400885935467000514065267192845080070679048466913097636729,0.0007062307126357500333390531028909174068469488818683023021842746768184946833875303031237959984038460403,-0.1645987521272805863456650097404269112097972515943248263687885247671873325980878403309929826299611425,-0.07535072938979415584194081860653159356974239371158625987374770428362965460566090819059090373499701345
10,5/16,11/32,21/64,0,0/10,1/10,0.08845257793711929015516771500037929183402026709066538291358848339055556002067399429828076468388046052,0.08845257793711929015516771500037929183402026709066538291358848339055556002067406848899879016868765187,-0.0001894217873178462646035869890886549181846257498923410292358271617269669281635490514660681336537607395,-0.0001618374430144680036148983108886240091044977648393454566309330380416220416744743529339550288556020191,0.08826315614980144389056412801129063691583564134077304188435265622882859309251044513228154018456305635,0.08829074049410482215155281668949066782491576932582603745695755035251393797899959414841897335455531926,-0.006284319724571123772418188298014078531384560758295348425179959481659195784339242937981598727898801801,0.03742613500540387705449931205475490892176978352796913431232837583849534202660291896050958048611827261,-0.00002437113011701851603854286525331576049471273206317440322366849111427060652825807405358000239126742133,0.0001807108923163452700567338439820631078102000740540503829166639642255591012393693410421783557146712102,-0.006308690854688142288456731163267394291879273490358522828403627972773466390867501016539291621074594526,0.03760684589772022232455604589873697202957998360202318469524503980272090112784228832960594770443370143
10,5/16,11/32,21/64,1,1/10,2/10,0.08424814288053779710127732621205364850360777609681060234639230228745816919792317852968361345086872532,0.08424814288053779710127732621205364850360777609681060234639230228745816919792325311573406180682053758,-0.0002219324888165140319876282275483436138356845525368304272241268778723802746439427249054521470660566957,-0.0001491268299396825637993679908951984827880963195920313131382980563171172104337341844058337473272900865,0.08402621039172128306928969798450530488977209154427377191916817540958578892327923570774670074233032351,0.08409901605059811453747795822115845002081967977721857103325400423114105198748951905332534292988553286,-0.004326156064877783076017205807757190503073964917744528784977539260534888993406283998207060947632627668,0.03922149084072825273909871359346237703406542286890905982505578639776033845637146801892104133386349117,-0.0001291571094289418063520240386360815464910557320561317889102088671773806961046032519326048876918026774,0.0002494410190266777798552372082273130851485174718016184932536401243252224052422586894376919450651988500,-0.004455313174306724882369229846393272049565020649800660573887748127712269689510887253485578268478649142,0.03947093185975493051895395080168969011921394034071067831830942652208556086161372673924407881573686353
10,5/16,11/32,21/64,2,2/10,3/10,0.07560852915092926115069530514777611282782536473697156416905939096180461101497981725945945476215475241,0.07560852915092926115069530514777611282782536473697156416905939096180461101497988960529284018162037950,-0.0002657794868816322805009093030693884939813777523036252330260402853484558429725439992435129756236479621,-0.0001451560863959651658800892641029269242348271689058912221601267342397934778165480514895216171648360101,0.07534274966404762887019439584470672433384398698466793893603335067645615517200727318042879914977665622,0.07546337306453329598481521588367318590359053756806567294689926422756481753716334159421164564177957050,-0.0008471428099440332046326318561506788910099374671881385934804885025353882496749698288946400360037224942,0.04245972976422458490592329856866016717555404865358557194404786920153959097404234064952112779668407780,-0.0002643182797837841950860745650698858903680791639973865610753959016303161962402488370037276622777579050,0.0003066372303525148808297244926744944331932939126319506999919768523840907739884147784091504989548971060,-0.001111461089727817399718706421220564781378016631185525154555884404165704445915218667442634975121889075,0.04276636699457709978675302306133466160874734256621752264403984605392368174803075547734683115453205252
10,5/16,11/32,21/64,3,3/10,4/10,0.06206395385621844790229044171094973713409482621714207479209271852528812145829269329882279706905797856,0.06206395385621844790229044171094973713409482621714207479209271852528812145829276261377427380974817866,-0.0003228351785979628239657575058987841775839791960815218298667305199665425319775618448991522809140942130,-0.0001494756991742523363061409378466015757774727387605264405089854553149286624100565511392645193070378952,0.06174111867762048507832468420505095295651084702106055296222598800532157892631513142046452045660169638,0.06191447815704419556598430077310313555831735347838154835158373306997319279588270608322523964831325643,0.002574956216873201882790449958285617454026510819602456790098845194520536142307476407975908677075214907,0.04681834323083928891463449596841123809462766170015277472412711419233188780741277745824449461061365243,-0.0004476613669774835055869869374895665302390115562985962820647652537528319051468409480506796034058479646,0.0003555931199494949754374680419946985654902819257926061609638681461068596508217150185425355381472178644,0.002127294849895718377203463020796050923787499263303860508034079940767704237160635459925229073669366943,0.04717393635078878389007196401040593666011794362594538088509098233843874745823449253752820970448361153
10,5/16,11/32,21/64,4,4/10,5/10,0.04288799816563874144615500549848882164710156947104746449509207872185430156946974041358431251306399886,0.04288799816563874144615500549848882164710156947104746449509207872185430156946981328652759509405578717,-0.0003964446016986900529368914083528434104925556276453849956959398698809494645545198145835011217911833335,-0.0001607018458472471675730383889272139857470833154635866252890969000200134979293402977917805271021990268,0.04249155356394005139321811409013597823660901384340207949939613885197335210491522058613191741760274323,0.04272729631979149427858196710956160766135448615558387786980298182183428807154047305230815079688374528,0.003711965134786525788988421439672618566985044710738748821429750468781589425532762331133828368168237920,0.05139647597411271515040940155243980701221905346411156266235719903225900235945058482885215504419777185,-0.0007108791101675168875943625274102202510270564653981334212331510628381196287764303801095439617534109516,0.0004101679314456274796848963428651731710722655993589631115760036425969039434921422659401257399728051317,0.003001086024619008901394058912262398315957988245340615400196599405943469796756331947935749852734009617,0.05180664390555834263009429789530498018329131906347052577393320267485590630294272714060554333043603436
10,5/16,11/32,21/64,5,5/10,6/10,0.01706856987157489954216734631867808864091407329257867888785240528559888352191700627681766385091998129,0.01706856987157489954216734631867808864091407329257867888785240528559888352191708659518824383846879680,-0.0004901422509919308067873652009751917896267608960235824351460161544130615810457125145579690813004600748,-0.0001795658536308384758239526001236920945342933189954942425915656980733028628614179256360416648891356348,0.01657842762058296873537998111770289685128731239655509645270638913118582194087129376123018325172591543,0.01688900401794406106634339371855439654637977997358318464526083958752558065905566869014243253145177684,0.0007488559955342836090401613547618572374850197596683637056570633256406557493291266019617512734718480562,0.05300285503058114710363251096669864537287334578446558803180327278835483841994075002968081711456991904,-0.001085641904858395683503527261331027486075570684844905828829512248100399331256978437363623346079305105,0.0004669711822043129850854422374851773065600071475005350536236296254926596756456151191154524857766801812,-0.0003367859093241120744633659065691702485905509251765421231724489224597435819278518354018720726074570487,0.05346982621278546008871795320418382267943335293196612308542690241384749809558636520078660125397369129
10,5/16,11/32,21/64,6,6/10,7/10,-0.01673613430971976466523319436502248559875998113111578621209911234693929002291892146173910131278061794,-0.01673613430971976466523319436502248559875998113111578621209911234693929002291883643232381544409173655,-0.0006087572227944441957567278239642500946712420534245855798835050328351724261768011402600127121647943674,-0.0002063711013220362593950988551754988617597011044183064331811369204506824020591614930890068861470979263,-0.01734489153251420886098992218898673569343122318454037179198261737977446244909572260302862554283901809,-0.01694250541104180092462829322019798446051968223553409264528024926738997242497799790688161500815393037,-0.01010178232453293439732546316241441294209206334801235348470340043993915597157875147278526898139637297,0.04786977348962986963064214174751330102332060151534019160672724203453096793478154716809427647557334494,-0.001618036094281817148423007674726931346633411479091409862007413871502626649067729793363312541607876653,0.0005240068280529375790839980077027443020660153802420764253768462068859251445856483279817718786764950148,-0.01171981841881475154574847083714134428872547482710376334671081431144178262064648127850271973772751902,0.04839378031768280720972613975521604532538661689558226803210408824141689307936719551048920960476032092
10,5/16,11/32,21/64,7,7/10,8/10,-0.06026214892728068735862254893647492540223776578165187530724700276209851008994825987198820628363000452,-0.06026214892728068735862254893647492540223776578165187530724700276209851008994817678629066619806884263,-0.0007607144908369653809715435695864682921618388835902933307587686520627289065211142401343391364003639303,-0.0002421340401182320223409734447251293780522185563713933547798891085413731581448370678925621045981647318,-0.06102286341811765273959409250606139369439960466524216863800577141416123899646937411212254542003036845,-0.06050428296739891938096352238120005478028998433802326866202689187063988324809301384157171220847033651,-0.03453406958732025846452223255838936564953592070851349769002888830267524072300073839077345960148582229,0.03049012759966412563985907834050433365662979710197283218700733388143161929225445612241540774983171665,-0.002390217624900097541821055136126441923189488633575302405492193302079567487623694813818007647734497137,0.0005865499396855021642916837125859989360269496036247529878915546949798998697610782814796806145917202874,-0.03692428721222035600634328769451580757272540934208880009552108160475480821062443322106365153551801196,0.03107667753934962780415076205309033259265674670559758517489888857641151916201553441110166898967867742
10,5/16,11/32,21/64,8,8/10,9/10,-0.1157329813421678660923306953990621167533493592487474052364713202055834465097362598688403976232859827,-0.1157329813421678660923306953990621167533493592487474052364713202055834465097361616946220512890384559,-0.0009549952487117277561576493421684385467421746209407243358177543539240480180447862208020528877375164707,-0.0002884737216462396159932008129418552033565000875907638920248663526375241063320347952986563103597857922,-0.1166879765908795938484883447412305553000915338696881295722890745595074945277810461174392614941508553,-0.1160214550638141057083238962120039719567058593363381691284961865582209706160681964096188092036969906,-0.08098296936965640715411755120587109801765648693208074453761777303191812366339444503544799099581948330,-0.007320015283585337259578301763496582430649140591646997929444352209321558403569613097607606500503715933,-0.003522833371880327525073009123727537583141192700801929526594865626558809338259207327363847774171463906,0.0006514128393734000687051622708380787184799919031652160533016024037391642697838427865958389433117030265,-0.08450580274153673467919056032959863560079767963288267406421263865847693300165365237516597698471421661,-0.006668602444211937190873139492658503712169148688481781876142749805582394133785770305864209967723983988
10,5/16,11/32,21/64,9,9/10,10/10,-0.1859939331507094939135910244354724000807449951994537837855651059090027098512796413957114424224719181,-0.1859939331507094939135910244354724000807449951994537837855651059090027098512795396635012902479228031,-0.001206582778331327666971820544296922343602262731790793300894902756983188277997625998468040936588166077,-0.0003461750495038460140094846205683959612862260972514218970286057518065322028156074153241281765003059552,-0.1872005159290408215805628449797693224243472579312445770864600086659858981292772674497731053253147965,-0.1863401082002133399276005090560407960420312212967052056825937116608092420540951468585099535951914714,-0.1619310835587042297054608328734537763782608755690046589363272482521991852968011455302551069583968258,-0.07699016765033262210940097630371292790254776172125433266588588038754985986126019595238086314183721591,-0.005207659097985637360284763170774379499800056354661838771849985452339668225396075941504367429237936465,0.0007417712842881503485095539661167233550791959238747949326618658032683358323185976476078154721183955784,-0.1671387426566898670657455960442281558780609319236664977081772337045388535221972216529535015369093802,-0.07624839636604447176089142233759620454746856579737953773322401458428152402894159826359258695397458899
11,11/32,3/8,23/64,0,0/10,1/10,0.08893351660380621320896667400486884254115564283869175055637032805117090697508704076162650334299791009,0.08893351660380621320896667400486884254115564283869175055637032805117090697508711679722916889314666571,-0.0001873252467891776525926050945487255052694270832468683760825445592660530989226368294003570190322392990,-0.0001589802264603267505830325850823144648172038313317923371547439088820542183902309153842466336916189799,0.08874619135701703555637406891032011703588621575544488218028778349190485387616440391858511871187539416,0.08877453637734588645838364141978652807633843900735995821921558414228885275669688594361561333307139374,-0.007714298581871556519279017516458542300421976363749961220845872728485340440085152260985486295651861893,0.03767661717649913452784319575593309560531131096507858218595395973723178323029269077928257057057996563,-0.00002455977380546340927178406155572759423816872978389623897577563252302259289521367080336905353242606291,0.0001861164742671678060065068386673648423178288283070348324293392314455922187676615500043592652568833166,-0.007738858355677019928550801578014269894660145093533857459821648361008363032980365934877389902865105306,0.03786273365076630233384970259460046044762913979338561701838329896867737544906035233803777773793249810
11,11/32,3/8,23/64,1,1/10,2/10,0.08478909188266340158555092023952482404434693946770535675949285651772141258526138497153279309150858159,0.08478909188266340158555092023952482404434693946770535675949285651772141258526146166602283009356503872,-0.0002211064428261697242790487792215951479076177906389779508783014634852002230972451102486818562316171831,-0.0001461120099013213888605687561765484525288031449374083377262330045929261588490680305130854141353737421,0.08456798543983723186127187146030322889643932167706637880861455505423621236216413974134601940067189061,0.08464297987276208019669035148334827559181813632276794842176662351312848642641239372276084582091275514,-0.005698774903487712105944886383791186146619498890652799517532300297819064731011695881122323874076291995,0.03953727338594256996409678785722264024466155279349744320901598130549278228174927131532172362855701047,-0.0001312139367670646517270481600146463522418639814673984942059461686015390631699472231574611454658099397,0.0002576442897846773913102503074236396902672438116194896135270292625672946930388534469758801912788439227,-0.005829988840254776757671934543805832498861362872120198011738246466420603794181643105051918657962306272,0.03979491767572724735540703816464627993492879660511693282254301056806007697478812477516649779350592669
11,11/32,3/8,23/64,2,2/10,3/10,0.07625624925044104318569759026416593793737513220043663369449272786841357788436850008394137230779975698,0.07625624925044104318569759026416593793737513220043663369449272786841357788436857401110444921184386772,-0.0002669563912433505529560402503491800844073365625947285948346479635622079092506205598748716599861009845,-0.0001422605585394200823320459192339996230576333625662884297313345581990447351125945313434431706541459668,0.07598929285919769263274155001381675785296779563784190509965807990485136997511787951325662970993079527,0.07611398869190162310336554434493193831431749883787034526476139331021453314925597949649056820696081574,-0.002069241075558660740634285810811338411266558238094625491859592842011033293646921050591584124517401998,0.04289438289835747735256016490771794927013663195096245572320862139918612546248957116460281997891905194,-0.0002677995604438937454814316323432151828673636112360135573276879091560317994438864920220971370537513236,0.0003181024916048324392660619268189000760643841563697616646573552972174167710516288670450227974673587581,-0.002337040636002554486115717443154553594133921849330639049187280751167065093090807542613681261571153321,0.04321248538996230979182622683453684934620101610733221738786597669640354223354120003782491188374804540
11,11/32,3/8,23/64,3,3/10,4/10,0.06283640575197400071711973342191901806308239526922122943466102197168083901151154492005029150877762389,0.06283640575197400071711973342191901806308239526922122943466102197168083901151161752943862550900633159,-0.0003270301545352417872819108952976844641720160753099642949429462032337008185790567211966353380866029644,-0.0001476317854459242903912212466347097029299431094954221677687665461204154075636989699427620605547936113,0.06250937559743875892983782252662133359891037919391126513971807576844713819293248818289622764334013128,0.06268877396652807642672851217528430836015245215972580726689225542556042360394791861792064208891366620,0.001795118184791443198572418443548906447880053218575402087677191233628057474255489937592347205781188220,0.04732837487334303214029766902656845880121710165018534901233292877974208520466016971785062761010844927,-0.0004538702639995824950187351230476586602864472162505362429930122875474037233907322140468453452462514756,0.0003704596251038610808667204427524806374679044492173380168742780013920195052625688549087158183817387475,0.001341247920791860703553683320501247787593606002324865844684178946080653750864757723545501860534936744,0.04769883449844689322116438946932093943868500609940268702920720678113410470992273860570371200108557309
11,11/32,3/8,23/64,4,4/10,5/10,0.04375390829974051184734366729312115258037328540180985036751364608158342545952313279159964472537707298,0.04375390829974051184734366729312115258037328540180985036751364608158342545952320797064872738804581662,-0.0004051842193049271216705764423481352801378260986719291805906260245678471225449245062061727164456400545,-0.0001607584733712223094470864560497328519399299424809773820274608820613856466060462004845443480539267187,0.04334872408043558472567309085077301730023545930313792118692302005701557833697820824215398825739999001,0.04359314982636928953789658083707141972843335545932887298548618519952203981291716181288891103257652992,0.003269252672150935649320950859870508829507438364945732412232233629469507514633781682868553601348858723,0.05215297657825750960881175340123217857552471131148084452094695936742464423798278812906200415028591096,-0.0007206033542227298386694292073880921680532005236630587816503884473826738907722197015185252752212432806,0.0004274664734784213867589374608206175089333956694272069623280881541313186731582843736765868317215125593,0.002548649317928205810651521652482416661454237841282673630581845182086833623861561979291005290340403875,0.05258044305173593099557069086205279608445810698090805148327504752155596291114107253002064620618797678
11,11/32,3/8,23/64,5,5/10,6/10,0.01791890495649587889766130290471855549215171226698086862297257946864136208318940935055314995125908035,0.01791890495649587889766130290471855549215171226698086862297257946864136208318949144791963285895868996,-0.0005059665248344901729683569956676800004079094170535655377242306729269056380002147281363842181501505584,-0.0001823013559692127242395853276178580947134710303097285635780961627331766842124242899809085391230583279,0.01741293843166138872469294590905087549174380284992730308524834879571445644518919460697409296470484303,0.01773660360052666617342171757710069739743824123667114005939448330590818539897706718882406985664380514,0.0006920513484684276999522170052853589934099177645493150699062293976762543284768727405389783418465149751,0.05420709223571441829376203345696049660923278662235557751142985170808077883101308408863182136456923242,-0.001106527005833755560868346818468183500766507762668771771665759276260827448472229615845671036364682146,0.0004890624366634069908048622240277725057497891710288274352813424572410266543098089348630930355889952026,-0.0004144756573653278609161298131828245073565899981194567017595298785845731199953568753066926945181671710,0.05469615467237782528456689568098826911498257579338440494671119416532180548532289302349491440015822762
11,11/32,3/8,23/64,6,6/10,7/10,-0.01612909722003822100653797859111742464454879431959601352520461757456464755829570302638096284961349453,-0.01612909722003822100653797859111742464454879431959601352520461757456464755829561888646362844100001019,-0.0006354984921886441619734152101258968683281014746427782886030922101152862558832156356036735516492614457,-0.0002131658578984654012348840460089998736531227530609286531137581135516432973861666713454606577251932599,-0.01676459571222686516851139380124332151287689579423879181380770978467993381417891868772242434860290056,-0.01634226307793668640777286263712642451820191707265694217831837568811629085568178553670410298190628489,-0.009750616263821625497892032784265076733683762014214604603378995750901029171218731526993109500743575256,0.04951165292945214063751126557219017325861951718703997125719486044185944613973862932825982196120962810,-0.001662276004126524581707866483552592972530752031014492539705727956614456430965375521586280625672451396,0.0005502890908145743039884913323427685397792346565429407671703415326912044784787900797427886618305888495,-0.01141289226794815007959989926781766970621451404522909714308472370751548560218410706093352834113929606,0.05006194202026671494149975690453294179839875184358291202436520197455065061821741946153720955350771769
11,11/32,3/8,23/64,7,7/10,8/10,-0.06030430834615303318708661999895245609670474607049622627486574160057939498286862714612801237407028180,-0.06030430834615303318708661999895245609670474607049622627486574160057939498286853562667211770409054043,-0.0008037949346918383396112036104613052665699029221668877114203991397807187719393321493543046459198640326,-0.0002547679451344357950457306525461621726763984379572564967624308301242349166794215552064515271964006103,-0.06110810328084487152669782360941376136327464899266311398628614074036011375480795930268889764524538632,-0.06055907629128746898213235065149861826938114450845348277162817243070362989954795715099322369447876753,-0.03400526100290720281746870211501569136331880101134399396713655748961987143396842302399822650708845873,0.03232962437020901147314026372143851103236009179630587714289405282541147786174091997754159383053594324,-0.002480647822144970697297513251159329835475922309039020578494890525511069887644002533979602030141609361,0.0006168286878442415125364078782746434334831825357392908830342655547529106505589626156229145791212371493,-0.03648590882505217351476621536617502119879472332038301454563144801513094132161242560739438139612314571,0.03294645305805325298567667159971315446584327433204516802592831838016438851229988260345962358859323823
11,11/32,3/8,23/64,8,8/10,9/10,-0.1170956139195260163712333429129577374334554427753337300212059668383455232958365964132774378646420287,-0.1170956139195260163712333429129577374334554427753337300212059668383455232958365006110536287572622274,-0.001022969602458885484346760654143120502891334113375470584016069324335610213104119089194030837254433189,-0.0003098636898154049872301816273325230406733379154971819280710727104876144745365405054748705549127994201,-0.1181185835219849018555801035671008579363467768887092006052220361626811335089407156260128508491291559,-0.1174054776093414213584635245402902604741287806908309119492770395488331377703730410418889142648886075,-0.08099402387495488334315379244523545312616378549049955154333780333833528025868981687391569817964692571,-0.005982347646450870614415004513339503440881414199048029710164419981759024999758450215587655542394513351,-0.003705031168860427968260166548564473792299107016737459787894917163816612616005979693512977945869111325,0.0006864425898849760176653446690237301227641048355732558985104993803455868704012508852719281834019194423,-0.08469905504381531131141395899379992691846289250723701133123272050215189287469579662096327505598353779,-0.005295905056565894596749659844315773318117309363474773811653920601413438129357199326197681287418170774
11,11/32,3/8,23/64,9,9/10,10/10,-0.1897427126457069858662378978179751795306490460425034520274870202750547702367666022530195039692630550,-0.1897427126457069858662378978179751795306490460425034520274870202750547702367664978852598659870831340,-0.001312304537394706142453114982619831267686638691652772112001304284301276496204330798549020883248613777,-0.0003799962192858756028336891192689938538586672007542195585917338823676446802305078674181443627618518518,-0.1910550171831016920086910128005950107983356847341562241394883245593560467329709331833459991428932091,-0.1901227088649928614690715869372441733845077132432576715860787541574224149169970057181893745004091921,-0.1641515734773781358682027047790509974290694583257081467330828368622831274119954043078591693891113338,-0.07794035895444069034526935077764463071078864210020951118635261062254130523153617539332062586967197817,-0.005567088851113223797938170545177926284624378465841952838574327216448200909505189603981197159518418396,0.0007833661804769478132660193171093632593327455172408514367026797491155602597870638640031516074327917052,-0.1697186623284913596661408753242289237136938367915500995716571640787313283215005941342148544136486015,-0.07715699277396374253200333146053526745145589658296865974964993087342574497174911141401218425815533870
12,3/8,13/32,25/64,0,0/10,1/10,0.08939611203050073720630906788704594567714079101249474453375994623479459285238370787875892269851049949,0.08939611203050073720630906788704594567714079101249474453375994623479459285238379023968035418697318971,-0.0001851595637963854431104709211510717189021246439936246501814717495956059294942506656873926759848426191,-0.0001560340691007417303846354633439609331769863842716249724413684565760514575791345277842863879061432625,0.08921095246670435176319859696589487395823866636850111988357847448519898692288945710883348883579807128,0.08924007796139999547592443242370198474396380462822311956131857777821854139480465575745195246585910237,-0.009170651602526441332238762835264374114901115968615665567262733012395167637957381266685495664822769657,0.03794318564469723881470607597547705622702003429018442953801908645505611310325204201557058562864390167,-0.00002493549268679993638122159822956057401810995981067723111469849799728736068512642072236106219438403788,0.0001915794899294666793447340837578856552560638768686372434382843358113490391566765652140305459407601483,-0.009195587095213241268619984433493934688919225928426342798377431510392454998642507696930838267533007193,0.03813476513462670549405081005923494188227609816705306678145737079086746214240871862350934416716930183
12,3/8,13/32,25/64,1,1/10,2/10,0.08531359439067127748212720109335955041124775737980569024322733048570133621438999288880271269477702147,0.08531359439067127748212720109335955041124775737980569024322733048570133621439007366839445269866122804,-0.0002202198892266079010067709314943200072031991381193222979351591839465680422891526915443190495226501340,-0.0001429534144786491598265925769534550878923980440276308999490361132546455148505793777141805020234206899,0.08509337450144466958112043016186523040404455824168636794529217130175476817210084007860719120801630477,0.08517064097619262832230060851640609532335535933577805934327829437244669069953949435528211994446157027,-0.007099841955625094289775414740994569233537553390848855261640286294164062242747319793130586745189874255,0.03986752041358480468866376726132660250354795679362580754623792097010205403719571845715417451866611139,-0.0001335053016863178834581706493556475258477962317782489402793195848137034914200579094442847094160988226,0.0002660375679347817442616285172732509245958379969921864105754531910135355336801651305231463116071152898,-0.007233347257311412173233585390350216759385349622627104201919605878977765734167377704119138731446381753,0.04013355798151958643292539577859985342814379479061799395681337416111558957087588359231012266079445271
12,3/8,13/32,25/64,2,2/10,3/10,0.07689166527692204793052662850871505281170478031223909290201460656460155147380551369418218933700807091,0.07689166527692204793052662850871505281170478031223909290201460656460155147380559144289202066211685048,-0.0002681192853070551527603118051866745687566430347194069496921451017812269272308548082476328389269143977,-0.0001391687244643034012472429496455403440446205162401534859506904656246721556507317221461793280186194606,0.07662354599161499277776631670352837824294813727751968595232246146282032454657465879379327564660343888,0.07675249655245774452927938555906951246766015979599893941606391609897687931815485982858717283345343685,-0.003336626289651801912350663907250283185143148140283823898249852616175419342004811588029897156762153837,0.04335381392155634976071076217918501365416073569656398920802525018397965799962373814916673691190794453,-0.0002723703729027863754441179181360535607188396856099593213835762548151745232040186834121519355309573829,0.0003304404936257990788425526596202703576302587454985138047843156929089563958708401035059564399896425594,-0.003608996662554588287794781825386336745861987825893783219633428870990593865208830274530583645973928571,0.04368425441518214883955331483880528401179099444206250301280956587688861439549457830517778076447148206
12,3/8,13/32,25/64,3,3/10,4/10,0.06360349626438563013972175174479973866579184790309697513342179122728849642977380860686040169527715468,0.06360349626438563013972175174479973866579184790309697513342179122728849642977388661912518160114901486,-0.0003312804189242562199374568027178079140727137711927809269720396136911364628969933203964595780300124515,-0.0001454734224190231449405635642837542245241135991836942197399242301229912764959491653652891502131802268,0.06327221584546137391978429494208193075171913413190419420644975161359735996687681516549633876474846265,0.06345802284196660699478118818051598444126773430391328091368186699716550515327793747872554675985577489,0.0008641822561994514819848439559479075976461150342638959723429924916816191757249667074133148654101228932,0.04788507685458694579331494639139428634765598353394480885975530345036852342577963201500488329698717413,-0.0004604145709589257660535944256159915865443901163908623791364324478757406304666650542003213066169930902,0.0003861432343198279297162864561688407802024408832227290806696053940357978947225031513670764449006261056,0.0004037676852405257159312495303319160111017249178730335932065600438058785452583016532129935587931298030,0.04827122008890677372303123284756312712785842441716753794042490884440432132050213521167046652920645471
12,3/8,13/32,25/64,4,4/10,5/10,0.04462461325577442055586043008502248691010382685857201196245463284314933010912521142901328330889619761,0.04462461325577442055586043008502248691010382685857201196245463284314933010912529168149512615125424296,-0.0004142760167891120558899327688571362065183948210820159009523652328383435163454837479517949574919818214,-0.0001605150374768924611632196050931952250818380795845213464417007513122249235961459644605327361414368969,0.04421033723898530849997049731616535070358543203748999606150226761031098659277972761671701848305385431,0.04446409821829752809469721047992929168502198877898749061601293209183710518552914572192477312510743354,0.002783616204589398044176067707707342114456848961052004843050943369666438180531534076877784030361777815,0.05292373852158357614131418367171499845851331841538090483129095445564285170880514288690160184936514459,-0.0007306268996368409159154795469542306046034701999327228834273019626612341785402455847211285564606795116,0.0004455876410107748166190340678425478742165543344922480366352942120172020257031315181707919102616848240,0.002052989304952557128260588160753111509853378761119281959623641407005204001991288492156655473901098303,0.05336932616259435095793321773955754633272987274987315286792624866766005373450827444059054112695622895
12,3/8,13/32,25/64,5,5/10,6/10,0.01878698693670390801634220052647824777960336331238669505031253560210618955356088134200794176888881420,0.01878698693670390801634220052647824777960336331238669505031253560210618955356096218748841891796379092,-0.0005226542302405346223167762160949142995292963524751052140216579049824916319584623226109200690007340563,-0.0001846807647130910502851188397499063183986892553354946323572149134107964943473938515714279428399664502,0.01826433270646337339402542431038333348007406695991158983629087769712369792160241901733799866410086857,0.01860230617199081696605708168672834146120467405705120041795532068869539305921356836345642407877777918,0.0006156198014249907132676623141173055295157842577432123633967804469312908021966173353519412932100967510,0.05540627140823456775882102181902245831787832895489567429848860714114720390926766138276035950094148705,-0.001128615922975078818343775624075436031936024168248254345234422405540386048892105697393743854911820290,0.0005127449074744586087749434775744153405185214552843258640311649479118678852487822007238106887191068323,-0.0005129961215500881050761133099581305024202399105050419818376419586090952466954883620418025617017235390,0.05591901631570902636759596529659687365839685041018000016251977208905907179451644361642853876225597896
12,3/8,13/32,25/64,6,6/10,7/10,-0.01549110559335998935100401177015118654927464094708574839591146962154498672805959945266828514567330187,-0.01549110559335998935100401177015118654927464094708574839591146962154498672805951050287313913813359643,-0.0006636357978269885751214323358622236551336090127424027497039143116691536855162437067630529113411172461,-0.0002197322936813424070279032323339116513799424371185858833372455115667837757209964760745372122135884656,-0.01615474139118697792612544410601341020440824995982815114561538393321414041357584317590352234331211165,-0.01571083788704133175803191500248509820065458338420433427924871513311177050378050697457225239929936031,-0.009413226496131008823874141465188447881364728056376007740907684486579282088818071278662841565784118511,0.05118116256342629101373228456984535503434628310821482272037911412960411425611129622574959644936989620,-0.001710241521147112805139051724739433866575650192940496191275986344606214024100557038599392912362369288,0.0005800369265529946049912660155128573880752432228538634497813407035805187352555695577383295581804520792,-0.01112346801727812162901319318992788174794037824931650393218367083118549611291862831726223447814648780,0.05176119948997928561872355058535821242242152633106868617016045483318463299136686581231424850857131022
12,3/8,13/32,25/64,7,7/10,8/10,-0.06030907175353057781984088349892162051367835938540831441336113947607402608754066809209179446941902435,-0.06030907175353057781984088349892162051367835938540831441336113947607402608754057953762907133302393982,-0.0008492582264100664631556104964862808301986919082898326165801202125650405935023890274885382291983953398,-0.0002675114688594655771854190517196890807587700613483344264810488690308244889655999153809372026062265173,-0.06115832997994064428299649399540790134387705129369814702994125968863906668104305718443955832591458406,-0.06057658322239004339702630255064130959443712944675664883984218834510485057650617939329834049780103089,-0.03344972557263679322259040058241290223307649795652636858001258648022472287226965211720433852620633281,0.03423648179717165909319502816565550342023247597725919214255962336131120918142902791773241509237707480,-0.002579534513238842953662067353981063730724972320700566464804815130151184562610358543530178759843838251,0.0006528530510768464393510752210843769022591409716999079678075056729645172459190518291276554129782357042,-0.03602926008587563617625246793639396596380147027722693504481740161037590743488001069367888585864555613,0.03488933484824850553254610338673988032249161694895910011036712903427572642734807979421760032846117655
12,3/8,13/32,25/64,8,8/10,9/10,-0.1184369352302642493073565261402350689116914521090082702756997588135728408579661626259028315800022602,-0.1184369352302642493073565261402350689116914521090082702756997588135728408579660602348053079535454437,-0.001095263441298666385509674759423213258206371274457008448150333208550194956932231335576134555515125945,-0.0003317740736662799899436322551459969213252808594469418518156091945171498447092123542946377084862849920,-0.1195321986715629156928662008996582821698978233834652787238500920221230358148983939903052886365383481,-0.1187687093039305292973001583953810658330167329684552121275153680080899907026752725736572728936276420,-0.08095691757669163638914981138275280504387816838328821763478800433078446300836102750452074943916045028,-0.004601837724906279120618955957601497119761962087740593853911300300598957561377657285471254604262455744,-0.003903242833324158643516737259316944970298447016162820988133443521216327363596280695565358135699836850,0.0007261048399669878469616175783099144940572793126787041386961269660568326799460160616984627693232554687,-0.08486016041001579503266654864206975001417661539945103862292144785200079037195730826185679864847663415,-0.003875732884939291273657338379291582625704682775061889715215173334542124881431641220684257281258382924
12,3/8,13/32,25/64,9,9/10,10/10,-0.1935409517281238039491568031172068071833563773709293769041377189115455962198326484679802403258077969,-0.1935409517281238039491568031172068071833563773709293769041377189115455962198325446273304995051540371,-0.001425880393635971464918675437329404804704743612178083139361330298887587453475867415879542009810173761,-0.0004160777829355574155124875203390435039298513996787329983862256177290951334990499282302115407733896890,-0.1949668321217597754140754785545362119880611209831074600434990492104331836733085159559255885881703755,-0.1939570295110593613646692906375458506872862287706081099025239445292746913533315944979080660438855029,-0.1664096389872801472454857296058733551874380282634927390371473426489243515331852591801649739953827204,-0.07890409644560229290219577992968761852543293998097071464115106338241223672288033297408905329200867304,-0.005955763100073702592542804183860856403105096057086092074932622233250336113171416505222771840182249997,0.0008278956364937705250263736519926188889281381934489108548304608488647423914929316544315610258180597323,-0.1723654020873538498380285337897342115905431243205788311120799648821746876463566757759847594102022794,-0.07807620080910852237716940627769499963650480178752180378632060253354749433138740121773585199472364073
13,13/32,7/16,27/64,0,0/10,1/10,0.08984021305756278879257215145217628345599079832312370196454993065173874884517884775984834063282608560,0.08984021305756278879257215145217628345599079832312370196454993065173874884517893170209946360586725948,-0.0001829229243926567437516193496282051420214558121768581205221107644030150982399035055555478166339851035,-0.0001530065582905408312022980578577175453159011362487786571407765225792725424650109538951116747221040595,0.08965729013317013204882053210254807831396934251094684384402781988733573374693894424554194491409645134,0.08968720649927224796136985339431856591067489718687492330740915412915947630271392077908969746795332893,-0.01065338881760985180674873996346750360750176564640515104454131813525525207494610740092952110541244858,0.03822667332997209357593514721599714019723497765973214636533020289609788747224256017057242398514270013,-0.00002542684234017190479587620196282501323461863815469486351780974754321087539070711119442336749492885028,0.0001970068084875986588939568152063789475932556322313614724489552167833763228807057146582220689906153658,-0.01067881565995002371154461616543032862073638428455984590805912788279846295033681452277295423611936226,0.03842368013845969223482910403120351914482823329196350783777915811288126379512326589166509304096835164
13,13/32,7/16,27/64,1,1/10,2/10,0.08582144024356422889424166095292086136384358240985436791776976624967181634628830979553074141826956850,0.08582144024356422889424166095292086136384358240985436791776976624967181634628839531911155587588922603,-0.0002192814112351167076765704128331170524725282734048754070095843113782145410086964083974555419416975553,-0.0001396247606471566544003184004014778022489006296403503815401982486194153064792965039352682232387821719,0.08560215883232911218656509054008774431137105413644949251076018193829360180527961335212989426794527430,0.08568181548291707223984134255251938356159468178021401753622956800105240103980909891735530580359081788,-0.008529417522908564239399151649519106517092742513792127551691510963036394876211841451562288810045527545,0.04021301265857356592723811293148942762756724792352246845658104864484417035758951488806131107796728857,-0.0001360499058277554435716959431978128251472398339075193941212379396220915838041065410906921841696342847,0.0002745653031308228241682941033557363734976461538604595355884871367559068898413474156361439292799155261,-0.008665467428736319682970847592716919342239982347699646945812748902658486460015947995998893427369380626,0.04048757796170438875140640703484516400106489407738292799216953578160007724743086236392387880402314244
13,13/32,7/16,27/64,2,2/10,3/10,0.07751446690371221279820633670385330718264853738490751635581682810240648047489069855435945078569536594,0.07751446690371221279820633670385330718264853738490751635581682810240648047489077959750613937034265312,-0.0002693791308764780244939411399514914073630505215128490775373026901173341562647611437682747505517180171,-0.0001358528914337227704723860819062939715893599666953706579312772127750614715040476157967938866751078947,0.07724508777283573477371239556390181577528548686339466727827952541228914631862593730352197817420864643,0.07737861401227849002773395062194701321105917741821214569788555088963141900338673198557001367576856691,-0.004643644817524779289824501457119938746654844309957453633530808771602636508629964979916299169959663524,0.04383325037038267622440268668543487559949865347904881933021101822118322166663878310285681318384394909,-0.0002775271516751762490326281837904960305959043441547297301471886474318088068294968984596504852778316214,0.0003432998703730076654572298672775382774966645665145181987175652304134536374056667330425030623226897174,-0.004921171969199955538857129640910434777250748654112183363677997419034445315459461881464484208918312497,0.04417655024075568388985991655271241387699531804556333752892858345159667530404444987810928847980447593
13,13/32,7/16,27/64,3,3/10,4/10,0.06436481585547335261516292495737669485527748761516077689536249320770898874251420207849123164748698294,0.06436481585547335261516292495737669485527748761516077689536249320770898874251428219919560019946348799,-0.0003356576919094516316324635081454394008997301115522900331846694396414230954211833982687104559220881769,-0.0001430344474587248401812877407246298069603021096052502846263659617867482437733672628423919162114127842,0.06402915816356390098353046144923125545437775750360848686217782376806756564709301861381902828742732172,0.06422178140801462777498163721665206504831718550555552661073612724592224049874091498268122658846433547,-0.0001642481642778738185971745719358719793902316023304174726724504296419758028867771615747929770920644059,0.04849781305200519295832795508097892374616179559115725950765646954777434082656077351917507433294787823,-0.0004677763170227722796343687669865492431062042623398395801670930587747068847731669774723079380881128674,0.0004027551390557438097479323589939970953624013438640999859557539238862577448894427591699963423166665667,-0.0006320244813006460982315433389224212224964358646702570528395434884166826876599441395618566741269801651,0.04890056819106093676807588743997292084152419693502135949361222347166059857145021627988933795210495348
13,13/32,7/16,27/64,4,4/10,5/10,0.04549968078219283856743609828201741962826925850014264599727162899730611338073894822034955579323836731,0.04549968078219283856743609828201741962826925850014264599727162899730611338073902919760750723269488434,-0.0004234467883147945018513469707603565272165229066108093184612375729864601541706290968852736116520765709,-0.0001600366319724129342686986606294113831006905027196376322857851199895183817646435415833824595889146968,0.04507623399387804406558475131125706310105273559353183667881039142431965322656831907301821780479960734,0.04533964415022042563316739962138800824516856799742300836498584387731659499897438569411605093516938364,0.002260520820415574570863510558697071553888155435449805633297953293709405946867971644777748433837635499,0.05370574917238937742273085061877869451294583053389284266886961149102281794132700363219642480306938936,-0.0007417559340037990084134440863191020225988689237684343463537392615992792804992163761447180356814509984,0.0004648736084717408449870996400322384435491461082911227221933109549609686440502238773795318830247809924,0.001518764886411775562450066472377969531289286511681371286944214032110126666368755268633030398156184501,0.05417062278086111826771795025881093295649497664218396539106292244598378658537722753943179070500873808
13,13/32,7/16,27/64,5,5/10,6/10,0.01967254728084209976690924217524737342562774805640922187191984031424241187861011767169223612842541892,0.01967254728084209976690924217524737342562774805640922187191984031424241187861020586376690496627126761,-0.0005394741599800347618651877761043879441098065043530582108104968889052284055769436050659393196456321377,-0.0001868776952996017417921352923139587977510955583425563319789600627232908343483958141429061468913784063,0.01913307312086206500504405439914298548151794155205616366110934342533718347303317406559678529088618099,0.01948566958554249802511710688293341462787665249806666553994088025151912104426181006944209553883180054,0.0005292927004875347622482825929716167747636080680638959049131430021828116762015045866094920458320438877,0.05659761183377392375004243400897739694764079308044572344324937310780720628966888993848792844319456904,-0.001152107938648620317185001573452879192360838006694237646968532969451996609653226328165910042086764932,0.0005381994862907599941996805038152818883944501474931355587834201873334833111022260918811376077370960427,-0.0006228152381610855549367189804812624175972299386303417420553899672691849334517217415564179962547210447,0.05713581132006468374424211451279267883603524322793885900203279329514068960077111606434294614142065594
13,13/32,7/16,27/64,6,6/10,7/10,-0.01482196746046911511296648992719450767890996624433341485227173918389828642280437083637768849818027348,-0.01482196746046911511296648992719450767890996624433341485227173918389828642280428032172503529235977693,-0.0006923849640093401826201311877147856202343412839016557674868297044380978963573489392975386372653027235,-0.0002262075025034877746703204365145574708999771924888371080434826539092285736153532567596103979068683520,-0.01551435242447845529558662111490929329914430752823507061975856888833638431916171977670473865333918199,-0.01504817496297260288763681036370906514980994343682225196031522183780751499641963356329935080133595997,-0.009094518552879005337129507654603716738927888609367729059260402927689668063525036819823482812445452093,0.05286052962083311125204880780967161613188836769041399245226817278090433896815079686898623105984219835,-0.001759405528319629826269926532862931227192669573230915301128276823332092268153581075758381262620222959,0.0006119114869895415164254040694201727140916873740216053118238608894492527271312500157316699396386917067,-0.01085392408119863516339943418746664796612055818259864436038867975102176033167861790999502532557615602,0.05347244110782265276847421187909178884598005506443559776409203367035359169528204694545908055520363129
13,13/32,7/16,27/64,7,7/10,8/10,-0.06027551026014403343132657543014139158519499209469716197879681834240596157592056610011497422104531298,-0.06027551026014403343132657543014139158519499209469716197879681834240596157592047010022495367809320126,-0.0008963815551897713638127976358235598042287276391746460254980714108225996146175031888672123012469059952,-0.0002805238245745597866301595643652921820354015842112909959205404060632439252063094667742150692279199306,-0.06117189181533380479513937306596495138942371973387180800429488975322856119053806933325118179171726767,-0.06055603408471859321795673499450668376723039367890845297471735874846920550112677954332040383576818816,-0.03289812976147073857254435637319227092589922544568421940466000085885196121956972900490744499367580765,0.03619937269848965599375246347562682520675210828455137780737780642931580275985804488904348147176193817,-0.002680534078608079870748722200709013479753975574888770555038155117844129596555520536418528962886237397,0.0006902544833202592296584245496241800019550537952266556862824536143732314401929371305944822459838171088,-0.03557866384007881844329307857390128440565320102057298995969815597669609081612524959074252681545512266,0.03688962718180991522341088802525100520870716207977803349366026004368903420005098203096259041457541889
13,13/32,7/16,27/64,8,8/10,9/10,-0.1197555225742317754832919153117746664597564142606315978824747727835068812325405783284929701977059488,-0.1197555225742317754832919153117746664597564142606315978824747727835068812325404736971783836347629472,-0.001171408970074651727787422376032732344305218991932766389578313803833559215076028065896658440901858945,-0.0003546461095183721467064030345876439336758353734324401409644950893585678349403030818388080600977453983,-0.1209269315443064272110793376878073988040616332525643642720530865873404404476166065055768725711172324,-0.1201101686837501476299983183463623103934322496340640380234392678728654490674807767213645466928187687,-0.08088061623176632252210189480611372978509647883664874100154598771343490327187208575842413064440935840,-0.003096799693105068019012606204921682471240204741097107353273713925439848132138013827217320708074939580,-0.004109987236391850445909613906806159241419164796438778744856397175922366929786570202380665874018734895,0.0007703450470942204374628421479673846489883228429135320065593907437624659042284911135299374301308183380,-0.08499060346815817296801150871291988902651564363308751974640238488935727020165865605140181009306540225,-0.002326454646010847581549764056954297822251881898183575346714323181677382227909522710598848724263303891
13,13/32,7/16,27/64,9,9/10,10/10,-0.1973889137075315402614784883162783555001287629597283089514894942473226348845893731898070033455530854,-0.1973889137075315402614784883162783555001287629597283089514894942473226348845892656593879823942161970,-0.001547734109970053815546877652498915763210823485842220923285519929500429163686697366918727196496287684,-0.0004543928199305866617286597091860472305257631258412157591723280030386392486538376682347093845422246134,-0.1989366478175015940770253659687772712633395864455705298747750141768230640482760706534998132240483167,-0.1978433065274621269232071480254644027306545260855695247106618222503612741332431033075472171798331089,-0.1687010897052166294134065159415216134163230871794425834134861270855496315359750869741409417136468945,-0.07983956782242395365329294384571736665317950479362231347232454773974653962338026295922012706403217564,-0.006371481691014672920082949980486544324288455563342289259489474429087043029163370223670150817681699241,0.0008752186004857727137178431808738557414620055381658773323423127016048157935640919147280718140615107675,-0.1750725713962313023334894659220081577406115427427848726729756015146366745651384572389915532470728251,-0.07896434922193818093957510066484351091171749925545643613998223503814172382981617093330481131746124025
14,7/16,15/32,29/64,0,0/10,1/10,0.09026568146684704049344993585591153089188630724711470781313440676250916334163412004896573926622749254,0.09026568146684704049344993585591153089188630724711470781313440676250916334163420913053835956414873829,-0.0001806173154604356851994546231427088637322212862610549844804997879769116680955017736876851726952781862,-0.0001498999872409416523060009560285720355772378508488832985897041526430481101045005235299063381301619944,0.09008506415138660480825048123276882202815408596085365282865390697453225167353861814710387011577829430,0.09011578147960609884114393489988295885630906939626582451454470260986611523152970861807570204337483847,-0.01216251143296642988094450137989633753905121613378511052575197447971493895669557965868939378311306314,0.03852791024006741503991297564945017365943501797270081496536802438757411400540225030925584976025116628,-0.00002603893859953853872950417000227819048471825141880719670500447007437504537179333016802151100883167832,0.0002023968356628852990110661340416098719817463502738430216166515934640030646543050944511269940803586756,-0.01218855037156596841967400554989861572953593438520391772245697894978931400206737298911479317359529626,0.03873030707573030033892404178349178353141676432297465798698467598103811707005655545003499505954378522
14,7/16,15/32,29/64,1,1/10,2/10,0.08631243061773406597914892214982956788458201221253633793932509319379805489111672780951470756113539576,0.08631243061773406597914892214982956788458201221253633793932509319379805489111680964332624188807192477,-0.0002182784554608450758267591045917466050705804522176321251428206176154620563515941146741442615244340100,-0.0001361873268936038057085443958011121989602913503981566591016587140154035685974377200370633198825189815,0.08609415216227322090332216304523782127951143176031870581418227257618259283476513363590102890020203064,0.08617624329084046217344037775402845568562172086213818128022343447978265132251937201105503546861929884,-0.009987549490456895680553095741007240215346471514323226012361333679427270262774302868222410860339131857,0.04057453054952657686648094960575724102763315261682549994776980128542195403184816311199677846390749560,-0.0001387587586375540353628552981711097844681240949602463559375667183227154860347992306901895444081887111,0.0002831509812217340943594550965728002374327709885586492210993744818964764722470140671156657388109298586,-0.01012630824909444971591595103917834999981459560928347236829890039774998574880910211178149437841739286,0.04085768153074831096084040470233004126506592360538414916886917576731843050409517717962719996166522835
14,7/16,15/32,29/64,2,2/10,3/10,0.07812435119983040065924282622379714695448879046203929659454227457712253290088786400248459955485048560,0.07812435119983040065924282622379714695448879046203929659454227457712253290088794596807360817216855491,-0.0002706484777258811651076630089072901274419327942735429572089215999578797358117192803870539700001024195,-0.0001323405452189831308593437838371303075084628250339302586250290311687219432504615721377256029847264287,0.07785370272210451949413516321488985682704685766776575363733335297716465316507614463150053201021307422,0.07799201065461141752838348243996001664698032763700536633591724554595381095763748442527696082915159331,-0.005983949814847766037212795751573271864745212650916227410605795101358705583478103144460630827565665158,0.04432676030870914764005293247001906296453181270089177023300716510730612687949287889232361021419885841,-0.0002833198391556117695836154244759570316323778659318198176753699996634235057229668489962110072985677894,0.0003567608282120944912702246100327579940591872848562243403434583138298300543705970763787588117932416578,-0.006267269654003377806796411176049228896377590516848047228281165101022129089201069998089643665385458973,0.04468352113692124213132315708005182095859099998574799457335062342113595693386347601503038733120436033
14,7/16,15/32,29/64,3,3/10,4/10,0.06511995506455426655507772455119680238979332712573627920558772211739585521583416753373683571608294026,0.06511995506455426655507772455119680238979332712573627920558772211739585521583424765444120426805944531,-0.0003400059220528127907911057072707578744217406082555406406675655323999763249326302568021428366026168149,-0.0001403150442621188404493433193623044856844913607018067873437230397469953399306985427473922028022512396,0.06477994914250145376428661884392604451537158651748073856492015658499587889090153723523947640478928921,0.06497964002029214771462838123183449790410883576503447241824399907764885987590354913974800092785795167,-0.001230995394322818555042355636041872488159943286187133834704278376474782295064918697948352205754370828,0.04915031026781712395416468322854191170773312442797037980800846836067658751164287617958878819058620678,-0.0004754313947972294553430661573388300277395475866082505845550615927348531906992143122441739081178170674,0.0004199634406655727895544383397763503677876662159375233683794478722609611823052009858898761078283492311,-0.001706426789120048010385421793380702515899490872795384419259339969209635485764133010707281872818990788,0.04957027370848269674371912156831826207552079064390790317638791623293754869394807721335094988046722495
14,7/16,15/32,29/64,4,4/10,5/10,0.04637866778948596457346948082921396663549859548200248484975925794912877554609780037789032972395764269,0.04637866778948596457346948082921396663549859548200248484975925794912877554609788392480902982585419565,-0.0004327101683341973176226074987987669491625684363294646425227194259457727417192728088154880006361781349,-0.0001592026132606966638162883269041283838103139651896359269170042722032484832643303717312054951654992952,0.04594595762115176725584687333041519968633602704567302020723653852318300280437852754591083257071533442,0.04621946517622526790965319250230983825168828151681284892284225367692552706283355360686980114062959855,0.001718886412201479950798721719786251619150104784247217630076542227958758599484216171093234759472931092,0.05447748832172525729517375393842105284454017179898578628334399467103959033332158638179681023943572073,-0.0007543850932223310632513743945481317974871824731499146884464950906288210013226399760258427758740053891,0.0004855410370214416775775828348946929630648317908532162137909240926964612864018517510334461896567569505,0.0009645013189791488875473473252381198216629223110973029416300471373299375981615761950673919835989257031,0.05496302935874669897275133677331574580760500358983900249713491876373605161972343818327632080587916108
14,7/16,15/32,29/64,5,5/10,6/10,0.02057529486115139821203866681564795097512783616331496728274346097735605792171073063099249980720558269,0.02057529486115139821203866681564795097512783616331496728274346097735605792171081539685283709513138347,-0.0005565328457164002633764065059673261964281535608847131298728332064917135528107441236892795880279487958,-0.0001888075352314747012028705621762945407758432345721794441807147839547498711058926272249031009649972932,0.02001876201543499794866226030968062477869968260243025415287062777086434436889998648362445530762470087,0.02038648732591992351083579625347165643435199292874278783856274619340130805060492278404109524467686715,0.0004318683426127254846405422614844133243488252506140279256426817786099599491856548037403084855144447096,0.05777994105905435572267468071971382622328916759032214666270331480395565577688561281171627077270382951,-0.001175975183015237774421009315555885508943931373641538086885898351129728417663108649238433289625140094,0.0005648105625966219663654623696569587663734093158348469705577658655264254149710538288946888022167181086,-0.0007441068404025122897804670540714721845951061230275101612432165725197684684774538460128805630574982758,0.05834475162165097768904014308937078498966257690615699363326108066948208119185666670547018520221771198
14,7/16,15/32,29/64,6,6/10,7/10,-0.01412151750436338428997160391653215498277254388679336048547723624448183743308915996802453487136175806,-0.01412151750436338428997160391653215498277254388679336048547723624448183743308906854740174591916817191,-0.0007218199888679901567195820747593500941408903024335949449263622734673914190855246173391118894038352085,-0.0002325477239894056630598329180087805280882323647782643627294792712092452607665764911424825006271970900,-0.01484333749323137444669118599129150507691343418922695543040359851794922885217468459154071586812722797,-0.01435406522835278995303143683454093551086077625157162484820671551569108269385564503030813627664652273,-0.008772320681642361939816419926979984251198464058076407710720297391288288218169057931427894026834471294,0.05454477044497960529421501759079520634961346293110284085409060987962511802292887613953804393374224876,-0.001808821477507523722361858117956806106676743491866944945955886374862595869374063184946918872097588493,0.0006449648014377905636716396332222848051476595919243918700316397019784283817580446212350926403683874837,-0.01058114215914988566217827804493679035787520754994335265667618376615088408754312112872895111365532919,0.05518973524641739585788665722401749115476112252302723272412224958160354640468692079474701666459962710
14,7/16,15/32,29/64,7,7/10,8/10,-0.06020270367245410102140333238502654023076463938359551901249886191033773896572254644085358059132290801,-0.06020270367245410102140333238502654023076463938359551901249886191033773896572244806896902282150307081,-0.0009452110831357858314622792486525363532522459890103153211877466205889492888725189058088951767260735699,-0.0002937881275594217225352576874955149166833754872969311644141058680827092099982335463285953279710052630,-0.06114791475558988685286561163367907658401688537260583433368660853092668825459506534872149880383619315,-0.06049649180001352274393859007252205514744801487089245017691296777842044817572068158647129564845311413,-0.03234792511179995053202229618248233554312589815217269631395239383356256040689547292485771951375597191,0.03819587032613925919175468093484426977214978585486502031528604000286438708395669685615164273993737238,-0.002783573042751407410955558448842419652221898112707038671965271214698506118050711169989522480922035304,0.0007290447336679542612445448769812594155859686570656334767715870260352196198255413781742440075565568088,-0.03513149815455135794297785463132475519534779626487973498591766504826106652494618411131942628097569975,0.03892491505980721345299922581182552918773575451193065379205762702889960670378223823741442130117474654
14,7/16,15/32,29/64,8,8/10,9/10,-0.1210499185996019379720209120579258613295729206723501507083440223170301335052981308933502508493941656,-0.1210499185996019379720209120579258613295729206723501507083440223170301335052980312695796873209496955,-0.001251579021377743209300074836599862282712347614001064328097516607155655632610806113201676869375511588,-0.0003785084943466413891803272292808303038616129011925817186857961696764483518270434088578641107483423026,-0.1223014976209796811813209868945257236122852682863512150364415389241857891379089370477323884345139086,-0.1214284270939485793612012392872066916334345335735427324270298184867065818571250746001946760717839983,-0.08082451664919915647721033904179105161639887556529053022598660050677677223974089352608932798364836729,-0.001525983572000995009591072584397078472704109816054298165664556570306018646355038523935919413919366871,-0.004325343488906508186685399660157975339337400428067856066513036495210302729985377902688640647287865030,0.0008177677145548309653984579962064059474751343650781120266836432828797441537891297981464258160792503051,-0.08514986013810566466389573870194902695573627599335838629249963700198707496972627143701406077408507859,-0.0007082158574461640441926145881906725252289754509761861389809132874262744925659087257894935978401165658
14,7/16,15/32,29/64,9,9/10,10/10,-0.2012868437928224824012098598334143057071791686002094451538554448379937347185042324096882477018336725,-0.2012868437928224824012098598334143057071791686002094451538554448379937347185041230343845866851552199,-0.001678516302761686444120511070842250721134823582677281688259461888760845497274501811454317472483463683,-0.0004950050207345930789953263146574835011813572547856679748968599308865831030898012401505193834113428957,-0.2029653600955841688453303709042565564283139921828867268421149067267545802157787342911493483910823295,-0.2017818488135570754802051861480717892083605258549951131287523047688803178215939240470130606140796846,-0.1710299001572909530758850197882330092203467589268776478525455294305203697205024099703749569411517767,-0.08064854116371787285536102270010086019323626407026080796444570204379473462559285365191707638687652149,-0.006818458780717079877546362895504239485512187723300868414120268956078842041619091978805268116025769549,0.0009259722055982338459457911691920635623592765793386077267661834518735738188076828983353703188182641732,-0.1778483589380080329534313826837372487058589466501785162666657983865992117621215021880268972084940880,-0.07972256895811963900941523153090879663087698749092220023767951859192116080678517068460443436918666981
15,15/32,1/2,31/64,0,0/10,1/10,0.09067239206415996351126184617360002331754290727413827916891001223558667374540953333911360204323123151,0.09067239206415996351126184617360002331754290727413827916891001223558667374540962307957359379306017878,-0.0001782456097542499518388798065027262943736186839307597457238829377266333521795678886987945685963348209,-0.0001467167113048632618261638616529750889188697869190715561867286542888092619592855114705162187748420146,0.09049414645440571355942296636709729702316928859020751942318612929786004039322996537603260030682187882,0.09052567535285510024943568231194704822862403748721920761272328358129786448345033767620178695311394404,-0.01369801182262659949174499859993946267721231318522419742626909900380056764307626486944589414313088935,0.03884772231236694625425592293306344652965808142294325437566756684396917440128665526902993420734112542,-0.00002677177795165904872694011076030909034981009281203011441997386761380920506656722950539169728743028005,0.0002077520155375176925882910004934991292361590216173959216038106358349397920109942561900212362819302976,-0.01372478360057825854047193871069977176756212327803622754068907287141437684814283211346096379573132615,0.03905547432790446394684421393355694565889424044456065029727137747980411419329764956820206131568109718
15,15/32,1/2,31/64,1,1/10,2/10,0.08678637820648171587365236982511779680925702074999996438965351066670766065616039519138146062175307525,0.08678637820648171587365236982511779680925702074999996438965351066670766065616048730383598959844974800,-0.0002173310191054825423296751883753071104977885246030086674948176800858986052712398332467119441529376266,-0.0001325948767052383726635479539035602760106044445832229321801131057190402000262211314191299647077818948,0.08656904718737623333132269463674248969875923222539695572215869298662176205088915532132971191290373086,0.08665378332977647750098882187121423653324641630541674145747339756098862045613426618322673057162482683,-0.01147427320592833133060239321693544669642733403983459784621403037977891873086781562991371713118614970,0.04095285307515535658034994746299577659067778180836710185461960738654518505355638465223680757310712799,-0.0001417584449638543751106678390337942084559189626210576007066860575043815263728170406447803245694811483,0.0002919176932539776660058217878626136336808157606744728767274039740925403189363736874354518507807738644,-0.01161603165089218570571306105596924090488325300245565544692071643728330025724063268522903658573951327,0.04124477076840933424635576925085839022435859756904157473134701136063772537249275834018701518283470475
15,15/32,1/2,31/64,2,2/10,3/10,0.07872102297153645104570697034827718256189750886948711080886366596809151458198493418011624016015929207,0.07872102297153645104570697034827718256189750886948711080886366596809151458198502181213664326388359447,-0.0002718426490227886735853715079628157207543717381277747065076873702863754711715033116757158691939616646,-0.0001286616629138999507281419055763236787834915545318137478214255814760796078329657541567571475647609022,0.07844918032251366237212159884031436684114313713135933610235597859780513911081343079843374107420013712,0.07859236130862255109497882844270085888311401731495529706104224038661543497415205609941772471153646635,-0.007357137753167768621767999364351194307719396045427648446460407934112623291447062697633428276669663046,0.04483466493727900004085627918008943395784286659899147984361415541830366556898436978409826164811517653,-0.0002892834340757919101262521460197470666837497535731653905279811345742622491507614603670479407347998812,0.0003704045996961824035189640575613654392758384799437309747546636716196708249725120372500994885063583782,-0.007646421187243560531894251510370941374403145799000813836988389068686885540597824158000476217404462927,0.04520506953697518244437524323765079939711870507893521081836881908992333639395688183782054542291922744
15,15/32,1/2,31/64,3,3/10,4/10,0.06586850498991842492299099307747064801667962808265884853974486840624232012854320519888891986975683440,0.06586850498991842492299099307747064801667962808265884853974486840624232012854329032713731145623187101,-0.0003443083692333173860014976243011273029562133851946055561187926091249343107578552491628010181078422906,-0.0001373175673317337301367542167993200210657651872722094382566763940580545668344086244862576746053877761,0.06552419662068510753698949545316952071372341469746424298362607579711738581778534989464725264434108268,0.06573118742258669119285423886067132799561386289538663910148819201218426556170888174434627025631751747,-0.002368314275654422273328271093069487878148509973858345103382662314778507010804378144990229268806656814,0.04984408732593083248873625281691030664848648846473516524943983092767458887693933713516415933423733440,-0.0004836932170452766149002139363559152065342247602447334245569960633173605346626430930279962656709719839,0.0004384886461295904186839724948295693366233713715486703188982239390074242085338838830716900350186014447,-0.002852007492699698888228485029425403084682734734103078527939658378095867545467021238018225534477628798,0.05028257597206042290742022531173987598510985983628383556833805486668201308547322106199008887973418165
15,15/32,1/2,31/64,4,4/10,5/10,0.04726112078465839823734365201561564585669191667201662150783072154948396700178954157893507893230520812,0.04726112078465839823734365201561564585669191667201662150783072154948396700178962888151179631007565975,-0.0004420185940856724573548881821226563314584138359248359118482313581523270729686768790871000042933244450,-0.0001580875045091367030632555462511857994704468679748826690610130667334466076356538503124349315114418319,0.04681910219057272577998876383349298952523350283609178559598249019133163992882086467359543522172493619,0.04710303328014926153428039646936446005722146980404173883876970848275052039415397509219791881376036060,0.001158903893984152020978345757410144239390610144252210202017209594840643712317647026927142789787583348,0.05524116899409609801606217094744264548491674831158953836968727865659559401069038277514712015696100299,-0.0007674604278260604242386764298501357441829009409341019097637601098683613504680604610466340821077858027,0.0005075351838041467574301003592220305546020222777383187304639130305156524362641215553147588023706348898,0.0003914434661580915967396693275600084952077092033181082922534494849722823618495865658805087076797975454,0.05574870417790024477349227130666467603951877058932785710015119168711124644695450437678989726454389814
15,15/32,1/2,31/64,5,5/10,6/10,0.02149491594989544944175404566672743672239101738144365491712251270123733451854327823042922923588156757,0.02149491594989544944175404566672743672239101738144365491712251270123733451854336915688648959914437757,-0.0005737667309198731454834688355808785743747704162776306782124977123569776921393327104618821945052589540,-0.0001905133065448115437806857945348242699864826961669264442534112733810501874237692980632059137268884784,0.02092114921897557629627057683114655814801624696516602423891001498888035682640394549525907061192976981,0.02130440264335063789797335987219261245240453468527672847286910142785628433111959986731675370803973681,0.0002857204932103682534234355592635700856547042228938800350526527044958629779261547462920568953091906415,0.05898729544193757753558779968408495520065666395978595756059701207954893868615933865973769094161918330,-0.001199748813135843315141150703126409665169486446110226178680718995050379162621342652301810748493632022,0.0005922771997016784929958893964711407635142643913502420197150055514544594099720755102033214153346383538,-0.0009140283199254750617177151438628395795147822232163461436280662905545161846951879060097538531844413806,0.05957957264163925602858368908055609596417092835113619958031201763100339809613141418847221967903872576
15,15/32,1/2,31/64,6,6/10,7/10,-0.01338961790154331798983027109966209916151463520413891123616901368867490496679989175572412455615058533,-0.01338961790154331798983027109966209916151463520413891123616901368867490496679980061512846847101777233,-0.0007519062120608051002259605737587528056716242365642912606689585491364790447444081537068544941457505966,-0.0002387840682352558664346963005872746309716207646246669513879873535615333257849759291645682335342063240,-0.01414152411360412309005623167342085196718625944070320249683797223781138401154429991046049056818994171,-0.01362840196977857385626496740024937379248625596876357818755700104223643829258477653682907819982333672,-0.008445385014103265200918422703237926711200257623987519322199875102600103443800806897872062651723148058,0.05623230639304616038633085471002376593658929411476532579765527765450651856289767476716483979115930391,-0.001859045823445483127461344803390462876928535402433354680753301783171027963633012994248342619691267747,0.0006796818512280806002191728731422658836792017649616080237709186116715929433595125992531742609730345346,-0.01030443083754874832837976750662838958812879302642087400295317688577113140743381990653356652192489678,0.05691198824427424098655002758316603182026849587972693382142619626617811150625718740450994021419575244
15,15/32,1/2,31/64,7,7/10,8/10,-0.06008974186155853254594522586699813724686428968637019873100309877979225776272995717554243539353711030,-0.06008974186155853254594522586699813724686428968637019873100309877979225776272985913310156334967112386,-0.0009958269051300064939439122104893065183580313292273965476872948675685105474868268848901352875654594375,-0.0003072764910974805396581413951496315834563041369327165758545576087206708726860395631755705916776212905,-0.06108556876668853903988913807748744376522232101559759527869039364736076831021678409131791621791074325,-0.06039701835265601308560336726214776883032059382330291530685765638851292863541589867105410175295540345,-0.03176829004363474224292636617645087965425728952264384819741833111085045391923803341662863299147945834,0.04022046095103533232553659220852919523084100941168431531498559115018751698295439293732031640950229887,-0.002889226961329832867867904237615017709994838252607661553807981523571652918808598142069834090866022071,0.0007700262404363879595380685794892843641481919378101984188379176853762902776577476860528158406921760033,-0.03465751700496457511079427041406589736425212777525150975122631263442210683804663157928869744021759608,0.04099048719147172028507466078801847959498920134949451373382350883556380726061214065734701234068346573
15,15/32,1/2,31/64,8,8/10,9/10,-0.1223186312580300375482278479285865068551923550402414772046921971937394755250097025375090263487852284,-0.1223186312580300375482278479285865068551923550402414772046921971937394755250095954024224282685929609,-0.001335975434905248960852320484780787822131301831811062891143053798253108355685806774320717898942936860,-0.0004033607252817667425311690460041991624280665800963367130640851964630801712432732356270786870719541104,-0.1236546066929352865090801684133672946773236568720525400958352509919925838806955093447741128203235503,-0.1227219919833118042907590169745907060176204216203378139177562823902025556962528685505410279347084234,-0.08074063382086112077611028459966556612314522314325592854063685692599306906899917041255548819356724526,0.00009612105569566708361689796104811476083028004851116658906218901354066054328022472281829327990373462290,-0.004550044472354362733881179291819646967096814172308961520058597522731075310263460647403213279344524391,0.0008680590979563942012937196432833693145400377177741557197697696400793987467546748651371838059790788526,-0.08529067829321548350999146389148521309024203731556489006069545444872414437926263109290307004550715472,0.0009641801536520612849106176043314840753703177662853223088319586536200592900348995880841660256195141984
15,15/32,1/2,31/64,9,9/10,10/10,-0.2052349676041440077417396956130487787880335795721125209182354165440617002456357728318332609685620886,-0.2052349676041440077417396956130487787880335795721125209182354165440617002456356566041009368520435402,-0.001818937588023411651345360429924030728673460333845935611283526063183921936534181484603881767255424432,-0.0005382845686353326567806622247845012379995278904576059328084108259552362701190085113367354778437648622,-0.2070539051921674193930850560429728095167070399059584565295189426072456221821699543205551888073919362,-0.2057732521727793403985203578378332800260331074625701268510438273700169365157546649723355713426761011,-0.1734761986534464248255859815960807827707497093046799922702587118867665744203795686298500035163663672,-0.08142927483280099508233615565147414223820170636797072387779784233478808698868490802591313552816046210,-0.007295589326981308116542501224423553462953335922359158978198001623629427422695100467792167654669089472,0.0009804388125949395180709165602477661322514268394594042323617830118523457143176136832354755222845103184,-0.1807717879804277329421284828205043362337030452270391512484567135103960018430746693035444747497566134,-0.08044883602020605556426523909122637610595027952851131964543605932293574127436729430973329143328056671
16,1/2,17/32,33/64,0,0/10,1/10,0.09106023274357572785390419146167302468872569219317814657784450068660564911569657120935653029332055805,0.09106023274357572785390419146167302468872569219317814657784450068660564911569666450780832788345109353,-0.0001758121868974003614567384257870973835739965820125569316524030666915242419149646592115433591476122010,-0.0001434575772905555802622049887035650026393366467581765277544016493406904908580930980877891543075681261,0.09088442055667832749244745303588592730515169561116558964619209761991412487378160649789727740107245233,0.09091677516628517227364198647296945968608635554641997005009009903726495862483857141666974147492536445,-0.01525987351677209805816356899249143121028989753892701411762888755763091869393988151618806757170592930,0.03918693024896221092301641508730105369395120888338366780475950479306450673263909124564098189114842524,-0.00002763843504169068192706425362053762407913761257112471237464627607702863796158543862839723327851742625,0.0002131111686896333103357846498042894583279181416403158654804482879862158726443434145202315370966052110,-0.01528751195181378874009063324611196883436903515149813883000353383370794733190146696401772399615854841,0.03940004141765184423335219973710534315227912702502398367023995308105072260528343468589900137558517504
16,1/2,17/32,33/64,1,1/10,2/10,0.08724310738350667697051625610489275987126628211588337029777107901624070513433147937589027654082711084,0.08724310738350667697051625610489275987126628211588337029777107901624070513433157082945743406561608206,-0.0002163255807375578838528471144105338848005396492974298983512182672144556833794677545016815814057926559,-0.0001288111529505147271701271712538718171864555671308289293482473714102983716041787980276064253187253409,0.08702678180276911908666340899048222598646574246658594039941986074902624945095201153465224957688503091,0.08711429623055616224334612893363888805407982654875254136842283164483040676272739213489573518860473797,-0.01298961136115881709983516388425750405494640314018266713175086693433904818504955508244162446763528991,0.04134875663586705107544742247884399323016154432926180443270600547679596610884295727251042938680783348,-0.0001450426585820204390027190903172937220863410482403371850273666313848865692862856758504962102787093509,0.0003009088453465607492860674319005768449187097209472396632963942966737217212006728628229207719058240711,-0.01313465401974083753883788297457479777703274418842300431677823356572393475433584076781510221842985276,0.04164966548121361182473348991074457007508025405020904409600239977346968783004363019195648364286197565
16,1/2,17/32,33/64,2,2/10,3/10,0.07930419509425199222774952628711084971234913810588256500122964018457474877186255026473635770315938090,0.07930419509425199222774952628711084971234913810588256500122964018457474877186264053230624661451448939,-0.0002729662900099949326908277435139071611000767547932792380122634054762602131186003936698227820227905928,-0.0001248085165512238638528743817007523263848434906408941571072366316282332366918296003009614967259170631,0.07903122880424199729505869854359694255124906135108928576321737677909848855874394985099106032221127753,0.07917938657770076836389665190541009738596429461524167084412240355294651553517081099120219739667090488,-0.008762880117367298345094392756862256381930306872884216906820967136744722997047093983114671161333587637,0.04535706953611833406327748942378706968265839484899780970805860075584579573577848055922998807266877585,-0.0002954329456216874851546623599879651769219466590695952768327346970966027742475164817079725760555428841,0.0003843672918942435538937935906598885232940994257766325757364519432583912475988869963869004830472901980,-0.009058313062988985830249055116850221558852253531953812183653701833841325771294610475117758916325188357,0.04574143682801257761717128301444695820595249427477444228379505269910418698337736761172526628091758126
16,1/2,17/32,33/64,3,3/10,4/10,0.06661005777445449824838229926299578259606786428894273727537532976567775177814772633636014711043930170,0.06661005777445449824838229926299578259606786428894273727537532976567775177814781554971024169874208775,-0.0003485658193583928054214752135806726664979075222161092927260053525926688291569178742130090597181419645,-0.0001340492605379122599932066555851040405744530457127854978584514481908504641135719025129617520230905581,0.06626149195509610544296082404941510992956995676672662798264932441308508294899080839728791242342399537,0.06647600851391658598838909260741067855549341124322995177751687831748690131403424369429743189035146180,-0.003553260904293731040820281444580206938363781890335621025677211032569976128714437735824768407427362318,0.05055841434338758499959263783302627593979738845894212082825802145223871066799204488810997104575001420,-0.0004926098639988447129040144004937175784016392742208763431929532324210408200374448758783941376187214243,0.0004578037666950362157115166010241865778873161158956251130000572041340886232502163641628405996978952937,-0.004045870768292575753724295845073924516765421164556497368870164264991016948751882618909743170301324228,0.05101621811008262121530415443405046251768470457483774594125807865637279929124226131044021240643663627
16,1/2,17/32,33/64,4,4/10,5/10,0.04814657632992218126454120667129709401998896230200583863301032200803982189696815799972087661912951317,0.04814657632992218126454120667129709401998896230200583863301032200803982189696824563174127972285381557,-0.0004513126980299858047470318431481358326264380253596594086589369544745726422428969966261028700185478677,-0.0001566301929109213925601569240372144849618692651348706515739291457148151235205517136774698782312692977,0.04769526363189219545979417482814895818736252427664617922435138505356524925472526094235359419338822407,0.04798994613701125987198104974725987953502709303687096798143639286232500677344769395538360236826575593,0.0005753431085759226346114878925860531687245981136021545442799728379292019425449753825726403046902426506,0.05606295731978334191553173063241446238434049808263677760459748847904273304008367708140067792299322530,-0.0007805643841655267159848743005056644357334034246320132285055983782541660858979149426008693247992943942,0.0005303337153139303006497850897721173907289711981195414614846140663969038063928728116788057139799179986,-0.0002052212755896040813733864079196112670088053110298586842256255403249641433529395600282290201090517436,0.05659329103509727221618151572218657977506946928075631906608210254543963684647654989513850667276035487
16,1/2,17/32,33/64,5,5/10,6/10,0.02243107425536430167073268469006855980798595128004005222792756369812755260632975093034512329547582384,0.02243107425536430167073268469006855980798595128004005222792756369812755260632983964952968929484783375,-0.0005911189685891980485054460545896331644843977865657757630679790359611557555088027038588368317361829332,-0.0001919680085954694059194355315638774868864300720557601777705796354071280622121784519292218046971449524,0.02183995528677510362222723863547892664350155349347427646485958466216639685082094819663045244482507319,0.02223910624676883226481324915850468232109952120798429205015698406272042454411766122694154575011845363,0.00009056909177735039746122696742950354132518198967683693450702399266394988918506265104668554145869459182,0.06022367936351812744348019496802459749805737027795109619627588372805216665567176881138496501922874250,-0.001223271353869156093817846680072556349849173107284803375301622576863876330986450035590490865767424771,0.0006205483135613639113106568626936709299613213135588010455653285064369142213994293125770590187129038324,-0.001132702262091805696356619712643052808523991117607966440794598584199926441801387384801183203782131625,0.06084422767707949135479085183071826842801869159150989724184121223448908087707119817852613448630275286
16,1/2,17/32,33/64,6,6/10,7/10,-0.01262615913962892741856681153995766665786307721044014540012413265864282249140948760428892543396527280,-0.01262615913962892741856681153995766665786307721044014540012413265864282249140939320220078066188933726,-0.0007826198166103015064486561814162821016478544889281182496683032229198387395708064011985691566358253610,-0.0002448869553316110537008940012510407640433353220638458491480450779368681284430840364000709962454378344,-0.01340877895623922892501546772137394875951093169936826364979243588156266123098029401784163280532436756,-0.01287104609496053847226770554120870742190641253250399124927217773657969061985247723242378255077314039,-0.008113922625641898587747917769193983393182426914258720166520370090305599486286885255552848266827319974,0.05792151984648457846902469185500683074375802008021265754357913192984530127097675650935042473874212764,-0.001910463921176242882687433982130903157815872964090128638612321760966415432358745710395257739052098392,0.0007164907152332558427205204103633841139293467887032552484261640920300719645574180297154924054425987737,-0.01002438654681814147043535175132488655099829987834884880513269185127201491864563096594810600587941837,0.05863801056171783431174521226537021485768736686891591279200529602187537323553417460392514277148189078
16,1/2,17/32,33/64,7,7/10,8/10,-0.05993572616844309708154769312226061967406019164911732272884792625669432101091206359453337596938233050,-0.05993572616844309708154769312226061967406019164911732272884792625669432101091196535442629248994403360,-0.001048254873688231809823510334232263870934407708551874430486950130120768863461036606027809426004486637,-0.0003209848866256807010023409379687538599012471475579942453332291669957551568016338498149343177178696727,-0.06098398104213132889137120345649288354499459935766919715933487638681508987437310022526946182483335594,-0.06025671105506877778255003406022937353396143879667531697418115542369007616771359919754940194135346568,-0.03116075386550020398251172939175476950270494632957457659749637240958196615979990373464692064602815446,0.04227203327966722796688387882369606181245743514788630315984882236024315644046168932030525584614101656,-0.002996960440606555977468525719994987070065728357602491833436585862509371626768243992515404528969033033,0.0008127853930784336437702413448847813524663667771222737573598888825520769013280150474550167727887213684,-0.03415771430610675995998025511174975657277067468717706843093295827209133778656814778069692410546468825,0.04308481867274566161065412016858084316492380192500857691720871124279523334178970442129487154939723868
16,1/2,17/32,33/64,8,8/10,9/10,-0.1235601338065430695936580921221093626896859349443088463831241503064321962028924930534452143216950957,-0.1235601338065430695936580921221093626896859349443088463831241503064321962028923868408009362741736104,-0.001424840608545964575448841522610091798721571775087615039814676470853456513736063618104903785228264367,-0.0004292128617854951277902601015201849509533343395536411720932316681597259667424382966929838430283594108,-0.1249849744150890341691069336447194544884075067193964614229388267772856527166285567642061547173478806,-0.1239893466683285647214483522236295476406392692838624875552173819745919221696348250932249248477769211,-0.08060545896611265674384657424200792760757981801627547357518197178084538094663517276079626692069511668,0.001766862313859418070062399713405494402678191460253756959948758260738184048745929120281143441540495393,-0.004784949565302858265834602813615020719434904565007884930290742060690503279975846256652980297989821162,0.0009212850164972226259978019828802442447573533235176188621311210136124761937279655923942713432173326706,-0.08539040853141551500968117705562294832701472258128335850547271384153588422661101907510189222072686172,0.002688147330356640696060201696285738647435544783771375822079879274350660242473894712675414784757828064
16,1/2,17/32,33/64,9,9/10,10/10,-0.2092334895947729588887166777246608862207873517570198856197843815642479884969128756346445438646262703,-0.2092334895947729588887166777246608862207873517570198856197843815642479884969127612517968598134492861,-0.001969680126752237987253862330436682775122399594114752253729186824099382063865874359563839445381452410,-0.0005843216279379078727526659275069010029378775634358406714468925837806645523778354403252851631476603485,-0.2112031697215251968759705400550975689959097513511346378735135683883473705607787502289370093897498414,-0.2098178112227108667614693436521677872237252293204557262912312741480286530492905964450393806821315584,-0.1759299103014204504616080757462475142787003127089341780947794587179781023974002113116429464380224719,-0.08221564248528562213308108817242898016335847124485460965480350103095352301943990059663902113376906622,-0.007805360281068252017084059901401031737454747305963771825095878152860226358428002933550189807737347216,0.001039174106512197196896059590148955159425979737191976144008925120003225103811966609165427752928955716,-0.1837352705824887024786921356476485460161550600148979499198753368708383287558282142781375048183552042,-0.08117646837877342493618502858228002500393249150766263351079457591095029791562793390305364891356443624
17,17/32,9/16,35/64,0,0/10,1/10,0.09142910453360797749643718693084720323262498704224192534548595084272894185209952873703343112571742081,0.09142910453360797749643718693084720323262498704224192534548595084272894185209962203548522871584795629,-0.0001733257664710299041994849028366954175052826941785482697932745819927423415160138790340241506669082166,-0.0001401015812565149586138843567167376030265996415390292174687327128518716107124476609958274445035646650,0.09125577876713694759223770202801050781511970434806337707569267626073619951058351479803036105774797570,0.09128900295235146253782330257413046562959838740070289612801721812987707024138717443960600477811495744,-0.01684807118356325307128516909542268154150367816447741427600176596892208505893732426409979892909122745,0.03954634834685130582058412942368667262866674996074371711101171886589398323587419951794580971054782217,-0.00002875269996059332610436410174514910632394819598497918994393535442729252683658908789596896868438902443,0.0002185139530464823733728893182914137113048512682923556679455765262906514610167529846219664912483344657,-0.01687682388352384639738953319716783064782762636046239346594570132334937758577391338117598498307250541,0.03976486229989778819395701874197808633997160122903607277895729539218463469689095250385466559916316387
17,17/32,9/16,35/64,1,1/10,2/10,0.08768245435011542667200233798098551407552490202364273647137238653176976451806737519623828295346824869,0.08768245435011542667200233798098551407552490202364273647137238653176976451806747099846209206084804996,-0.0002152712531284618550981958385651736147811090809233945602439372828237549820537302469809983038644921984,-0.0001248853843486760510540218722429471196766481253504793107128445630829077376240779755983942202195963925,0.08746718309698696481690414214242034046074379294271934191112844924894600953601364493896216947066769866,0.08755756896576675062094831610874256695584825389829225716065954196868685678044339303161454574272410273,-0.01453357387593245648336536025343060403492174509868963615021087126489432770312239844676036242030334061,0.04176301388249789148771069374671478883941051326438854199470908669310488352470417919071597835583784494,-0.0001486787452072787609001632194601946821237118882146990161946478796758982158445132211830548431958940937,0.0003100365552669563814700208293694399968612151393890396773542997022375061147206546288539801353116085299,-0.01468225262113973524426552347289079871704545698690433516640551914457022591896691167952542183980229977,0.04207305043776484786918071457608422883627172840377758167206338639534238963942483384376347916164918939
17,17/32,9/16,35/64,2,2/10,3/10,0.07987358883417219850241970577429283148071173001066896668990598327474482162263964943186897973118951371,0.07987358883417219850241970577429283148071173001066896668990598327474482162263974431165046880589853285,-0.0002740552987840582808278244638971957015470742319793757957304848033348126779518975273719988210269346393,-0.0001207701664899235879689491340232046504870874772189099118913060105439984788322685764903149538386590628,0.07959953353538814022159188131039563577916465577868959089417549847141000894468775180926716550500404408,0.07975281866768227491445075664026962683022464253345005677801467726420082314380747574545526903099593162,-0.01020151912493357993587639355863086908527303360440494124662652902900096965113130278832838565161453157,0.04589482146118383879558536017746717283534304931976365561172407451206927381571357219107620460247850032,-0.0003018963359781988949469111666849520984490475719161678041467659493907034923859541167523651782877635925,0.0003985581900037603224208752377455967410997899349674012992603433971799393561554082354530877589857048127,-0.01050341546091177883082330472531582118372208117632110905077329497839167314351725691692013328567876168,0.04629337965118759911800623541521276957644283925473105691098441790924921317186898047646060097930408564
17,17/32,9/16,35/64,3,3/10,4/10,0.06734420709422937563769710936622995481039880481901344655673269244949606239323133975761222185058634779,0.06734420709422937563769710936622995481039880481901344655673269244949606239323143015695958505232299658,-0.0003527563536091901617794253463000063550531962519615325879700492528872321934249722463415618542074873009,-0.0001304915047997018708300284879034059639604658966695263802981244424279094965522058564165258302515345641,0.06699145074062018547591768401992994845534560856705191396876264319660883019980636749376896419218756217,0.06721371558942967376686708087832654884643833892234392017643456800706815289667922435973997150095379457,-0.004773725308496867821406489234248832367832298370601080655135850059003117783658127714108231796018941974,0.05128230391296519239528348932406531427555721320498545706935457918562266620667326597553207371428207317,-0.0005021317796698256543262708968563903359067303571920351103557721783873422798944470608009285285083030211,0.0004778869758478153787415066597671939797755353461820917873188845106769435856051463037903249326020131060,-0.005275857088166693475732760131105222703739028727793115765491622237390460063552574777997694878208062346,0.05176019088881300777402499598383250825533274855116754885667346369629960979227841229682409445107538460
17,17/32,9/16,35/64,4,4/10,5/10,0.04903456152490068106637521000301972904709744650472048060610727091911346067736333916395090656443447158,0.04903456152490068106637521000301972904709744650472048060610727091911346067736343351662249847761732950,-0.0004605771661498354237195350462650500746162867456235301867487270736423497112897481275700305505305376709,-0.0001548968285024959985353061286680734156657878059928215739635239245720436099802494019961572557142872577,0.04857398435875084564265567495675467897248115975909695041935854384547111096607359102814478387075508764,0.04887966469639818506783990387435165563143165869872765903214374699454141706738318413161328126714753767,-0.0001210581792559039503436969636300542558825875282989838146825988037947237687323663034876189976548180113,0.05696620786013878576346071708961260508773256878244740564040770198148090976499434403332906833591957962,-0.0007939997757340548781071080781549713459640502064008401606223559522244158231518466726424933114670680928,0.0005537779376471994858063159551327127400631110670343389094351599918301635033805231775574666168708313619,-0.0009150579549899588284508050417850256018466377346998239753049547560191395918842129766448680680686889959,0.05751998579778598524926703304474531782779567984948174454984286197331107326837486725721455325800267124
17,17/32,9/16,35/64,5,5/10,6/10,0.02338341099814744272708851548760814466879808510738085878127283383459568725776128738660947510371620866,0.02338341099814744272708851548760814466879808510738085878127283383459568725776137943317526693522211125,-0.0006086681973320772016943111590559466487785533590632862181915141189452322540545452570088642049249246534,-0.0001930094040933963997571668434666460516186669432745652605852262417019921162943072763483942480662713478,0.02277474280081536552539420432855219802001953174831757256308131971565045500370674210592184598723835098,0.02319040159405404632733134864414149861717941816410629352068760759289369514146707217818923668344815991,-0.0001189492208311200955976333953402015980277326701256281720317537172441739794259078115111685897185838435,0.06145122231743529703778102784451349439029382095149231717874820424945650764986520547139324594223417176,-0.001247110519424646773054937905025463732327926809125226702647149838155693781302789983037102121884445858,0.0006503087321857551850834132991528536171777061132063864904884718010517745850065384630926718824839986637,-0.001366059740255766868652571300365665330355659479250854874678903555399867760728697796092537988443438377,0.06210153104962105222286444114366634800747152706469870366923667605050828223487174398596149371939845960
17,17/32,9/16,35/64,6,6/10,7/10,-0.01183106080891296235935934156388946404022730036647678922962674106325463982020088312982803445320713024,-0.01183106080891296235935934156388946404022730036647678922962674106325463982020078696521617104727809314,-0.0008141144243136065203082341249020958206914021157124028221163621057248914365146674139487064340841495918,-0.0002507062044352440816807570318612361832458504524948897704661749108464664814329256871713506869728878166,-0.01264517523322656887966757568879155986091870248218919205174310316897953125671555055304234454833373188,-0.01208176701334820644104009859575070022347315081897167900009291597410110630163371264260716231426172601,-0.007791184876427208437633831964945226488958812488402351408846525371993323429274868244586702537883387287,0.05962391977043634934923643101781895044389067554748574375278596074391759695309260154158197876525031573,-0.001962907438153694309958516665599227033079415511504658122020454374126465938714165148337978523055093167,0.0007551448829691088931139780538479574606647295122545398467273142723105337832977229805316263264833768432,-0.009754092314580902747592348630544453522038227999907009530866979746119789367989033392924681060938480454,0.06037906465340545824235040907166690790455540505974028359951327501622813073639032455093992759275465451
17,17/32,9/16,35/64,7,7/10,8/10,-0.05973977084447234376238920622197764244966217562743818433031976317686711092210700177624238030885016753,-0.05973977084447234376238920622197764244966217562743818433031976317686711092210690050525338815063644363,-0.001102631906431205126034547336824467190046371223484091574758027614487033253534698241760909863177718647,-0.0003348038872220694957815777383603047980100892523564356732918800128678603064991690437516481437773661067,-0.06084240275090354888842375355880210963970854685092227590507779079135414417564170004888863570883605968,-0.06007457473169441325817078396033794724767226487979462000361164318973497122860606949958848343552073212,-0.03052251688160533898554979914858976358777006077950518047793892897402695559566707685485934825593196696,0.04434941604945924330388083327909656536035396483654355596161825265932221653246212072174265156697677129,-0.003107098661820317184175251354756077107946003145017238917905117748952474644846500048930351986177689760,0.0008574157880892259747379239770543490117567819591289475785139312591036813510907348981290139470316472234,-0.03362961554342565616972505050334584069571606392452241939584404672297943024051357694497016095785388807,0.04520683183754846927861875725615091437211074679567250354013218391842589788355285561987166551400841851
17,17/32,9/16,35/64,8,8/10,9/10,-0.1247728648592990593009020219114628497247296931383380580597354914093855963451337578072988714811296471,-0.1247728648592990593009020219114628497247296931383380580597354914093855963451336473777754161413988720,-0.001518254963297498304441328995552541991289648849207618476158026084072948714186171277843675388984843740,-0.0004561005034502910934286398345224400205211721388474594034088055026286722990073010199855535493031377662,-0.1262911198225965576053433509070153917160193419875456765358935174934585450593199292354512284825809352,-0.1252289653627493503943306617459852897452508652771855174631442969120142686441409483076787118750115037,-0.08041931377884371047091254202097366308253394421848221196936593105879575952940118196483602819595555168,0.003486684722912109663812899522659130774635076338745341234319829184186709520610910952683303541412243874,-0.005029280990249100335606111392616488150331688400771746998059957489591725523869879909248452593491116565,0.0009773149779721414609691644773862290484190819496591524291760958963779465657727019820892854624843228070,-0.08544859476909281080651865341359015123286563261925395896742588854838748505327106199762586293667936228,0.004463999700884251124782064000045359823054158288404493663495925080564656086383612936831612039683778249
17,17/32,9/16,35/64,9,9/10,10/10,-0.2132825913783021667992094979836753452995044484901185500499271749541114605037848956796469174049897873,-0.2132825913783021667992094979836753452995044484901185500499271749541114605037847841959036677422066898,-0.002131290666870282057949038260509408469998099186935351421482933841359282592144370988565738659681845474,-0.0006333535170431707781325177924838271272227425162807750509919665238339031474903916114789138142675270041,-0.2154138820451724488571585362441847537695025476770539014714101087954707430959292667588096696393089417,-0.2139159448953453375773420157761591724267271910063993251009191414779453636512751757528184711081131103,-0.1783898317244067198514446406589466145857658069291450109418370228234572134346150738051615209315374016,-0.08300731685428125910193108438298460812447658454559860871754722505425975298142990705318688781942124605,-0.008349436362227826264649790399524597200483539912015608024996356273188264731323228235391499368878251933,0.001101325674996241799713296455865118558821256771757152518102105485213639119615248038578759934710434306,-0.1867392680866345461160944310584712117862493468411606189668333790966454781659383022052748631633925790,-0.08190599117928501730221778792711948956565532777384145619944511956904611386181465890959795305956302181
18,9/16,19/32,37/64,0,0/10,1/10,0.09177892162527570830023044360478985922636501012932851555667342435100901631119135783461494258179548194,0.09177892162527570830023044360478985922636501012932851555667342435100901631119145297795138023726758169,-0.0001707951049965839873264815833534029492704511431112361194993896917847726048637982879308914164537215883,-0.0001366488726541420853382956216484521386211875853585971399006319397106135330821732695684235344091089912,0.09160812652027912431290396202143645627709455898621727943717403465922424370632755949186256283750725238,0.09164227275262156621489214798314140708774382254396991841677279241129840277810927972331087371231575656,-0.01846257060421926947189849664522258150413463135037845707439103941275634616426595089145745699064018707,0.03992678332525689378980156260076274798996317335570256697833225886963033792600748888598331073995683805,-0.00003004693035658893440904743994185733094705209996409274384322745875350155916938472321632917667550187917,0.0002238982094803779925475660498376419023876145698503086292851167325614643386320986741001083512184201382,-0.01849261753457585840630754408516443883508168345034254981823426687150984772343533563619701133827888486,0.04015068153473727178234912865060038989235078792555287560761737560219180226463958762339837744163201388
18,9/16,19/32,37/64,1,1/10,2/10,0.08810426726593635196581714447694951545412396450350516856620710477745735447367898751949955711986863791,0.08810426726593635196581714447694951545412396450350516856620710477745735447367908516660800629259000344,-0.0002141917154217135180733228706026786993872292330517750789308688191126768988967680613570026447136236469,-0.0001208497091212088987262500105164562772998802320260524074006353685013697784220664721843441105674592808,0.08789007555051463844774382160634683675473673527045339348727623595834467757478221945376713052410718968,0.08798341755681514306709089446643305917682408427147911615880646940895598469525701871128191328753033886,-0.01610615778347215207556427144288564977379681352486417721475245338562673208011526746614926120078062521,0.04219639254419142124476811938093158929433955223196093600697859724411588227038546373483473423313794042,-0.0001526440453269433926579183335234176285615111819809619824949899710838532767918347350609133148016294811,0.0003194340611363005497646905069960148620269834802031017263254416397651454265082250442678597363983474806,-0.01625880182879909546822218977640906740235832470684513919724744335671058535690710222488893942713518772,0.04251582660532772179453280988792760415636653571216403773330403888388102769689368878116161700532349947
18,9/16,19/32,37/64,2,2/10,3/10,0.08042893415892334530667766357838222928284782328862060517688167816902406235166917527322906615885741543,0.08042893415892334530667766357838222928284782328862060517688167816902406235166926857168086374898795091,-0.0002750865415489957868856992611068870338427071940748243997726523553297931248999938451451545147199428428,-0.0001165610120839013399654256197453415197730100214177599529283727780784459235793795261637649445402154113,0.08015384761737434951979196431727534224900511609454578077710902581369426922676918133697214231055336073,0.08031237314683944396671223795863688776307481326720284522395330539094561642808988913354033358435103000,-0.01167436456407633443179877489101594293130614470051242352513041327186928606670670473857642367332582934,0.04644985064377356912129502691936231270739182911116881412252743843312356980424861477520235430963284266,-0.0003087935609793752297145088355451882434407946708150801571192634874987813421849918070298252925704395472,0.0004130227728779313092790952960941044899092705575717485006649695440357650683244229801373588638713082274,-0.01198315812505570966151328372656113117474693937132750368224967675936806740889169655384234110904511515,0.04686287341665150043057412221545641719730109966874056262319240797715933487257303778982834902293994464
18,9/16,19/32,37/64,3,3/10,4/10,0.06807054864900929949296394505126569715574545468232445102649010113362481363618340553097025670111021304,0.06807054864900929949296394505126569715574545468232445102649010113362481363618349672098246564513610366,-0.0003568969302929216775125900012532596286204517091726725801165717131919457986654381500961671396180568808,-0.0001266637048261281370650558284791998912329236444109613389442692460561909229868680989346119588704246237,0.06771365171871637781545135505001243752712500297315177844637352942043286783751796729542463357632287612,0.06794388494418317135589888922278649726451253103791348968754583188756862271319662865962502408938229014,-0.006029922038884184767604941635226451548713677155823007736483863273108048790682242205857400527668532978,0.05201612348195967232483125394604374896385640327805849238569866447362933945877124734958954918893945409,-0.0005118970263812340973248225312397987200728678554205740485908306489228711648296356000961497857752650111,0.0004983939025964286575095061187489527593132900980873707711302981827410795996949741582552849948750018538,-0.006541819065265418864929764166466250268786545011243581785074693922030919955511877810071596385018221124,0.05251451738455610098234076006479270172316969337614586315682896265637041905846622156446796766796277405
18,9/16,19/32,37/64,4,4/10,5/10,0.04992459451156334246255956215939205821376856958505354635503229809528996947888732964199925743515778232,0.04992459451156334246255956215939205821376856958505354635503229809528996947888741799879576913598055639,-0.0004697799568438088302642934819794914459385155277661287231140036404056381540842631548916291426057940845,-0.0001528258867967199951657405857040689607454282023869998323895524718027610616765824801253263299889679923,0.04945481455471953363229526867741256676783005405728741763191829445488433132480306642430742570104203543,0.04977176862476662246739382157368798925302314138266654652264274562348720841721083556834437354435806745,-0.0009903843810379782041427224189690841163659073146909186524170218675080059524270840805166791153744879959,0.05788160933189565253592792719914886655443662542349304841104448267203798144998511838274081745465676036,-0.0008083678804224421106830839313787020992040387638828938613930885942201835283600700380341230308754332791,0.0005789122942904720850582934931283480343111882408731414566693762912827872990376146926328961557790076382,-0.001798752261460420314825806350347786215569946078573812513810110461728189480787154118550802146249921275,0.05846052162618612462098622069227721458874781366436618986771385896332076874902273311243612825460557620
18,9/16,19/32,37/64,5,5/10,6/10,0.02435154502827246387974871106423266148113988053905764477415157163492299827569768777164910765492901828,0.02435154502827246387974871106423266148113988053905764477415157163492299827569778489164765966612422259,-0.0006263121585422089083135728519053027219163250740662285275049944456842354443857086647617104440036535348,-0.0001937479669852875140636470292250007525173551919556562081238364028232072349239488145345502800277347411,0.02372523286973025497143513821232735875922355546499141624664657718923876283131197909556277051409570112,0.02415779706128717636568506403500766072862252534710198856602773523209979104077383608560657940871873556,-0.0003431723624771350376035944612419098662781227556542120529482270860409754119229555065353363498133945168,0.06266873606686604872829305490271237466263372280468884117643729384704356197196165658310209283033072722,-0.001271409264602459958938747154127557553865414197664730787709838480287720777911593866238676660416045989,0.0006812952004894944086787312654177231712884582706785365236080287171913862800165983902024496573678614783,-0.001614581627079594996542341615369467420143536953318942840658065566328696189834549372774013010229440505,0.06335003126735554313697178616813009783392218107536737770004532256423494825197825502683914141816608945
18,9/16,19/32,37/64,6,6/10,7/10,-0.01100427236544718386315289755407471014937688273116673779104445484357842256660964954565640449560583369,-0.01100427236544718386315289755407471014937688273116673779104445484357842256660955478118020542498066232,-0.0008462341051241764975215036672145201383817496749159854111139242942662762281073221083726607951231042928,-0.0002563032843329743007892157641984514929601964112107726511490579202057637838727237051387598181715974329,-0.01185050647057136036067440122128923028775863240608272320215837913784469879471697166329466895177139004,-0.01126057564978015816394211331827316164233707914237751044219351276378418635048227848271567493052463951,-0.007534311532515547168715910402277690318265701787618645718597658989103485005110534974391614710047098579,0.06139032684731111432936050726759124548754776696824265029066092800001582141007860990792162734645280520,-0.002015982751507448272409920946133258641193466309021233064843488355222154129236388461979739368694788784,0.0007951903542630357221477830211430676470875478128557519069751610443998160784526637997057613267555802092,-0.009550294284022995441125831348410948959459168096639878783441147344325639134346923440489400150316310497,0.06218551720157415005150829028873431313463531478109840219763608904441563748853127376836856822893112664
18,9/16,19/32,37/64,7,7/10,8/10,-0.05950100452587399901166747177470492350135653569753016425436209355821371167760980858370111792442531647,-0.05950100452587399901166747177470492350135653569753016425436209355821371167760970942115171441231623744,-0.001158889893980712832592234668958654475485767063770564023379866675520529326632283556088119540629391324,-0.0003486935979112131376461361961797390975544225510764880284467521660475039502183524444456601318510033489,-0.06065989441985471184425970644366357797684230276130072827774196023373424100424209220361895157445826638,-0.05984969812378521214931360797088466259891095824860665228280884572426121562782806182184313503368899499,-0.02985331278696855863370239492109353277888964980765074625150252880238225374641074527909920964019244912,0.04645137798835435062958808814730410859610294531140691841287203180037294000553459691391927312906024372,-0.003220792623252685281029798969491880712784149361269333407633249194225712344680066541911395280312520864,0.0009058680780778310805638653442015863144712571305441750138844429994320080815036322116045860948410676577,-0.03307410541022124391473219389058541349167379916892007965913577799660796609109081184571888134995150879,0.04735724606643218171015195349150569491057420244195109342675647479980494808703822913067141681336934030
18,9/16,19/32,37/64,8,8/10,9/10,-0.1259552284924654710986004042140094079469539400179049001701757566922094715349759955724469820052874552,-0.1259552284924654710986004042140094079469539400179049001701757566922094715349758843522586809232674384,-0.001616443797363772664820495854796920547217773886223548598159386035693577531026608687620667970050798565,-0.0004839810787194842130580730128618338013869985225469332642818936034203385377425338613472909482984175466,-0.1275716722898292437634209000688063284941717139041284487683351427279030490660026045112684603413780650,-0.1264392095711849553116584772268712417483409385404518334344576502956298100727184181760288014684492448,-0.08017953586438928676972586407542886404947002702771197708112509088685486491126508829344726940134425998,0.005256017816433872287772944387069376823748194151408783738999746498697851429480073190338963114265628552,-0.005283644961805102157452762286058096238030868767501886174118601431544117343987417172157151288045830949,0.001036308163501428469794266081338772314222651635168632199238455423624961421444212587163318038253199935,-0.08546318082619438892717862636148696028750089579521386325524369231839898225525250555620143426402739988,0.006292325979935300757567210468408149137970845786577415938238201922322812850924285779561304188306040054
18,9/16,19/32,37/64,9,9/10,10/10,-0.2173824299563159086920918703772277685683917737595552956291212780133499887065188632909225193667406402,-0.2173824299563159086920918703772277685683917737595552956291212780133499887065187457454154523464066887,-0.002304525296957271036791179287064045923694712199550610003454237703899644936733645052927731663833201678,-0.0006854271628871918162223497271463706806466991897047548290319522085781627628479601858212501050113005857,-0.2196869552532731797288830496642918144920864859591059056325755157172496336432525084797457713925298053,-0.2180678571192031005083142201043741392490384729492600504581532302219281514693667057994592281610364490,-0.1808546987841626778337830598015716091815683477905451281607728099649628453762029516824993502777787076,-0.08380390963586142886475481179192670557210000975948408976315401536825603056295902581329728317141777430,-0.008929974703792650958972396391825146000889563768062170621796661584401500279862909422979054492188648462,0.001166431481868998478030657133699151983673316188602770175880437466530018435785753549411232849845435639,-0.1897846734879553287927554561933967551824579115586072987825694715493643456560658612043115104877535113,-0.08263747815399243038672415465822755358842669357088131958727357790172601212717327216093489853221176030
19,19/32,5/8,39/64,0,0/10,1/10,0.09210961138214222695260350825320595319305632161128914923384340177312926020044101834743794535319711966,0.09210961138214222695260350825320595319305632161128914923384340177312926020044111928898325178545699280,-0.0001682260018573580597048474357265842553481430195492201447578563334409278609665494551586233299809983127,-0.0001331146014830225573493352460979824585525676979486008429751661404146077269993139085435636708230634354,0.09194138538028486889289866081747936893770817859173992908908554543968833233947446881841187061434990638,0.09197649678065920439525417300710797073450375391334054839086823563271465247344180540720698757986767974,-0.02010332864082768051570452173302790901714806508431998107644757890230265153962692221411660551996479453,0.04032903315210267463204780568101965877674244160087255580345524148705309731180092214996421688559375435,-0.00003149124364059994520030095322072108073102465123687299133240494948598267933888867116654732717617905300,0.0002292617532390171491884571790953163056911769990482777173978914347543433898870844015230490049828571631,-0.02013481988446828046090482268624863009787908973555685406777998385178863421896581088972292126805714852,0.04055829490534169178123626286011497508243361859992083352085313292180744070168800661583173575892697299
19,19/32,5/8,39/64,1,1/10,2/10,0.08850840636296717894760058988086728377772009610030653922135896043599715688861173814098021530710820193,0.08850840636296717894760058988086728377772009610030653922135896043599715688861184145452005896623580054,-0.0002130639700612787063191505508483425600816897947407985040335174209120345246560854594360040238054813307,-0.0001166606708006557595611589187829176370914003531693630544421784086136475890432777531013635565090195676,0.08829534239290590024128143933001894121763840630556574071732544301508512236395565265863758001016999191,0.08839174569216652318803943096208436614062869574713717616691678202738350929956856372110810318944199159,-0.01770734711729824225949699036906375543248743584296145831513910807458974827797430148606572609955136201,0.04264965424752004830241024124956579825751815870792649916491328976657406005940160867796139103415590946,-0.0001567972145379724186148648086395221005929754398711159033795056868619267243966596165708462140416208179,0.0003288851133111137821304132487115599810640715338366584682464649345829083532022903773465249591028878254,-0.01786414433183621467811185517770327753308041128283257421851861376145167500237096111370382113094924500,0.04297853936083116208454065449827735823858223024176315763315975470115696841260389911810811858476875009
19,19/32,5/8,39/64,2,2/10,3/10,0.08096997003664570249738591159370968747676972956726693396850547760733302465232783067432398618068242829,0.08096997003664570249738591159370968747676972956726693396850547760733302465232792674010274386882531016,-0.0002760500356423758551977185195253964425041202084188240914913324377995007552441819521055698071954453058,-0.0001121812164324756704921928995170585843696562908409236148202210325926729799339776157355996756960191546,0.08069392000100332664218819307418429103426560935884810987701414516953352389708364867846417686300873718,0.08085778882021322682689371869419262889240007327642601035368525657474035167239394915718282382598797536,-0.01318013942343163248437217519953000910643866653929187603237002574444997619711583722107378285604925083,0.04702141306724785562498412549031085097215247141571141092585346340947624035444395975002157247662437901,-0.0003158968140039437455639146397166635665905683776115909153889485394254784647886957073653623436779705690,0.0004276572469950020943083096238495517220940208984884270129852340735062593132711914825624592148124512135,-0.01349603623743557622993608983924667267302923491690346694775897428387545466190453292843914519972722140,0.04744907031424285771929243511416040269424649231419983793883869748298249966771515123464305472722404179
19,19/32,5/8,39/64,3,3/10,4/10,0.06878868065369677886606830158099679554611523923300836793707183371121450854579377426371350219077577782,0.06878868065369677886606830158099679554611523923300836793707183371121450854579387243793184852502330457,-0.0003611578603457628765401362834032490336655184769563089120314559224458434766094559652700660403519357979,-0.0001225507224073072678986544644239557348040270481670354131266133107778505018290050547455452911447358511,0.06842752279335101598952816529759354651244972075605205902504037778876866506918431822020056079050980247,0.06866612993128947159816964711657283981131121218484133252394522040043665804396486744058157035644709116,-0.007322040158413456012156929748475777138874009051235511249483525951580231591624393268631892794275572070,0.05276024386304742370009880953087896313019573475801510831698831334269858315224449835980066349430625714,-0.0005226956122769467439579418211626380579715445968341932215001895168199987889820044085873588955482505698,0.0005196288269923842779183102353072702916158090638137801756036714970914527706304260149095513202821514901,-0.007844735770690402756114871569638415196845553648069704470983715468400230380606397687514366868759880476,0.05327987269003980797801711976618623342181154382182888849259198483979003592287492441692018704822624576
19,19/32,5/8,39/64,4,4/10,5/10,0.05081618500103860664286767592163904763151533211102715238007489892472522166703443105077147690674470273,0.05081618500103860664286767592163904763151533211102715238007489892472522166703452632588538885259834278,-0.0004789714963668190143236797251891269734211604513751717886725527793248177092640053119596715435917761172,-0.0001500769067995332470723683534461551279469817203823572348000607241778745810131832141887846704178441221,0.05033721350467178762854399619644992065809417165965198059140234614540040395777042567910013732532379116,0.05066610809423907339579530756819289250356835039064479514527483820054734708602134311658678389217512613,-0.001929384755325162045110414574350029333462592830517170688017404788821533778952202691346913381271197364,0.05887332069530386687176732057592517759895733534671560945715241688553946493450434586566889322749319622,-0.0008233687542226222008681475075344813925386838162014742779204346852741939730381898168483591378338118389,0.0006053043281851486849567206076503301966144784845092660670345288621872787792119199852540255986295096834,-0.002752753509547784245978562081884510726001276646718644965937839474095727751990392511283807072785826553,0.05947862502348901555672404118357550779557181383122487552418694574772674371371626590239849472080299508
19,19/32,5/8,39/64,5,5/10,6/10,0.02533507298370736965167568351611264049453023008577268555646894015569076032754616344709427149595022934,0.02533507298370736965167568351611264049453023008577268555646894015569076032754626540991500367866703984,-0.0006441145574400240903666564960797980186767450666945476649963934826941810560293469129455290763680778465,-0.0001941461139829479222340379263511596833468210392049581492258343707701871368201595512585012812506451866,0.02469095842626734556130902702003284247585348501907813789147254667299657927151681651355851206171003582,0.02514092686972442172944164558976148081118340904656772740724310578492057319072610588851233641633096238,-0.0005827342031460110472117573585307611183569080438728286299239501713032410776482423630251580032568023382,0.06387451233437556900522960084645044287265074716052906212641072410033767796440384657740099304176428805,-0.001298419537869732268986487935566576446032983415797137498348721912793497815312677856640107963728388939,0.0007139950679437378913492408947969701560782787863137588592157600172814343902818523205444674714131104444,-0.001881153741015743316198245294097337564389891459669966128272672084096738892960920219665265966985191277,0.06458850740231930689657884174124741302872902594684282098562648411761911235468569894530299033628326455
19,19/32,5/8,39/64,6,6/10,7/10,-0.01014577386325293481678073486759872922019485105406245238237098697574904619857647537975563450339837524,-0.01014577386325293481678073486759872922019485105406245238237098697574904619857637284040845230026232591,-0.0008790447673314589781300606830175552060205638811038641840008400148660797717102271899468685780062989239,-0.0002614990563472400588170809891127493309521000533070570243132759516656862107968359074167742847049292522,-0.01102481863058439379491079555061628442621541493516631656637182699061512597028670258102712977823433778,-0.01040727291960017487559781585671147855114695110736950940668426292741473240937320873650059988813759154,-0.007308232458487225206648768506389500559499394497465809891059990497650071683738520731666501311870471796,0.06319107834468998557638365927602149267109613231946053522529154417082344810105983173033124619874000766,-0.002069996692627005874005718599292651928504057919581038662928283057253918543491229749500829837914000434,0.0008371041136293335715110262652743660660939351635594226437778453240250005673214786588833885171925535734,-0.009378229151114231080654487105682152488003452417046848553988273554903990227229750489403423292933318498,0.06402818245831931914789468554129585873719006748301995786906938949484844866838131038921463471593256124
19,19/32,5/8,39/64,7,7/10,8/10,-0.05921857174082417000866378460676849649446262579503450871975921150302290166019590130550824792856113298,-0.05921857174082417000866378460676849649446262579503450871975921150302290166019580049574041578668280015,-0.001217262982800340382718207107174824262359315136488048989312995320036058764941568671216178592184977720,-0.0003625819174612284684175536379511859706794609254858281255582371109749689894732612957613608836459641385,-0.06043583472362451039138199171394332075682194093152255770907220682305896042513747003643609455857524615,-0.05958115365828539847708133824471968246514208672052033684531744861399787064966906175392460626721215318,-0.02915967920056929041593687707874217770807326593021124297838370466798532840738740976626402621949484734,0.04858310300584656110408571288771066431353578994515840357104794703758184525700905403163114992578120015,-0.003340738525653022928464743513239580821562710081194569618026115058736746457952393708490506417421770189,0.0009607999572784525185130447602659065999642831708316936442925505644267218052780459488037078744068446986,-0.03250041772622231334440162059198175852963597601140581259640981972672207486533980349122671692321431007,0.04954390296312501362259875764797657091350007311599009721534049760200856706228710002470385306961309355
19,19/32,5/8,39/64,8,8/10,9/10,-0.1271055944055763720948706113061558013073794841039341317841239949210254193980341948964953268729228180,-0.1271055944055763720948706113061558013073794841039341317841239949210254193980340815678674371447981562,-0.001719630318557495556736308754298229700188149054423291545663261754885417130357193610545835677717151440,-0.0005129408567714688661237388480636200763104220496010334959396581692602459227953844428869487634854854141,-0.1288252247241338676516069200604540310075676331583574233297872566759108365283913886552908211273192022,-0.1276185352623478409609943501542194213836899061535351652800636530902856653208294659747214827820074392,-0.07988766710599144993683151512009416927594490298809396206811825082871667239655888735775504206600718184,0.007075275208523504236084008124561581627652678884840844002601824747347219297841241974155047893238491618,-0.005549056838391181568204486524456773063076054185578859917112167687409232950709983863396963542976267667,0.001098664437411032717585145546265006931120522182424392193089693103405601805642053065021569138368963661,-0.08543672394438263150503600164455094233902095717367282198523041851612590534726887133645729561306729727,0.008173939645934536953669153670826588558773201067265236195691517850752821103483295047412709174756301548
19,19/32,5/8,39/64,9,9/10,10/10,-0.2215331358415303918133782070693850949852116788614936286440547548351544942156753399481821866918051476,-0.2215331358415303918133782070693850949852116788614936286440547548351544942156752187129058395407880676,-0.002490189159808192108810714478180506091491361339140226764100263085267587515334156596264276977752312837,-0.0007408196245680278536183647949595379674991435649109956796136198757271932242490921678975426184836270905,-0.2240233250013385839221889215475656010767030402006338554081550179204220817310094967750570436777251560,-0.2222739554660984196669965718643446329527108224264046243236683747108816874399243108735968015340164542,-0.1833231840897065120093049996076641271780382691647824589183860278780737264912433551917141445259322851,-0.08460496716091217030101305678983606950327015601880701303740800885795881572376767927515756854655444576,-0.009551442445690764222437914150815720354368780567930412311667124774992261384167551230372660519192500799,0.001235641978712801669689175757573183297059950918743319716207757334975104156813737340941965888593441654,-0.1928746265353972762317429137584798475324070497327128712300531526530659878754109065868086479081017113,-0.08336932518219936863132388103226288620621020510006369332120025152298371156695394187038588854855744552
20,5/8,21/32,41/64,0,0/10,1/10,0.09242111433244633589744093502826011556593576396057577024281920685081171536593686076107508406408108783,0.09242111433244633589744093502826011556593576396057577024281920685081171536593697264015075659800880623,-0.0001656166212186307356880004186374241092087949411781198852333961914863513652366973122278772498666227581,-0.0001295119644601377288113070424634295223647938704778249234368826488600252456264531088369688286121347444,0.09225549771122770516175293460962269145672696901939765035758581065932536400070016336648628538272600239,0.09229160236798619816862962798579668604357097009009794531938232420195169012031051964327316534032630046,-0.02177029319644837834544122666098573302911088025507962227893145617750022835688776465508386288292343340,0.04075388587173473265966154427460135408345011905520427600379214072639867015097785160984484672071113369,-0.00003308970695777218596806415159237949389330900098372250931802125437972476866901372586409203046859816121,0.0002346152162557029975519209706655639272390613332991182503323964532589000414554358130991716822409278619,-0.02180338290340615053140929081257811252300418925606334478824947743187995312555677838358607817799439638,0.04098850108799043565721346524526691801068918038850339425412453717965757019243328742474566355926587168
20,5/8,21/32,41/64,1,1/10,2/10,0.08889474404281959778963774052957408826915591891520386360200384552549717784124950847113981674633961196,0.08889474404281959778963774052957408826915591891520386360200384552549717784124961731933358060149190335,-0.0002118847778482239990417523791262525823507200245734679785305510497558803571442212481917638993664887717,-0.0001123558782756834578981444959610291976387844321245189602635868204961459872647339892072004804639036480,0.08868285926497137379059598815044783568680519889063039562347329447574129748410528713775597474127724459,0.08878238816454391433173959603361305907151713448307934464174025870500103185398488346061696501404253278,-0.01933711279916738178290440919381826710089498283915593155005742410690952467378217903361384139780932326,0.04312355332902998681022816235233171678317795778333549559857858536487160209337791694937259068998021619,-0.0001611123067233673162501418659334087276027818250660680100480113200192070874761470139786729734203595953,0.0003383471255485735925708561899217932688968327977121971770389361619278132660141739353732141740571936917,-0.01949822510589074909915455105975167582849776466422199956010543542692873176125832607230079080067622166,0.04346190045457856040279901854225351005207479058104769277561752152679941535939209093158857892819647304
20,5/8,21/32,41/64,2,2/10,3/10,0.08149644472290792724718854057671205035175764546470918244050848050331834830065578233957310787339452214,0.08149644472290792724718854057671205035175764546470918244050848050331834830065588776155254017862676562,-0.0002769477788770096871272938769858246861507569238390174406508541297278626080197656841327805763296162339,-0.0001076237261211607302745445982600130210750479276482193428261390430189472304344181110128703639773106433,0.08121949694403091756006124669972622566560688854087016499985762637359048569263601653035467787299180319,0.08138882099678676651691399597845203733068259753706096309768234146029940107022146973611781473955543574,-0.01471889025404915376554064891414690992973073263181393742604507202414607817757811603445338823823456148,0.04761016399749347716929892292848144950685534121000922102747331738875177835625826767331735317329975298,-0.0003232844199367894145992359058118725422577173785189238058196180485339010612755051307819830985897504041,0.0004424900049418670650323783500440016367662045556387722825868086349575667963060481253046483192434379332,-0.01504217467398594318013988481995878247198845001033286123186469007267997923885362117295670772102635526,0.04805265400243534423433130127852545114362154576564799331006012602370934515256431585524513497669150901
20,5/8,21/32,41/64,3,3/10,4/10,0.06949820432964745246471376978549074000993926922711486859159528850355857475220140231718753331558087586,0.06949820432964745246471376978549074000993926922711486859159528850355857475220150536717242839394539386,-0.0003653398113204431039395393292186030702884111924701679758142117873300368219710422376287777905031652836,-0.0001181905647964346054388974777440518137542138676337935547696007062142500068038993589634546322987721988,0.06913286451832700936077423045627213693965085803464470061578107671622853793023036005536523485457797466,0.06938001376485101785927487230774668819618505535948107503682568779734432474539760610073632143233444147,-0.008650239592598791098077284776323554448498890197882465127714746642834391739969271056247881428013639908,0.05351503812235488944011700030751777597648410321655239081310239848622807430840459180285054475405206116,-0.0005341392952465080380773150751531966385925473903940706859385734625891707846754080317981801751208990231,0.0005414469669074487510675633333691518183571087000507302150405466914303112327739825026428741630385645196,-0.009184378887845299136154599851476751087091437588276535813653320105423562524644679089075573121028144714,0.05405648508926233819118456364088692779484121191660312102814294517765838554117857432196560320338831821
20,5/8,21/32,41/64,4,4/10,5/10,0.05170883482138150466056082543681657631786066929666203257239485087011877047188709503938226656054490434,0.05170883482138150466056082543681657631786066929666203257239485087011877047188719683748115588028478946,-0.0004881425244400586545324830085765203434274350595666905560565569422094043133392784334760676845970564652,-0.0001468862337095301604561669945102791740616423809116896390034232145329131566650063820431960019192104921,0.05122069229694144600602834242824005597443323423709534201633829392790936615854781658840450307175654955,0.05156194858767197450010465844230629714379902691575034293339142765558585731522219046727734233414204548,-0.002908830616692684739814222429841523180875147392584899004720566643910550102066612288173906249763618888,0.05989652790341385031163037015947152736648973258148891858560713800225405909414305290566753327107418908,-0.0008391889572148443165314771957541388604408312550732080858914680857279474913545861283020927966113911314,0.0006339801769661468537910749443578672425226695249701264585445519285813122457068815280069769287259039489,-0.003748019573907529056345699625595662041315978647658107090612034729638497593421198419564533600055827370,0.06053050808037999716542144510382939460901240210645904504415168993083537133984993449441568975552283427
20,5/8,21/32,41/64,5,5/10,6/10,0.02633356949062251390012166853836881121369046465323517164565195500880906108793442191409870076183735387,0.02633356949062251390012166853836881121369046465323517164565195500880906108793452308625458720226492254,-0.0006621629851157657773365534671897912524046856528509445341406238788770666154680705352169289721328324512,-0.0001941736291662662682134855637441326837976940134802438928967136662315109707863428759491830554462449510,0.02567140650550674812278511507117901996128577900038422711151133112993199447246635137476372571813009829,0.02613939586145624763190818297462467852989277063975492775275524134257755011714818021802674053102072097,-0.0008371037062124654330076499783205169374606722699681804588760536687292226220431285139101049714985543346,0.06507572558258693763066104383049926081911733662593767955205371903721884609320282852271577694584524070,-0.001325548379156097044120914815444945031692174513785798327515003282899260816364957588452819283690289138,0.0007475324948542577283269258355408326882202194806789191000501683592175854931994503496192114842202590056,-0.002162652085368562477128564793765461969152846783753978786391056951628483438408086105451458808869660824,0.06582325807744119535898796966604009350733755610661659865210388739643643158640227893925323709314987564
20,5/8,21/32,41/64,6,6/10,7/10,-0.009255576653249275829953331390748380191691083232902159161601622709918299491651627454902956722510713967,-0.009255576653249275829953331390748380191691083232902159161601622709918299491651525327360381676816978090,-0.0009124718286120600356048871782987838675127962953005736033315719133136646324340400108161666056300731052,-0.0002663252104582160448028829770671789372818607620957061839878485206815142902733535579834444327337661109,-0.01016804848186133586555821856904716405920387952820273276493319462323196412408566747498472698918323912,-0.009521901863707491874756214367815559128972943994997865345589471230599813781924878871445420617987066122,-0.007083953482017043437518121066160482540425290831295683908688522312492605337267852326408387486635157837,0.06499199522382615646269530130381285848698808790545603292915709378576697462901341186839993486302678961,-0.002125638668332616574990446945706958672623890668367296407422787257818816177102984530577745423159409576,0.0008825020033239769824889846853138252221220959433106430903473499398445034984682846768672721289806576265,-0.009209592150349660012508568011867441213049181499662980316111309570311421514370836865222225052943413683,0.06587449722715013344518428598912668370911018384876667601950444372561147812748169665851347396030408343
20,5/8,21/32,41/64,7,7/10,8/10,-0.05889163444758949903047739413385079994327891507107082302467182558394950834891583068363203435539252091,-0.05889163444758949903047739413385079994327891507107082302467182558394950834891572519576386490496950727,-0.001277668125938442632238621198929906342934567868108663651644601372885993392412454528745390544007640894,-0.0003765157012697197734952682162046075858942173872064019464991329584922871445251218692660671472396953041,-0.06016930257352794166271601533278070628621348293917948667631642695683550174132828522884960918569785434,-0.05926815014885921880397266235005540752917313245827722497117095854244179549344084705061677080169872161,-0.02852570368626556424785079578139482270259682693447599676675477032512138763342638987509936832530462475,0.05082344001520411883111254850401217858754524827553074937394265288461563763732529047697289866633291379,-0.003463102715361401579798998314249925544353074835572826774653001304041342488947569738152410018549861583,0.001018227271783795949381079384705239171045961175654505259315013488216821205616159737043650104310925037,-0.03198880640162696582764979409564474824694990177004882354140777162916273012237395965443223905959871767,0.05184166728698791478049362788871741775859120945118525463325766637283245884294145022019361787800547353
20,5/8,21/32,41/64,8,8/10,9/10,-0.1282222981428360303278637274836260351610615748222448041770588758244245369988330048136276298397803831,-0.1282222981428360303278637274836260351610615748222448041770588758244245369988328872681205628194464316,-0.001827953060567612239601907406785044838625854678427078183810014669294011583887841606119047273182834341,-0.0005430453365091712325920588903272724701279968876676263476338958199368303939280765954726688768153663645,-0.1300502512034036425674656348904110799996874295006718823608688904937185485827208464712222530076435066,-0.1287653434793452015604557863739533076311895717099124305246927716443613673927609637451994071384971329,-0.07953983921801593964052187339885996502017225005804399779118956238398798289241765142327593911800301244,0.008944853634048361471328935884449879086951517406968337200575711906263009012214586927301242567595273649,-0.005826281268283075808375456660877720912639941632897493410271586133228849305892272459055025867338240258,0.001164708206750233881607600616166339826320287913500888119793756060256142860962504795745634898614918824,-0.08536612048629901544889733005973768593281219169094149120146114851721683219830992400587234713257394673,0.01010956184079859535293653650061621891327180532046922532036946796651915187317709172716492353778461561
20,5/8,21/32,41/64,9,9/10,10/10,-0.2257348110711695173647427183600758013808923351204934049654073656059321699495877381203353835485187377,-0.2257348110711695173647427183600758013808923351204934049654073656059321699495876110868501676207138843,-0.002689133521049196238440148688207540815201775096010386423533591830503737832105703972709995234299328927,-0.0007998207309983990981607683648364001838607580148907764549681370385156691332056256709105538755408102939,-0.2284239445922187136031828670482833421960941102165037913889409574364359077816934421218717012838390286,-0.2265346318021679164629034867249122015647530931353841814203755026444478390827932367165802607805104633,-0.1857938944082537306761172091798252764066757587883955086113911233596563045126460872385011881827673988,-0.08540996582752130908515942216210025578671225866572392813351810912349042809359940819129971825518819173,-0.01021534306198750258362159115135623857871089158383261815961222521718021510686601473185825049118301490,0.001308671358100554471657639279591548077242522590349248440035982682337737331538353136413405615577641685,-0.1960092374702412332597388003311815149853866503722281267710033485768365196195121022174422029684158018,-0.08410129446942075461350178288250870770946973607537467969348212644115269076206105500546975978071747243
21,21/32,11/16,43/64,0,0/10,1/10,0.09271338414348434155287885855116234251495259952162772958882282937647065281622798293168620458190054369,0.09271338414348434155287885855116234251495259952162772958882282937647065281622809296587723705048669782,-0.0001629598540714879893908139301452579673275361597210572135576874551255022507255112905052774578540981885,-0.0001258402831736517954371223751917888884218876234526378161962293043032606581596106182194980504336441736,0.09255042428941285356348804462101708454762506336190667237526514192134515056550247160772180279250425753,0.09258754386031068975744173617597055362653071189817509177262660007216739215806848244365968804363179297,-0.02346340316717057676748021713827495797068922992464105079648533818034251857765750228940497009273019040,0.04120211843601684674711789915077837009463468150982096342661920960979526039429144317078591423250856033,-0.00003482946365602760374718471860199898162006133722137862944019014213887744358559670629071813556386658752,0.0002399276413922996457453462109591845264429567633656082625507794601168107240598041625784708563337706606,-0.02349823263082660437122740185687695695230929126186242942592552832248139602124309900541170317841496157,0.04144204607740914639286324536173755462107763827318657168916998906991207111835124735189559241092723510
21,21/32,11/16,43/64,1,1/10,2/10,0.08926316495706467913821203475837133127882375864647528990650751836474591413538395834464282973367968895,0.08926316495706467913821203475837133127882375864647528990650751836474591413538407299104546236561975374,-0.0002106547528799310675034881531552573713158037940249249880314773055319995617134568969245236160998525922,-0.0001079463810761862748541334264418978962980356451848221393255128605690881718833653947943268271549891155,0.08905251020418474807070854660521607390750795485245036491847604105921391457367050141451655966551104983,0.08915521857598849286335790133192943338252572300129046776718200550417682596350070768659077123362867213,-0.02099541252787232422518716710004701130141382101405185472083779048547853069597733205401205676460285050,0.04362108263175779114082141617998564639220193081888624457801025134381518668400570223411497421899381275,-0.0001655958344535893291866598601062335698897398437922435450006819345514232682418874940988560157160367111,0.0003478207859659828523873770881556745249029499089291669423526667267921585183924616228503320207239660475,-0.02116100836232591355437382696015324487130356085784409826583847242002995396421921956226669615135596673,0.04396890341772377399320879326814132091710488072781541152036291807060734520239816389763101119651520725
21,21/32,11/16,43/64,2,2/10,3/10,0.08200811603488757777801386393486828288799761748964637892417025053255911289849834707950114176256434023,0.08200811603488757777801386393486828288799761748964637892417025053255911289849845105192835687359964037,-0.0002777783498036018735321266941745056000057243099963963452084049059998339537282616112515315216528483652,-0.0001029050324492436590944700837625720433750200986225381244922706916665475797100760068087800309474722335,0.08173033768508397590448173724069377728799189317964998257896184562655927894477008537199028331785935110,0.08190521100243833411891939385110571084462259739102384079967797984089256531878837506764014129657479465,-0.01629064244621051571025636384037213101158335371698459704198079476197413678450808835576685764024142930,0.04821675466982069302623912125180199780142548838944266418088589566767861796042580311178642283064713384,-0.0003308984246999527237464964621738953849159742763635369319855982731642952584457389016190048512320657647,0.0004574626257625816547001075942503440658148510793530227661773785200709521995208726486533756818952640012,-0.01662154087091046843400286030254602639649932799334813397396639303513843204295382727797609284934561074,0.04867421729558327468093922884605234186724033946879568694706327418774957015994667579853172467460581184
21,21/32,11/16,43/64,3,3/10,4/10,0.07019872439482433629108558072916653305775035464225520958597801259502109753339973840619704444679799816,0.07019872439482433629108558072916653305775035464225520958597801259502109753339984488239627107508256408,-0.0003694411217421601290152959705595008204090291803429091967688178614229783440646397486749652379638828811,-0.0001135801267174764042923461887004198407713632703585960934913962009883630436995800047237551057948649161,0.06982928327308217616207028475860703223734132546191230038920919473359811918933509856795457715209041211,0.07008514426810685988679323454046611321697899137189661349248661639403273448970026492065462184134574063,-0.01001465043932624066239970097112550278335352875225498379131498733879961949087916558749380113121019787,0.05428088077638661351892283899786526882757991831096831786492930893735917267711239460772866748326045882,-0.0005458000640647828142286107522910709252600989070317848516859832869110326594249853933640731103079733934,0.0005636979221591638262706439048372383808804533088638097988834665243372505072562637017832404979440570006,-0.01056045050339102347662831172341657370861362765928676864300097062571065215030415098703494334887980597,0.05484457869854577734519348290270250720846037161983212766381277546169642318436865833113164985697023728
21,21/32,11/16,43/64,4,4/10,5/10,0.05260203848530388147404110626409906528831593586800560221755880302758030534776775710135407428396237489,0.05260203848530388147404110626409906528831593586800560221755880302758030534776786193033487228247768701,-0.0004972300524693854358654814164791978387431533645779119976475114302451888479119621483501338849377064799,-0.0001433428363019350382812358919602063835071702814033070279088941358561861957408280023443789800176788642,0.05210480843283449603817562484761986744957278250342769021991129159733511649985579493241371004115255274,0.05245869564900194643575987037213885890480876558660229518964990889172411915202703395913321671874158310,-0.003928497275732421115050387961091150977880306377115640302440175550942934322245688655586542457393014149,0.06092625565918875682620824578341759334160197359992087517273088357024623791880825371734096657934064023,-0.0008553175907039423217195195861644749494087700201519597776518886932651644963477911255422416747135674279,0.0006638397350041072455047455277770223096051258921181549995127997058082405480322080031044433016021465932,-0.004783814866436363436769907547255625927289076397267600080092064244208098818593479781128784132106581576,0.06159009539419286407171299131119461565120709949203903017224368327605447846684046176162587059668701816
21,21/32,11/16,43/64,5,5/10,6/10,0.02734658740570263737636171285314122686205643419008604811643632253484023045002763594478015331787576195,0.02734658740570263737636171285314122686205643419008604811643632253484023045002773701810293404051717540,-0.0006802888341291281043419889328252238729698247988301351521434709623121400013511926125629111899731428666,-0.0001938631026078555247901072469768067537437868709185720599478057040124862042719864003568922768626390780,0.02666629857157350927201972392031600298908660939125591296429285157252809044867644331574505784160492655,0.02715272430309478185157160560616442010831264731916747605648851683082774424575575064168218455468087079,-0.001111086295784924461607315505729182895494187487408711534748114548862209311558395948067908551881222396,0.06633208235071162119958772162075891357081388864745161735088942492207522799864717921973805235568014540,-0.001353214202894536674097082057599430414801468989503082988013948714469383451346353723401516156974314228,0.0007830220682124664307296118847323990142883947614539453085815529054333883447753475527738173027928658043,-0.002464300498679461135704397563328613310295656476911794522762063263331592762904749673528447744642748191,0.06711510441892408763031733350549131258510228340890556265947097782750861634342252686516790626889753173
21,21/32,11/16,43/64,6,6/10,7/10,-0.008333724046501486477619464916249931419567539446063621166507490362675948740200322548862160631033494698,-0.008333724046501486477619464916249931419567539446063621166507490362675948740200221936760539924727472321,-0.0009464420211370838664308937263355997665936405813894049196668785477221372475141720382846228812371177425,-0.0002708988887059094913551521998039826021950091866897594346496552770351133288247711008245629901912484473,-0.009280166067638570344050358642585531186161180027453026086174368910398085987714494602589456280674699195,-0.008604622935207395968974617116053914021762548632753380601157145639711062069024993029349010771769874500,-0.006861824973732021750157451963675555898666622146347481070382920882958637667060729999337603642456548816,0.06679137051956844473458692047326108204141922168150690255726241471221498033624645587471462668376270013,-0.002181357465347362900512392948338443175051620417099447827141956607540806387751518041253057177090768773,0.0009293174269869706305877422008158080892083306560271012670694078182526064286532334074251540606357126467,-0.009043182439079384650669844912013999073718242563446928897524877490499444054812248044708706891121740723,0.06772068794655541536517466267407689013062755233753400382433182253046758676489968940156311682005668368
21,21/32,11/16,43/64,7,7/10,8/10,-0.05851937360202731185411306892822603259137028826051931679433842936859445498355671402363651158745079362,-0.05851937360202731185411306892822603259137028826051931679433842936859445498355660655910622778130467542,-0.001340273091238818151808999616030998403165030627490612344318923324891020663990274274796277761896962437,-0.0003901648636165122462564297540342653557404032289741048622667155253398434048476644238250564355689192670,-0.05985964669326613000592206854425703099453531888800992913865735269348547564754698832931813488615592957,-0.05890953846564382410036949868226029794711069148949342165660514489393429838840427092836717376851248815,-0.02793343770080862241220225907355238382670748805382533409002938292917966214378609544730527080501380513,0.05316062186137845870556320422219623580138581846762805265062559625520220470121188800944229743541854214,-0.003588463180621351779526198866299296839227646258107733966575013291160925013341562397319197756325600567,0.001079141435721575573017685457579468997479993284145440584524026950444229088939991833118392181498177848,-0.03152190088142997419172845793985168066593513431193306805660439622034058715712765788168688320550921391,0.05423976329710003427858088967977570479886581175177349323514962320564643379015187989197724247580979760
21,21/32,11/16,43/64,8,8/10,9/10,-0.1293036413779417584020894099617145124946482720513179152553929149515659741637836168356268372250403829,-0.1293036413779417584020894099617145124946482720513179152553929149515659741637835008714494616892849151,-0.001942149568739461379095978522519582368941448369435002255255308577157014772403294460324116438833070964,-0.0005740268276478858138520152676060964677436647851694153022380677122869388946271140937117522543228258406,-0.1312457909466812197811853884842340948635897204207529175106482235287229889361869113206592300933199927,-0.1298776682055896442159414252293206089623919368364873305576309826638529130584106148385312972426942295,-0.07915634488475946181846723739670303449673938452013315200665414301393464107754459088849705388470360722,0.01089005136180931518761586445793296109174599818079993193762886562871290788480967351534024687015473535,-0.006121942884329367885422240961574242791496357057292005069218206924597035128409763039374309856078377183,0.001237903060093464927726641061859627839444709524017664536141060006434262628085835328689123574238617072,-0.08527828776908882970388947835827727728823574157742515707587234993853167620595435403494056160171698590,0.01212795442190278011534250551979258893119070770481759647376992563514717051289550884814741651596777556
21,21/32,11/16,43/64,9,9/10,10/10,-0.2299875271051354286503403381445896469636788101703002381007866725863075317491932219830684757307239168,-0.2299875271051354286503403381445896469636788101703002381007866725863075317491930965309129512874975471,-0.002902260184687607775392392264902600375732220714088144184927748092190888909062607068103990561001957409,-0.0008626215158421677307120451807908003201602337920517891339281764080750975086417075119922853275427369857,-0.2328897872898230364257327304094922473394110308843883822857144206784984206582558291458875259379376063,-0.2308501486209775963810523833253804472838390439623520272347148489943826292578348039502492000046157635,-0.1882653679715579907916937257526265122573033537321513563582641167319137288541564119466654307632687280,-0.08621830730887860734288251592737830295814486241280106088866916279046535141207398040535741973791494293,-0.01092412038920408064849933628323250754878867970696317472228352009966665117641667361622634831559174046,0.001385696489198124483270997020512796193720390450351568423612109700837330209160667706893070212244481690,-0.1991894883607620714401930620358590198060920334391145310805476368315803800305730857770301748007304715,-0.08483261081968048285961151890686550676442447196244949246505705308962802120291331261610342809418199855
22,11/16,23/32,45/64,0,0/10,1/10,0.09298638757844009487193740427307863941461245890018841195546503998065104112997411143731310288997213933,0.09298638757844009487193740427307863941461245890018841195546503998065104112997422792860037558725376838,-0.0001602584640339682820169840946288942683148171282635018340492204114522134120894299376210640092941319348,-0.0001221053389188567844194160585120390540608083388857622834001064056718725917211126340892735288852356113,0.09282612911440612658992042017844974514629764177192491012141581956919882771788468138026870280501973649,0.09286428223952123808751798821456660036055165056130264967206493357497916853825311535859819404724549280,-0.02518258838587693860045894808125641694779571554759016147064629663247531733381071865138698487991394427,0.04167512368109752944745942047474494931923611198453967194648031970703897103876619727487468626747227925,-0.00003670257070237426307804266267408042846527200105811979511592726917338738517268500784714883811070965111,0.0002451905237939996192770504320145247819355277741382136344723942577512062382482826886235335261676934629,-0.02521929095657931286353699074393049737626098754864828126576222390164870471898340367255343898077317875,0.04192031420489152906673647090675947410117163975867788558095271396479017727701448000364916899149059827
22,11/16,23/32,45/64,1,1/10,2/10,0.08961356607062162214687657870140837609221776335522857367854431803625728268556455882773956519176143090,0.08961356607062162214687657870140837609221776335522857367854431803625728268556467439658451785637227783,-0.0002093768922795752255412864207587851017362529690564945016976143335415831287014432446597377678814974821,-0.0001034308008180813428464956772729058848787644694917987024881779761036761994904247309523887266466341544,0.08940418917834204692133529228064959099048151038617207917684670370271569955686311553443540820340706015,0.08951013526980354080403008302413547020733899888573677497605614006015360648607424972920446535965580081,-0.02268219066875497725103744419808232571484069027345566206368088003023186597306989648004161380315520109,0.04414123315096002596146805406977005986700300315934410019653938874123974853981273047009090669805949340,-0.0001702942773531220266307177354394307551502289173556475333974423524025894864359930867543697301372525698,0.0003573134257836294892526794876687835245488943183706878735253589588275804055545757114752507996534699568,-0.02285248494610809927766816193352175646999091919081130959707832238263445545950588958764359177063797078,0.04449854657674365545072073355743884339155189747771478807006474770006732894536730623664502370502087278
22,11/16,23/32,45/64,2,2/10,3/10,0.08250475161228256474373313846974884007903753206683874460735636876659059359245419590600885437103200795,0.08250475161228256474373313846974884007903753206683874460735636876659059359245431081596643558373515335,-0.0002785553622177385088606121391934227224885404495437437419071965780964865645053054118120169150367763703,-0.00009802433009580015198350310271007837739011214750583697587161530427568546621596652275610124419557378976,0.08222619625006482623487252633055541735654899161729500086544917218849410702794889038043581472875179249,0.08240672728218676459174963536703876170164741991933290763148475346231490812623834429591280207401029474,-0.01789539992667934807446254184412861000706665737456695001401462485705962178653870408318610674812373559,0.04884183111203844156746531889993361282490368589556740145925067474908424381156862619456208449701588087,-0.0003387844918095735745453896210780669951317997426098085404947749639465034326577239374207638497393098572,0.0004726179869333046250781682662786824299288018291140696261511425954707627420406484948584111830009464568,-0.01823418441848892164900793146520667700219845711717675855450939982100612521919642803038723001785230039,0.04931444909897174619254348716621229525483248772468147108540181734455500655360927473265997943154827024
22,11/16,23/32,45/64,3,3/10,4/10,0.07088984955174353853655040272349176194421944760766796054775334381143182740282810730086357402047662107,0.07088984955174353853655040272349176194421944760766796054775334381143182740282821891638429797364125886,-0.0003734604002789568437512316030420236422559859732920240505482209806545894918163356316977980971847074863,-0.0001087164480494964230022548628466668004605023212073297215077082192940079657842223935724211530194034499,0.07051638915146458169279917112044973830196346163437593649720512283077723791101177155488999743710167160,0.07078113310369404211354814786064509514375894528646063082624563559213781943704399657583171999214255326,-0.01141787929539451441633479926247896374716885168625487169235284491330988804585768795403643405886051232,0.05506051505535839036414561537955224391212966483386447588916474468054731807367935380006638765628392890,-0.0005576828294452360386661701548450831579787124739749734017375352629691556959155449544905490242409951461,0.0005863594911179211085494541014809422556298711910856920376034473355489853420124223558926708733468435207,-0.01197556212483975045500096941732404690514756416022984509409038017627904374177323290955649460099511325,0.05564687454647631147269506948103318616775953602495016792676819201609630341569177617243124281592846495
22,11/16,23/32,45/64,4,4/10,5/10,0.05349528377680919594775913428311029147015783301099502360261698695714939944474953568401261048803860631,0.05349528377680919594775913428311029147015783301099502360261698695714939944474964492753879721433551862,-0.0005063016892841546511119961290763525079002896030638910408909931119772797439258234945134055151931155416,-0.0001394004607909672709061025690293673860876041500319229548537719977775545685423105248430181258965399734,0.05298898208752504129664713815403393896225754340793113256172599384517211970082371216067288247182452882,0.05335588331601822867685303171408092408407022886096310064776321495937184487620733440398266848580598587,-0.005014362166525983612577838510754436835932538256394168224415300687039446749407976482825563454727553281,0.06198995666586789960622940212430567906804684232033792695694939236249685337494582559549202010785691402,-0.0008723458129816562263140680525919693251634568423837933941017579216956479243551487278972096728522211289,0.0006948198687673292163075742949015650362007319283813773349796822730070399823613065180282616944446146028,-0.005886707979507639838891906563346406161095995098777961618517058608735094673763125217929353752835014895,0.06268477653463522882253697641920724410424757424871930429192907463550389335730713212690393153491840381
22,11/16,23/32,45/64,5,5/10,6/10,0.02837365810069083897834299653866175426562912365159693149742084345367144872714290027407310040255976764,0.02837365810069083897834299653866175426562912365159693149742084345367144872714300474066584410252584392,-0.0006985478285806770429878551418274938931340344351342092461215484018447847523782410670496008687980569270,-0.0001930979715965774230110747242913154879052630890449108225989626781397190998727656505949359514881383920,0.02767511027211016193535514139683426037249508921646272225129929505182666397476465919672838435482565287,0.02818056012909426155533192181437043877772386056255202067482188077553172962727023909290206482524512143,-0.001504393789205609850882637778606374413805137453107242086917146775766565763389713611325231601152488609,0.06770792815976129615970501557620539109393359729407048605009167964069301534897492389117294447072744345,-0.001381301685634040011200208639603201399855650624927113762115251078025332622968760750030097024359094629,0.0008201049830817434021202665258382553544674725035890263766543999162368847013360775179747628531782851645,-0.002885695474839649862082846418209575813660788078034355849032397853791898386358474363414351661298794805,0.06852803314284303956182528210204364644840106979765951242674607955692990005031100149974472089854303757
22,11/16,23/32,45/64,6,6/10,7/10,-0.007380291939410071375348016682961778703558900203056787238763069719600978442584756105807541691855216552,-0.007380291939410071375348016682961778703558900203056787238763069719600978442584645676284086352124441501,-0.0009809396576448605881267855935728150315558695082625637845824975251478184002728950297510131651372090964,-0.0002751937108797401780667015046515218228194031719500379844279751638543389831650278184015599700340358471,-0.008361231597054931963474802276534593735114769711319351023345567244748796842857651137617577892779637216,-0.007655485650289811553414718187613300526378303375006825223191044883455317425749673494685646322158477348,-0.006642209964129084237507142036973255256737594130232964867889821836926395646241686822599857835589483615,0.06858747090563262622714885553469015741241302959067772203750020384115073681427913808140098979550423813,-0.002237157171232316270169977643988266795271041514315247861837028081912250962923364081481214531687735525,0.0009776298806276856015518854514418080728766500092562251293653612198284088066464069425399970573688852895,-0.008879367135361400507677119680961522052008635644548212729726849918838646609165050912317164510426065410,0.06956510078626031182870074098613196548528967959993394716686556506097914562092554512483311560644649021
22,11/16,23/32,45/64,7,7/10,8/10,-0.05810099075258595580227874478331206515790213296397488218496935500371042988825935562841921443342515685,-0.05810099075258595580227874478331206515790213296397488218496935500371042988825924638489302770712824454,-0.001405014789509639249617702630321069932080799257547037506497718824033117942449291722357338641169409279,-0.0004036248747272365575985899384826904829729654503607700596046924249955979596977835694062092148369429089,-0.05950600554209559505189644741363313508998293222152191969146707382774354783070864737342580646825389337,-0.05850461562731319235987733472179475564087509841433565224457404742870602784795702994503363326092273540,-0.02731652076610399331287468731288768031166226809221102125242762007234708791769432103862883719441218427,0.05552379765890774835851749458706666863888307814705430730049551037864749393578500604630360922026745602,-0.003719273092954284140351785394338643170247530264073554983344628671028446536438094608009409410889780262,0.001147090249937804226116170740264211067953002357889025388246516632074804534706988469662974909670153489,-0.03103579385905827745322647270722632348190979835628457623577224874337553445413241565075629267687638766,0.05667088790884555258463366532733087970683608050494333268874202701072229847049199457567825216776674496
22,11/16,23/32,45/64,8,8/10,9/10,-0.1303478922661003508517337601535875937618131121925997215877844516154988317840318098940382598372468487,-0.1303478922661003508517337601535875937618131121925997215877844516154988317840316894494267584285190105,-0.002062465298198565855129281409547145481568808423146251021078357581256660242048544690526894801225103803,-0.0006059556491392370027273940928824014749047230588592718221869743301825035551304955019223702303968004865,-0.1324103575642989167068630415631347392433819206157459726088628091967554920260803548234118267897884943,-0.1309538479152395878544611542464699952367178352514589934099714259456813353391621848030994700822365781,-0.07885709283819647853137703851159303776562234681877974387941023314770750792133708668009912578630222721,0.01302431845103362429388126349703978110075252413616416888608960991397178630174962245490630818340175552,-0.006431774758122881546716882954916270060688427157900673733104487140697762857947521681765811245710722029,0.001315340344971844306589109107208609867932657719617439217399641255865539338393468996560936640476107875,-0.08528886759631936007809392146650930782631077397668041761251472028840527077928460839480930560460833432,0.01433965879600546860047037260424839096868518185578160810348925116983732564014309145970333696702670967
22,11/16,23/32,45/64,9,9/10,10/10,-0.2342913226033179683916619518398895275281646776348474684342506093274987711175072913768623341047254124,-0.2342913226033179683916619518398895275281646776348474684342506093274987711175071598629429923039481887,-0.003130600021457330906313083139499754342962109183196759709001898111308968827933587983016963603952240317,-0.0009294535073938296044971302546687582288379280095463229181248212326839111470320974656833428602960528914,-0.2374219226247752992979750349793892818711267868180442281432525074388077399454408794298860809254428460,-0.2352207761107117979961590820945582857570026056443937913523754305601826822645392572421473676611813557,-0.1907360716696281431289312874900822699369109071755425131058301968696375764920885122122400390328891902,-0.08702931352958753262769996217618610548585896695078909848201437136541445353679779880198227086872903527,-0.01168824410901824382577106447971850721268208744493683720397158716463831726036665788617110305466001840,0.001471504254852076995013018825734727277469051318646194875087108975021180262933420756634971121875920335,-0.2024243157786463869547023519698007771495929946204793503098017840342758937524551702796051692368238266,-0.08555780927473545563268694335045137820838991563214290360692726239039327327386437801034390813847051829
23,23/32,3/4,47/64,0,0/10,1/10,0.09324010443589792322334000045390831165660659032543799645704861389250484228814792600252389472972297596,0.09324010443589792322334000045390831165660659032543799645704861389250484228814804038537157878089996014,-0.0001575152169289450968772674886197514845358166603942155185715222059052153509890811433404501138636478477,-0.0001183131393451137850329492844014802083969297794393898976364983203973935638957688720667880822445067785,0.09308258921896897812646273296528856017207077366504378093847709168659962693715884481259804843117366640,0.09312179129655280943830705116950683144820966054599860655941211557210744872425227156786890114701655989,-0.02692776955756717520626617886514888473154103948351051649019880106781406790295094990047578997487337015,0.04217352715699312972044035244876115498960017365503660472055544498634610459879237107987669163285017272,-0.00003870642479205383728036091819210684195913116632120854285740813029193364562367837006085797254493504564,0.0002504012946128071023267086887479416436031693733051927083001561481659826845339560580990047593186607337,-0.02696647598235922904354653978334099157350017064983172503305620919810600154857462827195222628452201314,0.04242392845160593682276706113750909663320334302834179742885560113451208728332632718327420317948748793
23,23/32,3/4,47/64,1,1/10,2/10,0.08994585670817122972457731531312677425855274469454381158595062129090318399657773686466861756103793524,0.08994585670817122972457731531312677425855274469454381158595062129090318399657785757283506755052885404,-0.0002080525109520723624325658994633902864434299683981601587171070871610431954861230763650896542805078129,-0.00009882265909484357437685011335184972703025966513778639594566346101022069057636650119810128216029956676,0.08973780419721915736214474941366338397210931472614565142723351420374214080109161366476214575952473340,0.08984703404907638615020046519977492453152248502940602519000495782989296330600149119028816870560662103,-0.02439737814385942542028639323778780913996073579494606720084098529178355687630559847817191348235091219,0.04468439045854778983151091133869266479779784160584221968510299059406253241333142375937823875437899908,-0.0001751799802135172155948945386030786144228583557897645458063223689594392365464859356634671926862164731,0.0003668243960801590221867128038466549049735918962685803951944699543461942228214058939408087018178929559,-0.02457255812407294263588128777639088775438359415073583174664730766074299611285208444034530226079747759,0.04505121485462794885369762414253931970277143350211080008029746054840872663615282968214536995721785397
23,23/32,3/4,47/64,2,2/10,3/10,0.08298612916445017802160555286948522054890389337783775575751225453049233566741844648832520958022816270,0.08298612916445017802160555286948522054890389337783775575751225453049233566741855784029098495262971988,-0.0002793413483361343127118157031580517040445381581895698529104824481162840327068528116075075704465844918,-0.00009297353020726202849898535095555052807961158201543006277053212315659130343035304874142678569813365231,0.08270678781611404370889373716632716884485935521964818590460177208237605163471159355420583138044248995,0.08289315563424291599310656751852967002082428179582232569474172240733574436398820491560569607311108315,-0.01953320854130932738924230568463480068952054695291395425838966833023345315092793783018402434469611933,0.04948606101134414481303353821855840955001874442669809744749508426773437029870429241885768243393430994,-0.0003469385832132022022491484272510969222919499065613285465185431475732136020110659667620277160108410625,0.0004879284726074363150182269513763258631766023862799939984421813553539366784800802457227756780405739182,-0.01988014712452252959149145411188589761181249685947528280490821147780666675293900380827067875753662401,0.04997398948395158112805176516993473541319534681297809144593726562308830697718437268053788663932577351
23,23/32,3/4,47/64,3,3/10,4/10,0.07157119297216558594557899586233964717289290737588587674312222836449515764514512033224817209315169537,0.07157119297216558594557899586233964717289290737588587674312222836449515764514523247487879320784249438,-0.0003773985530936294966094663796020385470014520757766137834142075132377396375485518487130578264570648681,-0.0001035961321175288681769252571171907713158686292601266809563091012455519988757858120788136302055085453,0.07119379441907195644896952948273760862589145530010926295970802085125741800759656835896422060156833069,0.07146759684004805707740207060522245640157703874662575006216591926324960564626944669818943800522968465,-0.01287899922074629311917281435888224354067597791468468198730418481037009173457525399264658347241598636,0.05587229333237850777156545700773006083053743901908116896217240739224388699989140195204527279005046886,-0.0005698317301328918469900746305874828443626752015620971040883068495318010741945041992338670569149387343,0.0006093860018787667010881206592095562700672132360313370560306125687464988268244311833216673870435026638,-0.01344883095087918496616288898946972638503865311624677909139249165990189280876975819599849660090534823,0.05648167933425727447265357766693961710060465225511250601820301996099038582671583314566205535603002936
23,23/32,3/4,47/64,4,4/10,5/10,0.05438805235561066406812037103310999016609337485462356209478572221395870954562158162589944210442458277,0.05438805235561066406812037103310999016609337485462356209478572221395870954562169488863859468735847436,-0.0005153239583972696213711318128039504644952499842706446154784868381797744708882860224493344665513868408,-0.0001350745947826785162564699022904607219789365452325719331865049416400115593374926310874272393641034127,0.05387272839721339444674923922030603970159812487035291747930723537577893507473329555197453174319290675,0.05425297776082798555186390113081952944411443830939099016159921727231869798628420227942828720323349385,-0.006183842985569177523449467817817496428977147297671963448833523390052734733433907503747463305719603018,0.06310182125234055729471264419197034667321527076052968847562907327440048152833743982512421522862485684,-0.0008904918805504691416207796319468076702151050357427947444200354126136408169301200138365580809709480873,0.0007270081700966044221246914343414175864274786672287972843544700249910409773491131057374458939222399728,-0.007074334866119646665070247449764304099192252333414758193253558802666375550364027519643044422477762672,0.06382882942243716171683733562631176425964274942775848575998354329939152250568655304616695112663094458
23,23/32,3/4,47/64,5,5/10,6/10,0.02941429178923488209251782827496627567579600770590505880643833469013801435846109761836634324360212120,0.02941429178923488209251782827496627567579600770590505880643833469013801435846120162373792692723280641,-0.0007168428039140085872638141860130266338401805355059804042276574902558448179458614372519351820789090991,-0.0001919775047049661423390483063928366398555599991226249964770464302393911688787217146185473802408042973,0.02869744898532087350525401408895324904195582717039907840221067719988216954051523615331759707839585594,0.02922231428452991595017877996857343903594044770678243380996128825989862318958247991220791410067281947,-0.002050602009596523374797468821686925708042067145002416794222348120380215753327418185014717961149355284,0.06909657145327616935125331650450347452897829158031704930019133671517312430069712703730040556289318634,-0.001409688715895213921700093105048659505019483099585291324612761801539447694016585615034837107638537450,0.0008582686375917451012061037427116044309978387588883315813322043053756005747387700495628621585605001359,-0.003460290725491737296497561926735585213061550244587708118835109921919663447344003800049555068787892734,0.06995484009086791445245942024721507895997613033920538088152354102054872487543589720937513835079277473
23,23/32,3/4,47/64,6,6/10,7/10,-0.006395389398485802527168514049023373885274983196899819165507090065234604924348849581578921235147058840,-0.006395389398485802527168514049023373885274983196899819165507090065234604924348739753290192345282061427,-0.001015952597219602816598326247638811253627601913787297790522517338142583672283523203419079556634273497,-0.0002791822895129106136884083935095696429322102432135624046332081579904151247812022765469582060709838575,-0.007411341995705405343766840296662185138902585110687116956029607403377188596632372787057023827568543904,-0.006674571687998713140856922442532943528207193440113381570140298223225020049129942024689592961885016367,-0.006425484166112255504030178167937122560689970873206347407218968831449314759483355318510802971983323634,0.07037853935008551436016948896751641144479529465244458231992435434644554954519042608329976164036570395,-0.002293014853574451449528416190124687830637112392485192927122949092127308274408623356288650441429140314,0.001027474326020532141513648324887272729463161606119689762637536275598849018573365906998629649879240290,-0.008718499019686706953558594358061810391327083265691540334341917923576623033891978683035545556561310217,0.07140601367610604650168313729240368417425845625856427208256189062204439856376379210148563522275436887
23,23/32,3/4,47/64,7,7/10,8/10,-0.05763570966078529907022241840935457657888383952383648602209254976371850713651336344938551885591479367,-0.05763570966078529907022241840935457657888383952383648602209254976371850713651325413997059498442711121,-0.001471755428765064613335522804187602521257331894203869367776174385981832454482899785824531822100339588,-0.0004169880553449013861753724190919853161973600389183044336103382152072655167921575862207255264406621053,-0.05910746508955036368355794121354217910014117141804035538986872414970033959099626324344614282116397953,-0.05805269771613020045639779082844656189508119956275479045570288797892577265330541171846998412666572994,-0.02667493373652735775996844209269618217212789271788847262920886679185870274946881354718191381201839092,0.05791147726346923913338161401224030569878202477418365705059474119052257250276076779081288756990065456,-0.003853008255760249298242725350162332479809021160755883092256726145604859539399002009198122548375082898,0.001218149225237031515365254550932362867801604545849275307294299335136103202595155305812190078859652732,-0.03052794199228760705821116744285851465193691387864435572146559293746356228886781556049808243196789696,0.05912962648870627064874686856317266856658362932003293235788904052565867570535592311515628497084521139
23,23/32,3/4,47/64,8,8/10,9/10,-0.1313532858670096345195505185320943932797155855116331535225142268419804252734962424608715206371998404,-0.1313532858670096345195505185320943932797155855116331535225142268419804252734961233340347621322874053,-0.002189498833117334764124733297414799930975501662613200224233974126493972583188414389579914357445379468,-0.0006379664351970462866903722839894387155132869689512446885001968647206522181132102560627568388863721781,-0.1335427847001269692836752518295091932106910871742463537467482009684743978566846568545694810662196430,-0.1319912523022066808062408908160838319952288724805843982110144237067010774916093333625754735166868993,-0.07857303751376478036430397981256415859249008197679507924961173318000423338044212843228484015759841426,0.01529269217423291118244042761546118164737349517850227189291862712621103548747623806838211593339144683,-0.006758956582863787655015521436453752763724983757720143319473727486048320109249284309539346937357993830,0.001402354301935481369271181762686016728020014029550124595934744231686420384939563723700203429252970914,-0.08533199409662856801931950124901791135621506573451522256908546066605255348969141276653246352440294690,0.01669504647616839255171160937814719837539350920805239648885337135789745587241580180855450364894211028
23,23/32,3/4,47/64,9,9/10,10/10,-0.2386462010761675111769296448928023956491407209353975261951810327047544713469617366208685689264961870,-0.2386462010761675111769296448928023956491407209353975261951810327047544713469616066882789186102974469,-0.003376783667470089978474731146584415319088580641615590951063784441764706391582344605494467346862352912,-0.0009997871381245138700736733702805356041096396882643560449019538375982079757089931940675628725161218952,-0.2420229847436376011554043760393868109682293015770131171462448171465191777385440814528555702099518123,-0.2396459882142920250470033182630829312532503606236618822400829865423526793226705996805622239756668352,-0.1933320846347260365768077672367026211537340717772560568332390652253354009511467550901017448570469106,-0.08771564276013106740982184447512951937318502806190911758838550245761197882065407304676525238245535077,-0.01251270098720909263051226467802043724962243882745707964322278607872000990292510952036736413063677683,0.001566883426032736779890697775200056725319205452183483663853147359587765497018591934643527295191087592,-0.2058447856219351292073200319147230584033565106047131364764618513040554108540718646598856618465767651,-0.08614875933409833062993114669992946264786582260972563392453235509802421332363548101122959633369089638
24,3/4,25/32,49/64,0,0/10,1/10,0.09347452747230988480067929528642252548952940010521201980367993363565920745011407169653004270631481681,0.09347452747230988480067929528642252548952940010521201980367993363565920745011419965245757866679045234,-0.0001547330632001048989668710850698457063159354566708907771989495038687590151296442545777527286316593809,-0.0001144592035714420280886351582846148593842986125918687582077234002796481956450144481220689983512170584,0.09331979440910977990171242420135267978321346464854112902648098413179044843498442734800936396989162968,0.09336006826873844277259066012813791063014510149262015104547221023537955925446918524487252568549996302,-0.02869885818619293563989450581499558592836600728184823873547352056105045928957475338627643276651774468,0.04269759396151463937889334677451935252013997336392365798950361476947365468058468802694168382424326391,-0.00004085667260447264230253024106746782782286311003291363742234361900765042683089586958330511511827657851,0.0002556193318582764178648447042182028551857976440724090293852127802136266867183821945312699052515659592,-0.02873971485879740828219703605606305375618887039188115237289586418005810971640564926094295100123569982,0.04295321329337291579675819147873755537532577100799606701888882754968728136730307026883048355260069592
24,3/4,25/32,49/64,1,1/10,2/10,0.09025995858361414090601919562659266948387387779127090954072237657532054481322513091184158227140090935,0.09025995858361414090601919562659266948387387779127090954072237657532054481322525544155478668195649696,-0.0002066842052331059683524842819958698236543772131689764093699318573268454844599583696461574484853690044,-0.00009412458773218851342699496881853991093963734549750116288389643211911088122263590681351471348784732917,0.09005327437838103493766671134459679966021950057810193313135244471799369932876517252057568294714981889,0.09016583399588195239259220065777412957293424044577340837783848014320143393200261966098512185017205885,-0.02614089232272783675603890190128372196346895748011321880093698039784197072591086085604688344702456210,0.04525126953730906011944949230302204632742703501330701765246355814449494633069721490355603539868208838,-0.0001802272401725246927478241092384673573889566506760963241858134625037220239911197101255462128402228017,0.0003765422816760155954075730596227680498436938058907867145778584062531545622829904993337577121265968878,-0.02632111956290036144878672601052218932085791413078931512512279386034569274990198057672492271827424419,0.04562781181898507571485706536264481437727072881919780436704141655074810089298020541267015253079794021
24,3/4,25/32,49/64,2,2/10,3/10,0.08345203670330365548806290924187954694996429553183591000951050920506376584763208303973895787965375942,0.08345203670330365548806290924187954694996429553183591000951050920506376584763220098057844777113233182,-0.0002800708247071097534311725215326796807963014305297025076777882773449708931885956669778316747673921251,-0.00008776239108705892051265728419527378587388926678429687782016636104198859134069967824098881456092229216,0.08317196587859654573463173672034686726916799410130620750183272092771879495444348737224637044593956440,0.08336427431221659656755025195768427316409040626505161313169034284402177725629150134004331829942472135,-0.02120403107790757610858388817301236619500530286771666683696113145531131853171904987668277234010759622,0.05015012848336752759864253714811503840995879262064075723655816052598669377483190417401386472568968263,-0.0003553311345488792547770425829509586987626714974857821277754480916105074196095534322175698904938249532,0.0005033629347441413358374251764131436194222579051468869327586243629986312958245633946650361527113541111,-0.02155936221245645536336093075596332489376797436520244896473657954692182595132860333412337441899476288,0.05065349141811166893447996232452818202938105052578764416931678488898532507065646758721010820048594084
24,3/4,25/32,49/64,3,3/10,4/10,0.07224237277748999591102763432747900989220023570451974110702147550525392846787933367067862215483361604,0.07224237277748999591102763432747900989220023570451974110702147550525392846787945095263074059440448692,-0.0003812630638231598218816127841620117110839596995383319814119806869859601820214173586614086470891841275,-0.00009821445637658912103891936618635108676415909447522103088230909457923053392435732034323072565502378877,0.07186110971366683608914602154331699818111627600498140912560949481826796828585791630069258681091476829,0.07214415832111340678998871496129265880543607661004452007613916641067469793395509363421784396479997397,-0.01439427661453546413835603450827232331766299409423539234779198668149293970919970962650654335384036023,0.05671529631726006462227156841929248331402462082939977877327776217456230466418144847663040389822674028,-0.0005823814455118718901153522813230609049554803929877930231410724575710074955005303776387467663422507397,0.0006328569745690667820743007271344240202315700256126949580187738174713541845057439090562938229297397622,-0.01497665806004733602847138678959538422261847448722318537093305913906394720470024001649942833490588037,0.05734815329182913140434586914642690733425619085501247373129653599203365884868719240730643959692220150
24,3/4,25/32,49/64,4,4/10,5/10,0.05527982037815144888572950803282896297784187590822564153459141690372064261247955059518820846916218409,0.05527982037815144888572950803282896297784187590822564153459141690372064261247966346259493818095145477,-0.0005242308945756788213444545367483415958443662799236013946091688058058954982518507054974146985996960295,-0.0001303745569259994300725219060167099589221721840677671161505877526119748279163187048807738734145603014,0.05475558948357577006438505349608062138199750962830204013998224809791474711422769987733665555583921865,0.05514944582122544945565698612681225301891970372415787441844082915110866778456334481639632082747242413,-0.007399318726938387034430470076827904542282692764913322707385795276835147362813207626150964659783275485,0.06422642891113511870012149197421239515835612557428552906406749905234487000874922830715249750067131502,-0.0009088572725671930585096318628546185932835498503686942941797574465778271080086550886509452785525316522,0.0007601539139829459228789235369820898361470019127777118543728610842479036963053932317547323080857097582,-0.008308175999505580092940101939682523135566242615282017001565552723412974470821862723038002081484653407,0.06498658282511806462300041551119448499450312748706324091844036013659277370505462162229766275813909325
24,3/4,25/32,49/64,5,5/10,6/10,0.03046797789599239000237973120901144626571697481239140105675646638569993069505700207063919463049730774,0.03046797789599239000237973120901144626571697481239140105675646638569993069505711368615991858366194553,-0.0007352091968647010969830340152969058415014256653484612550472676083730941884001282589723797768756967062,-0.0001903167427670395350672249163571254008819983367648628975703373589932532496528677763419737458937659314,0.02973276869912768890539669719371454042421554914704293980170919877732683650665687380651925726415358211,0.03027766115322535046731250629265432086483497647562653815918612902670667744540424592731964064195947792,-0.002717617300058067251109591023702222552479431878661297648556123490378409297898536603671198840121236978,0.07049800904667909671011871104785552254157633085980346389887784393750812627622805772556362909760326793,-0.001438145287757433726170072948269131833801780644356314008480559560660658241051911077834564948747378378,0.0008974237332200684659081204122687597815833194546393017931860750931139255759397043511643473297488644008,-0.004155762587815500977279663971971354386281212523017611657036683051039067538950447687682832896230250058,0.07139543277989916517602683146012428232315965031444276569206391903062205185216776208187553401682016125
24,3/4,25/32,49/64,6,6/10,7/10,-0.005379159202389994805276294530537481672585784219073857736634812287499681271124974466914912180767897914,-0.005379159202389994805276294530537481672585784219073857736634812287499681271124856221340012992782013561,-0.001051643894806087232377849909945445911498458451583677613374774430842870327251574544253643848894485308,-0.0002827583793868667946700313008631377639053266425189428758172203093967498003189874952553420369875451638,-0.006430803097196082037654144440482927584084242670657535350009586718342551598376549017345625137024017924,-0.005661917581776861599946325831400619436491110861592800612452032596896431071443843714021576235035544265,-0.006212035947808235568309379495722673071707029435407391766237208551617691578284881324018303368691128429,0.07217436290076499393258269515517851218649414259151771239855391842568261880303714033661109617751280184,-0.002353706161667689300198444379920451333218510558653063294402954249179993254011924747302255734798433178,0.001080685516855071333325294977398234282729654800823482650673194198595929505446083012441485453845277446,-0.008565742109475924868507823875643124404925539994060455060640162800797684832296806071320559103489561606,0.07325504841762006526590799013257674646922379739234119504922711262427854830848322336552476591765577182
24,3/4,25/32,49/64,7,7/10,8/10,-0.05712277794499217549710647055440705659652510652120485191679802987314320809980436029548468128163405276,-0.05712277794499217549710647055440705659652510652120485191679802987314320809980424545141583721412167752,-0.001540516451832046502995914981607719346858471405211281641363175136641765310030018843740755601656223974,-0.0004302703347712701485736738785847770494295354459412335946350822849628309372776399438401105346088214297,-0.05866329439682422200010238553601477594338357792641613355816120500978497340983437916805175938431123868,-0.05755304827976344564568014443299183364595464196714608551143311215810603903708188536694438100665633990,-0.02600870402310602596700751659855871625391480449754713696942917796484082327976301425344329909313848297,0.06032211046033190740467530975092982842202169092583859032749265267775338799269321151982838478622954084,-0.003989329466289859013448570396785564582480150296323960661756927406385544869623107709514380499323062281,0.001292484301246579826831068925137457103303907773731915506651674964438073977855929171010104084616286653,-0.02999803348939588498045608699534428083639495479387109763118610537122636814938612196295767959246154525,0.06161459476157848723150637867606728552532559869957050583414432764219146197054914069907458101399467377
24,3/4,25/32,49/64,8,8/10,9/10,-0.1323180246426686253538319759538985103619298620445143521870975312404398297060638422177986801140530569,-0.1323180246426686253538319759538985103619298620445143521870975312404398297060637070141100581825927046,-0.002322844579046789906394760502306256288513693114105104997995497612153875327088702269123346280473721022,-0.0006709607868598801715259574419983400501070742213569089597456490523999108644715114469230270776288929815,-0.1346408692217154152602267364562047666504435551586194571850930288525937050331525445939912242554617794,-0.1329889854295285055253579333958968504120369362658712611468431802928397405705352183436687722203505382,-0.07823330155906575708164554514427150247443042033700051051931931246861093433917546373918863904447519927,0.01762197481100461476405900046530517310034689976947668231323113011510516285847658624203374830968658676,-0.007103669495226714002169888530334024525449142472169090154643798728740763249534554028488858201992630072,0.001499358183857963302764553129220034759573353145686272825929633893548116739673259528630104158876799378,-0.08533697105429247108381543367460552699987956280916960067396311119735169758871001777591358938961667562,0.01912133299486257806682355359452520785992025291516295513916076400865327959814984578713603675486107868
24,3/4,25/32,49/64,9,9/10,10/10,-0.2430521284024321189701935074530000522435854611249255046439476778891901541820774926301993897787503622,-0.2430521284024321189701935074530000522435854611249255046439476778891901541820773571629558192665269294,-0.003641552124640734099772323680911523468027248168954517009896592160042657398693622243803313339810713698,-0.001073199026248409711140706217466610735860132214076020655890798221816512831603762714488528627629276539,-0.2466936805270728530699658311339115757116127092938800216538442700492328115807711148740027031185610759,-0.2441253274286805286813342136704666629794455933390015252998384761110066670136811196653649752080734145,-0.1961296775726883798381099355575305638659076442492286989539393716359095789092024751897746080744020011,-0.08820563668266561167415903145050527735354456053890001395171137956543484314043727055599434601619256259,-0.01339810666520327221714865187054980266147789398805219084330173792091141011819459240914050362988115455,0.001672295515294883624213637052173098438429170632273720494801119178557904208629283553254741448154834732,-0.2095277842378916520552585874280803665273855382372808897972411095568209890273970677636369545672600810,-0.08653334116737072804994539439833217891511538990662629345691026038687693893180798698420839724595282375
25,25/32,13/16,51/64,0,0/10,1/10,0.09368966230772416134894578565442375305751743552466328178769600955318418342354033270160588818572570531,0.09368966230772416134894578565442375305751743552466328178769600955318418342354046210708564134039828419,-0.0001519171372496561740489357943835483547519090933818890509916609886342555095694203559395645242897097761,-0.0001105401809845193850167629502571386140600871527370323753884486320179922510537860278698493821448121667,0.09353774517047450517489684986004020470276552643128139273670434856454992791397091222392658667051711162,0.09357912212673964196392902270416661444345734837192624941230756092116619117248667618679974557813527641,-0.03049575649305598042944700656096001999455913010875728831584089922448150941046927865268046927410025878,0.04324804604487413405434628541508104041445881685613262072005703382431183641579560685642515651578769839,-0.00004314551012277203731281950906585461386991414752184523310523665724448928763723478765609881673608797494,0.0002608197535339060935468612871984794724840926922685145990528945775688059863050458346164263621284194826,-0.03053890200317875246675982607002587460842904425627913354894613588172599869810651346195630996660206821,0.04350886579840804014789314670227951988694290954840113531910992840188064240210065273428106662944756079
25,25/32,13/16,51/64,1,1/10,2/10,0.09055580581263213337414646088072433354232865440933690835580200982566712710887510093432256400100955242,0.09055580581263213337414646088072433354232865440933690835580200982566712710887522862669515138072210734,-0.0002052746320290561967691055621402627326984256200390624360626774355215290564414199545436735801666497328,-0.00008933925714044547936777707763453805608126113087876638338017962292044287141644037868696613448045408995,0.09035053118060307717737735531858407080963022878929784591973933239014559805243368093345087211563064242,0.09046646655549168789477868380308979548624739327845814197242183020274668423745878827194432803726798772,-0.02791263691391956094750213096841502064879915306649236973052439916303576107397614158977279141704959579,0.04584257204213664339174297127133768249354192950172234233319525006817107409586402130763883449089767761,-0.0001854389418330842541624963709325997559772639615799908210220311309165378013540891866548911926235500482,0.0003862542828156776888200918258927811711835947013864701270646725818549443319012873594836636388802153939,-0.02809807585575264520166462733934762040477641702807236055154643029395229887533023078517853051176879500,0.04622882632495232108056306309723046366472552420310881246025992265002601842776530868359468241607558555
25,25/32,13/16,51/64,2,2/10,3/10,0.08390227276153097313378108707599914392899951486358620324493509315803037730953771954256136903080999594,0.08390227276153097313378108707599914392899951486358620324493509315803037730953784354516467627983942234,-0.0002807456853627980957239290597345980059692720701403913855964879771270695140464566685442516542035609691,-0.00008239228098565155544425260503878851617859976328186197794737276087842532618223922761418359143152095972,0.08362152707616817503805715801626454592303024279344581185933860518090330779549126283592519121454302098,0.08381988048054532157833683447096035541282091510030434126698772039715195198335560432745954104813385705,-0.02290776512826178507860845825938454338007657919900423892690539463782890945199040779601362870604182331,0.05083461702453849867583596055991668157445125854306169908127332197524205704879529243237947395525671267,-0.0003639559485964891608488723487032697487468310610919148633611959717751313427206814303966312869821861607,0.0005195726488612502334656318640584270543788585508109984533904317293732752365961601596607433724693337083,-0.02327172107685827423945733060808781312882341026009615379026659060960404079471108924803000186878973093,0.05135418967339974890930159242397510862883011709387269753466375370461533228539145260439435554244931579
25,25/32,13/16,51/64,3,3/10,4/10,0.07290301251381764569286421392579144060250139094252196487317355967458785193380331398731916616518265506,0.07290301251381764569286421392579144060250139094252196487317355967458785193380343482726309044505511416,-0.0003851432760065825342322320916780871499253627258570228241021086966857135195534639261907389631615603289,-0.00009255383979026752580941773155456545932431740650678251266221093614631491182325496311934523112936148335,0.07251786923781106315863198183411335345257602821666494204907145097790213841424984993449851050110758335,0.07281045867402737816705479619423687514317707353601518236051134873844153702198017999373350752878338069,-0.01594841292362134530822088955818702314934821612649063650568913196027673454414217833950204866184363553,0.05757329435796198936362922995028507591419548127256052897814948071910112001919809157349370952759035642,-0.0005953686583052189649954717155270807340287731136257609154413251046727430817091553851501001664543600856,0.0006568042723333033799818282106178190634972102386926503748772987787819482096806855539456324886798355492,-0.01654378158192656427321636127371410388337698924011639742113045706494947762585133372671117186408520718,0.05823009863029529274361105816090289497769269151125317935302677949788306822887877713876396871309985558
25,25/32,13/16,51/64,4,4/10,5/10,0.05617005913398892184483366401855288578541974340615326487251828522671819848013488340701894984126300146,0.05617005913398892184483366401855288578541974340615326487251828522671819848013500292918813121732005751,-0.0005330146861877507273097871981493675307646688681283054055585680987735213897949883393315266982427998452,-0.0001252896174982855340887426641852837989619452100148437298763122761226089169153732864213185149414017013,0.05563704444780117111752387682040351825465507453802495946695971712794467709033989504812670430304169173,0.05604476951649063631074492135436760198645779819613842114264197295059558956321962968832269736917071174,-0.008657339924907697417114902059284219516260073277870244906471810934213801585570080592736957354923877368,0.06535953804341633245106894453156086307419941104820250705530523454419868271121639675370131138319882553,-0.0009274802372789560380422495189358156923949098585467716029132714834456636344958685809346913776096405924,0.0007940871226912899270651063053742275060313870294665562198219962372017315422214907798198421364528081797,-0.009584820162186653455157151578220035208654983136417016509385082417659465220065949174701160250427123744,0.06615362516610762237813405083693509058023079807766906327512723078140041425343788764573790897005466412
25,25/32,13/16,51/64,5,5/10,6/10,0.03153418546783561124387339494761623783575578774774340650153705961877663422792028294410309259638121314,0.03153418546783561124387339494761623783575578774774340650153705961877663422792040312515964542434597071,-0.0007536668358615710197329681830080419737430226671093762235559740302185701174810776925358016048185885331,-0.0001880071509634042455973302786373216661936762436599822415183595399408718896621021337645992755448125351,0.03078051863197404022414042676460819586201276508063403027798108558855806411043920524744924491998820147,0.03134617831687220699827606466897891616956211150408342426001870007883576233825830102691319351613055771,-0.003465785585028399290415723990073655164107895913611244541208169229542026654877292469847037532537605695,0.07199273864154974713188769070051729516581642240671649255018664399993348957686115616187585285652048702,-0.001468376632813586554692651332957337165792354845325512362856688688845351201467059365568821242393103268,0.0009410754560678089203580495501883566589366544475580577396216596447321596561543885653648180523988113259,-0.004934162217841985845108375323030992329900250758936756904064857918387377856344351839533904846505132097,0.07293381409761755605224574025070565182475307685427455028980830364466564923301554476327357403519550077
25,25/32,13/16,51/64,6,6/10,7/10,-0.004331778338961344134711999776984514735080129933033997957465544608335502373154794603086960923333220835,-0.004331778338961344134711999776984514735080129933033997957465544608335502373154673927864879506437687120,-0.001088122339560061419914046769065795459917317395675436405160631490963119174407185708340237322068108523,-0.0002857586399962172860422702386339043049817858075725645583311659376437745233860155455487729424086178163,-0.005419900678521405554626046546050310194997447328709434362626176099298621547561980315545244316975752493,-0.004617536978957561420754270015618419040061915740606562515796710545979276896540689467236583341484670235,-0.006003126771745839273286522962939794727183826220177957477348009676257457686758649892401387552759957080,0.07396532285593587291295807195211216097296764221400996210640092584543452043861161495548703798299845664,-0.002415236473534794162801765600986961589620863738213985936480584031110417384507379231505420780568022705,0.001135825561853817328103503001667535652994374230006796526663027967554173920010547622486040950525121524,-0.008418363245280633436088288563926756316804689958391943413828593707367875071266029123906808333327979785,0.07510114841778969024106157495377969662596201644401675863306395381298869435862216259856330929139569384
25,25/32,13/16,51/64,7,7/10,8/10,-0.05656146874513786479223192961054267018742319788587488359502816771543362122090960273091587551033324809,-0.05656146874513786479223192961054267018742319788587488359502816771543362122090947912364499113244844260,-0.001611317292970191750947837431564292820602858342558005216827903939046628246933868990123460165517184953,-0.0004434401440455276768071530300743228754278644804142519938284475051250139347473405704855362556869624606,-0.05817278603810805654317976704210696300802605622843288881185607165448024946784347177869198067789235692,-0.05700490888918339246903908264061699306285106236628913558885661522055863515565681967920261037867812120,-0.02531790778957106275744908274180170121928105556097413390920714778218976200044971671694093381827092629,0.06275408787874988099286124308777793448616166118392713078413392713941164710097010889626306686992292412,-0.004128557681685785189887914157564800530765214391754535108725215859623227706001235638826247377279586898,0.001370288263299917476811934723386501937918330625923354355817635255783490991966286330963166572621339585,-0.02944646547125684794733699689936650175004626995272866901793236364181298970645095236400327333869935945,0.06412437614204979846967317781116443642407999180985048513995156239519513809293639531576422398139436109
25,25/32,13/16,51/64,8,8/10,9/10,-0.1332402790339656760180222771474793471960093336401013657275856294291058298020884242298687858374616911,-0.1332402790339656760180222771474793471960093336401013657275856294291058298020882932430593411982106286,-0.002462770159445080912810511058323441574115104742404974308832693502480246586001586592087863050587747732,-0.0007049297949580093086614038732696337504718968283874357630129280800162012941747123638260770001021059678,-0.1357030491934107569308327882058027887701244383825063400364183229315860763880900109702063074647286717,-0.1339452088289236853266836810207489809464812304684888014905985575091220310962630054895211051584416752,-0.07783613412887859654825908946483190599429566961826196397969121555109003080626255498195985365250149112,0.02001244886931952982213728652364960214535268732211601747697647716110704176301081115947199875163788875,-0.007463123514339726159937047919471044545903250214361489033897621993952905157078266007246813492544846187,0.001602311529517776388281754316029407899250772521000088042621981706925988805996941536219042404381881354,-0.08529925764321832270819613738430295054019891983262345301358883754504293596334082110451195714913018507,0.02161476039883730621041904083967901004460345984311610551959845886803303056900775271834029454967909734
25,25/32,13/16,51/64,9,9/10,10/10,-0.2475090302077330913746870267213110287425145505121314197952547878065947264318091840027129297379880044,-0.2475090302077330913746870267213110287425145505121314197952547878065947264318090445821451305143183624,-0.003925914777428280073581383116746128894426522461136050945805334750915174930088412329246629504239143910,-0.001150325074008939081911196503223159543348220024717479799754857411500902212423635639263570695228659438,-0.2514349449851613714482684098380571576369410729732674707410601225575099013618975967108197978270740767,-0.2486593552817420304565982232245341882858627705368488995950096452180956286442326802214087012095470218,-0.1989617422920628125590437754307289792787941138186613819830437798338723369523118359981483908665133521,-0.08866103021597969565110414754142889394297007732303252355936058402327556804612812465224421347171136753,-0.01435985188444571052268699936841958524532387502859631987316880085765095260403483841952843815065018130,0.001803646682187883580397053180096624431524259952947975904679123756860422494358517336900382796901761474,-0.2133215941765085230817307747991485645241179888472577018562125806915232895563466746318152247390335364,-0.08685738353379181207070709436133226951144581737008454765468146026641514555176960721445170192123623926
26,13/16,27/32,53/64,0,0/10,1/10,0.09388552731511549829325973114261607819074691952271480320361522623820082562334626347139571000223293964,0.09388552731511549829325973114261607819074691952271480320361522623820082562334639867508433193369329191,-0.0001490696192601807699165099809971469976021276982758106362872424743224810340572175631027818845004949797,-0.0001065674932154910915474949683834262357620910768110454510209261922523933237467310806565551602448573561,0.09373645769585531752334322116161893119314479182443899256732798376387834458928904580328275329258465473,0.09377895982190000720171223617423265195498482844590375775259430004594843229959966759571466617081544178,-0.03231835732692171394300815558179492482993685820710145312207049474382845607672456617638586112566893295,0.04382558853194833635420703961319627615561733238185502884431545391191229599385631208664601322861735944,-0.00004557403344517249484192638702127283936284140071686786656658507782037390573009408815712242444315098974,0.0002659689564971000613472288979629806552646793712439532374712870112262912730845202304293757711316283632,-0.03236393136036688643785008196881619766929969960781832098863707982164882998245466028642010330535120684,0.04409155748844543641555426851115925681088201175309898208178674092313858726694083237472803400179091169
26,13/16,27/32,53/64,1,1/10,2/10,0.09083334490844861354991956560513690925923027688146655473893340659968213259985135214072245194136004249,0.09083334490844861354991956560513690925923027688146655473893340659968213259985148194153462796717724228,-0.0002038265069104336211130968489648767075186567401778967835781629289749795397062606302031357220873777145,-0.00008446936739321926685057353621803349358721926990385110825835965670116477932733729586776183053744603453,0.09062951840153817992880646875617203255171162014128865795535524367070715306014509146702245458826782041,0.09074887554105539428306899206891887576564305761156270363067504694298096782052414467088989832503313794,-0.02971250185741155475494051343806581188351774608946929451715522804131159704093262485470365640884025055,0.04645898511461897461531764451585726735325533817909120871128366526286204076294137860408698740130092315,-0.0001908280725753674673951821853864250468039880201518838916764065710178399663873903534961356375447860803,0.0003959572175930023581271444055408272104143083285978719269212358844702466109209517586484297836268865583,-0.02990332992998692222233569562345223693032173410962117840883163461232943700732001522467197633268272917,0.04685494233221197697344478892139809456366964650768908063820490114733228737386233038847320513226795430
26,13/16,27/32,53/64,2,2/10,3/10,0.08433664659573650295195571060977122067473935040144081328430116781529559391717364226050227212073664026,0.08433664659573650295195571060977122067473935040144081328430116781529559391717376968931991091968611457,-0.0002813734533750103780524569809221129909481522916169288664033019706429883335785315728853066771723681057,-0.00007678891025666248431379475083180351938526023899289456910405917841168564462392220080283263709234282543,0.08405527314236149257390325362884910768379119810982388441789786584465260558359511064180370289729881478,0.08425985768547984046764191585893941715535409016244791871519710863688390827254984760124858949194360505,-0.02464431342886781967630605460537118052971435868678900629447238061173098186323814800377577702054118779,0.05154011244482703829823537850205657767288293501302620217418370515690829951330355836770406566315034932,-0.0003728276148231230318774977068842750414819925267487961370121793162292805810054006699235948677258416528,0.0005358922193546509463138365339954414688938502387654608652496871354903218303012788565952893699783268377,-0.02501714104369094270818355231225545557119635121353780243148455992796026244424354868142070827246907282,0.05207600466418168924454921503605201914177678525179166303943339229239862134360483726033225815940487859
26,13/16,27/32,53/64,3,3/10,4/10,0.07355274162065581706327232175029556375445001460560631201221673324798901327795315976650563291940573613,0.07355274162065581706327232175029556375445001460560631201221673324798901327795328218777924868385667888,-0.0003889784817572389093914719180932612981794480293638135477281557710739708304016455712310759051613281415,-0.00008662187580643467104090990173873905351032622088928071554663831677240040200593128774427374226632377540,0.07316376313889857815388084983220230245627056657624249846448857747691504244755151410673656647539431060,0.07346611974484938239223141184855682470093968838471703129667009493121661287594735090312350949527117246,-0.01754143698636863175408960106300708799385276442347707112098322433346433779042872915306839574645447292,0.05844671376581862785253945626799079038615010343903545845175263513694361303696814705786355735130256302,-0.0006086879576494154689469706410429257243422377343447128469168299973615310500878317313762853970011925005,0.0006811007453448699069989429672835939872384475238111769775803353979582727629479273508091794615159114236,-0.01815012494401804722303657170405001371819500215782178396790005433082586884051656091533002668026383892,0.05912781451116349775953839923527438437338855096284663542933297053490188579991607443544003627805222482
26,13/16,27/32,53/64,4,4/10,5/10,0.05705823569625198362192548975946447344262464952694930162507475501352275012128117988816093136140651719,0.05705823569625198362192548975946447344262464952694930162507475501352275012128130389076423861043594359,-0.0005419420110251609507942814895877989559191693106199243650869760817849873825063325670989784328174487627,-0.0001197852846615971493779089620364189978966019967985611792192781255590130254769425588632951095155789577,0.05651629368522682267113120826987667448670548021632937725998777893173776273877484731797341837490825108,0.05693845041159038647254758079742805444472804753015074044585547688796373709580436133679112321091499210,-0.009958108982238417614027963744920007204840781121775034391130720765392997692228225502053128546568638841,0.06650114454364602831445204177409896648130501615986688476160865839324394335135344060710777092830218418,-0.0009466977875627218540795187838819896622493431540420201569054560510659489877200243886241922718997977474,0.0008290651244438941725553629272794434500591137379220127021277984864500999290851955979566642907039876001,-0.01090480676980113946810748252880199686709012427581705454803617681645894667994824989685438992583007129,0.06733020966808992248700740470137840993136412989778889746373645687969404328043863627507121843577136507
26,13/16,27/32,53/64,5,5/10,6/10,0.03261236362687894608480973251403074894476584807481200816786253623105769261410350476208087084223030092,0.03261236362687894608480973251403074894476584807481200816786253623105769261410361782715381198959188206,-0.0007721131994090185150148198447668597928936427291987740998163576206323849599305810815639626255221072056,-0.0001850011415150706845605325463712799271940276370921038969251680181747369997455022731883332402149754182,0.03184025042746992756979491266926388915187220534561323406804617861042530765417292363727742446517675080,0.03242736248536387540024919996765946901757182043771990427093736821288295561435811558433606852723827725,-0.004258391379448115265725645828875955026314149099144873775600140212216258553759233688322075898922644940,0.07352665847877758096515449587560011681350015679421623891572887585288655327415191080861926912868200791,-0.001500090333869942782249482848192857859422126469662729499545840438155687472591522448190234420081126315,0.0009895312428174330268112715883902732466704792527908964289457970464910624191718227425102716605783644706,-0.005758481713318058047975128677068812885736275568807603275145980650371946026350756142689379426365405957,0.07451618972159501399196576746399039006017063604700713534467467289937761569332373366849385382913143171
26,13/16,27/32,53/64,6,6/10,7/10,-0.003253458455001422370759493725067838226811750879578977214834573055123682658538501689730226706990683586,-0.003253458455001422370759493725067838226811750879578977214834573055123682658538379680261218099982054290,-0.001125104248280281512059939877684716304150592243094188739861897711750578911037686503136387148943766141,-0.0002883345747553532246347742941235880484894867199240233812571873652235706191047209074573007318815425360,-0.004378562703281703882819433602752554530962343122673165954696470766874261569576188192866613855934449728,-0.003541793029756775595394268019191426275301237599503000596091760420347253277643100586689007313969991042,-0.005813440590196698296228471472630974923841245408862178413089296918620630519941689590601838808245227342,0.07585984892479503837140420029989130912185261095054452817430862051079621610906227424527584480494181766,-0.002477266205675882487307148167147261558568304116188176773637278608079126482373038975785080989942107675,0.001193619948912761848566187170162281307474232708070321001663129202525612307204180050685488552164093335,-0.008290706795872580783535619639778236482409549525050355186726575526699757002314728566386919798187335016,0.07705346887370780021997038747005359042932684365861484917597174971332182841626645431243351764340360353
26,13/16,27/32,53/64,7,7/10,8/10,-0.05595108240585499908658761202518692460943821512509739892503241521202999436788074317416710166746961596,-0.05595108240585499908658761202518692460943821512509739892503241521202999436788062674876856611537875706,-0.001684175508441484490257384115393363854590029157975905251378881670075642377165236439225634780961566643,-0.0004564514466134065065615807262188714431111766730034388060254401094293026451350196007015450916467220526,-0.05763525791429648357684499614058028846402824428307330417641129688210563674504597966692733537889868335,-0.05640753385246840559314919275140579605254939179810083773105785532145929701301564628975844316919634366,-0.02460267207785372990885076235467027633330467506195001657634733113179314373834923251910596123964565404,0.06520574200607392541305246540236619982588292675823890387992517657453989678788615715942279168425335837,-0.004270856719945508336051268401196789395581378002310354341219764863148882844483532032529331215119449324,0.001451642882137508300643225531069236593573338005863382077556547988060260315444781854017898215282043229,-0.02887352879779923824490203075586706572888605306426037091756709599494202658283276456810747674106279590,0.06665738488821143371369569093343543641945626476410228595748172456260015710333093908344747311630059489
26,13/16,27/32,53/64,8,8/10,9/10,-0.1341181881200728632421927668898651482506219943730178018329141499616121508482826073481264596677023656,-0.1341181881200728632421927668898651482506219943730178018329141499616121508482824726715477348977681745,-0.002609591614592224253047892506525336859490657682592525042557470746812211596601661678599105936789012323,-0.0007398611388308750335709144648540637440131363861664001496620738344831363143096232931250255559819954877,-0.1367277797346650874952406593963904851101126520556103268754716207084243624448842690308436116760658010,-0.1348580492589037382757636813547192119946351307591842019825762237960952871625920959584956913463885353,-0.07737980147116377835596641153983136963542484616502610152119636743449996540776683314244935734173000923,0.02246436800282018991256120207341336802071354787071443208654095954028135645199568736620325827217098762,-0.007838033618674308090904292851697041212712541007303063666969670303028453119538805933814897125813962977,0.001711762096132564707160388367554520742361207312846865349237182246048889979562143760375604068950632450,-0.08521783508983808644687070439152841084813738717232916518816603773752841852730563914215299161273474236,0.02417613009895275461972159044096788876307475518356129743577814178633024643155783112657886234112162007
26,13/16,27/32,53/64,9,9/10,10/10,-0.2520167890974233377846902057613681543150652002571392632878424331287417825150259856356017280219130221,-0.2520167890974233377846902057613681543150652002571392632878424331287417825150258433159294944098494934,-0.004230914821064674649504877533445769059818619194481390941662798172223921192551065327309545020123984506,-0.001231916922690934412544664900104036738281444781414097294491298526781824639233449147213231727656715056,-0.2562477039184880124341950832948139233748838194516206542295052313009657037075770511605774844776093171,-0.2532487060201142721972348706614721910533466450385533605823337316555236071542592922798896759524443790,-0.2017998523537270092683030991364853697141234842706931971425559217981494659017832078283162496954811322,-0.08910246708609974925159020546602773341090453766862304412075795747848530201059714842212268521712508249,-0.01539169692806821436892732364777158402480163258296128655102153150060736423091763375973513004016553834,0.001949140580342456272547859318196139206557194207928112939444576050392841425484070968449836018102518416,-0.2171915492817952236372304227842569537389251168536544836935774532987568301327008417363010383123259034,-0.08715332650575729297904234614783159420434734346069493118131338142809246058511307735689876651702362041
27,27/32,7/8,55/64,0,0/10,1/10,0.09406215349369130644562199734721417900307016075951914727121362164833617941033768869257266768648815860,0.09406215349369130644562199734721417900307016075951914727121362164833617941033782073360190664879154356,-0.0001461951671912421198732168048850353160007453290906413358224308076528097480501833221302602237913041151,-0.0001025474522118058858569711584692982318898842379995981391950625151386261750858646056603656562175351430,0.09391595832650006432574878054232914368706941543042850593539119084068336966228750524767315895388436478,0.09395960604147950055976502618874488077118027652151954913201855913319755323525195617658596021304688170,-0.03416654406609937011062048488444033278440586317758724473751498974651940437847728450878441604609860183,0.04443090861880792597819818648513714957073702942161306728280485471548829996940911506732906412568043050,-0.00004813969520657229234378410694699539559476870521489041614484705789293315438344737836857297604764362146,0.0002710651389982452636405307469530495569830994452299755562634270900553376298857681907721135784752948296,-0.03421468376130594240296426899138732818000063188280213515365983680441233753286073192659614905144501703,0.04470197375780617124183871723209019912772012886684304283906828180554363759929488328023567533886824968
27,27/32,7/8,55/64,1,1/10,2/10,0.09109253476092161299627001876438866162969838800156321130077687638898167373479821101474139182002369051,0.09109253476092161299627001876438866162969838800156321130077687638898167373479834714087233378415482491,-0.0002023426021532690527600299804960729298104599254375263082290884166177531862345215347025961436688845034,-0.00007951764126858613492664259349044808025632669553447582503817283094662087386521488240356281164168923082,0.09089019215876834394350998878389258869988792807612568499254778797236392054856368941492219216958424019,0.09101301711965302686134337617089821354944206130602873547573870355803505286093313232062552886533958487,-0.03154036321811579973461611530462221651241793365028019035877222586809705880484508567235998482069144200,0.04710118020818178261997215936228737572594136143752270160633163957776603927132898037863589428024960463,-0.0001963777371455517419060431545154554977180789357865330519595795055049740919088159077562045608415618469,0.0004056479695781227505877803692406634929603202445519878542353646653823864157218835098885568224671686393,-0.03173674095526135147652215845913767201013601258606672341073180537360203289675390161151629067728798025,0.04750682817775990537055993973152803921890168168207468946056700424314842568705086391992455239847174967
27,27/32,7/8,55/64,2,2/10,3/10,0.08475497837414327167493528560582211930779183342433232429163956210701629563690467331827818309127113507,0.08475497837414327167493528560582211930779183342433232429163956210701629563690479890221118182487904512,-0.0002819503419977292551015689053345699121546352712924459674229544169479608290150371108780015586380175260,-0.00007101027715586356773106782014835689279425615177088545472728146283240558100583187763592530855710373409,0.08447302803214554241983371670048754939563719815303987832421660769006833480788963618269190510318657873,0.08468396809698740810720421778567376241499757727256143883691228064418389005589896703988924034498932741,-0.02641356921952409596299230155567632992070513040038398916101861412965793479968019843595505304432763580,0.05226721724498634127978440266555088184379489960414041905484379508379783735627483329619354083616527525,-0.0003819249205897786365389993352756952702066690161104604521313429028842804863848902583875596776765171172,0.0005523160702006403392344570403688322975809635630217375463857975047553994614818662805658400399263524152,-0.02679549414011387459953130089095202519091179941649444961314995703254221528606508871184430852619545124,0.05281953331518698161901885970591971414137586316716215660122959258855323681775669959837912275185734912
27,27/32,7/8,55/64,3,3/10,4/10,0.07419119589225449821741404918218154111673821068479278329262639721641582317776750170029776053501333091,0.07419119589225449821741404918218154111673821068479278329262639721641582317776763215999730801273823222,-0.0003927376016341257986718858076325781650680530366406662254696603487315939871499377519204166843141625741,-0.00008042130891603200153289797081390765417271480005114713168959047967584308890935274029522208958675421435,0.07379845829062037241874216337454896295167015764815211706715673686768422919061756386704593393710431143,0.07411077458333846621588115121136763346256549588474163616093680673673998008885827951904994739988443613,-0.01917334292442005472575947552964662072120397854756434681868261415609144670309123545657854087769184978,0.05933597532193434713400546944538958175742435826767738025471087645191254687023896894239120306875077328,-0.0006223448943851641415360240293278331145385200098257030102543991393661201739970590715119066369131018371,0.0007057499274000965940627741842977221749312898051317598242679878742105027117586595890025287413754277494,-0.01979568781880521886729549955897445383574249855739004982893701329545756687708829455073970090826427886,0.06004172524933444372806824362968730393235564807280914007897886432612304958199762853860031243538144151
27,27/32,7/8,55/64,4,4/10,5/10,0.05794381358483128119593597971439222959618375219795196437355838605786939301451429088886328630052362088,0.05794381358483128119593597971439222959618375219795196437355838605786939301451441093814236483810683815,-0.0005513496241248023314966831956127268454999933360538888570110419054387288874462196394940705650015952705,-0.0001138392425670994123052744404431611177492620410264741712760969951238507012609961572646513692344839207,0.05739246396070647886443929651877950275068375886189807551654734415243066412706807120304119743030976535,0.05782997434226418178363070527394906847843449015692549020228228906274554231325341483132377784565903763,-0.01130182184148029941376411187465434369884478788101227107588510074479926052664765167659692793373611438,0.06765124656633186600765842623534855093343245588643692875921360106861172509545559879883858083929891968,-0.0009679878965391164771301906603060809368000447051619313407761525015880417145366647399297885432507300168,0.0008654978267616494782854829720451493996103501766552368095019814429880901243146701389862083108876039667,-0.01226980973801941589089430253496042463564483258617420241666125324638730224118431642785134317381650802,0.06851674439309351548594390920739370033304280606309216556871558251159981521977026903871691790375989044
27,27/32,7/8,55/64,5,5/10,6/10,0.03370194206493374451059965760774531530627247205909756682755785257673471979714285878992411734100247502,0.03370194206493374451059965760774531530627247205909756682755785257673471979714297989342299020163801472,-0.0007907576226752245224915117842736697957758163926997687409611453918089467631378717153017664962542596263,-0.0001807693300588129508427153002964153224889670141390202784467605325152032358124129888991913005962483294,0.03291118444225851998810814582347164551049665566639779808659670718492577303400498701182214825323826259,0.03352117273487493155975694230744889998378350504495854654911109204421951656133056694029932414784456738,-0.005095015683827889969939608100526025747669907522002097046019964372989568280201420055223046582141801984,0.07506634628249428625354716732213672144736798462632168874756337753739697957209632788969626325226044876,-0.001533076645934497317186533073681334400501078172403795833291583044959940571075464522668839270582335087,0.001040481890666995074272161259847538273485344101411529407174766500806438201114442461052693225240348275,-0.006628092329762387287126141174207360148170985694405892879311547417949508851276884579950908888511348638,0.07610682817316128132781932858198425972085332872773321815473814403820341777321077045164108523107416383
27,27/32,7/8,55/64,6,6/10,7/10,-0.002144446256650451682077986556655577725307446564326190034469041841697351449877276195667257430410087580,-0.002144446256650451682077986556655577725307446564326190034469041841697351449877156084617487819210523293,-0.001162625484211922497389955885442560206713426082260484043592713959680809182137172988374809708271014247,-0.0002903793135560363565684036385474305301691425165795644441866830685119567696484093510745563237317140633,-0.003307071740862374179467942442098137932020872646586674078061755801378160632014449186101090174468313394,-0.002434825570206488038646390195203008255476589080905754478655724910209308219525565434147776866101828680,-0.005782619700742993711967304015053898633340546642599090875780614117400866061025295318204214390609945367,0.07788468189198308553707906257004163254149001166207373332806344494724023839272085696449962156105114537,-0.002541893613487846694416098241121319382489578529439142575353021533053723983346323735721463754194274471,0.001257184008618111863611812094072935852190756549898826977530616827925913097204495336416866384511677043,-0.008324513314230840406383402256175218015830125172038233451133635650454590044371619058043724216378642973,0.07914186590060119740069087466411456839368076821197256030559406177516615148992535232768378741079657278
27,27/32,7/8,55/64,7,7/10,8/10,-0.05529094817534012966732165810960179947262194764163788959314226093219120125347191137680796401709911210,-0.05529094817534012966732165810960179947262194764163788959314226093219120125347179027330909115646357240,-0.001759106328958725959391584256140258341823304146742696732135875747401021531256111603590457651672665651,-0.0004692584178818356733036707855469423057245387084160734575234727099482917435730966146020492678528553964,-0.05705005450429885562671324236574205781444525178838058632527813667959222278472802300098865202664389343,-0.05576020659322196534062532889514874177834648635005396305066573364213949299704488682871422814543409523,-0.02386317685080129161456999246403954171042087822599890100111846002752462261512434632620816399161061759,0.06767911033999528091362324673129806268830335839593497841232777556063372364591363404369637216620103530,-0.004415915027637891256549725888621254862916333573336536540413902674767170488260282143339364661543086582,0.001536790448580377310025671887523590458417113431371392419262473612088044799582897846734603741242859388,-0.02827909187843918287111971835266079657333721179933543754153236270229179310338462849425580508260024298,0.06921590078857565822364891861882165314672047182730637083159024917272176844549653197690994341050678051
27,27/32,7/8,55/64,8,8/10,9/10,-0.1349498603647457010659605260342143875591859617257888411230145750196614002005734152192788562940279763,-0.1349498603647457010659605260342143875591859617257888411230145750196614002005732839689144630740138331,-0.002763568648438879478180932913129663230988644905554574982512940182420376017450237992340863223783150710,-0.0007757388828768497255932073607354769464156703270222593841162330049274443143958680688906961061393416585,-0.1377134290131845805441414589473440507901746066313434161055275152020817762180236532651543184482786277,-0.1357255992476225507915537333949498645056016320528111005071308080245888445149691519070571964076652403,-0.07686259152655335449871193506940678669710707275307745677827354548116947067475903705098815021249063262,0.02497795590211759420978386066105256736388668893955174504023194648307596033999046426985662456211116033,-0.008228919750626148644177142386026724649898494829989289162257655231280048232443914918264970092222101641,0.001828759612924627947214626013351056966651076813080207217702504709575212359264609985208045077986309986,-0.08509151127717950314288907745543351134700556758306674594053120071244951890720295206808622602249888949,0.02680671551504222215699848667440362433053776575263195225793445119265117269925507427771392303375679755
27,27/32,7/8,55/64,9,9/10,10/10,-0.2565752417369412742519791043209812968775671187102030616704766195406034633217669260638289125599152041,-0.2565752417369412742519791043209812968775671187102030616704766195406034633217667847983764732709039978,-0.004558058274563460702673380377247753988716362515345143651130444388571504121970457287699650230189918468,-0.001318282368478297298150865492644333399441821157436499731817344497440710412668749973014976732431255044,-0.2611333000115047349546524846982290508662834812255482053216070639291749674437373837468609856612497435,-0.2578935241054195715501299698136256302770089398676395614022939640380441737344355345799023076751245771,-0.2046420316421584327957355753625810080265727175128316695078475998254897595533382588061925536388304590,-0.08952882147035681884819799507306195164720893602369957105372366245151594448849462181704057790899013835,-0.01649836208316597410625373407024412481579444578308036656660312655607118045425809857565096164867468041,0.002106442626099347796337645732407493798795980916785480587791129107007237259068104715222382579926557134,-0.2211403937253244069019893094328251328423671632959120360744507263815609400075963575795097267230774499,-0.08742237884425747105186034934065445784841295510691409046593253334450870722942651698651290532497973345
28,7/8,29/32,57/64,0,0/10,1/10,0.09421958432657826649404657923246715981482705245979445700780988564728132121589175140500230942025650247,0.09421958432657826649404657923246715981482705245979445700780988564728132121589189346111959445155695057,-0.0001432941813896616385251429401999348574092054913065590086802020014697725082815658593604952799588371257,-0.00009847802444287517267521340001380441471141325316220640460626941557366463234476246049112206231528463357,0.09407629014518860485552143629226722495741784696848789799912968364581154870761018542132829835464476697,0.09412110630213539132137136583245335540011563920663225060320361623170765658354713108723612883204125248,-0.03604019051283776258459868420969130829236236767198499180561358270619000628661393595333492235042798130,0.04506467448827507749880824314504906814072429995738240668886746115633920886037658553919838484624035216,-0.00005084077255568280944383939134266028496526564268339963518898759187098653728559839289521171657108049303,0.0002761197308305043399956624321058592723602603505825519134350230373202475554698095425427895194196711772,-0.03609103128539344539404252360103396857732763331466839144080257029806099282389953440941640347771911676,0.04534079421910558183880390557715492741308456030796495860230248419365945641584639511056749686668098528
28,7/8,29/32,57/64,1,1/10,2/10,0.09133334659913908761798787393726727737913698096216784340152017341915950854239070737225584740476535133,0.09133334659913908761798787393726727737913698096216784340152017341915950854239084073105982927088413934,-0.0002008257449598884788059644615412322887943324435976837937568916376153283300552752099314874267213494351,-0.00007448681819043766531374523042875355680900033420571241789281680667276015439441434254793094306855300065,0.09113252085417919913918190947572604509034264851857015960776328178154418021233543203569444327713049051,0.09125885978094864995267412870683852382232798062796213098362735661248674838799642650317374363321593050,-0.03339608308082588161526402118896382646520672864195503163614866870296553801300500412369619512011372344,0.04776981192642513655855451219414535810506464711459332276019396401748402346930883199188549655556684923,-0.0002020864964573431373051486157599731232258102874146423549296437473421038853091391344849937347692925127,0.0004153234724143481787537031928500688054722794096941422919166182861199107208863725428490239196094847866,-0.03359816957728322475256916980472379958843253892936967399107831245030764189831414327002057131065948247,0.04818513539883948473730821538699542691053692652428746505211058230360393419019520456459035449409090174
28,7/8,29/32,57/64,2,2/10,3/10,0.08515709934853162054017847486748594218595055400393415791642025581180612963523209524089901209961690264,0.08515709934853162054017847486748594218595055400393415791642025581180612963523222477815623954467102182,-0.0002824768364862092929553069532371896023739769120969267063266811763499685916273008453912022640614606609,-0.00006507918749845963021513550212909330839424383378823438165233488309810657822731001480516391855275269744,0.08487462251204541124722316791424875258357657709183723121009357463545616104360479428174678710831200289,0.08509202016103316090996333936535684887755631017014592353476792092870802305700491480002742345107797517,-0.02821540287351810842446622017729308786751479461253994639647727112279136668468529568159936663649207076,0.05301652149776266431249303501719993982266309543104268094940905295189128702962806578608050326203219246,-0.0003912504294818320737763930099360631700076554413035355085864223794534932353549744593868091405118627371,0.0005688399046269596390982778540202032432998874376871659262561932969682467466311918271571518736675624716,-0.02860665330299994049824261318722915103752245005384348190506369350224485992004027014510422184857835663,0.05358536140238962395159131287122014306596298286872984687566524624885953377625925763588690852935908217
28,7/8,29/32,57/64,3,3/10,4/10,0.07481801793057955610566390497123871439285262042613360849450330033873318996975141723484268904617593774,0.07481801793057955610566390497123871439285262042613360849450330033873318996975154598143507074894081510,-0.0003964207640287625985360921281337924467038921406069296265053798703105408069441434507227915634957843304,-0.00007394989029566835611289833999360957236959921446044326818822818588449436559589774241200419510553906520,0.07442159716655079350712781284310492194614872828552667886799792046842264916280727371102457971223414277,0.07474406804028388774955100663124510482048302121167316522631507215284869560415564827917401575168590159,-0.02084430807999562738114918100442737749366795931243664532516734621947186469813214228990510414916882328,0.06024169808280034579381603405282667195817011784356994074865468101840607056234662901544621772396530486,-0.0006363143900041450910407299208602204471358636659903653907259666053534252499223986954255796882944896522,0.0007312708383485643986277866518846995401882110542404384760368214431955407969004543053213999044251465774,-0.02148062246999977247218991092528759794080382297842701071589331282482528994805454101003896026690985174,0.06097296892114891019244382070471137149835832889781037922469150246160161135924708338356782021990040424
28,7/8,29/32,57/64,4,4/10,5/10,0.05882625344091711840040597317720385961600153186522856530115934359843965227714506657311139752536077330,0.05882625344091711840040597317720385961600153186522856530115934359843965227714519683514473356751336416,-0.0005607028096981485339097204330614078585391262045342903439310283393382403688855730461763636917609821208,-0.0001074850739105436216283655097269532853076025259795751033247298785691374219726655153633373396098310450,0.05826555063121896986649625274414245175746240566069427495722831525910141190825949351663991865466373334,0.05871876836700657477877760766747690633069392933924899019783461371987051485517253134346016113945646613,-0.01268862860205249724256922106108892714500014932553823377453115877788106682579968859838427951171545569,0.06880984012303921582470187397610029483499415683012226755534461540871351664969816062864739601144188342,-0.0009902314976571201601080932040989689149499140857639531221177553553054789792318597217127067883319009788,0.0009028755108803167848498156653968746160917750711792953323500134110613483668873137509493815663913505230,-0.01367886009970961740267731426518789605995006341130218689664891413318654580503154832421503237162177980,0.06971271563391953260955168964149716945108593190130156288769462881977486501658547443724942257987515783
28,7/8,29/32,57/64,5,5/10,6/10,0.03480233157887545431281568246807752951334901460842243413538304689864321864533753606023034833592570914,0.03480233157887545431281568246807752951334901460842243413538304689864321864533765492351215826007506367,-0.0008096783504620774191133670599396151017939686611004020099499814923159265041128382443501097438289556687,-0.0001758330604606538233101909396082099735157517700616897726793951611105650024225336766718571609535264552,0.03399265322841337689370231540813791441155504594732203212543306540632729214122469776234563966162925272,0.03462649851841480048950549152846931953983326283836074436270365173753265364291512127695351299750950638,-0.005975775387867123092577544436162595527130556953400776741997166251084941831783125772849074045996341003,0.07661114790025485991121068851650187646687748852649493723811598206437126107259849822048731162169759449,-0.001567977616744127037590123139499851418437327202346090953371526627484800645744530049148973124185238958,0.001094095898339885875331277601520373838574856529089591096314549624982927021701606442883662983454061778,-0.007543753004611250130167667575662446945567884155746867695368692878569742477527655828175116277543214663,0.07770524379859474578654196611802225030545234505558452833443053168935418809430010477867626460923550403
28,7/8,29/32,57/64,6,6/10,7/10,-0.001005023858253373308336743223454640812467318520128801499404593111429097518767653693523891219938547465,-0.001005023858253373308336743223454640812467318520128801499404593111429097518767531058111879733617601723,-0.001201050814163768338424134424698463524791092153334139544857760127462242652566278708169428682714218928,-0.0002915850402325996645525683638038139619407844456513522997076059141525764583882491733614350816207209485,-0.002206074672417141646760877648153104337258410673462941044262353238891340171333932403752342938439977961,-0.001296608898485972972889311587258454774408102965780153799112199025581673977155780231473314815238322671,-0.005897177524049416458257758983217201471043886985283311985758792103573967434999995416465326155525738202,0.07992790381356560675761182076096315883876951339183992041606829406768277793047934056605667773758633072,-0.002607992850610259546035398343975722311521255732047420675422522430744886862510616770616825860102999893,0.001324144083530362782334426972244287823503203457911854798538167422074617088140513047709697913282493708,-0.008505170374659676004293157327192923782565142717330732661181314534318854297510612187082152015628738095,0.08125204789709596953994624773320744666227271684975177521460646148975739501861985366935999761712353674
28,7/8,29/32,57/64,7,7/10,8/10,-0.05458042591707616571786259116468710785223258594825148458223653646908605195380461460281578305035777096,-0.05458042591707616571786259116468710785223258594825148458223653646908605195380448829410667571965138923,-0.001836419061146509250604625213451837892185285077000380118122840917363243250086966916046622157555349087,-0.0004816958365449836248413958843676448583774546547854993102848032225179037355184020644111818959085359867,-0.05641684497822267496846721637813894574441787102525186470035937738644929520389158157857407324574225550,-0.05506212175362114934270398704905475271061004060303698389252133969160395568932289031579312962297528520,-0.02309965693996017343522762868517001115775065148195190140765546021650975432716767992890381654957273575,0.07018057235646076772824433271102725723815645934980546085616123705722107219282705821802716087072443206,-0.004566575741990670096736215479956492435843347088679819181100245277644832413504982168577474505866458221,0.001627167591755411217031640498621835400743798121216357748903293481400309541174690603829632470468478702,-0.02766623268195084353196384416512650359359399857063172058875570549415458674067266209748129105543919397,0.07180773994821617894527597320964909263890025747102181860506453053862138173400174892274892209476627755
28,7/8,29/32,57/64,8,8/10,9/10,-0.1357333744536890175203295642220549063395644202102050702959476805497858642968266370657126007231772646,-0.1357333744536890175203295642220549063395644202102050702959476805497858642968265018620239787917169123,-0.002925178514384809774016477742344438915070146687877033696234559295465100715631742309923038581386318260,-0.0008124250285012571300701086499012632181681624005593801134966935483752993102375628090131056945521479319,-0.1386585529680738272943460419643993452546345668980821039921822398452509650124583795444755282391149313,-0.1365457994821902746503996728719561695577325826107644504094443740981611636070640644301313892991653068,-0.07628281866822986809250503240469814850106000806996227787289089885329410534929739693987410085388148983,0.02755340506282217783829618848773869956495853803506473997119167977714825065532289181957519737698560636,-0.008638096333300371763398562283031648624751063017997178563155104336574942558069690280984836351553954347,0.001954894398206634384281108047791879767069725072709862668565584057883292322870551076801343320327268966,-0.08492091500153023985590359468772979712581107108795945643604600318986904790736708733616422720951929194,0.02950829946102881222257729653553057933202826310777460263975726383503154297819344291284872498361056787
28,7/8,29/32,57/64,9,9/10,10/10,-0.2611841757726399417169801990228490096047472581880890632681929460242799386730466020026724399586853058,-0.2611841757726399417169801990228490096047472581880890632681929460242799386730464575745606177005171322,-0.004909184881016449627973562408301037427087247896585253194160405930018441811189604127569631198018041713,-0.001409641539807838105221226069893344055409813186956850188603047742354430904033582767076022439039328772,-0.2660933606536563913449537614311500470318345060846743164623533519542983804842362064596857568826571982,-0.2625938173124477798222014250927423536601570713750459134567959937666343695770800403086922715669610759,-0.2074862035270491020223226125176901500728610384676204948813570053927148009271910012703929349993101468,-0.08993886033464864074221173726404366429499330232402429446832308897590946199581907316248067918634341651,-0.01768853907590820862950210994300263664331627644774887495105879891887325862570076447216836763813246783,0.002278714194896226761406782403421842860912174366482085982130670087125248940108347783325133837034152372,-0.2251747426029573106518247224606927867161773149153693698324158043115880595528917659072831455004195401,-0.08766014613975241398080495486062182143408112795754220848619241888878421305571072529679462391782080145
29,29/32,15/16,59/64,0,0/10,1/10,0.09435787562332394395151821142457881149131870710768346593902606293622589683697720437391360153642645238,0.09435787562332394395151821142457881149131870710768346593902606293622589683697735143757490960222543204,-0.0001403812043368895202368937357133331302584850859726368377156222063273921943049487493046981292946472689,-0.00009436825022741364740734403542979165380466511098965923850749785814941435053563042311641684675680308644,0.09421749441898705443128131768886547836106022202171082910131044072989850464267225552114299585882442385,0.09426350737309653030411086738914901983751404199669380670051856507807648248644172106233077833752129789,-0.03793916078048079508044560175008273549760381188786322688534406003247630889357093737689556870800179766,0.04572753424677490342193832696007096602435665896614180636786322625475132282657195061362649367209323495,-0.00005369937080939906223020467085556763707578086553464071430275243270946842841546369542045406001932789563,0.0002811227448812685336315458566036962430463750640710520669013853508814568529121527681103139445570410813,-0.03799286015129019414267580642093830313467959275339786759964681246518577732198640109200543054773633617,0.04600865699165617195556987281667466226740303403021285843476461160563277967948410344299274293131982016
29,29/32,15/16,59/64,1,1/10,2/10,0.09155576393772195403792591702199704793610479428335783481978056435455921227001220055139935266597906190,0.09155576393772195403792591702199704793610479428335783481978056435455921227001233773175008895316251874,-0.0001992788153152959263803954223459360763082908526055310379990616718660513319472661534342986699967385390,-0.00006937964745684070213032865956592160925361384116267375765013084904168082766779031224605400970654700762,0.09135648512240665811154552159965111185979650343075230378178150268269316093806493430067621555503657681,0.09148638429026511333579558836243112632685118044219516106213043350551753144234454742825488284555162089,-0.03527950944697966603721121124550549462110986168087444076247277252597889608706755028322708329966831721,0.04846551687731876076672990000601922024121537118344465562920458574219413296115143536829073023971287587,-0.0002079535075996207827503770205074996263395410313106094202610440513695796218126483294209304438049092973,0.0004249807623494652235671195107493553715953850256697836077197200321020723735071371719190231560268261373,-0.03548746295457928681996158826601299424744940271218505018273381657734847570888019864044482472660058267,0.04889049763966822599029701951676857561281075620911443923692430577429620533465857260095093295146244325
29,29/32,15/16,59/64,2,2/10,3/10,0.08554285201012897111375170425258949146522270332445356391673046941267892742493007749644835776043962827,0.08554285201012897111375170425258949146522270332445356391673046941267892742493021625812878553220156876,-0.0002829553123404339146676432263697927177516282105108674313875209168958978514782075431107210726913900645,-0.00005899736708968660454622781999992622871412524368567890337581368041074374365926443337878668306401015990,0.08525989669778853719908406102621969874747107511394269648534294849578302957345186990237681655201475191,0.08548385464303928450920547643258956523650857808076788501335465573226818368127095185080950914581945499,-0.03004966173482211710631135992603043237323332186164444840594546753823470521250109549842800243402473328,0.05378860164213157507154926490113978314516203153064393439987943113822967494590136063199983704855051420,-0.0004008472695306912074532588683412902084811055774392451707273614461885144310482581961970723032978518698,0.0005854725636451748514025108578147226782083670749312370463281484103882952291196141976791300660683417544,-0.03045050900435280831376461879437172258171442743908369357667282898442321964354935371521530509519470083,0.05437407420577674992295177575895450582337039860557517144620757954861797017502097487909551997351193356
29,29/32,15/16,59/64,3,3/10,4/10,0.07543285758894868716745141425561146247948389558368670826228087157761593113437667327690001490910817004,0.07543285758894868716745141425561146247948389558368670826228087157761593113437680571326167674255617592,-0.0004000297039959963103870287491327744285497473566219923883410614902962686708878726599629165475132272051,-0.00006717005852979614163464525992801506651332603383812948281360619799884408873678358646222603228663843565,0.07503282788495269085706438550647868805093414822706471587393981008731966246348880058399272978899955776,0.07536568753041889102581676899568344741297056954984857877946726537961708704564002217969060494205353462,-0.02255644471837509772493534102908101215210715132347124752183493989094604882703629708158192792024311383,0.06116634312268721985596970331652415237340584027293249697555155228245280597583728467301047260507726413,-0.0006505899625223524937680283503088497833815376431503226104632684799016302458189161721001124410417988680,0.0007575838176054460097563701234059854716391341934478302251872238020560555023395913689129183756599758732,-0.02320703468089745021870336937938986193548868896662157013229820837084767907285521325368204036128491270,0.06192392694029266586572607343993013784504497446638032720073877608450886147817687605942508678492853832
29,29/32,15/16,59/64,4,4/10,5/10,0.05970501371145913904778846210426168694207194208237080225823586838742032672556667955925077381941577703,0.05970501371145913904778846210426168694207194208237080225823586838742032672556680810817694408660834393,-0.0005699980574811765850810116455530740636251142101199546523195973413555799524890329253895307448599678799,-0.0001007141279202598046777404401303339178256292200047403328901869680020864383107009177522679263352919282,0.05913501565397796246270745045870861287844682787225084760591627104606474677307764662253661637772614553,0.05960429958353887924311072166413135302424631286236606192534568141941824028725610720779768302472764960,-0.01411863250733942295394267399102955427848899090372028552852944467488904100954803355798762770568961144,0.06997691864768501913344291915630770163777304339980509078500624468025728966718420439157705069148113625,-0.001013025255233323320729506342999660230413310604979289534639078326436258917417972272644102372119564350,0.0009411549178119353408411086452389124848859828550098161318473638424219541881940209211913681240938283915,-0.01513165776257274627467218033402921450890230150869957506316852300132529992696600583680879918517081049,0.07091807356549695447428402780154661412265902625481490691685360852267924385537822531482744185136217620
29,29/32,15/16,59/64,5,5/10,6/10,0.03591292464628846779729454364462231757010161205093753597693334948572020519630749463414782966601053044,0.03591292464628846779729454364462231757010161205093753597693334948572020519630762614806717146678775419,-0.0008285722648415288267573870872850249752096424275202371248865536942815548988886002170348616403948639379,-0.0001702711255686603457253420568932606766067365331890278391046566727025252703155765228767840099872163804,0.03508435238144693897053715655733729259489196962341729885204679579143865029741889438725713400670109878,0.03574265352071980745156920158772905689349487551774850813782869281301767992599204966637084817254476916,-0.006900731334342023322635435169303989668959911674764610371998120805755548351671004266749855163618033975,0.07816221816447861198080645420703285052015559284367497178234852015861349804917475109743179352046575783,-0.001604027271159340345476178093548187263424749387003397818503240566958599316031891660409748918005447585,0.001149857073046856709628988086868037514233877370755715457425740702632613582128120073450766654897309150,-0.008504758605501363668111613262852176932384661061768008190501361372714147667702895935395696224772327828,0.07931207523752546869043544229390088803438947021443068723977426086124611163130287120588595178374566362
29,29/32,15/16,59/64,6,6/10,7/10,0.0001644909223064563182363025053453656906518726031663356593343681407384949554964454481664666765346314958,0.0001644909223064563182363025053453656906518726031663356593343681407384949554965773051705218153559826383,-0.001240067677159592693073022827555393496554571703329465726807065438339951807836474459849252649414404822,-0.0002918195072295442709083836416830673629042782049914020442257966165691449270810367256111091434351900731,-0.001075576754853136374836720322210027805902699100163130067472697297601456852340029011940163852353174772,-0.0001273285849230879526720811363377016722524056018250663848914284758306499715844594204405873280792074348,-0.006037811260432056877135669414076960914702192097044345316428455076855564985958944129101854733965285420,0.08198366505329504513394512492009113142782859735541649178687783810210747905734388251171583623715392399,-0.002674933760529299122878374515724664624087858683360297812241282900447787618941115719788938089204146177,0.001393773673834469956442815631367044562531926589536927845354317167968393063545859936245569131333281934,-0.008712745020961356000014043929801625538790050780404643128669737977303352604900059848890792823169431597,0.08337743872712951509038794055145817599036052394495341963223215527007587212088974247472870483372095630
29,29/32,15/16,59/64,7,7/10,8/10,-0.05381890783137664844932749058394849931582656164923290817232634622289566295516152995197208798784813973,-0.05381890783137664844932749058394849931582656164923290817232634622289566295516140193015581488218173405,-0.001916610133425399760336203814430046540895361075580943488609001829014385466749445857753119740688410483,-0.0004935960865211555825477288673069266329361900548377706313638879296686890290686710637968522662314370050,-0.05573551796480204820966369439837854585672192272481385166093534805191004842191097581590227683589818491,-0.05431250391789780403187521945125542594876275170407067880369023415256435198423007295174269491477533392,-0.02231249848384574343177496802122370383740164926124475327326577248994420879165314305853490247807623001,0.07269780876057412872231342029663730619949142397572462545123323975317391753973436785921283376101547607,-0.004729068497298443093891171408564040312052840508606027677936849458524590884658305753287390160761753504,0.001724696180306201375425409809084442348542823785821024277416013588221258358334893181007902565779195018,-0.02704156698114418652566613942978774414945448976985078095120262194846879967631144882005838478198682978,0.07442250494088033009773883010572174854803424776154564972864925334139517589806926112464068079407034534
29,29/32,15/16,59/64,8,8/10,9/10,-0.1364667802272013819706764216176067023495198107532212927968684468780302527247058582506505146324606751,-0.1364667802272013819706764216176067023495198107532212927968684468780302527247057219927420983779480004,-0.003094935571395614786503372634710840928750838972177897028070688763003092094315361219668021904743694599,-0.0008497347843878931877182929121621905476270077469152100063446297342680655742608618110597237225637249892,-0.1395617157985969967571797942523175432782706497253991898249391356410333448190212196556306097580534108,-0.1373165150115892751583947145297688928971468185001365028032130766122983182989665837368835734374273495,-0.07563882857431937930299484980620922809531299917801486856507211998094207389149487297058571138185209950,0.03019087541945224059446711530409905865985002267801972442897194223663885132344451624132285923610985093,-0.009064538012953210384447407471321378859357390278959296066632458628553773685862861490288452369922879428,0.002089627649714197272040958713118511917914428971934487362691294522094770732749257057415128819480861762,-0.08470336658727258968744225727753060695467038945697416463170457860949584757735773452676290089696574908,0.03228050306916643786650807401721757057776445164995421179166323675873362205619377334815454091448379030
29,29/32,15/16,59/64,9,9/10,10/10,-0.2658433265858376728658124957669190367849691654010837019234816363600219971053711144117885708606658343,-0.2658433265858376728658124957669190367849691654010837019234816363600219971053709689294569542794453383,-0.005286640810089610640128830491667084190250368657962296692428121715960195946491754453269405017759376740,-0.001505012006719372345686158682433042470305161929521816023763829111238717665054545074950676104389157677,-0.2711299673959272835059413262585861209752195340590459986159097580759821930518628690791963716002952140,-0.2673483385925570452114986544493520792552743273306055179472454654712607147704255136214293457274131445,-0.2103301878431838272853387994281379819023171779449555083349241216629279204398377880089957373439194821,-0.09033123579418701392913634293750946728393773977812213026461660863635307705697468485622102866989688965,-0.01897160529798891662609392123716431600847669396829187134395295638424728352846356030382926696095482633,0.002468155776887511008408494302832112665745769953374699753153440239712170007843922749865333703927147771,-0.2293017931411727439114327206653022979107938719132473796788770780471752039683013484775468471678512338,-0.08786308001729950292072784863467735461819196982474743051146316839664090704913076201164063531975800978
30,15/16,31/32,61/64,0,0/10,1/10,0.09447709534767595328783284097728845361424606360742243932955541953657859684861376706222151191529501262,0.09447709534767595328783284097728845361424606360742243932955541953657859684861391307166302565804166985,-0.0001374793591178977571550709407041901550282236890517755740597023395582969642024234106069862065495610823,-0.00009022096857688631434618369341508169601143375331068520229780211751109044085691178612738418038519380487,0.09433961598855805553067777003658426345921783991837066375549571719702029988441134361017668711352781875,0.09438687437909906697348665728387337191823462985411175412725761741906750640775700138153759052123521537,-0.03986330917391917848577077532073583432492297698903238190572923690761289873726089353274609404711990447,0.04642011488473238904524752187206799225401465370089464841790085021789764089151826072069710958528247002,-0.00005686879627081838025299309311132026116862771610295456716152234389196086283785928164979144748196555499,0.0002860743053171052983378668588384299237013565605703488448261181523277256968413121482880259747869532071,-0.03992017797018999686602376841384715458609160470513533647289075925150485960009875287906207771229398331,0.04670618919004949434358538873090642217771601026146499726272696837022536658835957288082451801584588974
30,15/16,31/32,61/64,1,1/10,2/10,0.09175978250707498415630872833288492329932440350922583028801969160894483571596663500378417780357623023,0.09175978250707498415630872833288492329932440350922583028801969160894483571596678826098677751730760420,-0.0001977047399810043539966395350097832067841583126290259975777653100060006597078824582151146358626415963,-0.00006419888161973612135169317329762295795897056362384693711840530247577281368286449705039884769143113733,0.09156207776709397980231208879787514009254024519659680429044192629893883505625875253012639039930950188,0.09169558362545524803495703515958730034136543294560198335090128630646906290228392383021118263401704538,-0.03719047613369733862410796968027166164842617569600140661932613529094003153446973629131928188419002538,0.04918891254592734148114193200095205248230969702072408610347066468717796478241775342583635238024794725,-0.0002139792783021532229923176785452033390066584352237437073068139369398931352675202627541642398588790655,0.0004346169588423361398673052274573823678291941399238349420737975814177994411006662821866410716901326558,-0.03740445541199949184710028735881686498743283413122515032663294922787992466973725657311940920508061144,0.04962352950476967762100923722840943485013889116064792104554446226859576422351841975332150023925673439
30,15/16,31/32,61/64,2,2/10,3/10,0.08591209022920499919131167857063122191824533410559872846636049053525515959499953611047448399386208067,0.08591209022920499919131167857063122191824533410559872846636049053525515959499967394971259173295323903,-0.0002833882968876457607097270124725611742624687698391273310225225602301815618684627995661035514401067998,-0.00005275614110217239681832569007550837785685892060765086094239186266211653736277531711109882537720488528,0.08562870193231735343060195155815866074398286533575960113533796797502497803313107326355085061931610782,0.08585933408810282679449335288055571354038847518499107760541809867259304305763689875253958474218110794,-0.03191616997760869635453630092400222631902483233825637269691865063765473011394221258015515613487374642,0.05458401928561760187525815837744760435980146534056812632756384331216172651552743365384192585555193768,-0.0004106961759184574152012908751941339382035937337632693193478218631996925697434915872276373015756040485,0.0006022011438426460892695106976326231847146946107079285551338157335259545205472309923489658645850039341,-0.03232686615352715376973759179919636025722842607201964201626647250085442268368570422091739236691685121,0.05518622042946024796452766907508022754451615995127605488269765904568768103607466465339747234539218210
30,15/16,31/32,61/64,3,3/10,4/10,0.07603537240537953343784779464494007285397109260360027689683237122685078839088277092538614128709589108,0.07603537240537953343784779464494007285397109260360027689683237122685078839088291140017373483381785553,-0.0004036668441332235009220708620820946826660881940585603502938610317597025160407602338570319829193855917,-0.00005999394585817800053390044030920123447145749807419403492730463296440663155922126830847398328832821955,0.07563170556124630993692572378285797817130500440954171654653851019509108587484201068071923836629364476,0.07597537845952135543731389420463087161949963510552608286190506659388638175932369020148597724808461843,-0.02430738099010885009358633294140558176165809106676592142750224339834013484057626270058082502967290153,0.06210819053414423864541517778559048294963292082970521178408680895361902300844804631120768819032600801,-0.0006653093134218636927508201169933231897518907000067603444514882108750623863690022685073189145235980606,0.0007843117913424623868609812566314081619726572210696607198323074222432144036859876881393624798034950669,-0.02497269030353071378633715305839890495140998176677268177195373160921519722694526497011765546209010537,0.06289250232548670103227615904222189111160557805077487250391911637586223741213403407553090299425633106
30,15/16,31/32,61/64,4,4/10,5/10,0.06057955134208565558005579341280302330215953861355818137479159870914453960871808225817982159206595814,0.06057955134208565558005579341280302330215953861355818137479159870914453960871821634175991205528321783,-0.0005792647272492355560438932596541217422894568647153771307655374698297857361673089671969197210150608478,-0.00009336803405353493293490789727863528024016424403549292837047402772303759817526768740797037713268886230,0.06000028661483642002401190015314890155987008174884280424402606123931475387255077324156634901215781968,0.06048618330803212064712088551552438802191937436952268844642112468142150201054294867133888172339502439,-0.01559188901899191566886831952215071178160936772694036790128331095270322065202129146974585313828844494,0.07115247255366484755699200490216585603086077969994294293557864899418525185278830476556262252826606070,-0.001036730842712143899187881155013627115178525613030233982532130346998413361092116858824643945249250477,0.0009812687360106241429521102855449452598225402939688707907829581686893037728754972530798569031224389813,-0.01662861986170405956805620067716433889678789333997060188381544129970163401311340833062952011932490698,0.07213374128967547169994411518771080129068331999391181372636160716287455562566380211953460818496186648
30,15/16,31/32,61/64,5,5/10,6/10,0.03703309604063445043066530909591162921084164271665430863272395950541071851999323908279222333904011898,0.03703309604063445043066530909591162921084164271665430863272395950541071851999336875182692507447577847,-0.0008474201313058738212052779137929694125475553182664774824028188213813450069377015571399595962155184436,-0.0001640493258748700598483410808993517121723590532760892203017334567370114273511689679602004521441688547,0.03618567590932857660946003118211865979829408739838783115032114068402937351305553747520619936603791714,0.03686904671475958037081696801501227749866928366337821941242222604867370709264219984409314841910754795,-0.007901222501379297326675310283324849155632231424914511959341567134451753551125866778031567242019201961,0.07974519542305186636047868720186314241990252285786364001913726385472181162350545224035638161592933672,-0.001640667602454685762321870184691433112941961371504998203085355518172393490929360965238528884094564833,0.001208323169581059303555498566122033208966629212724042995626680780551891446936189509923782150562941703,-0.009541890103833983088997180468016282268574192796419510162426922652624147042055227755624234340837036197,0.08095351859263292566403418576798517562886915207058768301476394463527370307044164183264108519798074111
30,15/16,31/32,61/64,6,6/10,7/10,0.001363744323742340041769670668679055973100826463476395845776515822329202968362694335508906135447631812,0.001363744323742340041769670668679055973100826463476395845776515822329202968362827776673809433054882512,-0.001279602770427793682362182113056838895798181196652378092374735950501681776331413169360073460545665322,-0.0002910808996115113104462978177357606173410890391275998288923525223320194791871987031072053428439095837,0.00008414155331454635940748855562221707730264526682401775340177987182752119203128116614883267490196649007,0.001072663424130828731323372850943295355759737424348796016884163299997183489175629075110871367051381604,-0.006325733244847958361424483027392619936793848042883308712230581265957802119579836738768428760493731847,0.08405817128335329046996012389602181283715674099202021308402493613551202901996960600483879773187552414,-0.002745867255984768536022004411091480958736554212334752853464049286969712158677787593610070144316163930,0.001473518023388926724202626052830257190586820836367364613269918109749645993675196279921848984232780200,-0.009071600500832726897446487438484100895530402255218061565694630552927514278257624340614591047958742046,0.08553168930674221719416274994885207002774356182838757769729485424526167501364480238977082154125609427
30,15/16,31/32,61/64,7,7/10,8/10,-0.05300582018354203327922517674464635724675199642205826238279596185364632672467771443341051247163988055,-0.05300582018354203327922517674464635724675199642205826238279596185364632672467758588448434220444731365,-0.001999407031800099666462278693673633442476867042436017872328946833868183181245922360596121560620235129,-0.0005048762081081289329282191908135151532889092163883824842893873223152548628062479083474470571650412743,-0.05500522721534213294568745543831999068922886346449428025512490868751450990592363681047881831855780822,-0.05351069639165016221215339593545987240004090563844664486708534917596158158748383376297595524269778720,-0.02151436362712727475508971669704743218315491625580346613997581072445678874950411275799559529105274239,0.07522899591191465199499347592888256245772042719393008794146052756941570399264661719084961004666290697,-0.004895408307358056184305199920157390547629642285185752144387165593078060050494036642008969822487248871,0.001827317356743851686437182271008955557650519145151476368798361066474434939510257812326337257190105388,-0.02640977193448533093939491661720482273078455854098921828436297631753484879999814940000456511353999126,0.07705631326865850368143065819989151801537094633908156431025888863589013893215687513083537552266012953
30,15/16,31/32,61/64,8,8/10,9/10,-0.1371480997123506456955036210860542668224237384395600081479550393719522716795503802912873466464823536,-0.1371480997123506456955036210860542668224237384395600081479550393719522716795502392893898559382342280,-0.003272739430953308346636455350506575299008455566831354450798825136058410401273269168725197059860411287,-0.0008876015778873225720984138911299374295911084323414085998523360406994279682264303543854769210843641881,-0.1404208391433039540421400764365608421214321940063913625987538645080106820808236495300193269231079582,-0.1380357012902379682676020349771842042520148468719014167478073754126516996477766695634734344636173410,-0.07492900322471603629113062270824025139909940958534605511186192548349952052142847188482062049228739646,0.03290910482952502064071644972582810265807116667156039316654169231934655262191480414755958548207360335,-0.009508876460868765239089042663496269583865474968445116451094453638892678958594943198264900205891050458,0.002234896090054774369120073889360179572811604367015181153705879342420478022616388159253123733075993998,-0.08443787968558480153021966537173652098296488455379117156295637912239219948002341518191862641596460214,0.03514400091957979500983652361518828223088277103857557432024757166176703064453119236858340028876594437
30,15/16,31/32,61/64,9,9/10,10/10,-0.2705523738726039541369016059689714562227533239052604102671902689216462255808738029779546543242548132,-0.2705523738726039541369016059689714562227533239052604102671902689216462255808736548600735519354035111,-0.005691638095294544447352723252453633355835519159247478904353687139789125530706860669086376986145962473,-0.001605287658709817904372541334129930858807494378241576128962198718139964736440032314147020550424095029,-0.2762440119678984985842543292214250895785888430645078891715439560614353511115806638941237956048661637,-0.2721576615313137720412741473031013870815608182835019863961524676397861903173136869044885547977028908,-0.2131716976919492771471945334987428139179164911176038798006673832695787042712931666714485550827222123,-0.09069337765400501419987847144569973814575121235214312474496508244441560429176622118660117094915385038,-0.02035029216801805367042610303655826965140687056821535454791542787104578100691874037196747694977392243,0.002681517928264536670625449281718785994636609150724663108874134843220136558905643522420797593347303998,-0.2335219898599673308176206365353010835693233616858192343485828111406244852782119071751935063228776750,-0.08801185972574047752925302216398095215111460320141846163609094760119546773286057763123600478321116131
31,31/32,1/1,63/64,0,0/10,1/10,0.09457732343112753854459213585379036422000890682083378694624914845097941672015766298944679335303521498,0.09457732343112753854459213585379036422000890682083378694624914845097941672015781018488557570921573495,-0.0001345627306233926650362885254060789985205198058541578163338779595645075306746523589665842594655139106,-0.00008603886298085375241711651143811606577950764958554114012909945547246627898201730776240414750936931706,0.09444276070050414587955584732838428522148838701497962912991527049141490918948301054400124159050681524,0.09449128456814668479217501934235224815422939917124824580612004899550695044117579289900029131694548853,-0.04181248006396334668248886014392597845738990065479464153791973884895800241174842364388387798854790143,0.04714302126274466709756389501890851841673146294263582876387278490649682583156434300554145948111441630,-0.00006017303962235711380410399800913686101497956198989370895953682924400298049493012722671472228674298691,0.0002909712114244328890315625986079088302768960326122422458754476088973053149104342919522453407958902479,-0.04187265310358570379629296414193511531840488021678453524687927567820200539224335382998578264037522517,0.04743399247416909998659545761751642724700835897524807100974823251539413114647477734227745585028215814
31,31/32,1/1,63/64,1,1/10,2/10,0.09194541016785930808757034830879755007637490630086024144217573277936993894901182775436993328978533952,0.09194541016785930808757034830879755007637490630086024144217573277936993894901197534514113851711048040,-0.0001961064951311196802921931155057932729975290498626101695769655063282056190653192649442106708966059513,-0.00005894666004140166415672779269525648089321339323740960766152669693746869300702350314985869894445843766,0.09174930367272818840727815519329175680337737725099763127259876727304173332994650846188628951523477886,0.09188646350781790642341362051610229359548169290762283183451420608243247025600495194359119774029124274,-0.03912880267562331164035067016810669602947811851094214828690596170241445636454949102500231163455338635,0.04994059618833653033489855032011929675190418418532578634778232571269313480823202166601297474112699420,-0.0002202017001061148103646489260784186920617236411733113204065858019813731683804906659452642965752340338,0.0004442679215066850199524324150773070383238082390543612478015877186092896784918363340820733852423185330,-0.03934900437572942645071531909418511472153984215211545960731254750439582953292998174576906425896312836,0.05038486410984321535485098273519660379022799242438014759558391343130242448672385802480332455581585154
31,31/32,1/1,63/64,2,2/10,3/10,0.08626467937816666022504998587320260055978678402458753435639078654125382235735355751148800956788299208,0.08626467937816666022504998587320260055978678402458753435639078654125382235735370193959983182605116566,-0.0002837797880120979684751312192786277940484996924910531951670527025870811992465674602698193563482406486,-0.00004635792501972357504182336832121153799752851313462317860881510529752415561259428593667203743507843861,0.08598089959015456225657485465392397276573828433209648116122373383866674115810698996525397846741866850,0.08621832145314693665000816250488138902178925551145291117778197143595629820174110777237870669572250414,-0.03381472848870635554595637453300279286912266430835449433286163373127096885630416458715414914896822123,0.05540332001791513484974305988016236361735371872176473925512354153880254149119904457437455154855662706,-0.0004208324620507214458924552615016958818527576928252172271315104221443785032398693044126077511237583932,0.0006190802385371761889625872995562883539088417445053747276159874345554029599065068406837639243814423993,-0.03423556095075707699184882979450448875097542200117971155999314415341534735954403390237662783797484035,0.05602240025645231103870564717971865197126256046627011398273952897335794445110555143153049975923576200
31,31/32,1/1,63/64,3,3/10,4/10,0.07662522802472592019696395750981675540904156038584829556484113049138419142348199102313885994873607063,0.07662522802472592019696395750981675540904156038584829556484113049138419142348214177656944814521817882,-0.0004072974107170198450209408311503377558333918631990528309839464222155703487406131215266565720998559052,-0.00005250001770468421914176805643235824383806650883802032115094175995419046194279235776695449013472775144,0.07621793061400890035194301667866641765320816852264924273385718406916862107474137781101518980199890577,0.07657272800702123597782218945338439716520349387701027524369018873143000096153934946371493362319200338,-0.02609696977169191847211320878315437746863120559071776061363814383105816883316567316773206823219519940,0.06306763005904050142116791317326096798853755720626721255442653293700538471613047694310283571215887662,-0.0006810654922890687876297734136359465999297008344209251707331189801807716789464443262604190679806450474,0.0008118190993090715553505173652641693858750841654584221932403073239084319372183228698998042758724499912,-0.02677803526398098725974298219679032406856090642513868578437126281123894051211211750428760247911190228,0.06387944915834957297651843053852513737441264137172563474766684026091381665334879989742258445530700087
31,31/32,1/1,63/64,4,4/10,5/10,0.06144932247698897296647257545779011211251020114503959017166368160031312827676842042506081940287185060,0.06144932247698897296647257545779011211251020114503959017166368160031312827676856320595421303127077037,-0.0005884954466643158107876835110384435209732451403817174300548114275962617484955390892992967759015707115,-0.00008541376757998590600942514131022861183338788177154845382668280638987570391569971849796109133139492084,0.06086082703032465715568489194675166859153695600465787274160887017271686652827288133061396503750225097,0.06136390870940898706046315031647988350067681326326804171783699879392325257285286349350463210756430943,-0.01710840498229888714676639503243284388736990334320288693658184705113395445881601761966942181263553917,0.07233648878482431920742238691814608915076354230140258812290123561780001372298625675138206404426823425,-0.001061005841365853336233059363474841306915171665662073945194679640131655412545232061159554171248004396,0.001023633454785465127392301635720544926010638408584376800447032604316550421110747837138290074556869589,-0.01816941082366474048299945439590768519428507500886496088177652669126560987136124968288799901967075513,0.07336012223960978433481468855386663407677418070998696492334826822211656414409700470176662108712174004
31,31/32,1/1,63/64,5,5/10,6/10,0.03816220348507100585071442020393239178581377444435563074660062088768121696131801202000523177262682736,0.03816220348507100585071442020393239178581377444435563074660062088768121696131815071579692239919799769,-0.0008664022307790412738295817872900596257146558152822343961465719332966794307401250028107889810428319569,-0.0001569620172119725836870279258008221159592950601798700498229065449715621382925742983769749031876644732,0.03729580125429196457688483841664233216009911862907339635045404895438453753057788697395495904005255249,0.03800524146785903326702739227813156966985447938417576069677771434270965482302557643234786450546761708,-0.009012057464037897239758387811188207814432007040952359750101403487417041650999538265898450759666029568,0.08139264689236096288891993266089409131613666132020353092076621983009154762692744471088126783799015231,-0.001679282835153108329123924659605575563203969372445998337261085976763643090240289852276245812683904383,0.001269568752623348044149879408802664163934261151671315057160305195744551181946960166624138329342462085,-0.01069134029919100556888231247079378337763597641339835808736248946418068474123982813258785782286041492,0.08266221564498431093306981206969675548007092247187484597792652502583609880887440494957121241988501925
31,31/32,1/1,63/64,6,6/10,7/10,0.002592346458809277938086137844506415839744010556596218723452442263550290089520887204760584019708626157,0.002592346458809277938086137844506415839744010556596218723452442263550290089521018833985215824569697672,-0.001319553268870871278041711533308690472410272994735634865734570591812406986523129074154096249649580536,-0.0002895610209087634454505868567835129235776240752467911593653766423799511300376916265312371664944166708,0.001272793189938406660044426311197725367333737561860583857717871671737883102997758130606487770059045621,0.002302785437900514492635550987722902916166386481349427564087065621170338959483327210542513211756098352,-0.006692406704856636953446734798517512391162330267930137654627068288293832761631673032271049364553118142,0.08625136470843709593781088826369302642066852410280563803947123291313522121435949018346835719705514571,-0.002818398809547444267866451748986398278281018932950952766134004826480518553556413401582215253709040322,0.001556689149601746821340625996137846329687616232294720550937854801046085380231260991743791608221892782,-0.009510805514404081221313186547503910669443349200881090420761073114774351315188086442089356761411004733,0.08780805385803884275915151425983087275035614033510035859040908771418130659459075130081255398829694410
31,31/32,1/1,63/64,7,7/10,8/10,-0.05214062503524754867755315999760798876446522164222232502129445535796407512046712379255521528497531881,-0.05214062503524754867755315999760798876446522164222232502129445535796407512046699649551505077640738480,-0.002084467871705946109401308475093944479415339109536566423034710417158266136834512338991878665206773840,-0.0005156849381802919853702351635968139959728175097821963785547358644909463890235884180780545138570297365,-0.05422509290695349478695446847270193324388056075175889144432916577512234125730163619331778502379843967,-0.05265630997342784066292339516120480276043803915200452139984919122245502150949058490844554770079638562,-0.02073261478397671836137242929790811483999911226660184959114740936167646989098795907578999056734541677,0.07797441931554537271313502551144223163673901337117407312352982430267198568235299746546394089742324789,-0.005065592037712934144277705313365878667752796741945297362051334712003431850591613069685511393425750536,0.001934934300110472957827331040881780305805725684094816490586228385988068444140333741716273393109835810,-0.02579820682168965250565013461127399350775190900854714695319874407367990174157957215371159410392001358,0.07990935361565584567096235655232401194254473905526888961411605268866005412649333133689866554512741243
31,31/32,1/1,63/64,8,8/10,9/10,-0.1377753282589607311861248761982475137759678243195052372420394326625392947550548306509240301893920586,-0.1377753282589607311861248761982475137759678243195052372420394326625392947550546830601528249620669177,-0.003458897356896194489812923664800758715727846617361996261545184760590334431317813637901188347467943376,-0.0009262324734402928012928921850498795857096647720408766419135893558617210068470006071056211965235154260,-0.1412342256158569256759377998630482724916956709368672335035846174231296291863726443094154488947321177,-0.1387015607324010239874177683832973933616774890915461138839530220184010157619016834922414881166774500,-0.07415176601410540082467292449241266620225669207972337836871028531225296855841036186918717856299571997,0.03571004270035612379617224027588561665765107018407802091112657203320929029553112361599078994303061110,-0.009971457762278295643704727561478615322307184822355123321299234633538891445256864286434037286706863357,0.002389220100314480401178861548564849406824331720061642901900689539848235692469969432525975475033120154,-0.08412322377638369646837765205389128152456387690207850169000951994579186000366722617209340013600027587,0.03809926280067060419735110182445046606447540190413966381302726157305752598800109310616941042010565514
31,31/32,1/1,63/64,9,9/10,10/10,-0.2753109380415633358410188649394312198200623269053839143194360250735232729155060255539334738494078212,-0.2753109380415633358410188649394312198200623269053839143194360250735232729155058721649533998452949069,-0.006126146468122886191036174764804872397210095744343168890970165382979473763935799763633201072490476732,-0.001711167556356821573119820430918405509269930894815589666323985025846452825773503573657803870123563801,-0.2814370845096862220320550397042360922172724226497270832104061904565027466794418253999275963533867606,-0.2770221055979201574141386853703496253293322578001995039857600100993697257412793755965386142461008726,-0.2160083360445500333167417312788119250532839933271227038078743837310305897357986845119742760670429918,-0.09101241128817043800632967112886527494380880223214937618185577104547103999929522271106392103832566053,-0.02184633702850379481068820924220646953562148358275438666813471485970240442882960733733118030372775690,0.002914160320049103034381118243016295662990282821595203321711260966405019365306072530058590955295389777,-0.2378546730730538281274299405210183945889054769098770904760090985907329941646282919481385620885569039,-0.08809825096812133497194855288584897928081851941055417286014451007906602063398915014806096151043488568
