q_slab_index,q_lo,q_hi,q_mid,x_panel_index,x_lo,x_hi,c_point_midpoint_term_lower,c_point_midpoint_term_upper,c_point_midpoint_term_lower_mantissa,c_point_midpoint_term_lower_exponent,c_point_midpoint_term_upper_mantissa,c_point_midpoint_term_upper_exponent,c_point_remainder_term_lower,c_point_remainder_term_upper,c_point_remainder_term_lower_mantissa,c_point_remainder_term_lower_exponent,c_point_remainder_term_upper_mantissa,c_point_remainder_term_upper_exponent,c_point_contribution_lower,c_point_contribution_upper,c_point_contribution_lower_mantissa,c_point_contribution_lower_exponent,c_point_contribution_upper_mantissa,c_point_contribution_upper_exponent,cq_midpoint_term_lower,cq_midpoint_term_upper,cq_midpoint_term_lower_mantissa,cq_midpoint_term_lower_exponent,cq_midpoint_term_upper_mantissa,cq_midpoint_term_upper_exponent,cq_remainder_term_lower,cq_remainder_term_upper,cq_remainder_term_lower_mantissa,cq_remainder_term_lower_exponent,cq_remainder_term_upper_mantissa,cq_remainder_term_upper_exponent,cq_contribution_lower,cq_contribution_upper,cq_contribution_lower_mantissa,cq_contribution_lower_exponent,cq_contribution_upper_mantissa,cq_contribution_upper_exponent
31,31/32,1/1,63/64,0,0/10,1/10,0.09457732343112753854459213585379036422000890682083378694624914845097941672015773646950488602239348525195258026806535710300857023827,0.09457732343112753854459213585379036422000890682083378694624914845097941672015773646950488602239348525195258026807329451610477493122,7453072567743384082093638705364057588910652151783765272013746554300127239946148604406471876801397487698929624018863,-385,14906145135486768164187277410728115177821304303567530544027493108600254479892297208812943753602794975397859248038977,-386,-0.0001428240668162091334918276748863900807670959399016324767641790608045147127338355527057299590101886355163927197841671720013796807479,-7.365667312631402654664082147757660420459593990163247676417906080451471273383555270572995901018863551639271978416716890330614886842e-5,-23050464320252032599854826827580160958504721061185944182469429349018768712207860752870500021069062662625552432080441,-396,-23774991900088958902488377179734681846856071676094502880950889041688249369742911720887858957423129865324696790060145,-397,0.09443449936419764257337869214916459425642931088093215446948496939017490200742390091679915606338329661643618754828515581830837889369,0.09450366675811491135576711106205216749861681088093215446948496939017490200742390091679915606338329661643618754828515581830837889369,29767269832812208161328118495439693777281433965362485962867846220444806851528142769654054736725845397890432250130379,-387,29789072505481941620321188382985564781890633333088821378041062007179135104374875525337340532568575465428958060720075,-387,-0.04263220117223245715558464621731531942522525134249596196876332502003115646819217152731253820246392713593415315787116708354779307003,0.04844735649152862215578620339205968057477474865750403803123667497996884353180782847268746179753607286406584684212883450266585525225,-26876708076067828114124713534738038493036145910887065833022183489232005138641921709803068765658443935551591474444675,-388,15271384325425144533755287312446412312437141984699039875228811987487750041935898361643844502920037724997974802080575,-387,-0.0001058166407889148298066765648780407734316502368243582326157734077481069589095695248447601400905100168497141605958240806719594452119,0.0003349841859202497095453827994408068828183497631756417673842265922518930410904304751552398599094899831502858394041759255241876185470,-17077812986046344877110807584491151467199124381145988641304369766836313334227715181462678798049031400369729922236487,-396,27031652289175222917452040248952633429131033198090384818888663319512453468629834173968381000011996755774973754687453,-395,-0.04273801791374791020674312513128393637053190157932032020137909842777926342710174105215729834255443715278386731846699072429331098836,0.04878234077817541008668338854059106362946809842067967979862090157222073657289825894784270165744556284721613268153301086192033733392,-26943418346545814579026032604589560592131424663805810488749062297118200478129175853930580478151961653695890678434563,-388,15376976748930356713389136833531185306107951169781527009725987635321841058560447217235870052920653931943523266550399,-387
31,31/32,1/1,63/64,1,1/10,2/10,0.09194541016785930808757034830879755007637490630086024144217573277936993894901190158703901637443787617750518194033261583423382019320,0.09194541016785930808757034830879755007637490630086024144217573277936993894901190158703901637443787617750518194034046441936571883842,28982668969312195282387281269530834205942995072997999199624375851420530340256314432108751057663350658675721359349329,-387,28982668969312195282387281269530834205942995072997999199624375851420530340256314432108751057663350658675721359351803,-387,-0.0002069164823958607293885951228000002861328361912071501819999297584743168066123543970737070235456285103632026214194307303244294473746,-4.371194847659069544047166775239286425783619120715018199992975847431680661235439707370702354562851036320262141943073032442944737457e-5,-33394378840055208489392428355014884023182224582030729791841782475550533641299234169201558689300111702086354592372407,-396,-7054698351538597059394113889921051206777609240587344602684703045980568063562186463396505181422198376529082464376503,-396,0.09173849368523607368273852112651879002461707010965309126017580302089562214239954718996530935089224766714197931891710735794295609175,0.09190169821961009106757310870052391697774207010965309126017580302089562214239954718996530935089224766714197931891710735794295609175,14458722786534270310778373474081053803803513536855663887294088042453085526503655262747132056548061649111446260166253,-386,14484445130833009145877670937788710152891473885924934849054383037950324597244005438275097454366536753628127211433581,-386,-0.03995757541599978112769136040774106997790374717858838696644052566068561400906345321659961664606510005752878213638269885903865566064,0.05125473971963565445351591498288393002209625282141161303355947433931438599093654678340038335393489994247121786361730114096134433936,-787204317067061543201311390829241732419494104872372207331333469953783672657513519063805209645792061348555075968723,-383,1009769786013835144495059088870165543316578534075756338243736137388183245881628216098738242331095288359987371745581,-383,-0.0002903315705652630056056867589544521026550747638138745675211309936366193125167626658320581481717946851105718901469842263554728128167,0.0005108603502349297416594137201715244598449252361861254324788690063633806874832373341679418518282053148894281098530157984291154422189,-11714197854639548353025202078420937516222295804377800640175366141308453418798743520385116675112722954428003812629707,-394,10306008414949865228817494193448930541392779435665251811272069699068908669702610082592064031345026926055675849347483,-393,-0.04024790709161168218807025864588253379930882194240226153396165665432223332158021588243167479423689474263935402652968439897730599034,0.05176560017491722224994854018224246620069117805759773846603834334567776667841978411756832520576310525736064597347031718723634233194,-6343393138462371215542824546693378984490636285840031957959882145600474961751640256150695747433941995092894797459061,-386,32634695981634680448955752435153029817396797863289556005135926022440645001437707527295624588596367040013714965415469,-388
31,31/32,1/1,63/64,2,2/10,3/10,0.08626467937816666022504998587320260055978678402458753435639078654125382235735362941054878998768448886660889767423793225657870964921,0.08626467937816666022504998587320260055978678402458753435639078654125382235735362941054878998768448886660889767424568566889170895758,27192011451108046368613195493507449281946001820188452730197560068015293999699314254461765791423126718016130677727217,-387,27192011451108046368613195493507449281946001820188452730197560068015293999699314254461765791423126718016130677729661,-387,-0.0002974025164986145671397557226651289769516046592684102233292206698786862864701604010455836266864574539443863638667360470519950725995,-2.769461800205171927214765229159382070160465926841022332922066987868628647016040104558362668645745394438636386673604705199507259948e-5,-23998987874102727701083526520630513008735208900784556542144865343036672986199577120647185718946995657094259617136531,-395,-2234825748733173625994102151992702940868514361769545920169901909602975187121591208057171197231759649990057058205587,-395,0.08596727686121329830702376603157995205158517936531912413306156587137513607088346900950320636099803141266451131037507156492315433135,0.08623698476061935585666430233986852627033517936531912413306156587137513607088346900950320636099803141266451131037507156492315433135,27098265404581488925031458498560560034549249476619977744381789117535457693385289476578707421704113856661223370689335,-387,27183281663170401072636035501451904092039614619762575753269913958914506680336303218560822766938316316452739872754487,-387,-0.03465993322406402421318022916087353273904244690932823282568370932877426020115897380565614349074596473224597836657865360835656204491,0.05669942389267989802040131380787646726095755309067176717431629067122573979884102619434385650925403526775402163342134797785708627738,-2731341807322379123008588642416833734372971797977027437529113378555308230098598942283781611019271123544092655681001,-385,35745136824821928398693767243598652717379134577822571132250971524863409118327831010286717962436814703514188314579129,-388,-0.0005183933506149008464101380150659008725013557576774494592206444657002885260294009848464669553905918610204634375868529753018685125388,0.0007126395623683089796420508582251147524986442423225505407793555342997114739705990151535330446094081389795365624131470494827197424968,-20915955725412371415837860618917004528534402198776040600807379162009934559459969330279373846805787859084247995972313,-394,3594166841885690923916858390124078509963704673567033663208516719138270847788049907451122625997178672356397738401957,-391,-0.03517832667927081576347711453616892579904380266700568228490435379447454872718837479050261044613655659326644180416550755025737250383,0.05741206355964009770393011202633107420095619733299431771509564620552545127281162520949738955386344340673355819583449403595627581845,-5544386583181671624288932917579087202669280991518334643302151158826137550163596561649951584130885706391761527207629,-386,36194407745995724973897930501175263271059597209919693778740118422211372106675369936262046522699495439474851520324813,-388
31,31/32,1/1,63/64,3,3/10,4/10,0.07662522802472592019696395750981675540904156038584829556484113049138419142348206602272403691902904137532325727008238814136712653392,0.07662522802472592019696395750981675540904156038584829556484113049138419142348206602272403691902904137532325727008993217347854730123,24153501675443124867155768824058404144069059826770765205331984285131173482157572947830856515431815202037196687400255,-387,24153501675443124867155768824058404144069059826770765205331984285131173482157572947830856515431815202037196687402633,-387,-0.0004253834063152936483095782740135944685515981997429861026511719294717390910270166547945305139572424781284584439227976093435221946381,-2.863357804619965239571509194572337480159819974298610265117192947173909102701665479453051395724247812845844392279760314737513087920e-5,-17163222642154076949804318688319542997441527706388189812265882476516672530256943259035489898474857384919493185570029,-394,-4621190838686939665454725331571995623434596507483293219041914417731054741082929344033782767806526031029546080015283,-396,0.07619984461795587919776791511684564140923996218610530946218995856191245233245504936792950640507179889719479882616336207717213787726,0.07659659444713446789545470653682855156548996218610530946218995856191245233245504936792950640507179889719479882616336207717213787726,12009706999203976238743021557415115704222583728882411080300319754024893837776628949432055725047802109574065145739757,-386,12072237956114829050810528516560426948036709782133436105043280308133820909164039015605660416983909620226112480311789,-386,-0.02697108144462066872253725465328116717356818789525073900666895002853074676553885776535444900582354028060221760514602850603048857588,0.06432674772981596009597470823734383282643181210474926099333104997146925323446114223464555099417645971939778239485397387328998390754,-34006870982540920026805251487785038049763085698731346158559482888956124137368483079482495032710727780498856070748219,-389,10138411650576451833656858158396953257534047597471157715438642963679100295684949955569963039353238416500507089714425,-386,-0.0008187294168983309806224502576737669690052339013031530443956225383908556596855683765466102955443735377079059927954120233717610501650,0.0009465202421033798440459571825117799059947660986968469556043774616091443403144316234533897044556264622920940072045880014128272048706,-33033811515185639563256086955414043566201019147689840978810684496205743732190504798870106222473732034965344965244001,-394,1193433486219845607908845639060488687222754854259578046887987167195510893767089749207211627939615475141442722246237,-389,-0.02778981097156785861768402169867466070507342179655389205106457256692160242522442614190105930136791381831012359794144129772448553215,0.06527326808196819885454498220757533929492657820344610794893542743307839757477557385809894069863208618168987640205856108159598695127,-35039177731147137530556330657596391076983127465288835533828324765586678411908270357800516740399154369754127137466847,-389,20575181707397031636140759339672694728317848888055255403769534715688109510538880849280061707750411317577025869129097,-387
31,31/32,1/1,63/64,4,4/10,5/10,0.06144932247698897296647257545779011211251020114503959017166368160031312827676849079689734529349542361108596658381489045083354191481,0.06144932247698897296647257545779011211251020114503959017166368160031312827676849079689734529349542361108596658382227268915283380949,9684906340010248242297728966952652638587261267665034174593478641836539732597173277385487287873993407612052980928235,-386,19369812680020496484595457933905305277174522535330068349186957283673079465194346554770974575747986815224105961858797,-387,-0.0006122923963437012137031557327341372595021480397534620909566582267698392997636811659079237705536368726216254713817176985745830348658,-5.281127085138966526150724945777007200214803975346209095665822676983929976368116590792377055363687262162547138171769857458303486578e-5,-24704561965813493340260937065964933587847682788720779899404724690040918900810018200544995858753935145026544415640249,-394,-2130810901837744879994046289918321106905081910856810132064507549326223750028312778807799742480844966329370959514297,-394,0.06083703007973577705099649148714093579050805310528612808070702337354328897700480963098942152294178673846434111243686369792648704204,0.06139651120704707800298399644624738110300805310528612808070702337354328897700480963098942152294178673846434111243686369792648704204,4794202072343972810218977606031525405401675411485904158144205682891234045339600732017039048648179844441205093197779,-385,4838291430034144107429815846554167751359896862625267535919059614727791736767653930174399810317151883265855865513939,-385,-0.01804021341177474473135474654795505520921648546310588207047181066896457692617320559192346674488601784867408475421471031776347332982,0.07355939908501852537972923782704494479078351453689411792952818933103542307382679440807653325511398215132591524578529047534335083132,-22746259220320872973989784151574222663475017116015218726279040896217123465950164689356382363131696214293574676482669,-389,23187103188407634572749218661183741636432752254619042424767937670515012851780660357943055862504575935866412371844453,-387,-0.001251987892833216544769973594335832113895034711640823942081600624529998928050775020551205405128024718334084071025340910323407714352,0.001221997177704093548871307533593855386104965288359176057918399375470001071949224979448794594871975281665915928974659139245768795719,-12628693686073667965282292094919127586416679189941943585931360070436416376477491849218375521416070724441174836734007,-392,24652359868351108890244510337260220751293836258529755172120090073611922436331788669071370223990793224621378377953171,-393,-0.01929220136645360099668384032051354357311152017474670601255341129349457585422398061247467215001404256700816882524005132722523406431,0.07478139632456825864915966553886145642688847982525329398744658870650542414577601938752532784998595743299183117475994867277476593569,-6081211502264758603328125514551756013012014500460292826560504778024924013041307239379290694422333965148248718482909,-387,23572296330845358885074896983895410195739457442929372257262703629684704274637189002649416890849589781437189744714275,-387
31,31/32,1/1,63/64,5,5/10,6/10,0.03816220348507100585071442020393239178581377444435563074660062088768121696131808097141218695232112217973107384983867976927192158119,0.03816220348507100585071442020393239178581377444435563074660062088768121696131808097141218695232112217973107384984586531709882151305,12029339025494678095995400681088832640489761966139114189088015398411595954121582998777138742605800925172817668846191,-387,1503667378186834761999425085136104080061220245767389273636001924801449494265197874847142342825725115646602208606057,-384,-0.0008966371455761703617811702364186752529825513292504437097063257658826317609785064666035543314439987172852855943797454049395144246460,-0.0001107518969155365556419395082692611904825513292504437097063257658826317609785064666035543314439987172852855943797454049395144246460,-36177205622691556658934011843263156968500358683264872580081578491219071567466078943619344509273029619564497059927451,-394,-4468579254813095910524773963485036163569019854514386628182405621449596895391044078624252007091375890267076756460955,-394,0.03726556633858534078716032172959867747033122311510518703689429512179858520033957450480863262087712346244578825546252622121609168615,0.03805145158906496399684540893357816965783122311510518703689429512179858520033957450480863262087712346244578825546252622121609168615,734169037892544561412419985913249163422537002895408546775630807873859272036086806094940750788647066383200270296707,-383,749651765647071131949574051465653650460914991632830697950085968435076223956231614151496710925571991885554490156675,-383,-0.01010795587044694121085831266057782372181710465822349235367193001069720699777403886217809313841682818793737640992637326299756683877,0.08266023013438544575966170687067217627818289534177650764632806998930279300222596113782190686158317181206262359007362673700243316123,-1593094959360929317396048745620796447094130797776431065430302769757846506759622266122374434844813177454439009883519,-386,13027915599801795955778516178497176121249484032749564734711699814663606354154397921809602124883439603968381763185281,-386,-0.001941920844109073510010362020227920658124333946173238416197548984604551940723159788981709265880756509785956583542035176344590589513,0.001557510520507538462440848001744735591875666053826761583802451015395448059276840211018290734119243490214043416457964873224585920558,-39175975491836575716423755925664632703955173242611341213836436226403148198260326783157972839561479724417185549595427,-393,15710474030076830997772476864660685699436009571546766329352200529966314525670992277066999890144472258499503837046383,-392,-0.01204987680004851668752392904481941625494143860439673076986947899530175893849719865115980240429758469772333299346840987684827622035,0.08421774074038548618875780923643058374505856139560326923013052100469824106150280134884019759570241530227666700653159012315172377965,-3798314562730413868244558939007248299987082731828302960054103059469911066913405932271288690130492474646873360996299,-387,26546783539992101618120762520442144190405864918969604539942959099805328900032358146317244491156611965058849838295093,-387
31,31/32,1/1,63/64,6,6/10,7/10,0.002592346458809277938086137844506415839744010556596218723452442263550290089520952909432457009551977402222997790099770307002569157939,0.002592346458809277938086137844506415839744010556596218723452442263550290089520952909432457009551977402222997790106761345380843570124,26148774715700340451272076996026923381805121064052543920980056532973379783065198058813528876127783643921471600041399,-392,26148774715700340451272076996026923381805121064052543920980056532973379783065198058813528876127783643921471600111917,-392,-0.001362921951134816868955017635269927837352089320859998753538229722470841694878197159264853299389503594525447378705240918634442683681,-0.0002121875886804304409564748496253965873520893208599987535382297224708416948781971592648532993895035945254473787052409186344426836807,-13747675945936923617170534362152252472333147323317184868870718781831773325252069615262234060861047480735082808317591,-392,-2140317871099986762586132315500028565522164137193212648680166517782794059100268235917374952521503081907631907378839,-392,0.001229424506764966367358191971321448939891921235736219969914212541079448394642755750167603710162473807697550411398024907557263680351,0.002380158871038342198902591232796058314891921235736219969914212541079448394642755750167603710162473807697550411398024907557263680351,12401098760589422370141256587431387328263625977549099095436213256191251100265436939197355582986661950745886045540571,-392,24008456853774348152646230726970178397491304690045591228973014510140941081512621327250093155886354774454342438916315,-392,-0.008008484521050311029924392245469441695248470624485991405953103834474816942881835537015833067185338300033521929386781753554846086468,0.08759789166310026556156730697328055830475152937551400859404689616552518305711816446298416693281466169996647807061321824644515391353,-157775178361076814147110428548856618553612056558420442894713732258803086351195206855701577292544015614222287653613,-383,1725766335050284477763342467764996652230483866546673155706650673336404901908274932576547879755863435765241416889619,-383,-0.003205474421255233855408536919893271570956653769046667760248645776768266473438154394421347729611919857326553857901013999401883951564,0.002028392781804838059979570379911415929043346230953332239751354223231733526561845605578652270388080142673446142098986099736469068578,-16166671745111389631092930103629001809796602013924330431021183061110431061956439957728163530903248251484883052179783,-391,20460222709093392406745731871575408492850379767986741908484530720694108733560616814868588141805159478731902964637043,-392,-0.01121395900415118460589204934358536951620512439353265916620174961124308341631998993143718079679725815736007578728779595123343607832,0.08962628450675074334210599753141463048379487560646734083379825038875691658368001006856281920320274184263992421271220563498021224396,-7069639714682858228425365673900992240075639055151600292369266418459512915560490507602712651914629933962860257866697,-388,7062910834989614598209972863479663890289263807316789645969235477543418615811253160860382581030095976847575743398279,-385
31,31/32,1/1,63/64,7,7/10,8/10,-0.05214062503524754867755315999760798876446522164222232502129445535796407512046705924898399361917285319969331770097962420422762562242,-0.05214062503524754867755315999760798876446522164222232502129445535796407512046705924898399361917285319969331770097265755388419416530,-16435561845781640192627219734430145793510483884572369154114396727576387442825521692839674531314222697301435526072275,-387,-16435561845781640192627219734430145793510483884572369154114396727576387442825521692839674531314222697301435526070079,-387,-0.002152789020442232823252640461014698961195949452579329968346156858841887632745346309240260592796830069486897725472727935291383359748,-0.0003888956617854455097317321053018083361959494525793299683461568588418876327453463092402605927968300694868977254727279352913833597484,-5428749204671670968247176363376062381829200118474767576531909321615321905375672914983064202928607518481222459178213,-390,-980689233626947561688956496196602637084154525103263425835101112844775992283165589202020268572427746925339895381221,-390,-0.05429341405750877090435165693445276585066117109480165498964061221680596275321240555822425421196968326918021542644886841779388117304,-0.05252952069521400478373903562707971897566117109480165498964061221680596275321240555822425421196968326918021542644886841779388117304,-34228310993877947435311269315509717630129311269161712696945911347425399781688423052469357517395606550778239510214219,-388,-33116295998823267967681642837104031798640962930022271670103428171495174464028373344935611725736543054779143182710347,-388,-0.02227638034978683516115790778084446921932475910624340532309221429863107111913449965741492235305306486207824072030892115845789701833,0.07938049790086422637372368401603053078067524089375659467690778570136892888086550034258507764694693513792175927969107963464892714281,-28087490450417315048703575661479027198995554416309429535542758419229729072435071066720748648474875948654850547605921,-389,3127750870162731197614458125414184352688129139399804640251502217237492076976916607685451597749033447822892862334195,-384,-0.005704319511449673930933028382193824985521111403600874654274042190577298540892164451436531258752047872013608200888972814654501384282,0.002753951296300849159429520445931175014478888596399125345725957809422701459107835548563468741247952127986391799111027284483851635860,-14384744495126654760721119143289756083360558660716019966372565244349471890332186068236738883251131556615126651344305,-390,27778868746602154751468276933821922434381965178988443218444657960905801540303163360072749557370856870593166590978365,-392,-0.02798069997765183091902575061616329420484587050984427997736625648920836966002666410885145361180511273409184892119789436966581048318,0.08213444931358039736008801891508670579515412949015572002263374351079163033997333589114854638819488726590815107880210721654783783910,-17639931422382276926214355988108221270004698978823799412749516480305075369182114085251072903290814563005228906387005,-388,12945048323164572386370096421634272111206430289893432899640455639489832172070286366950821567390201854775595169757809,-386
31,31/32,1/1,63/64,8,8/10,9/10,-0.1377753282589607311861248761982475137759678243195052372420394326625392947550547562978429597768947285956992667835713497598227855796,-0.1377753282589607311861248761982475137759678243195052372420394326625392947550547562978429597768947285956992667835637232446016520537,-10857248675539708251358927607530054992204381377861325806424091381539959486335429733405186056422577596223068549813657,-385,-169644510555307941427483243867657109253193459029083215725376427836561866973991089584456032131602774940985446090829,-379,-0.003576354486210008755242328714482723388187881289541526384689074378672512952258356550421068310539594325386213122678661100343773043986,-0.0006974062731722068487758446446585046381878812895415263846890743786725129522583565504210683105395943253862131226786611003437730439864,-36074378656294389512146744044487470058703216564535302829560113272399183508067906477977559824964648975325710334431345,-392,-7034676812015532827581158123079852416745671931358439207405463442256698683883391979624806188076949635985974147813489,-392,-0.1413516827488087187484589178643903934141557056090467636267285070412118077073131128482640280874343229210854799062461927447766938736,-0.1384727345284949592278090078912458621641557056090467636267285070412118077073131128482640280874343229210854799062461927447766938736,-11139079759078695496421332984328965963950761124871328483426064906947776712415575612275446343563866235481566372620429,-385,-10912207087846892274575646466415263727297446072225492989085911424215391339879903373734944253758176446115443262023821,-385,-0.07581580511359096668144413746654090477676171275552123080321105666601065407972428467543990665297981604996633872338333804079878210775,0.03742423304757504560569575511158409522323828724447876919678894333398934592027571532456009334702018395003366127661666354541486621453,-5974589645740695024142804095125399884061330656964119453012916637180660576795437162407959685595728967257235474449481,-385,23593437798973807867253781440581238360683563945377810599288277574157611011464142334198265924359290460458684867927481,-388,-0.01116832637050686212072636475138164732733393950456985030409886536277609748081161122690970798055793981167263361026686526871368432209,0.004107607831274775845906478266196477672666060495430149695901134637223902519188388773090292019442060188327366389733135127839727758481,-14081742875330151856975702459946728015690973248218660164443872104433691234875236079962024155801932357026917820381639,-389,10358271310095821207075244013630232150646535854525600667362803002452488109202821909677870257282059566573820458339443,-390,-0.08698413168054868438512300160757098960409565226009108110730992202878675156053589590234961463353775586163897233365020093019199394642,0.04153184107530067703455473276742901039590434773990891889269007797121324843946410409765038536646224413836102766634979906980800605358,-27418794363719780692547072808980445713324413341418397560706224915745963779347475324011434599223899892259064889868181,-387,13091502875173344216243227035486562372328946356011860090608079503300265182829341560197956562230403610024463528231019,-387
31,31/32,1/1,63/64,9,9/10,10/10,-0.2753109380415633358410188649394312198200623269053839143194360250735232729155059483391021125571627562130141382640848297752010997947,-0.2753109380415633358410188649394312198200623269053839143194360250735232729155059483391021125571627562130141382640767591201584360302,-21695606573297710212609387413977525311932015610977460981788022006230926742809504838051232059620101265111366365274259,-385,-21695606573297710212609387413977525311932015610977460981788022006230926742809504838051232059620101265111366365273623,-385,-0.006337918634999894555738539660289674073638240552970101459662315336842712549634447098596125951334437956790619206636361827331474859881,-0.001254480938842405583789916003063111573638240552970101459662315336842712549634447098596125951334437956790619206636361728193121839739,-31965018794049265266583041859298399858664600649165554063787260764788971644921220335243447371134284731040721938151855,-391,-12653840825734970504347875929265398466902079607579403822002922552843160199116049100410357675079766494577545857463133,-392,-0.2816488566838391880109408305030412063937005674583540157790983404103659854651403954376982385084971941698047574707171469560060588789,-0.2765654189731297838106253550391740188937005674583540157790983404103659854651403954376982385084971941698047574707171469560060588789,-22195059992528104636397265320931768033549171731319814011326768236615151634608129624811532126811579102311409067196219,-385,-21794464704175390015677087316772206013629166372712533826855349557740616722018368252626066776939157302572722020646715,-385,-0.2177143554574291713504561203711537363596078139572939169680553419876494705516617617192694847438078338415490257046808847813283830961,-0.08856010682866382673070514380865373635960781395729391696805534198764947055166176171926948474380783384154902570468088478132838309612,-34313529531110617644898013347600022458554720626755796568003604265844673490665839203652169989094107063745604616961559,-386,-13957783512065476529701733785029912603164212897230808422389571914449791228577203658311664183710735829502192474897943,-386,-0.02418453591571308202391519443430469071347815152556534364917114392529311038314986956022633467069358482821207607498740832394715875625,0.006874177616107021502200223046164059286521848474434656350828856074706889616850130439773665329306415171787923925012591676052841243750,-238229808501962922085481840404437743176451439444043210651399303683575936274533165036377402660892983605818259613355,-382,67714097256241272699966630914449187497109862905311472241363630944708885301538292978954674373982967849040814856533,-382,-0.2418988913876941686027381666120990520730859654828592606172264859129425809348116312794958194145014186697611017796682931052755418524,-0.08168592919800489000013806895584905207308596548285926061722648591294258093481163127949581941450141866976110177966829310527554185237,-38125206469435523014255794305681847244680030598657052927594274248519477310445292720322693239738413354548822457329863,-386,-12874357953672117550512196178787904707908368149949259877359472695596860224365668094559904585656989790807413750638791,-386
30,15/16,31/32,61/64,0,0/10,1/10,0.09447709534767595328783284097728845361424606360742243932955541953657859684861383953343600903726030915486240078315417912243870740334,0.09447709534767595328783284097728845361424606360742243932955541953657859684861383953343600903726030915486240078316183101707821408575,29780696770451839486388473166646629606504138657229505067674739038313115018532313058902396523170351134023286920318851,-387,29780696770451839486388473166646629606504138657229505067674739038313115018532313058902396523170351134023286920321263,-387,-0.0001455422194262797306036306542223268342231501413575513431465152870863530311352450517492952976770557160964994785602888293390820109710,-7.807954486135767677106987655814226391065014135755134314651528708635303113524505174929529767705571609649947856028882933908201097097e-5,-11744574324062779167838388005821605681154996667191124227484146276992305386717237476070445378303985202998091846292975,-395,-6300652974978817840041727793751982118823727283085777077436501108044503810861543773925221158970985634549673674446319,-395,0.09433155312813598671950759429332674689721041346606488798640890424949224381747859448168671373958325343876590130459771602975037856577,0.09439901580292828244878338713046969123314791346606488798640890424949224381747859448168671373958325343876590130459771602975037856577,29734819526962633339389259596129969882823031843048343410705374699360214000000028180072613770785257151931729910193059,-387,29756084844804164395075655034821205002841578580979897578921757098418216001136555823474383703144214761280672971381667,-387,-0.04065135125681198109117479050649334552940270078585657591991693184903916149867344728206673097757785963979822787384017095435427480713,0.04767854274571501742872267043100665447059729921414342408008306815096083850132655271793326902242214036020177212615983063185937351515,-25627916705803426866933915096232517542657024398372684752971283001819622654970926921298709546550584455343779138783699,-388,15029041893613777305293766803860038921160373912177415001002703164021629168985899486795895370331496280223407861127959,-387,-0.0001014730901474168681341026447403303540654560845046241248504583584405734140567740242919200928220167820785225333486871141238649091179,0.0003292551745985773700487996913802751146845439154953758751495416415594265859432259757080799071779832179214774666513128858761350908821,-8188402333195909153349018415456561761921746220730939356967406158514716551851313432422113459310538730468963580648903,-395,26569347952083131738854676226619721405335539190269245944205432479624297015141354834280492046803708834102135334101561,-395,-0.04075282442722230539076981014723587314909315687036120004476739020747973491273022130635865107039987642187675040718885877483890498477,0.04800779800057650223023238711838912685090684312963879995523260979252026508726977869364134892960012357812324959281114281137474333751,-25691888649631833122475407027517007934024331172046360290222793154893572647006251261191703385996232367167715876368911,-388,15132828434351758646289144245327140209201112427801511779734856780875438463688288380968401581411715431852693307082489,-387
30,15/16,31/32,61/64,1,1/10,2/10,0.09175978250707498415630872833288492329932440350922583028801969160894483571596671059433883457766123087041443716583078000256317759935,0.09175978250707498415630872833288492329932440350922583028801969160894483571596671059433883457766123087041443716583846362147565072738,28924156151388626130286122634688288609456388536875069652867858330164213260277459870338083501846833180258095664790999,-387,28924156151388626130286122634688288609456388536875069652867858330164213260277459870338083501846833180258095664793421,-387,-0.0002082309425985115690755823041297492971752791177737388049177112825618574177325116707379071104527105788044839098235436167860575402482,-4.924633585671497216850308431163406280027911777373880491771128256185741773251167073790711045271057880448390982354361678605754024819e-5,-33606520383683034985685642440072582091117204914105245810110652754671693430543121054306735139368819536945314278092525,-396,-7947896547639324497369956571999897806618983763642811128889827098844381842497275974619246317175065869493107824209645,-396,0.09155155156424909891178991396927641423652412439145209148310198032638297829823419892360092746720852029160995325601107649129291408942,0.09171053617144564285958345730805204900214912439145209148310198032638297829823419892360092746720852029160995325601107649129291408942,14429259208096286685415007814779841847290742514563657594366738588192972728907544498575562754762782687407653960068989,-386,14454316458007844953188443336498219731015513025555798721646627085864291239111086859038960218317894354758216683138941,-386,-0.03798710343556914050013104263078861500403414597739437427848156796001308516498730490348659412454548273879554776436237543602465897531,0.05046019751449611466496905502546138499596585402260562572151843203998691483501269509651340587545451726120445223563762615018898934697,-23948289359221972534601337808209746517429667540062001027840670944497666899233078555778231877197298787282976743881551,-388,15905864121099721670512002997754436755651784663408693128245602562620540177817175773902776748546467398048252199174745,-387,-0.0002823075710935923802550138870017081095798314984754496396230893263802802427908707829668160365134324684078279495979183212392695598719,0.0005000168584714587246184049209816903279201685015245503603769106736197197572091292170331839634865675315921720504020816787607304401281,-2847612074372813294328794795271374188819104110190167771395997580182446042974719411644532909231034107251427987494859,-392,5043626843083294211335349695640785175168518753092965453134896814077555490078469927171708096400652341460036789135413,-392,-0.03826941108351503518019849262161112389486397747586982391810465728639336540777817568645341016105891520720337571396029425295569363589,0.05096021444981987568939989605026387610513602252413017608189534271360663459222182431354658983894108479279662428603970733325795468639,-6031566290580107907071787041423199704371862042819080477433214883053908502241936069093814188625845088359399030391603,-386,32126954968342307492022726034265013998008188373213131993492074915077491805813001675623026823597117501889161826136885,-388
30,15/16,31/32,61/64,2,2/10,3/10,0.08591209022920499919131167857063122191824533410559872846636049053525515959499960394623019300821826738492825411214035521089773653577,0.08591209022920499919131167857063122191824533410559872846636049053525515959499960394623019300821826738492825411214783579446322441186,3385108711556336971969100354135725645937707100019239186919088002752522213847890701077352516125685140115054359143357,-384,13540434846225347887876401416542902583750828400076956747676352011010088855391562804309410064502740560460217436574607,-386,-0.0002966410683881376479709820182343326950454605814162919673257627872438235189957545136835867534590298150583545017200571795015085545197,-3.443623378975913682527107310493816379546058141629196732576278724382351899575451368358675345902981505835450172005717950150855451972e-5,-23937542583776211093997292981499131363744957951722295688600506171963646950319860524291630121239167814264250128056315,-395,-2778842515793056663380344094618089246214617555764293188103454068892295838358816360567026174810457328348009199222779,-395,0.08561544916036211419245423243343936969194987352418243649903472774801133607600384943254660625475923756986989961042403826121750128170,0.08587765399586998740537287161648380328569987352418243649903472774801133607600384943254660625475923756986989961042403826121750128170,26987363666589476287667496437901147879655647624355212965996090724552345412421755973690275648340014462076582290675651,-387,27070014839016722811660852833441879562340011384126494536909692474797166482626219161965885483514503931550958317623235,-387,-0.03272832908460748115164415906853327136348806357704088734732968152088982212236138186905037594465904696873591748166657602685901082064,0.05583651560099917730706555772834172863651193642295911265267031847911017787763861813094962405534095303126408251833342555935463750164,-20632989206229466016664664446797840114321743837010726313345086505670692436875775498611836469606228661244466875287783,-388,17600565869565172741876705511776233958317965812432063113856114418642141014108249870347008712229129215224857500998541,-387,-0.0005057222896857734449952097769244889177039095332406222387591326637040349821965804042194804748823114551641366627997541016190143287437,0.0006941780175702564737946538095012923322960904667593777612408673362959650178034195957805195251176885448358633372002459231655739262919,-10202354069429068340849007234687744895530427205040334189510569365388272146018568298909802189978345525606544742597567,-393,28008454706896979193158247900780172801742845546747592051172108900243140342663987103153875636022658008258831959095427,-394,-0.03323405148161362940584490091943236965619197311028150958608881418459385710455796227326985641954135842390005414446633017804720165945,0.05653069372588980859006574361181763034380802688971849041391118581540614289544203772673014358045864157609994585553367140816644666283,-20951812838557333574023305515401048553718634440666903937231584948597946703353080602563069626108599275668379151855365,-388,8909690977895954988838404559880343632018682085007681133494021547277362964496212345947774642334164944644366751179839,-386
30,15/16,31/32,61/64,3,3/10,4/10,0.07603537240537953343784779464494007285397109260360027689683237122685078839088284170599611638885880100349847628954100353577708481105,0.07603537240537953343784779464494007285397109260360027689683237122685078839088284170599611638885880100349847628954833818768692703731,23967569717295409392491884530774466354788609027939328831215327589999138518322873003394497775401706702034241840509373,-387,23967569717295409392491884530774466354788609027939328831215327589999138518322873003394497775401706702034241840511685,-387,-0.0004212140913039815452295691234331404215192918477166948849243531657602587418341194528882226190164025573970747974228318852565530468051,-3.662767146291065294028823201468339026929184771669488492435316576025874183411945288822261901640255739707479742283188525655304680506e-5,-8497500280610893192982304337186280840466948138138633112564784024120162482486294582263397180906682970345736475610475,-393,-738920313825846674602980867368841659056369392549739143669457122146147129133493624130115771691079446948486418369899,-393,0.07561415831362080454173176140254941290120180075588358201190801806109052964904872225310789376984239844610140149212183793552274616588,0.07599874473437137013579397053188290899495180075588358201190801806109052964904872225310789376984239844610140149212183793552274616588,23834796275267520522852156556030254410699932529481127377008485269388661677072341970791101893945663621053206852669451,-387,23956024087535224201700592424197504509822233689980524468918509892699204271891844845272995016973409745245054595633163,-387,-0.02514372803950432571732033588572292582459864476105240092595583210196952852110485474357068056542998853232228600345296063504503370806,0.06331900969865050283111106059865207417540135523894759907404416789803047147889514525642931943457001146767771399654704174427543877536,-31702826496416225686830083160183769906819087975560732049022007363021176145847030743968107978578280173910572438163099,-389,9979584049983156953832664407598987385074415742287784940917527921198572158368316356292211986491561020315351368363565,-386,-0.0007989797477954077402986469752795810179915455618047766778733725838314220279243994592737010804052370327977573064586828796453668208851,0.0009164245229307319169007358067028408570084544381952233221266274161685779720756005407262989195947629672022426935413171451392214341506,-15740702486714177012565442790915985441908797856339449523734588271085295236610922641932918209022709896163263825387,-383,36975579884589622776275619451370803672953889763408004714415999961767687525166382473519777349358350099108713903204353,-394,-0.02594270787552071952959302193876129590509019032285717760382920468580095054902925420284438164583522556512004330991164351469040052895,0.06423543430980222081998583548311370409490980967714282239617079531419904945097074579715561835416477443487995669008835886463007195448,-32710231566800615891152739811927206397252467666999858793202655513643693751255889283343327935351633433106117120887131,-389,10124019922811670527242299585221506264690793952755272706165919733708359526546717474115837765686979553620131756785365,-386
30,15/16,31/32,61/64,4,4/10,5/10,0.06057955134208565558005579341280302330215953861355818137479159870914453960871814878567605049964555148772463284083369119720479993051,0.06057955134208565558005579341280302330215953861355818137479159870914453960871814878567605049964555148772463284084081329648576697114,2386955857355656490421723961999835297600624521437775417104835289928067082301064095535151930621020776983059552139539,-384,19095646858845251923373791695998682380804996171502203336838682319424536658408512764281215444968166215864476417118557,-387,-0.0006023477653064796233531031070303275066884295181573002561632457345577819493729392650197602185294228861582089313195283880025442602129,-6.159850901837074179015488010161656918842951815730025616324573455778194937293926501976021852942288615820893131952838800254426021288e-5,-24303319430134044293409643642985069106348195940778399395653547749295059164651972992271169392275795182965580661337799,-394,-2485355350047237301407671250364367262855955050641324260995506542625801453214488897996497430853093204407861171269319,-394,0.05997720357586968125492976206785765673297110909540088111862835297458675765934520952065629028111612860156642390951772244612120865358,0.06051795283397677954003856677061644579547110909540088111862835297458675765934520952065629028111612860156642390951772244612120865358,37811554351021284750665539832173017832997780046230602935828207674331940807522607731536072666164518493717584214762809,-388,38152460040919390417910606406613126746953389780537277229391380130054942378957279858553356819596757488687611425072441,-388,-0.01649137234996891673192270875968569205492857117376851460347511105441813641723618351276875919278369171099361348804803087511095265751,0.07233217907853537146464101194343930794507142882623148539652488894558186358276381648723124080721630828900638651195197150420951982591,-20793380976656762913684567111397841568422498128130899374473620685063763063559369639860855643158473095088889100804611,-389,178127060515697863630017115340892800176887196324535348993482950970460173601694389011731382146907291369330222745007,-380,-0.001222036811669538952583118780050194664293907001849875959650901556546470595145285443289225542884722775605198306100638281877555578964,0.001176097128335670344358638422098242835706092998150124040349098443453529404854714556710774457115277224394801693899361767691620931107,-24653159437120167440889234320008947756608168807255844385187113517982933615495577056011570170440126019219231170850379,-393,11863190102590422001915397407498852846987989384200325735018584671715719353585682606927503182933236350509822848682203,-392,-0.01771340923803601063343179952459916796922247817561839056312601261096460701238146895605798473566841448659881179414866940483439078683,0.07350827628326859675792562235040083203077752182438160943687398738903539298761853104394201526433158551340118820585133059516560921317,-2791775442225464406290393468006609800737270024005014899201952809614553458597325500197242589718970025239421235534621,-386,11585494230398506350048898902266118487390924338080358618326050147227350632189562286948595937002995869442010092102883,-386
30,15/16,31/32,61/64,5,5/10,6/10,0.03703309604063445043066530909591162921084164271665430863272395950541071851999330344147473879512819865171901190454237972820711287502,0.03703309604063445043066530909591162921084164271665430863272395950541071851999330344147473879512819865171901190454937810282351077775,23346852474636007523111886307409820626397207674041650737749969654597117062540700581391698316204690050161694410121867,-388,23346852474636007523111886307409820626397207674041650737749969654597117062540700581391698316204690050161694410126279,-388,-0.0008756428484421038358149377747215277082746446661516395770946288715860355418163584674145818304099756170619422598688966155287331827024,-0.0001197258267356945491072980805076605207746446661516395770946288715860355418163584674145818304099756170619422598688966155287331827024,-35330134978707750079638283188045685623947496621407448982029127800721116554044521781821511877880818277980704823400445,-394,-4830656273314087350383962994348435535228002691392969089258575404864899721220467317764301812701718612107430030563325,-394,0.03615745319128285189307744308327506244006699805050266905562933063382468297817694497406015696471822303465706964467698222563281387858,0.03691337021480825058333093925331900775256699805050266905562933063382468297817694497406015696471822303465706964467698222563281387858,22794819115020324274120020254693901564697506304133018100113694251776452406537024209528615991095297626290714475619785,-388,23271373470938849562259654763525831544984791867187776843022374694830500214243361498573752302398730335125047237535177,-388,-0.008955002434530841477772140903743309015953946885718422364146296383401986813755832618584719782547645503627872308566234939661001877013,0.08095899024235309445057258565875669098404605311428157763585370361659801318624416738141528021745235449637212769143376506033899812299,-1411380245656447450266409219509780650130338781212933127344301237212050401508215941331696011843182807653376167257247,-386,12759786540732147231435776713373789546816895170175901628665142995770030112323388281853252225862688451855532398992225,-386,-0.001888932200034338802043660258907256955071858785748611883291068611996196073512380084500126826591091081985395082330200764168718023499,0.001484458325632425203974978351932586794928141214251388116708931388003803926487619915499873173408908918014604917669799285400458486572,-19053495872082450784564628264400893047084964344484781114338064657365678899783948616894225931193705865196957588056639,-392,29947205706167394025720423806858309323182027064496720308677669495112812831437702977750106750163107770653861168425859,-393,-0.01084393469459183059682906486504314409602580567146703424743736499539818288726821270308484660913873658561326739089643580296807292065,0.08244344862801216997156082771308185590397419432853296575256263500460181711273178729691515339086126341438673260910356419703192707935,-213636391014802191841784565191960099639018747485167301571874141612617887098549625291958515663363874172043385826057,-383,1624218636846532723527595313719938285190670423425389104549480865514769115630006525028990596017145532861629268301047,-383
30,15/16,31/32,61/64,6,6/10,7/10,0.001363744323742340041769670668679055973100826463476395845776515822329202968362760829565995415680520284712917021458433055818338393941,0.001363744323742340041769670668679055973100826463476395845776515822329202968362760829565995415680520284712917021465295016060980580528,3438992786841182785275350594275348531802083013031981064595401708087743250727787287660504716964783852497030861845015,-390,3438992786841182785275350594275348531802083013031981064595401708087743250727787287660504716964783852497030861862319,-390,-0.001320920522514203805295995348267593625868656777915569968101427432310730881814164045237559690055847641171632793402182613993887510959,-0.0002172244620599637365026985343027498758686567779155699681014274323107308818141640452375596900558476411716327934021825892092992559230,-13324011164940618629499957119291285936108427118005210833023385749565519681799692634739449664737950717044812022883073,-392,-8764497510497432170389290748403798242389264881528036025148360425241626720768853340716643517613962680917899646110723,-394,4.282380031864153470074708249642328473216968556082587767508839001847208654859678432843572562467264354128422805968144673036023131175e-5,0.001146519862591871007039900372291345159732169685560825877675088390018472086548596784328435725624672643541284228059681471514948486347,1727839893000472190564636845467298439566228683745813874740386351340391854255060046194519883364441922011234713252397,-394,23129693557828735124928731472887456295638727189864350417535282441981843360533254639633594441471437904398302564210967,-393,-0.007600885394664299060105747437290086298568498958066018605613414588745669379449000192118310997375436162226386690301769080394998169855,0.08533374355390499873042159631270991370143150104193398139438658541125433062055099980788168900262456383777361330969823091960500183014,-2395921067349176065515152563670281721767747872416207894852392188394215446693235864490361380700095215560109425461163,-387,26898565538180017663275279450996444758442887165407360077338266385915762639795948411190890617252607986298979941316693,-387,-0.003113906212730067142798575469188215987998891438379658766683554390506667252016504194237032254351377538041404423859064719039925374715,0.001926313488456221005366173676319596512001108561620341233316445609493332747983495805762967745648622461958595576140935380098427645427,-31409702883579230951924237663632380442504016278415820054675383257455710690019296669208439182800641436112065667267629,-392,4857639424534418249965569555877014666892189909891960132508878051888658800747862355229605377317588890707783115079925,-390,-0.01071479169106787876601372079466189603656739039644567737229696897925233663146550438635534325172681370026779111416083409684998260500,0.08726005712603473229889716787721310396343260960355432262770303102074766336853449561364465674827318629973220888583916748936366571728,-6754948617672522233297214748366467813139996400554399293992461676343956117411903920841400795935657242410113745882905,-388,6876442623155513507101699507251377971944602680826088117334277266346029160709761070153041645555629989600974556519965,-385
30,15/16,31/32,61/64,7,7/10,8/10,-0.05300582018354203327922517674464635724675199642205826238279596185364632672467764966950524147614312347940899058229268807636287292749,-0.05300582018354203327922517674464635724675199642205826238279596185364632672467764966950524147614312347940899058228581342641104416265,-8354142621267578986746706872803309426426038882290187767188333252378232565478937773404900916360941822223962737603771,-386,-16708285242535157973493413745606618852852077764580375534376666504756465130957875546809801832721883644447925475205375,-387,-0.002065078161266691434936093209145405567395335563098262459290980826689774974051067665111507158635519806622722729080306822191142896590,-0.0003849487007564757129116524437645461923953355630982624592909808266897749740510676651115071586355198066227227290803068221911428965896,-1301891560100305496545971335468892492610342882652772486471072214652145244500427321433043884768213526546332122625867,-388,-242684017480010563000171220111119336412446569717922800587353966160122560476192058978449827511653495520800283309899,-388,-0.05507089834571821941593419819170680187664733198515652484208694268033610169872871733461674863477864328603171331136955757357810144166,-0.05339076888338901429036390095049586437664733198515652484208694268033610169872871733461674863477864328603171331136955757357810144166,-542475969464749939023911198509138053470937814797072887539319929767179261191607955219918261753585710214370538979335,-382,-525925851593389872749835638022213309660798130682492697219509635855291493946018944274623942045904939783423747063815,-382,-0.02300089663039667772553838904587067777080294117829251187592934858112365810146016750713454108938544418668645502912821319638631195696,0.07670454394392894340254388634475432222919705882170748812407065141887634189853983249286545891061455581331354497087178680361368804304,-3625125886214075173055797207187928432016001911684473233217793398409342999045105284424054499032116201025734303404419,-386,12089251663081203410415966549275767463343732728206536758170573851624776334058451283746636852698358905697499064970877,-386,-0.005514617726566517140205042212956249982282575451752397509944934868470004171165659589411336986881562672776887979157430888319711147379,0.002613743264101198528473241478450000017717424548247602490055065131529995828834340410588663013118437327223112020842569309956994892906,-13906368117306927630162896935364554283785188707993193093270651944066137395411956590201313621433037930176649828151455,-390,13182301220851168790252931970562979775868272636399663833476928821878002159478007374178865407223155695572327717314243,-391,-0.02851551445882660146431139390531130275308551663004490938587428344959366227262582709654587807626700685946334300828564448125943518491,0.07931828730989354852958509046968869724691448336995509061412571655040633772737417290345412192373299314053665699171435551874056481509,-4494273909600248461871478846923959341867184791510002725725177011076598461966812703931030256861810943432654723546253,-386,12501198592287292747041871254631606848454224833669981177144695743471585777250599146809120053164212392955014112019315,-386
30,15/16,31/32,61/64,8,8/10,9/10,-0.1371480997123506456955036210860542668224237384395600081479550393719522716795503092623311194236935308899892800545918469873348442081,-0.1371480997123506456955036210860542668224237384395600081479550393719522716795503092623311194236935308899892800545843981280423227776,-21615641098759072135035718944932162347150538864863649147850443927117975048443006434586885365376467568823992668286753,-386,-21615641098759072135035718944932162347150538864863649147850443927117975048443006434586885365376467568823992668285579,-386,-0.003383119230504703454309449279090311624520429147746715248112852572837361071957378258405113882428678206139839438949847590219875687149,-0.0006752022819387230347928858635629678745204291477467152481128525728373610719573782584051138824286782061398394389498475902198756871490,-8531307832543209467068101830777067491634327242570285625227557262311189295934598160227691622350614732293639856019543,-390,-1702676767793232459106906251535974071364851978721315626402639295299036167038274044247944374537078919963896035760215,-390,-0.1405312189464933279569047833168047346969441675873067233960678919447896327515076875207362333061222090961291194935379673720345746160,-0.1378233019906513899232047939979570784469441675873067233960678919447896327515076875207362333061222090961291194935379673720345746160,-22148847838866397380724993187258434289203206052723433246719236536946821589285649538623237293790885627869876580926043,-386,-21722058396172774509732382707750455502785320378334590127208538602139767599036167843330260686767530363044204748882523,-386,-0.07654982551960561376966705482792880019073058373169726135231327642747158506569965846413272360094121449679504656084317531795753534147,0.03463007960905965465150604087519619980926941626830273864768672357252841493430034153586727639905878550320495343915682468204246465853,-12064866797825666512399504780946895289603218216537122967399847352184616585336476408946889231258950985875120053276257,-386,5457978445351210467350414179223685958643871211360868721053184459411807664482071329295326693955077939109616187879839,-386,-0.01063177991990709782052808102708788082320410138453516291168595846736512099659479409806045024465488183327482499849576706577667190431,0.003847695248720588978044459256115244176795898615464837088314041532634879003405205901939549755345118166725175001504233231638387156115,-3351307666263054945894036900930490382363628183437093277127282099147351789458812644266173351444334007373006656641969,-387,38811369480173118406779441865902685621358537131607055840249200118685362281230485552480804993265836381763022819723747,-392,-0.08718160557775590625968022801810261851393468511623242426399923489483670606229445256219317384559609633006987155933894238373420724578,0.03847777499602343829903559229439738148606531488376757573600076510516329393770554743780682615440390366993012844066105920247944107650,-27481041305490861674504405183429877972309716491646074006124318154530772908483300107841163167292588488215634807732339,-387,24257624461068609177448089274724855707389697166438385462622995547093441697208259955573779794560131548483429766827803,-388
30,15/16,31/32,61/64,9,9/10,10/10,-0.2705523738726039541369016059689714562227533239052604102671902689216462255808737272155701295665691694564316674356107211776551736227,-0.2705523738726039541369016059689714562227533239052604102671902689216462255808737272155701295665691694564316674356027774197043756407,-21320612623555153605763572136694553675976401814085188731675425464466507097607295328724520248321174732001621749056771,-385,-21320612623555153605763572136694553675976401814085188731675425464466507097607295328724520248321174732001621749056145,-385,-0.005885603254775773023575645988166154731706426953497076266180236564275816297736940860725968679171404784504212876704654621058907791764,-0.001190817666704091464489800040900529731706426953497076266180236564275816297736940860725968679171404784504212876704654621058907791764,-29683785717016898995372564326537543773270783491579678728307238858581938456951682122169710935740245604023119742311605,-391,-6005837450528080332480922842805949749693797476139003619368135329442909627538039346896159502334623863556529384922293,-391,-0.2764379771346556847746606778604579234544597508587574865333705054859220418786106680762960982457405742409358803123113934110732622884,-0.2717431915320320879872079801065516734544597508587574865333705054859220418786106680762960982457405742409358803123113934110732622884,-5446105443989229326640946583049852005314819885335065614774324088141561773960974020226385795927405176960503604167183,-383,-5353613458286570051740267169552672854247461416112679853983995574513663837672711618624412884631912147898040274764303,-383,-0.2148318422461442603163268940358567938340860619670687654081267105092483646229292489786652531915292630249175311504174352841434748935,-0.08828300716975256338639525341085679383408606196706876540812671050924836462292924897866525319152926302491753115041743528414347489352,-33859222317461669591981852781538293912173515374884194928089882662820804259255073939706054700593566152975739374739345,-386,-13914110382155714949854309430403367625006139396696507065824492864265714080568479605418055250928308882146890602717073,-386,-0.02250133864902931030364356712901055185747462578316408517083988240453551756540457017000940187184412848511737444337730093131097095682,0.006309533436130334180876391367083198142525374216835914829160117595464482434595429829990598128155871514882625556622699068689029043176,-14185566158019575429044215617220655955845605269297147118661761847239821846504255667462374380520510063580884714406877,-388,3977732408748249239010801868076466498609228070659396189255331041116600344413310527586230133439650699356384819919907,-388,-0.2373331810843484685887395346511954706915606877502328505789665929137838821883338191486746550633733915100349055937947346292407975281,-0.08197347354444733123674978855744547069156068775023285057896659291378388218833381914867465506337339151003490559379473462924079752806,-4675701735847755682139229542098016192507755865320478320867872216652426829113891905715243850079241857412824309818897,-383,-1614959656269146329028834914055447420178337768584539144915375686924738635304394323046399401582269377109520059065873,-383
29,29/32,15/16,59/64,0,0/10,1/10,0.09435787562332394395151821142457881149131870710768346593902606293622589683697727769311371917091647168475567069442347491899733083470,0.09435787562332394395151821142457881149131870710768346593902606293622589683697727769311371917091647168475567069443094915770822542167,29743116799910636977128718075616722852222442464221905580085001787584208760165533002009705847237124304479485507031079,-387,29743116799910636977128718075616722852222442464221905580085001787584208760165533002009705847237124304479485507033435,-387,-0.0001482504090112612234783746572050719481789665938783743588800200151429907483532503260166706325550633073237737916341082237396597769576,-8.246602001729989437213319259020378411646659387837435888002001514299074835325032601667063255506330732377379163410822064158624507811e-5,-11963112518614488403632674305524449519322567592327334918605049334083276419991436469820552030488429634250225393109819,-395,-26618483766998151953261769517958313987373029888043764031936726053000404612404764674498451833543585584641849251998955,-397,0.09420962521419899589031822073763435966032724051380509158014604292108290608862402736709704853836140837743189690279310137333117523022,0.09427540960342033089486769426172798759001474051380509158014604292108290608862402736709704853836140837743189690279310137333117523022,29696385891598963215927183074241848894798493576114430600103446421064546136034520783360586740741934836328349850238005,-387,29717122186892763760236705746190760762708243598171809169728317971106475378151652143946148527994523436574329414974517,-387,-0.03869653324114759119997426469778692957173841792949677417599803982255412909416397289517041640384032370284754244332754625902166434308,0.04694126098432909098615244428658807042826158207050322582400196017744587090583602710482958359615967629715245755667245532719198397920,-24395536680746917257004138318813266450833134978533264413186339402531609181581659364376833897086371382740408995290605,-388,7398319424684421014383637353230065483739920316580707198059844152673955109483834282742723283052216726609155231479941,-386,-9.727417809009351625297688445053334596541327127664529761025269233308548968373671122981680201487737301819894796780674632989452464797e-5,0.0003234787433098870343789038757423377477845867287233547023897473076669145103162632887701831979851226269818010520321932536701054753520,-490598114285445736290213511201039601395480523986544776856664603869187640023620476096142680707262432502440504343313,-391,1631451065382152718912964297439530773799743075039791519716956577382643095060469774761128539603631685901482707109103,-391,-0.03879380747312524579627323967870352737082883120077341947360829251488721458384770960640023320585520107586574139129535280707485282744,0.04726473978152653910057734625879647262917116879922658052639170748511278541615229039359976679414479892413425860870464877913879549484,-24456861479005046223393349273448680912669732854580701412348586623378292320003407025949532951711929004746950790423887,-388,14898604557941450698375802107917743896673405980625960817129580164115842754118345477438357709598235342559021498199385,-387
29,29/32,15/16,59/64,1,1/10,2/10,0.09155576393772195403792591702199704793610479428335783481978056435455921227001226879243237103455444679204064792744078001521353195313,0.09155576393772195403792591702199704793610479428335783481978056435455921227001226879243237103455444679204064792744817811566930707062,28859846223918005094122740036252782275170734183579709167153033237540363961777405130122847056597354952177851386833015,-387,28859846223918005094122740036252782275170734183579709167153033237540363961777405130122847056597354952177851386835347,-387,-0.0002095310318148277457652174623577423191796588114868906881916276471653963592876786879235994407922170803332532205309958310475720805030,-5.470381698642640745616785603450013167965881148689068819162764716539635928767868792359944079221708033325322053099583104757208050295e-5,-16908171292476972236169500574255438264054088000236052464513492576407394083496494517518648487732000863932642367680857,-395,-4414341398252754684148549067503289436737469707225983018972767273194960455844139336795943048175463561675470554575193,-395,0.09134623290567975261671746750016054585130013547187094413158893670739381591072459010450877159376222971170739470691348116488072813590,0.09150106012096290130591298122544130757005013547187094413158893670739381591072459010450877159376222971170739470691348116488072813590,28793798679735095089575513189896758816473582685428894431302018622046972927407905608536024685689963744018423074880595,-387,28842602702902752102887474501195685703786668659435750326896679650496245798727605300716253054317607627424748007685203,-387,-0.03604500128515321251545039860127577676404677499096016774597931265416746931372818391668028816736360468533249031618857121875718550147,0.04969492095894855025615604671122422323595322500903983225402068734583253068627181608331971183263639531466750968381142878124281449853,-22723925823786461536906329260140594261620776073194575454433089293868689873142609929156432261247643116017448117075683,-388,31329273336861194433798929981330033251110069770309281766553095384123395234127179312848255068404157710485048513265949,-388,-0.0002744982547269628314174507155658426884735532521022465499439435281997456869689784301387533237606085847250639182070580053382880406506,0.0004891966619866125354670192703960713740264467478977534500560564718002543130310215698612466762393914152749360817929420194463002143850,-5537680350029444929059205197122084341015341070151496530274907018889222455398185113828090962073987743765674939523227,-393,19737937824616450770322204466061743535965307357374820831999230416786720311261297804262574999976448023415314949324491,-394,-0.03631949963401287698036592194104816242127032824306241429592325618236721500069716234681904149112421327005755423439562947194135609248,0.05018411771506786442512113860582683757872967175693758570407674381763278499930283765318095850887578672994244576560437211427229222980,-2862122299258644797460316223185081257902375634343491101966681776864886161751304079094138064078023161841828449817085,-385,31637678674715103165828314789042238659801027290879382436782357436095798958127266509829402211590519772575414948950041,-388
29,29/32,15/16,59/64,2,2/10,3/10,0.08554285201012897111375170425258949146522270332445356391673046941267892742493014636226178718322080884040884646652535384610897278223,0.08554285201012897111375170425258949146522270332445356391673046941267892742493014636226178718322080884040884646653261870461828882813,26964479879682861211681662802407127600011509264701489763207682430080433095711223269037972946147686300198177568547051,-387,26964479879682861211681662802407127600011509264701489763207682430080433095711223269037972946147686300198177568549341,-387,-0.0002958505857062698175038444145723120393614300366120275088312932615915261196740954446144439951929700080876854415202902014436763967801,-4.102297049792807743207088551957766436143003661202750883129326159152611967409544461444399519297000808768544152029019524752933302123e-5,-23873754339748616788656064173935731395475764393695436434076823938962650309459580433490979087498150599539891674338845,-395,-6620722535439851606950681680968148919617593484396004613258485639788324085963296938276011222014493489403426547280953,-396,0.08524700142396795394536139571905965989461127328784153640789917615108740130525605091764734318802783883232116102500869326086918746185,0.08550182904008579038720609748602743333211127328784153640789917615108740130525605091764734318802783883232116102500869326086918746185,26871223026649874513851595582252014843291551626238831652814052266335260940478214103214118508582770489849342011285645,-387,26951548781124173915011216721724662990109261586227064128520429520548820827692508884460932912234065402171069356482701,-387,-0.03082980677630878112152392719923129341867937996685015074665527933323117885777202166920970733092035662449886545501362758091799023344,0.05499844990059607603713696147264370658132062003314984925334472066676882114222797833079029266907964337550113454498637241908200976656,-9718049901070104781210615272657064404293152497884666617394095597823301343820628176433759009558591576892991189680221,-387,17336394110203023338415304587353186706369009674402238513563596322335491370588323294521561057953049203387436701188003,-387,-0.0004933647163324750999686590056459235654811195061792891524887953574844772524859677287223196042079425935264806699498760322157864194744,0.0006758654177774913569214471955259514345188804938207108475112046425155227475140322712776803957920574064735193300501239925688018355613,-9953054520327469265738715337507776823204222732874429992361962347716172196513307989039044875240024786738775517788561,-393,27269584260298196840823622675533600468635683076095232769784887684217104029592817875591126641628692802016121126980831,-394,-0.03132317158722870520587712294804127948416049947302943989914407469071565611025798939793202693512829921802534612496350435667142430399,0.05567431541296101637844294541133372051583950052697056010085592530928434388974201060206797306487170078197465387503649722954222401830,-19747132815531406992717424701492590112165697416882348890424811736190042892842292005825593181288916309234836964711559,-388,17549437767052085009105168790446464598957356178789577378765195365957092407849514573324919239751014556334821572702653,-387
29,29/32,15/16,59/64,3,3/10,4/10,0.07543285758894868716745141425561146247948389558368670826228087157761593113437673862529978403676681362156496367780076196576964615056,0.07543285758894868716745141425561146247948389558368670826228087157761593113437673862529978403676681362156496367780777937494982392066,11888823688525993948558527216746222074390186081175525628703458375793477747733881173514489036403530473345351886557091,-386,11888823688525993948558527216746222074390186081175525628703458375793477747733881173514489036403530473345351886558197,-386,-0.0004170250826727533130433376410905164174134988715561380146789880269503768837530719739450349326344785224153236214737721359535277188452,-4.433040155430714362226086649334844866349887155613801467898802695037688375307197394503493263447852241532362147377213595352771884524e-5,-33651967777840631822390203704114546976679939597890740062583745420754774099025504933808059670843715873313132335840211,-395,-3577255437786041395971156299797391642079028483461536614598820741556701557030586802280384911864916817000893612014547,-395,0.07501583250582118650352161249556342653082039671213057024760188355066555425062366665135474910413233509914964005633049797675297157846,0.07538852718784912737471561750807563356207039671213057024760188355066555425062366665135474910413233509914964005633049797675297157846,5911548594444113566390365807699392598424083928624251310553607856450883214170440322156440009803362880497797873629687,-385,5940918430785369959103355393418009223408720347784328735457289419574712233118073574272025154937366193735919221963255,-385,-0.02336109185083977365936772007387364013854922227235761859368755418979469295615695473684542521498730352253986772711026463026202197422,0.06233485450544186448607905726987635986145077772764238140631244581020530704384304526315457478501269647746013227288973536973797802578,-7363791086890634677127536613232727775284581864672408722298188612847050490914181593521752074888692392452107321518031,-387,19648946587798149316008917206011380167610666618284986797083033739203737500857634225300616397802210421149604846196785,-387,-0.0007799004492195248924030213743851976169605489190917218567250019498167252678280538294311452369338573677297559922563018779963275186747,0.0008868768505411995254622549622847242580394510809082781432749980501832747321719461705688547630661426322702440077436981467882607363609,-31467153748703803074052371677867813346688056530506995700115227499607216003233629584856221799866180255220683493804819,-394,17891700306157140038106131535669066205970134581456723338660492413635145542943026496315190289912526006437000542583415,-393,-0.02414099235917645416701107691273637681800977119144934045041255613961141822398500856627657045192116089026962371936656683045799680836,0.06322173141510021962678164769663862318199022880855065954958744386038858177601499143372342954807883910973037628063343396264882735278,-30438512976748237574251607195215959365540154801156340652790491832222564743832770771489521493076190678863160458278805,-389,19928504423716530884023656543094129101408406365092338636241888063534695969984867382524480311650994384019954182930971,-387
29,29/32,15/16,59/64,4,4/10,5/10,0.05970501371145913904778846210426168694207194208237080225823586838742032672556674308413213881235869217221626860051085329401683484098,0.05970501371145913904778846210426168694207194208237080225823586838742032672556674308413213881235869217221626860051768035755921393739,37639957123435685435836675415621145652444182682489669340978312026601887004453330027671031689004594150737474655598491,-388,37639957123435685435836675415621145652444182682489669340978312026601887004453330027671031689004594150737474655602795,-388,-0.0005923685782669220679740365351537980778740462186537108993894838505085973458738951157467677079079940498789313142697394136604849069979,-6.992229985700609174770673168700120287404621865371089938948385050859734587389511574676770790799404987893131426973940126819077948004e-5,-5975170660204198746699702030259626012735234599378330520211008639661642351596716660916303867637253099524095146486945,-392,-5642401571290945197713849778234033675693846927854056741806672699834985289144010221884490952941918996791934104855815,-395,0.05911264513228272227804149733119284980169789586371709135884638453691172937969284796838537110445069812233733728624452592505224418005,0.05963509141251162765781368361048972480169789586371709135884638453691172937969284796838537110445069812233733728624452592505224418005,4658313619574943545021303270103401725352838598103672804521631713211079643453975564667705186907470149217460910913319,-385,4699484482716668697559631730266424686022293279820618846246877209633602923966077895854335038181530005856571136505639,-385,-0.01498679049104541057134646908726544441618877988049925825925047940785290244371073257204900968003187229264647024329134976752986906890,0.07111439597070128208612423403773455558381122011950074174074952059214709755628926742795099031996812770735352975670865181868377925338,-9448153788675794034512897234832150415465795212068961063093966342638211624212712784684538507835009951052620758657759,-388,22416398965523380017014662881588897221749481622129073999606956211510276213501359432529769964423263501645594338454161,-387,-0.001192745061165413997360326702496525450574391996309408168002579230989215652107829240576498262981790770009898009210495658692789132611,0.001131115205022279926351450030901912049425608003690591831997420769010784347892170759423501737018209229990101990789504390876387377460,-24062232724868379871782383817215085631875138431326060918687667301610818157315263265648834704680996681997208809880023,-393,11409461329183714665272394680078195029610579712015816704553069838110087807037204064818620544231064648547537676018453,-392,-0.01617953562860837951763276777462525111676317187680866642725305863884211809581856181262550794301366306265636825250184587234524679215,0.07224551125212111696140165605349974888323682812319133357274694136115788190418143818737449205698633693734363174749815412765475320785,-5100049304745700920648799236473680321402859522387882619668429772151457659377097579797122780913340356338836475806807,-387,22772944656142106568200176087254960217096725116493500657891191443195899271033962258484442341165679079569024599653289,-387
29,29/32,15/16,59/64,5,5/10,6/10,0.03591292464628846779729454364462231757010161205093753597693334948572020519630755973204868752541728192137363226823586555323709940578,0.03591292464628846779729454364462231757010161205093753597693334948572020519630755973204868752541728192137363226824257840939679929797,5660165117774824875109801921254061986915411551363645258695551471724162371870286716083981229062466083401760720669423,-386,5660165117774824875109801921254061986915411551363645258695551471724162371870286716083981229062466083401760720670481,-386,-0.0008558256422450453877661238304983145003040939864123731879326058639405048818812716701533330044413372197935512084982101745676479548351,-0.0001268813575709741465959559075246816878040939864123731879326058639405048818812716701533330044413372197935512084982101745676479548351,-17265278596491552329862688182571820412908734669497584339650071040607682551980073553379342326907678682277516987747113,-393,-2559682579055855048661585960435106996269942255212228137465943856442022064005248462297886357410779998507193688279849,-393,0.03505709900313392770775549157620896400729751806452516278900074362177970031442628806189535452097594470158008105974101066665824166540,0.03578604328962698835247151597501267494479751806452516278900074362177970031442628806189535452097594470158008105974101066665824166540,11050560257192781918066740400704086667966363255916820138438035442971631098942519423385349633258247368254169527587027,-387,11280335195538589342083025500827678038926866122589170076389232711158616753913856784455618584799141048465612250779859,-387,-0.007927891759350385707972630201234709962143067394227880669328641043511943386404647037245090925963853117585148000811061931379254085271,0.07934447405099919791782082683001529003785693260577211933067135895648805661359535296275490907403614688241485199918893965483439423701,-4997997443620298033548631284542411781164582524356832382559277131159101432497758185074466916640801206390857669028875,-388,25010651665657050895770715351731141443911135738385763518695387966540736703025209412219708854914058520236196807698939,-387,-0.001843668531167368179073406604292719396068843679392544573294229353027510308832812244381293033214754920551068073605670571784340207480,0.001420119515584501663336680981156499353931156320607455426705770646972489691167187755618706966785245079448931926394329477784836302591,-37193850311246924295547987380291775465217600188707519412686063513243800766052484630387386218895152545783346942504789,-393,7162311417943201373211401763969803476901906072004334333973498142223199333720034028422450138772924222043810361426987,-391,-0.009771560357820361818242726411240319983211911073620425242622870396539453695237459281626383959178608038136216074416733048424535903535,0.08076459363388630751235419741688468001678808892637957475737712960346054630476254071837361604082139196186378392558326695157546409646,-3080152654138244406800414427488358163770620467495197331909458702546681867547485768705520842638308977991956231121347,-387,25458296150493363179504589444379347442761809070254260564375331995002383425711748142814596463235037900382597555918397,-387
29,29/32,15/16,59/64,6,6/10,7/10,0.0001644909223064563182363025053453656906518726031663356593343681407384949554965112431521786883142761560034952566644895192455347046007,0.0001644909223064563182363025053453656906518726031663356593343681407384949554965112431521786883142761560034952566711065086178641189526,26547291504515623777929800835529969147875184079895454933434548498971689313850354610746209061281962030100773784114743,-396,26547291504515623777929800835529969147875184079895454933434548498971689313850354610746209061281962030100773785182663,-396,-0.001279736470469608282358277769344947556838210996189241879238348073794879284911409741341705454829515072200628286995374940088463373753,-0.0002211594017083843552180418684660413068382109961892418792383480737948792849114097413417054548295150722006282869953749400884633737532,-25817182381668099075056326808406693774364724433523073813334611846120271699003412074423026592445365403266557597254207,-393,-4461631547650383941644686278720679483706161181014996704142150371772869577732289364116314528324993928245399199744575,-393,-0.001115245549982141367667831739829659991186338393022906219903979933056384329414898498189526766515238916197133030327576919960616898218,-5.666847758293863343588288729059749118633839302290621990397993305638432941489849818952676651523891619713303032757691996061689821764e-5,-22498770980299623958656245889738581955713717476281181773347791263550231964962883765495507388905416999265971859047103,-393,-1143220072889953113562316988506299015388372118283025010770333829599986983310229020357281466544451824720791491789503,-393,-0.007331400124015066464617536558465236536916593443396849225101137117834799530737414992633351531117188354322723219426658078940367130961,0.08319898572132572189979286383215976346308340655660315077489886288216520046926258500736664846888281164567727678057334350727328119132,-4621949969835022434912574569068668556757170495410092152292313880866708268133567544043841941979247101310132829854167,-388,26225655607403295151836599900073844483293962878811078860248730556286688067117819223573872282415411319599208835953429,-387,-0.003029099808729257313830729741468139532964893774618479941970940193785500194403212639486487342299084347569119730964578558561640613481,0.001832800599557343991177204828844360467035106225381520058029059806214499805596787360513512657700915652430880269035421491007535896590,-15277134007430083644479851293312909871046346680419822409524500682274166712211928416266866838701709700700876002086605,-391,36974602537223160081636110064324037655606871783335004354278032628782906509982387847639261908379099950396978875909325,-393,-0.01036050002005581514864937713977712606988148721801532916707207731162029972514062763211983887341627270189184295039123723233212586530,0.08503178640819455726117117950084787393011851278198467083292792268837970027485937236788016112658372729810815704960876435388152245698,-6531591775807749674234272259392483777888050409580129693521623435853111252446207622200835690497406088540758807425969,-388,3350422974946173802499127782394844789410982942498058521662962287620310881747421068344381680821757174205708733693125,-384
29,29/32,15/16,59/64,7,7/10,8/10,-0.05381890783137664844932749058394849931582656164923290817232634622289566295516146513918985411862645069837046581751980073930979349417,-0.05381890783137664844932749058394849931582656164923290817232634622289566295516146513918985411862645069837046581751314815926872984864,-8482291759420344263108621194432997679449833336192444936976351277350306616868656929843738652608632326363012850444533,-386,-16964583518840688526217242388865995358899666672384889873952702554700613233737313859687477305217264652726025700886969,-387,-0.001979963774366181588942677761835996301403504217314093228392023017181974024157573139340238199190730589735155609701419919346160017594,-0.0003800379222328711889931271331738869264035042173140932283920230171819740241575731393402381991907305897351556097014199193461600175940,-19971723495990499197550981289786424555301488006679057599166741633973936825295297719985983384838296362248068680426675,-392,-3833409681071225293766571118014195961962174696748690773989547755235845546680684781123250357142559112414288077431987,-392,-0.05579887160756181944181602482161457374223006586654700140071836924007763697931903827853009231781718128810562142721789407122036262857,-0.05419894575179053023477476124129230811723006586654700140071836924007763697931903827853009231781718128810562142721789407122036262857,-17588699878663766280138228432074526350078359907792751671218733511696695969374522632459160488010966052323809268790007,-387,-17084377570800789662649929858401233758885462896459145213347805641117336197224354540075457676860464986711440781669111,-387,-0.02376259113199620946023357076220144164884080307231701841658139972220393014606718880568348113730492476459037342183006661241045513792,0.07414613517929256455328571634717355835115919692768298158341860027779606985393281119431651886269507523540962657816993497380319318436,-14980700208404850355713531828535512038342428946178986759501853429873285730904957121482301054203507295295593256757043,-388,23372051822185506467394850577902096307059927900810975318039861738864160643283817739345059273921492306865881866218599,-387,-0.005332177745544415207287091596256628917128236961364419083608608795988280252437201339772639883948290166830391020304518600382653686583,0.002482870716817613451102953569758996082871763038635580916391391204011719747562798660227360116051709833169608979695481498755699333559,-13446304036493938730721074960678074499757104025523903210352211968164144940445624669130349191277881507991820778918667,-390,25044502366436865916634221410539624598897767183154515816402557508369455295859378562688095378526313134533052848714709,-392,-0.02909476898667998888027205090826275806596904003368143750019000851819221039850439014545612102125321493142076444213458560934652090507,0.07662900600524954221714005846673724193403095996631856249980999148180778960149560985454387897874678506857923555786541439065347909493,-9171138143166646759047972958514828761172156588228456118569170067020993573812024785709716297061767132798659524062715,-387,24154692555539137767140742671143773005306787237233028774826658517064538712083266460756334375550717888971925066060293,-387
29,29/32,15/16,59/64,8,8/10,9/10,-0.1364667802272013819706764216176067023495198107532212927968684468780302527247057896854743966322177140953551615028212914687309012167,-0.1364667802272013819706764216176067023495198107532212927968684468780302527247057896854743966322177140953551615028140710242037381947,-21508259680456769792458553364136103521976981041647607140263781618487210802384061242200540747268788503977229094729283,-386,-21508259680456769792458553364136103521976981041647607140263781618487210802384061242200540747268788503977229094728145,-386,-0.003199126440906474269125140471637054704267361221501543219685800500240299074914613561187717342797106032786611003705860593665389254506,-0.0006522698863612449682685502006409609542673612215015432196858005002402990749146135611877173427971060327866110037058605936653892545062,-32269311960997456867065137013923578484528152759573024140552585540411318218807352362138234492129835384862025970685255,-392,-6579389978656588043508828496492706501467481153662244121034795333040511205662189313702871252271732299192776556352839,-392,-0.1396659066717458350468932750409039133037871719747228360165542473782705517996204032466621139750148201281417725065235411461642378192,-0.1371190501099246481318532588665875070537871719747228360165542473782705517996204032466621139750148201281417725065235411461642378192,-22012467680420729710003964007881364659623255163715076889751986048490534859399656841881071863225821820143229672159327,-386,-21611062648299904326640860931491096837236888699474438457362880014631571580125802231205026908568029682874584806783071,-386,-0.07721666291507068796114882194499919906743929807021631153482594887746438239944005014909028208357257203852747677981768135246602174621,0.03189796222688522415204087532062580093256070192978368846517405112253561760055994985090971791642742796147252322018232181996127489835,-24339931445156152297477773942549984654547303143251325055478906929736804707795831537689402669886162220493209252772335,-387,5027374821264354571328526697762676043984363002047220428958366000201586442208688806551569529921535351078894065754889,-386,-0.01012235702789310365584377417648192188665349389175494311067767155717896063533892332540444192439540434596975252094759767341313296560,0.003607265748843401673765143059846203113346506108245056889322328442821039364661076674595558075604595654030247479052402425725220054544,-12762917578725160783999907800925112305111740638423107086351099870327359503004836471818204193868110147165850226101809,-389,36386177891320136687230936138842813295099323370496714762632428037838369157366403915605299135783143625921760011193977,-392,-0.08733902002299932537301028105800455845409279196197125464550362043464334303477897347449472400796797638449722930076527823277233055067,0.03550522805576415958182370331699544154590720803802874535449637956535665696522102652550527599203202361550277069923472493965496609389,-27530660865065927269368537520500292579148194651619316707917774258432121816803192292617286607123393841496054361398651,-387,5595908863430474095011903388791609925881768104092339037550043868849549576920614686219568773303249012339612841980227,-386
29,29/32,15/16,59/64,9,9/10,10/10,-0.2658433265858376728658124957669190367849691654010837019234816363600219971053710396284565334580191808831712159856820480841541314518,-0.2658433265858376728658124957669190367849691654010837019234816363600219971053710396284565334580191808831712159856743834998054381911,-20949520802810594356340371757614821457615772195467799857387719261225070076961324505581572444651698614001682939738011,-385,-20949520802810594356340371757614821457615772195467799857387719261225070076961324505581572444651698614001682939737407,-385,-0.005464614069191798254520186069666669327628907984242909360376362679489944732975981313415189660248218651368676904536114067317570254546,-0.001128801899890009000570067051111981827628907984242909360376362679489944732975981313415189660248218651368676904536114067317570254546,-13780272474572779788186246210143908560938426952777956676877646105486806989351951338487289788126324101319274854333737,-390,-2846531805053951695567695623197129849582583640318508987931645402318914144564322949812904059611626082276964571790633,-390,-0.2713079406623054287345161077399060186125980733853266112838579990395119418383470209418717231182673995345398928902143262903166463509,-0.2669721284784517242521991369147107061125980733853266112838579990395119418383470209418717231182673995345398928902143262903166463509,-10690077159107184189359354914792261911985309886470626125416107991477965002612651851965710726274075440222720850287147,-384,-10519237460572577846414672183968513270794853099514306007984256449556569467066114439370552247248528645397653330483755,-384,-0.2119449334984416235897920955804252213502897167166573705011844639365785111595023580382084833412309194189048043604988528092490028793,-0.08798417482262049808243735925230022135028971671665737050118446393657851115950235803820848334123091941890480436049885280924900287928,-33404222332000050717769146811127109215699692684992395641680802857368541554188843532000826264261310617012088859324417,-386,-13867012006182191977511406539412703590374183430613912972633234648309997878989718587964998550209991905854842278309889,-386,-0.02094406600105567297806162283829790734655401950125224187405415015264500867723098149212961365146367406538585744752338926360730059963,0.005795598869491457725864463587483342653445980498747758125945849847354991322769018507870386348536325934614142552476611331222817521226,-26407622987241298172177616078825399223458136779137398144346393111438746512950487763071084032223620969046223591368649,-389,29229852488642464762919161510860863003135644470615176306770093980707937792654097864135574925942288063685030477324511,-391,-0.2328889996595683640798890882917700036968437362179096123752386140892235198367333395303380969926945934842906618080222412797494793178,-0.08218857579305797284453752579177000369684373621790961237523861408922351983673333953033809699269459348429066180802224127974947931777,-18352587615316848882591067724349656983477458065573392645287597178705931050781903069679022328529733661177124680173181,-385,-6476789545341815088889698057239635886601619096072486916097788425149698794856563196368714472502045659826651261896317,-385
28,7/8,29/32,57/64,0,0/10,1/10,0.09421958432657826649404657923246715981482705245979445700780988564728132121589182236806727602471134485935546170783531097246535108801,0.09421958432657826649404657923246715981482705245979445700780988564728132121589182236806727602471134485935546170784251238242873424268,29699525163660392090270157595993212142526028951854622881915494895217832902150426051752055239951734251487582964544907,-387,29699525163660392090270157595993212142526028951854622881915494895217832902150426051752055239951734251487582964547177,-387,-0.0001509453154576809096914231794044217978617865106540614971153356979309122037194956741143606297557749452742888525046076670706946647631,-8.681341012473835822385549713818644629928651065406149711533569793091220371949567411436062975577494527428885250460766707069466476306e-5,-24361157652399155480950086629355862859930777267943172476393259165308168130401220095213430611022090565575669087784945,-396,-14010869856932151333914566185618712451126192153258837722719326314170015026805501989455320048232039456630911581081585,-396,0.09406863901100689874663354002332335813415276594914039551069454994935040901217232669395291539495556991408117285533430391743414204420,0.09413277091656721497354433976506835325134026594914039551069454994935040901217232669395291539495556991408117285533430391743414204420,14825972388792357036923291045338166198194315772026612522608392459176095280327657749407354466581743845479673636003273,-386,14836080091753453699035475288140422335629509108127617771222031551784434708583308612808891446554312544658098214608329,-386,-0.03676786005766470572584078709139886906607355280314622299915922819186434187178178549154261848086966357960997300044104135060477517632,0.04623486777032385924226834376797613093392644719685377700084077180813565812821821450845738151913033642039002699955896023560887314597,-23179639197124316940365262804997020104285238955892900308223078705282515983115970964576164904094641873328230701491429,-388,7286986185503120404033408325407601371136067068121250037794305224715930090119769135669405272815843150352624854034119,-386,-9.322131452335336522063115311455512573711564562913761834204490189050580441161672944863711055255071920053017691519353793855139026269e-5,0.0003176555467007431360254635505597612805128843543708623816579550981094941955883832705513628894474492807994698230848064651595221416168,-30090091007878823557869966770997038191086847301698940753948649896114007397147487385209669332123994496760434732932417,-397,1602082024885984884904750415437332054134571221623940216688113425814139745974554139185935208045836671310913672870283,-391,-0.03686108146745762910177565116611376598868566844877536061750127309375484767619340222099125559142221429881050317735623548027537115555,0.04655252341229417238900804024013623401131433155122463938249872690624515232380659777900874440857778570118949682264376610593827716673,-5809602241546268818466681323538748972556401804159769176431874147497242846314641867110649612710639352412783085557101,-386,29348205055184224732986724813868444187034491437298038332107597004968595560170938627643058903602713044895780041894477,-388
28,7/8,29/32,57/64,1,1/10,2/10,0.09133334659913908761798787393726727737913698096216784340152017341915950854239077436564127477245525628380009169432066396832299555687,0.09133334659913908761798787393726727737913698096216784340152017341915950854239077436564127477245525628380009169432785268857719213329,28789736709093783721687856186179921219965884997474016031500193945206027226058127248444570816351728469386668685364279,-387,28789736709093783721687856186179921219965884997474016031500193945206027226058127248444570816351728469386668685366545,-387,-0.0002108132690624923900350312325672021745145310674465168489219821811287226924081246094730299651316533352351231802536252629713199486209,-6.008193588393702997112074825323733076453106744651684892198218112872269240812460947302996513165333523512318025362526297131994862089e-5,-17011641822991363513714463979835869835511198908915627641209035690575666085189806363533112534418314742605991679155077,-395,-4848330362860057941064975761786301546569800972177148096730005022298253445419587843109820932249476037806909762624389,-395,0.09112253332984922155250961064522131543899744989472132655259819123803078584998264975616824480732360294856496851407063154122659621177,0.09127326466348252426345998524849279981399744989472132655259819123803078584998264975616824480732360294856496851407063154122659621177,3590410622893881484526589915815106150055341144979521463139401545552864547397751653432406805657746105954834075332985,-384,3596349739835691681513157607418535204065973366165792712832356393525559290595974790413773528573414629174834608976249,-384,-0.03413144090926754088204387740175555961694478370466611696581812809837228409324101852888950168573718523681470136909232926881813783010,0.04895830690612537055212970658261944038305521629533388303418187190162771590675898147111049831426281476318529863090767231739551049218,-5379388984795326654319250504966124986589954775828488237006254317277457782448076132648509283694223345292943064281805,-386,30864888193282151603050471436393476963426413537644534182315101621663168967472651393942728271409140501893256587588813,-388,-0.0002668828618454418606092504366768151028099308674941555088283665485451746073121991033893085555849612133521669908296227818275060216001,0.0004783807736628667921791502133475989596900691325058444911716334514548253926878008966106914444150387866478330091703772181724939783999,-21536194920746172266895400616584174852634592351743044034510753206975965981941565156600421334198101798012197902836055,-395,38603084202189337049762788378964543179942531139484238226387632573628845679822840067642192720567661512863225525214889,-395,-0.03439832383614185391941749684935766768850471457216027247464649464691745870055321763227881024132214645016686835992195097251605475765,0.04943668774481710852107322580689233231149528542783972752535350535308254129944678236772118975867785354983313164007805061369759356463,-10842903751497961924467325303612493657960415461400272330463828807674365684033734709230821935350948844156119600203515,-387,31166474829608043559574271490647560960544518628910353974841780087954044828387513742052848846290156994305997184168459,-388
28,7/8,29/32,57/64,2,2/10,3/10,0.08515709934853162054017847486748594218595055400393415791642025581180612963523215993693694261620137077227779724962608275275701454600,0.08515709934853162054017847486748594218595055400393415791642025581180612963523215993693694261620137077227779724963310016193719231610,6710721112395646362994019692464875850748997279435410111923907632588364782522009942668602746512188991769913773952859,-385,1677680278098911590748504923116218962687249319858852527980976908147091195630502485667150686628047247942478443488353,-383,-0.0002950276136980048203112953688698813303923892876499409906858116443830595498686317659678787361204062341268582129003708896138793084305,-4.745330059082534250043568869410008039238928764994099068581164438305954986863176596787873612040623412685821290037088961387930843054e-5,-2975918044937283241829294247771441603272601014187360788845005517495153891122735031215809308486897896507964416528417,-392,-478657342443281906327833197545643368476939167668045791342491507120017876852451592903652120976427043699531781705761,-392,0.08486207173437886836898071537965854132430816471628421692573444416742307008536352817096906388008096453815093903672921749444428049820,0.08510964604839554254856450329774936163680816471628421692573444416742307008536352817096906388008096453815093903672921749444428049820,6687471752633737921792383463785242386734334975562125027805301634424534067132192905298346661163541062061099588096591,-385,6706981601943644138975678362977969588421866300637949832134798810247389468474520834537925539443154695383356895760975,-385,-0.02896455744293023127353317434964933076474569383134343778994152218907891950913578696387262558080789951726068606358771787595362410120,0.05418467930040817481243484322847566923525430616865656221005847781092108049086421303612737441919210048273931393641228212404637589880,-4565046687368643219358260928598732122509964980198947250891595211935433516061817374430653934311897384650572361308203,-386,8539940278177322315586505028605160010850742695951513945004767713337494539544169384846198440440615829208353107404757,-386,-0.0004812958944161546876408571472655909181151421755278427824736011903746448242222236669568843971006670838716956475521348703493225139200,0.0006576842221771475399158483275879247068848578244721572175263988096253551757777763330431156028993329161283043524478651420429716135978,-38838320771245158461894489487640500756588938968636523934293717318745618230691202622302656370321951139457651699399023,-395,26536015664634727148813524458893901241321160057610240938199255412358822602606144182779142570131657278953235326018377,-394,-0.02944585341283444620832707524386316387036083600687128057241512337945356433335801063082950997790856660113238171113985295697194678292,0.05484236359807338259950373530301183612963916399312871942758487662054643566664198936917049002209143339886761828886014704302805321708,-18563611178090021959710578279441653479719015028016985372044883831849402623953194197045415007593614758914410345142815,-388,34574386405059303155840215300015390827816917931234939319920267536723053178621048221076777631873655438852164727596513,-388
28,7/8,29/32,57/64,3,3/10,4/10,0.07481801793057955610566390497123871439285262042613360849450330033873318996975148115693772589405421177091458362873840293663399248850,0.07481801793057955610566390497123871439285262042613360849450330033873318996975148115693772589405421177091458362874527441415852460877,23583840048821191362590663484656565799274921724380028859386385689110894895278831760865725734310116977356729257349265,-387,23583840048821191362590663484656565799274921724380028859386385689110894895278831760865725734310116977356729257351431,-387,-0.0004128237626038669532106735775225154113115025039242003102296968917351171963437682303090499728565035044855163631465658247264412077542,-5.173937798207657578750634882378494256150250392420031022969689173511719634376823030904997285650350448551636314656582472644120775423e-5,-33312940957975447913776425539153249147365562204297805166150755720908543851820860500420519408207270689260706131632607,-395,-4175125077703428762001337988501324467750293158136313812147510830288157976535581492766376833632362661150712373993951,-395,0.07440519416752094180156676727475867945029111792220940818427360344699807277340771292662867592119770826642906726559527244172411113279,0.07476627855305222688076286274137244898154111792220940818427360344699807277340771292662867592119770826642906726559527244172411113279,11726855686530378052839047426459286056918322281609852623066545864671248296697986922390213889933715583328710884306997,-386,11783765483314878003744237613807329403264576287765422097690351022581840540322336162707568687654058360140496071274549,-386,-0.02161846673174612941735426271057119126328109596538667490899271073526288082507121777663790060235372304055381182094258378152608806806,0.06136904829123205719000657713317880873671890403461332509100728926473711917492878222336209939764627695944618817905741621847391193194,-13628975361932942350858086030197177358854035360398087648487329405265036687470656700812201089719285062798136644252391,-388,38689017936607320699243281524681915723890272740840947419795957178184733578662675128705131599575856711321652718161177,-388,-0.0007613290195442599341766509898094658609803953580483865867343211718462079452033101784263595192098548547209453153507976163239183814337,0.0008577953016790931015713539235206122640196046419516134132656788281537920547966898215736404807901451452790546846492024084606698736019,-30717840123471732218447818795842717152186465403753408990616801267320805199149201455503980759614425950600620586930609,-394,2163126770687852672427415989832565361431232482310457540524857729032260686482807404251145996884521147055846728804069,-390,-0.02237979586679621647669279991559061806176149132343506149572703190710908877027452795506426012156357789527475713629338176961883027503,0.06222684370841697741673981727190938193823850867656493850427296809289091122972547204493573987843642210472524286370661823038116972497,-7054470843340384612228051846262891620099104626311336535029321301867684959621082144681921722655674764761380944516247,-387,19614899851048932462517453007891810245044670615854750105510048644555622200409089147788655377510038029666052474235753,-387
28,7/8,29/32,57/64,4,4/10,5/10,0.05882625344091711840040597317720385961600153186522856530115934359843965227714513122381468120232150703400859344918038826220727225604,0.05882625344091711840040597317720385961600153186522856530115934359843965227714513122381468120232150703400859344918700911797536945595,37085958441435013652063390737899620003667830233545321195160146784046118818109045970799206732904106394006686629286657,-388,37085958441435013652063390737899620003667830233545321195160146784046118818109045970799206732904106394006686629290831,-388,-0.0005823646570094795544788436772393826103754992829023280760399077969173661741670755286057759767818294393525499317523755743117606077883,-7.775998982443051609845923204895292287549928290232807603990779691736617416707552860577597678182943935254993175237556191946648027051e-5,-11748523941912913401583089144265999152059121264324080767022613931109499212045267982558025014831488053447531764721569,-393,-6274866382630467270688227186551385776951998306598888663663349891939676600989028727202583433968437425287142095232643,-395,0.05824388878299814414415420126204943794312603258232623722511943580152228610297805569520890522553967759465604351743132157913508843600,0.05874849345200218258608044218306994575562603258232623722511943580152228610297805569520890522553967759465604351743132157913508843600,18359408533838430227133200662119301153170230479418026211949309908882274878942950313661073624586558877029459920001269,-387,18518468024197043890254328420453696263055457240987079312383673571974868652255274951445028875921866307449581126654197,-387,-0.01352644862718841588825691723321173942541114692419283200821726920491497535790372030093819241352647627188684415026167414052277783645,0.06990605721138456308513175464178826057458885307580716799178273079508502464209627969906180758647352372811315584973832744569087048583,-8527507401979032955006561377880225690056976338652805372339082870498562728671957016724589569476768547382226552590179,-388,22035511195267852182411158119614318493306102736818336973335009961410065020767830127144032005640184614161825086060623,-387,-0.001164089413099990542852614759661456624960059968902036793035724080066555137599337245732533938191391659833374307486602510383356130789,0.001087051800391801316416527391217449625039940031097963206964275919933444862400662754267466061808608340166625692513397539185820379282,-23484138633278996486001758539745924343161512949285722433660260365181866555730621966553176826265589424230684833909505,-393,85664043549679060069940077806713688844183032683599730587544858482453587362686543514847476698672949662294378869621,-385,-0.01469053811122899316939793455024624292537120689309486880125299328498153049550305754667072635171786793172021845774827739444378161831,0.07099310908271695113983668459037875707462879310690513119874700671501846950449694245332927364828213206827978154225172498487669086511,-18522773557984449214001021617316586568342937927702002974344895839586956853167070073809660205325860005073772682930039,-389,22378167391828179928594115669046676977878182540319244540075930351781370554241074343066148791117557305634728045446691,-387
28,7/8,29/32,57/64,5,5/10,6/10,0.03480233157887545431281568246807752951334901460842243413538304689864321864533759480125687925664226050891347982840680430526616003234,0.03480233157887545431281568246807752951334901460842243413538304689864321864533759480125687925664226050891347982841331095365157802804,10970253476158607279140697551724972655498262166175294022684667808043050582296346150533814774524161276953160831970111,-387,5485126738079303639570348775862486327749131083087647011342333904021525291148173075266907387262080638476580415986081,-386,-0.0008361519792868430703167205758713863564336604508125660224014309445256054052276582934589668563186085479210118094564888861294259020104,-0.0001332894251516345865313297219895504189336604508125660224014309445256054052276582934589668563186085479210118094564888737371317744926,-33736771040243403665442531247377137075096276847479018830829540801496967001274591761267830225852640190670740076348419,-394,-10755831307752579328971355628954510638762352563389956843965432885110368068147064263153902547177490145274296411326469,-395,0.03396617959867911654072603365429110409441535415760986811298161595411761324010993650779791240032365196099246801895356723146955957101,0.03466904215463331442805728098400301815691535415760986811298161595411761324010993650779791240032365196099246801895356723146955957101,1338335619015002295125708604675435770023288954463099195552847110008019615334440380360981156234491900790597495538167,-384,1366029813799923261641957766593840213778544699259265328426120372037848351494189005033366305463500190651493602804215,-384,-0.006972001924260074833204675213347869402218464384756645127437428422361247433735616866093366862368344528575987614565333930866892878534,0.07775390736005592848939664314602713059778153561524335487256257157763875256626438313390663313763165547142401238543466765534675544375,-4395373808335515217927109526574575731765109098127332374907083833482137505582719020184005256474652651673680091024135,-388,24509279516758447978982014196672757980229187988560623624423596202164476020648208556251839869336607794322805482453629,-387,-0.001800206627988788204506024407258274036850596769804590135729426127267405777360640820933188540168485983023482569488211255244720276248,0.001358556710444557575270548773894069713149403230195409864270573872732594222639359179066811459831514016976517430511788744755279723752,-36317057387931977699853625839421112889815334557936555086121343727772312985490456598701658266013463411600731523343019,-393,27407288280621956032645873770398168341076395762996960508880824752707530757811510147084368839198450618785817929620821,-393,-0.008772208641379343811457666936279971564069061154561235263166854549628653211096257687026555402536830511599470184053546227064319866278,0.07911246415963096683841415923559502843593093884543876473683314545037134678890374231297344459746316948840052981594645535914932845600,-5530281907899105612804287368521597444472968352578691955971263356545948851358906253061309875003027934484282271716893,-388,12468759212119262043935240995783892664004535848557686124843151427355497235614409317191986015653405430420186773949049,-386
28,7/8,29/32,57/64,6,6/10,7/10,-0.001005023858253373308336743223454640812467318520128801499404593111429097518767592487919836764740809587914528167502290570586147669127,-0.001005023858253373308336743223454640812467318520128801499404593111429097518767592487919836764740809587914528167495828237044529677149,-20275177620696935348690333338669580149248915522542597470846647921936465171673743264780714186998549878617888936203155,-393,-20275177620696935348690333338669580149248915522542597470846647921936465171673743264780714186998549878617888936072785,-393,-0.001239185138052071737992583971521356168048456064684462729889229432712349879576543319604415451198245461078048879880128814282638729202,-0.0002241983259004525048015706353397155430484560646844627298892294327123498795765433196044154511982454610780488798801287894980504741666,-24999106809859931529291242018367527046424679716480902263445726534741466766662854360690751579769887211413332035186289,-393,-9045876558183320015248072644644834328907850880289129391527464768285783743321569594372415043992644036695321671261409,-394,-0.002244208998124434449875183670806075105515774584813264229293822544141447398344135807524252215939055048992577047379188168528800892269,-0.001229222182334836409592457382964278230515774584813264229293822544141447398344135807524252215939055048992577047379188168528800892269,-22637142233626422366911359771405120760253493145884269780492436218239676684263681821443611347944366969896615978099121,-392,-12399057931546308750236612737609431494434724954971061169958941163138967806571881022275582389937287523601769393447345,-392,-0.007155634445783387235585983377544135428088467100012324399945181974578794376260563446610674241248209687598233537499780829308852736400,0.08110582294716249842267817677870586457191153289998767560005481802542120562373943655338932575875179031240176646250022075690479558588,-4511141644350252783519290000071589397201581472433676075501198363722214028449614741181478374452613033387190738587931,-388,25565857106622162436933165642557500487623482359564160927720351540659852957390961445491616723952599796852068131747699,-387,-0.002947711226332241740199860841294110332195777919260144854715264922464399728171553005797416108287844718316437060329466935166675625978,0.001745181761472711268690291136244952167804222080739855145284735077535600271828446994202583891712155281683562939670533163971677394165,-14866654208655943450177838739797255832136755011350415393185024957290864438119667414242984953009209142649725751290505,-391,17603497620321894763623263987106331008519528245131319886514133131020014919619646453170868992281486105611024280005359,-392,-0.01010334574123722631052839030038121451028424501927246925466044689704319410443211645240809034953605440591467059782924915241247064437,0.08285100477775680702611101399649378548971575498072753074533955310295680589556788354759190965046394559408532940217075243380117767791,-6369473464008719418602878563151843386958327723987212793846667834397760031566107813643062846909116685310794502037101,-388,13057983214522729250101036001228685918504771777395941035636294438255661198902421359996906028313286246099303331383397,-386
28,7/8,29/32,57/64,7,7/10,8/10,-0.05458042591707616571786259116468710785223258594825148458223653646908605195380455226991921110222912492455062083264741419152200874082,-0.05458042591707616571786259116468710785223258594825148458223653646908605195380455226991921110222912492455062083264091388799118403424,-34409252482983758515852277050524194510724249787215079606659712475265401138917194736477334546640249693886255286622443,-388,-34409252482983758515852277050524194510724249787215079606659712475265401138917194736477334546640249693886255286618345,-388,-0.001897242658958501606784218215490453901987299623736942596339379908985511898697827017402820462652477625352373966179961452261253821457,-0.0003744430525671564560154613490353757769872996237369425963393799089855118986978270174028204626524776253523739661799614522612538214568,-38274645506225570819581881854908629249156371642476648650083039020583420634867480131493912698066991917676442314963483,-393,-7553949428453356741858642242163971392815548463781652582956015372203027531617824831848818559524130240498150924712475,-393,-0.05647766857785365672819266585600763987921988557198842717857591637807156385250237928732203156488160254990299479882412415365008443706,-0.05495486896782433277033219603789240550421988557198842717857591637807156385250237928732203156488160254990299479882412415365008443706,-17802667578100028455979623307147749811205714935720378685779474003263713726725132464315380861244926233934353476120157,-387,-17322656700738088303020161932393204084549346103154986877646473696888975664793395162214183861295184743673379829870173,-387,-0.02450335191368375194623783276043430489194181342370187639744682781332207853464987874883873275361889785742407850739752044380138614610,0.07160278639950539695665523364581569510805818657629812360255317218667792146535012125116126724638110214257592149260247955619861385390,-7723849791483213714650369772584385254017230291441629941994073506104233999945672547742893043775718810111451979065505,-387,22570347467139375943979442515335568138980018925592831700825198020710874076220398204072285090232268143205196456515423,-387,-0.005153539541492525940949836335484464730482921488697840075867565350804707396849841344604202746660968374377468599554046647821632762168,0.002357377334124587023441872038538972769517078511302159924132434649195292603150158655395797253339031625622531400445953451316720257974,-6497913502312079053816737233368717182476169433401862730345337403592244090267678737729861229980098335874775420688367,-389,23778661459562720380776389098131184938495278385331410035040396212868807256909142533402200434957768236029059227271305,-392,-0.02965689153157383283611364108078205087242473491239971647331439316412678593149972009344293550027986623180154710695156709162301890827,0.07396016381002753892902307766921794912757526508760028352668560683587321406850027990655706449972013376819845289304843528769745357515,-37393312764571875784001219811360735801232742112624112043389438624987911344301129724417795344023752806945862172244595,-389,5828357665458111605943613886641446767244977313374592662671790550401926779140374776792548584639973302059356066547801,-385
28,7/8,29/32,57/64,8,8/10,9/10,-0.1357333744536890175203295642220549063395644202102050702959476805497858642968265700363703704678410289180923018216291162191079558195,-0.1357333744536890175203295642220549063395644202102050702959476805497858642968265700363703704678410289180923018216220607408002183146,-21392669045127147112110581095856996620470873790080993015658577381575029168488617888951821391277270497694837020143069,-386,-21392669045127147112110581095856996620470873790080993015658577381575029168488617888951821391277270497694837020141957,-386,-0.003023606927850459979232412538412178080223311685508746785365275958285928381881209988858630136674806640385423254436745664735471001329,-0.0006291283343631674510799467180996780802233116855087467853652759582859283818812099888586301366748066403854232544367456151662944912581,-15249430900048012690215097350263319553977746354371027315359174459486607353638072474171692614566954459620347672399437,-391,-12691926286799289175756592296582825056650099531121263662142728963364254085354113426325593756255064667893145366182195,-393,-0.1387569813851774563066536897121272406697877318957138170813129565080717926787077800252290006045158355584777250760623315670923795447,-0.1363625027844142061643177979884944281697877318957138170813129565080717926787077800252290006045158355584777250760623315670923795447,-21869213761327022162677320765955430580358200098854228866555621864368382858136538372791807987499992462835504306543651,-386,-21491824718669391904798661595271344717400430957468736640726997170666915193683716181072868890480508552135220796677155,-386,-0.07781791134128240258038697051043347738713192394926249114463523841194303922381436240297929627369464629345028347780448083041609926710,0.02922781003782632439791503144269152261286807605073750885536476158805696077618563759702070372630535370654971652219551996269072489404,-24529454598877483563402264505142282236247774361919002823822741963232598808196148757457215321282648937616897558738185,-387,36852299270959154936925350018167861353973660917507281367941428060832915593714335799846986524589678663350750280559581,-389,-0.009635654831915233234738878323210608134581239991944863283477731247321320702528149441371206735140744791413898771839984782206996575704,0.003381826783036742408895917819367516865418760008055136716522268752678679297471850558628793264859255208586101228160015515208062484723,-24298504409180315135350595448301913536421965074252703771863235854270789413510429495237928103903619339140494725850159,-390,34112194524248712308840809941642465203622495896081144318085937150153327762340258688026950849576931041912936864509767,-392,-0.08745356625323316957114353377016752302171316394120735442811296965926435992634251184435050300883539108486418224964446600917650792337,0.03260963690089860056282863419858247697828683605879264557188703034073564007365748815564949699116460891513581775035553557703714039891,-27566767675253507731211875563899051276623476344962805676156738806129924718141104081335289223040805439220841951570319,-387,20558161843702091539546798885874644448859149149783141965553269824527995248515737341871843467933805690217698798513379,-388
28,7/8,29/32,57/64,9,9/10,10/10,-0.2611841757726399417169801990228490096047472581880890632681929460242799386730465287577197330841985377900139646113790499749519689231,-0.2611841757726399417169801990228490096047472581880890632681929460242799386730465287577197330841985377900139646113716138053686340709,-20582361024387487597456148068478749555717752448872993765676523687123410363843607068533422759192738887803376573546821,-385,-20582361024387487597456148068478749555717752448872993765676523687123410363843607068533422759192738887803376573546235,-385,-0.005072784414838838578284657508821058305347488895636397429475068067914202221937441737340955063212030821194307553699624443448273164919,-0.001068445687739017606795704872102308305347488895636397429475068067914202221937441737340955063212030821194307553699624443448273164919,-12792184508573008640194747048626290488401999640730190558310728679784931576599687010673181788287757723351947188204697,-390,-2694329830963438885579499519721609132401585291187786479286017988622628675163795602168645376899241903333582704833689,-390,-0.2662569601947547379094482824349903804100947470837254606976680140921941408949839704950606881474105686112082721650749464197732726477,-0.2622526214531030017095924779916310054100947470837254606976680140921941408949839704950606881474105686112082721650749464197732726477,-5245529197713442192864937947912756589326459168211238366978951059825271671364769501659770223023558988733914086204145,-383,-5166639707757930102158247387641836154319945063505867711465535367083367575023936240519767931300833889751254902858481,-383,-0.2090560273306791920580053847266512133892889758137092769411746023736978446052587984780344810877685821262329630449363645538159624397,-0.08766510684903462123052125386727621338928897581370927694117460237369784460525879847803448108776858212623296304493636455381596243971,-16474453768554070246682787932621384570268012853138219272345879281346202156945325850742328581067790458401297527296975,-385,-6908362166546492489275353299452192082723872012437468339382004574143113361999968463960675434022608391295739011617743,-385,-0.01950008419492376240593229603528172219001979711466227439811754333013569371304843828971806531770948696431624794938213484540982532021,0.005326984272933553730427872421749527809980202885337725601882456669864306286951561710281934682290513035683752050617865154590174679790,-3073369753114400543675058724716817904187181069651089186958003823804079219903871156274721021128797540790294581412421,-386,839575469320895294969710425287176408288049730734891075009360763429149325345443957854622285170904402376964818271675,-386,-0.2285561115692587001490382361818548105793087729283715513392921457038335383183072367677525464054780690905492109943184993992257877599,-0.08233812253244532181499282602560481057930877292837155133929214570383353831830723676775254640547806909054921099431849939922578775992,-36022277297103036885010849124792049730629467598317222699154605757709250051955291486024832607474434116923266695670243,-386,-12977148856891593835610781638784745071253433471750350636249805013644310880493724341801274158664256720884136145299939,-386
27,27/32,7/8,55/64,0,0/10,1/10,0.09406215349369130644562199734721417900307016075951914727121362164833617941033775463741737118832537811364924924876644345591577668405,0.09406215349369130644562199734721417900307016075951914727121362164833617941033775463741737118832537811364924924877349258936892089977,29649900438437067741577553462538813808626873785693492476194333730618814370560354057163315722766665391188465950309341,-387,29649900438437067741577553462538813808626873785693492476194333730618814370560354057163315722766665391188465950311563,-387,-0.0001536236283712396988236868416558937722275030879632612074838125790568077741527503514075932900172749422063996422380275731846500614969,-9.111899391456705132141352050416037379000308796326120748381257905680777415275035140759329001727494220639964223802757318465006149688e-5,-6198353056764097873059243498485164709848428671379056664866872261587960679796563480518758074301347609312007206165989,-394,-3676437670738945842961267283247555566627374739387270630584468186380939370575983782978022488368393783856490062503397,-394,0.09390852986520637990907669447581890534803015767155588606372980906927937163618500428600977789830810317144284960653193978027381584445,0.09397103449989042623202219985644939851209265767155588606372980906927937163618500428600977789830810317144284960653193978027381584445,3700184475643157788883679156917247422855260978531049658505538362314594825266752841879110043773136509137296272519983,-384,3702647283646281955381782928657170169656461566123996969043580870683889138417893731724710312150297669330554104443695,-384,-0.03486547795904468733281332266018314964022366253430068770006701479161267073346069260338563533509808641319187735875389625515023015595,0.04555873978102911275416177499606685035977633746569931229993298520838732926653930739661436466490191358680812264124610533106341816633,-1373769778582533910809409436560965035298417866974296001708989760024730257298728776021698254549001999095053586454913,-384,28721691954432524156433776247049920094840091003357780917843161489773575204878939774717714042664892937512806039840753,-388,-8.931854351776282454842713079186848530203518127671642348626147641487848764971604033928247679169621825919291305945531539428962420294e-5,0.0003117891349813390694279036263492447959479648187232835765137385235851215123502839596607175232083037817408070869405446877037839076765,-28830349763705411646295121525754597383529792482539191300257375792456433166593539129833741443820948988658484114694253,-397,25159920493574546821815776876473197771409239493489686971781872534839127531739656506068009864486639755095793479366629,-395,-0.03495479657691364202729863324052946148490069771557740412355327626802754922111040864372491781188978263145107027181335123285450480530,0.04587052899036164369352656207197053851509930228442259587644672373197245077888959135627508218811021736854892972818665035335914351698,-688644555658629927167790864460986939391431073439406010983715525433665546649324990703704276999140592365703897000789,-383,28918253880161953267776298522443519000165627539430466063436952835338977793690892121229778634662198989787685645358433,-388
27,27/32,7/8,55/64,1,1/10,2/10,0.09109253476092161299627001876438866162969838800156321130077687638898167373479827943483650011606137729646797459968546194018154357216,0.09109253476092161299627001876438866162969838800156321130077687638898167373479827943483650011606137729646797459969246031479794147489,28713828952760903082450678724432312433127515605032453382116537674671503808585997303146069302284309905362130359809011,-387,28713828952760903082450678724432312433127515605032453382116537674671503808585997303146069302284309905362130359811217,-387,-0.0002120742506827861181470525295269385189261073779705584543566631654257164906746480238112540002066254053758203031631981634629185800357,-6.537821793936531702158570594905765955110737797055845435666316542571649067464802381125400020662540537582030316319816346291858003568e-5,-4278349281023413627457006058269439565001878719325365918264822932368219642686201701105768366732887867808281229893527,-393,-1318928869558323671810535674915645841875496532250345492101833885167066905025816956467244190191058623417433369976727,-393,0.09088046051001145320267973417538296334514728062359265284642021322355595724412363141102524611585475189109215429652576093169058703056,0.09102715654320962135469166511791836373577228062359265284642021322355595724412363141102524611585475189109215429652576093169058703056,28646979745173240412771973270034014286946171033143101883732141031236450725438184061688526521301920452642934537888195,-387,28693220689245726106828328839249593619826401188615934389713955305332568039425810253079033762064762694155924391109059,-387,-0.03224655193765996479809007527369579599374098249858031540962773857771835466975448723625479276828917084093688758916998435306349915968,0.04824970977357239937961378214817920400625901750141968459037226142228164533024551276374520723171082915906311241083001564693650084032,-20329261428160549329961124672315797470899947085443957834589247282291571130804736738894245233600946373715447510253865,-388,30418165815560559118628799082702215425821158641766295375502338465990363883098215039016354647980710088886260352106199,-388,-0.0002594705529931585797483746125208297136728139077965682603242121490831855894760360303501521636754477989884039523800265079254984683982,0.0004675804165513485177045043395055374738271860922034317396757878509168144105239639696498478363245522010115960476199735044667956591196,-5234514092450988259435706742014228149993204640110318918411401344878745442242135773081600405812072017846694938919529,-393,37731546051110801410348189879024019433604146077103945214531887007902661019300143743307417929541946117631605762750045,-395,-0.03250602259115228792374702017582844211366379640637688366995195072680154025923052326660494493196461863992529154155001200108005735972,0.04871729029062291244322685677729655788633620359362311633004804927319845974076947673339505506803538136007470845844998958513359096256,-20492840056907541979794216016252669333307386469952513126563369617569923613938547933747438069216836153940378818166589,-388,7678235895610690380343217456095254452591585693124694443316158719122623777593810465988834168372379768149369840799793,-386
27,27/32,7/8,55/64,2,2/10,3/10,0.08475497837414327167493528560582211930779183342433232429163956210701629563690473656937348070022132334282995185732693086804792020603,0.08475497837414327167493528560582211930779183342433232429163956210701629563690473656937348070022132334282995185733365641391680667647,6679032366146546547666541075956507822285015084987364169390093782918310131469715505073588628825807166830479961930473,-385,6679032366146546547666541075956507822285015084987364169390093782918310131469715505073588628825807166830479961931003,-385,-0.0002941689076175620597401125713421198489842621648512438086990839196124274849811698452230496269546025642406410092368540586656117753847,-5.372570849947208115695550881160227085926216485124380869908391961242748498116984522304962695460256424064100923685405246946471162579e-5,-11869025403631386004734360868749124456910858975869410936749221712393755529352012399281324201636919772506549653711835,-394,-8670825263930910636619288095792580294331748513647005627014733249646697408155510463641830731990622752511560656531307,-396,0.08446080946629833593975194097500123969318257125948108048294047818740386815192356672415043107326672077858931084809343866528698622955,0.08470125266587117326922156215648927680255757125948108048294047818740386815192356672415043107326672077858931084809343866528698622955,1663962668971790259734655460925068162583890877331286515544094565745522791223434880221700251232859509488407562553031,-383,1668699641191515185161169186968860909920680241283352032850413797869488998202149976799863700931687347627694508345031,-383,-0.02713273065134808463168128186600747603908638975493018252576374231138863356467151375980352011135438266361793138859373791183037046007,0.05339462151780798989224449938399252396091361024506981747423625768861136643532848624019647988864561733638206861140626288127645370107,-34210688679984628627985964960735546378929042081867145557350070990550231514749987613905853054001805286884807791859473,-389,4207710415797616820617611034860895370802448424299913961920312698279415881297605031150778047342139650260831838438031,-385,-0.0004695119598516537302485416021165386602649463970534624728818812533313737352701635663552908954758604774097217410555259863053286677404,0.0006396379929021425119289448175611957147350536029465375271181187466686262647298364336447091045241395225902782589444740260869654597775,-37887412533977448915307351022101622993559090142377625670225563077577211817149087720238921534578382398441882441737035,-395,25807892643614256300321864738919247765052828374539455585683041874405713788789196979606481870303275158828500284739163,-394,-0.02760224269578274562681214959422264751185133615198364499864562356472000729994167732615881100683024314102765312964926376182046372512,0.05403425959529313966905577032765235248814866384801635500135437643527999270005832267384118899316975685897234687035073623817953627488,-17401339803737855955412983805179527934875222806191033977386208833717628240442427923824564889117727615740653314900815,-388,34064931702261250141402580060384362028522059211271626687051335242421856844076628321069847445588537236253772236848305,-388
27,27/32,7/8,55/64,3,3/10,4/10,0.07419119589225449821741404918218154111673821068479278329262639721641582317776756669950800121840629099111997211009279651745154732091,0.07419119589225449821741404918218154111673821068479278329262639721641582317776756669950800121840629099111997211009942689050153445450,23386255682116226973480286648524607032249631870966495689675827677384728846253962730044123870923044078906011663662681,-387,23386255682116226973480286648524607032249631870966495689675827677384728846253962730044123870923044078906011663664771,-387,-0.0004085715168177943941808792966253664442295408978353878596654240951306098722426441440634280754972877715049067892017279623862245414632,-5.886747205226354157994717534851097547954089783538785966542409513060987224264414406342807549728777150490678920172796238622454146324e-5,-16484902335820826514107400711704541917605707605232165297553552513285270351781955910360332891397010951922367959969351,-394,-2375164414535031700645905983928504030697118060415494736353556970869511314214292568488068920456008625111078026128967,-394,0.07378262437498195647234670576659865514125866978695739543296097312128521330552492255544457314290900321961506532089438232886878580921,0.07413232842065698202672056612579054967250866978695739543296097312128521330552492255544457314290900321961506532089438232886878580921,23257467382474283102839443110988738992561956846500834086465672978141088369168983519738903469704628771274735308566801,-387,23367699710271015701818369977500841900466191069919284948871083083783410091573346249108341132986357671091714221994257,-387,-0.01991566762273049725730619314079204937458435984028591316077206547139997561435478777881640455681077447884369450054621727251599169359,0.06042090113795512543480196115608295062541564015971408683922793452860002438564521222118359544318922552115630549945378272748400830641,-12555476145218559363941848610191439730456679390674381315940520360349753079668417571730634132162193487035963705277867,-388,38091275536471137482209829807713855458577656108791181719173488269032767846902690007381896498530953499380698442482261,-388,-0.0007431982631285440865524714607634571039767239200590531332153302678913916408384734747675338208239186685604243799881487957074539070658,0.0008291403336872813534370953422150585210232760799409468667846697321086083591615265252324661791760813314395756200118512290771343479699,-29986306630595080917202677370731863270428777896010187203856668007095408407482879219762343130707757018117736855566737,-394,2090866724200118146574427889578997979384622375075488205521237315869645240951636309331874508932338186557662972358759,-390,-0.02065886596134710159101170834850374866606108376034496629398739573929136725519326125358393837763469314740411888053436643999226942619,0.06125004154713046703539210024524625133393891623965503370601260426070863274480673874641606162236530685259588111946563435311455473495,-26048024467823407570134248620067317343150866133656528032485228231031174506627974476750961022064774334958322679309091,-389,38613992265111263300647420646033138530942115724088777295795630915555147574419248763550924893216923023055222181580399,-388
27,27/32,7/8,55/64,4,4/10,5/10,0.05794381358483128119593597971439222959618375219795196437355838605786939301451435047069967600338320548592249251836687722253623736644,0.05794381358483128119593597971439222959618375219795196437355838605786939301451435047069967600338320548592249251837337435363976542845,36529640030595979891780408787685606312656944275522770299160069439116548759496521402059237716034420099318573681837069,-388,36529640030595979891780408787685606312656944275522770299160069439116548759496521402059237716034420099318573681841165,-388,-0.0005723408183559460283591428061026255877077284144820890519908401229470624457001340980204231475193901841604595960856899238167091332400,-8.510585060611825411757614808260605645772841448208905199084012294706244570013409802042314751939018416045959608568991142441500572217e-5,-23092609506621923837981420875117000073164161325904140361007496184200488285557498549576917441255688882749429376747457,-394,-6867642886004109912385284291771828682549348116231048326726128094780416283879890643866331677498097709804217840701313,-395,0.05737147276602058781669037278933208447722602378346987532156754593492233056881421637267925285586381530176203292228443430284223219696,0.05785870773467991029270486768526714307097602378346987532156754593492233056881421637267925285586381530176203292228443430284223219696,36168818006768325004813190147560550574600993387205947482373292170771217525111320127711037780006047641386848137008109,-388,36475986570835760110088657693107491512987288360964285857753556703843275362202075115915092600812718530099493940777965,-388,-0.01211027878204462742808957675283884287907549538491733619898266687636947690975293853159940079288655340936858513600458077089285802514,0.06870717559607597374912599941903615712092450461508266380101733312363052309024706146840059920711344659063141486399542160842761445828,-15269416947525983894544562734052762395908456036360011173530356181272869119642055342661858082911408570650360833754603,-389,10828802234293396253827414865076627485649673842638962127104713732891380437530698272317722308979296935616897340786499,-386,-0.001136233584595778881032098853716056527757100029373907567417161160676492914403546962753052126060524401690061691845030552175714337134,0.001044234055250249879043470299115974722242899970626092432582838839323507085596453037246947873939475598309938308154969497393462172937,-22922179963286727759507987882881272044019605088106520338810946540173953456871244253827469128799850436182225586953485,-393,5266549339578429528597649086662166333833780556206491387302998292748293037988286706520527395450116484575556620859581,-391,-0.01324651245940886588996035587388888378183259541429124376639982803704596982415648549435245291894707781105864682784961147177610189249,0.06975140974409468320900814998548611621816740458570875623360017196295403017584351450564754708105292218894135317215038852822389810751,-4175513328049958448751864767221176889766528833747870785572094412662693004857393697259700028758086357882039986806255,-387,21986763831552551707065594571107606782265567465197033577811449186733786892118931133921158883066962703673869473948177,-387
27,27/32,7/8,55/64,5,5/10,6/10,0.03370194206493374451059965760774531530627247205909756682755785257673471979714292001076740961806289396385275536775571405913829340582,0.03370194206493374451059965760774531530627247205909756682755785257673471979714292001076740961806289396385275536776206208615887917344,1327924130073047151094177606391443512568428998729931768984614262091512502617536278587651982586643518762920938052265,-384,10623393040584377208753420851131548100547431989839454151876914096732100020940290228701215860693148150103367504420121,-387,-0.0008165144179958889292044113034114830227006326935092453153317610532149619522674610973971557699588751121437282833747493043566653659138,-0.0001390897976609568142754505032405845852006326935092453153317610532149619522674610973971557699588751121437282833747493043566653659138,-32944441505095114194396689076787248481031928806767389952099711787508139715962804885856335088569721645840692264006969,-394,-5611947078955289330879556912851466589021934294388219333769339244179477061495715856106128171467062540694380253508921,-394,0.03288542764602836087962231806641879322107183936558832151222609152351975784487545891337025384810401885170902708438413859479980313847,0.03356285226818228239809713534241976978357183936558832151222609152351975784487545891337025384810401885170902708438413859479980313847,5183007295519567151055468889383897554938304589218506647115049978962497037242982728009701320902472440303235692643619,-386,5289774852158363168927341625850624314866729497882058405988938137177073230660360154043223667681157021571479184753955,-386,-0.006061486256791749581193050690850665282524635913961899064415756253941371991034126020228989704007863403931980607059595681525299867826,0.07616935781248053015818683212164933471747536408603810093558424374605862800896587397977101029599213659606801939294040431847470013217,-1910677752395747955229347401184357337737984772647937439995209593189970564692207193593756807050362870667941664689877,-387,24009804068021968669535280703334816070805525494377876223632227490388346416189696585401832171666779986444974399516971,-387,-0.001758186182224936045948667814503773171392838721704293366684489991739237409596744332074566436325426216557397646924736569913385314839,0.001299351480018767334278421113718883078607161278295706633315510008260762590403255667925433563674573783442602353075263479655791195232,-1108417005543073328774034168824621433934999610417254039794874051200331086338399265525776347527271189348142401861889,-388,26212892194300829619114066003042474733587548757269685517719045701126305245300549755646769220346902518096302368677857,-393,-0.007819672524509187593796972869368110328917474635666192431100246245680609400630870352303556140333289620489378253984332251438685182666,0.07746870937799179945912050759938188967108252536433380756889975375431939059936912964769644385966671037951062174601566933477496313961,-4929772564231786714999409494047627149010012264432406165239899645413609941315501240792682951273432928771979365275307,-388,24419380535506527870217278246059500258317352498069853682573890783385113798443861469373509435557418337334205941044395,-387
27,27/32,7/8,55/64,6,6/10,7/10,-0.002144446256650451682077986556655577725307446564326190034469041841697351449877216066282093149952300711980771373805493576795017022064,-0.002144446256650451682077986556655577725307446564326190034469041841697351449877216066282093149952300711980771373799190360309996358876,-21630844081248266970504615653823057156878967108265177430750508870570777760676902238334889245945914446888939940509357,-392,-21630844081248266970504615653823057156878967108265177430750508870570777760676902238334889245945914446888939940445777,-392,-0.001199178380371145086274653726835081448916682523930279728018645133359541595574544831358071526404417153672691328638925829229176313801,-0.0002264866470756396855275929510782455114166825239302797280186451333595415955745448313580715264044171536726913286389258292291763138005,-6048004348667667764720604817795902600995532230431666229573519287730747811034248887318554570393703239505930148263049,-391,-1142275618748795448825834021321598081004452747934176823186811337067543174747612391260491327875418181897240072828041,-391,-0.003343624637476344119239104402448178705474129088256469762487686975056893045451760897640164676356717865653462702441267797781683004271,-0.002370932903271344016719115388776303705474129088256469762487686975056893045451760897640164676356717865653462702441267797781683004271,-33726852783170599731925968312636504149474205450721639868234109693507451061519245765148968002873358032121051610112913,-392,-23915395314158860636176140673244611528283698722540401098787569297230686431398281268678902285556713704463168713024401,-392,-0.007007139900234006961959306405049989357258469326340110955819744881302087589200134400819859439033045488327369787446963147458782080890,0.07901840675389353124223380882932501064274153067365988904418025511869791241079986559918014056096695451167263021255303843875486624139,-4417525916288373363091217119569279949776438880020511097451029368839767183430691403248714220860660301022723223668271,-388,24907870020369058271861094517150980882258158173231263972098530543048024855389448391924798557114977107881220098710761,-387,-0.002867389793132569257597545641300708896620571718433472533336124303247289960414271624226395056966635476507994478014747374645300571382,0.001660442602846634026189228040339916103379428281566527466663875696752710039585728375773604943033364523492005521985252674923875938689,-28923113061500871117862274329656913525577202743709569665618670934096236134312206669071055342563620092590926471344239,-392,33497482099773671028560839030586815393464606844350808136499944242142786038559870845837265432028677438598458994892579,-393,-0.009874529802505940432308240596155385753879041044773583489155869184549377549614406025046254495999680964835364265461710621242435672415,0.08067884946587952948117442541946961424612095895522641651084413081545062245038559397495374550400031903516463573453828937875756432759,-3112610275718568143829877306748731952093811137699654438300315007174223561716445301360099710935721575056713362383003,-387,25431268212580501121533430301166213302312346767122720186755559027895338478045789515218277950540703489511206318825317,-387
27,27/32,7/8,55/64,7,7/10,8/10,-0.05529094817534012966732165810960179947262194764163788959314226093219120125347185174040398940571143275445545132231524468147326526108,-0.05529094817534012966732165810960179947262194764163788959314226093219120125347185174040398940571143275445545132230884272318863653591,-34857188521748445011865932727336782248398692897660425934708394603391021146619002084378793757773028327343126218346249,-388,-34857188521748445011865932727336782248398692897660425934708394603391021146619002084378793757773028327343126218342213,-388,-0.001817028723594762276327226680308535306081004466587408837225646442594675439789456206624243375776995331974091876367115941612204887375,-0.0003681536032631126078124981341659571810810044665874088372256464425946754397894562066242433757769953319740918763671159416122048873748,-18328211718683539114128512329754115888865071102413249455646298476259226002585301359309275291120633396123825767964763,-392,-3713533582591518140079793253674341032231777693312426933071931334226163296113693512763893910858111371245604281507931,-392,-0.05710797690075388134719474126574041290370295210822529843036790737478587669326130794702823278148842808642954319867915855342127256430,-0.05565910177678425287158829976793767852870295210822529843036790737478587669326130794702823278148842808642954319867915855342127256430,-9000675438828228878623500125937956234775950827989884130067607205006504297868511214344966466875769297788982043029835,-386,-8772321092378416396906471012471504528815533883273542530860312437477840483233161622720573680791662752872728410665291,-386,-0.02523652063310898081793794473872075745768206791993695093248066186470578876680917397727270531254672257699628920403262586549413291752,0.06908973800390207036004057088627924254231793208006304906751933813529421123319082602272729468745327742300371079596737651382633956590,-31819825355558310006772755828688104590088376819916531680050185548772553076635259216288853485014918468734885777810483,-389,5444548569874041027855782147849708322000045865223258946642160554326177918957171392316449522050850865521159851513277,-385,-0.004979663369997246440582550122987673192794161686382148544621465080065931527801046330535110264483934317849589469240243900008758195400,0.002237453698651557538575851366270139307205838313617851455378534919934068472198953669464889735516065682150410530759756199129594824742,-6278679262738883790028284472925989997396852566271281212214834864813671194069456514370806930136008598998714775475037,-389,22569002111594090483858200507975573903763456642389175907103787064908585659196223882838282167277995303997271464699161,-392,-0.03021618408677973982162989274989202440047622960631909947710212694477172029461022030780781557703065689484587867327286976550289111292,0.07132719178622714046172582014073297559952377039368090052289787305522827970538977969219218442296934310515412132672713023449710888708,-2381156545237383133271520614731990985711326791426862649625372006594706930156448001920622599148236281924961383424889,-385,5620868905464678380732379935199377567116697825032048727275217121516344157657045160155517424684013544025249883675783,-385
27,27/32,7/8,55/64,8,8/10,9/10,-0.1349498603647457010659605260342143875591859617257888411230145750196614002005733492372902122132649022905666182506574644489577214184,-0.1349498603647457010659605260342143875591859617257888411230145750196614002005733492372902122132649022905666182506505231780326631177,-21269180937177119391916767163115870459097797241848698817979026351422273488436654829935268071352431398507928302432105,-386,-21269180937177119391916767163115870459097797241848698817979026351422273488436654829935268071352431398507928302431011,-386,-0.002856167885024786810655148384270560759924761937550303623278633517327472259054379538310759318782494462361115445810095212873004096131,-0.0006059257361495279476828888627861857599247619375503036232786335173274722590543795383107593187824944623611154458100951633038275860602,-28809918644144528482415233364615052875099882733539246094259600580010143696143393942672938373755617395101478992444491,-392,-12223841080483116279896173614975675163789472230646218718653941552694917140864774795506074459028114722546361884932245,-393,-0.1378060282534084666837073873701451045691107236633391447462932085369888724596277287756009715320473967529277336964640879358463131426,-0.1355557860972572502065517019453404170691107236633391447462932085369888724596277287756009715320473967529277336964640879358463131426,-21719335916565252303452023062340685884096754644759390785493902891419329193535626079311653935459867558583920333327159,-386,-21364679695045019083855938141580162697489380758451481154426439988868305318752930164003038076046083906500290333018935,-386,-0.07835521386918379536666107298142370454632783060612088106704096839016678481097698907652420340603867734022721986971628694184653567019,0.02661952037847833165131378053420129545367216939387911893295903160983321518902301092347579659396132265977278013028371385126028849095,-24698820979147156332360376246802448273324415610848429691880612326469284750723967941515611629764844092932806832911591,-387,33563600220731274758622607353915331661102617996658848949584400696137913505454562600575068034134547401507122942979173,-389,-0.009169920716634107931142775362531576448865096323650999613551693663694088694328202875101670078587994044442774545009615179508737109286,0.003169786587274545626157792264421548551134903676349000386448306336305911305671797124898329921412005955557225454990384820491262890714,-2890506183178105792550235599833472432921975200701443188694205324689255693434544900122987859369872826826113913968301,-387,999167606024318051447958080235443775199422856895203231868055564817720919015654689558250621957060816477884428593491,-387,-0.08752513460764577614035412605391621849519292692977188068059266205386087350530519195162587348462667138466999441472590212135527277948,0.02978930698758075012002185050858378150480707307022811931940733794613912649469480804837412651537332861533000558527409867175155138166,-6897331792301439493220206595367095848038162908484891962019915255592826740579820367476013478336193144772324451635941,-385,37560270672350530356295297814186957505525352713798441747075996440259863254160255871869888218803013304740168896008625,-389
27,27/32,7/8,55/64,9,9/10,10/10,-0.2565752417369412742519791043209812968775671187102030616704766195406034633217668554371321558941535244702250746326564799383419596480,-0.2565752417369412742519791043209812968775671187102030616704766195406034633217668554371321558941535244702250746326491706658504905782,-20219158529520742978830617640047360104999034608808801847082570283241593690641523908873457991707364479432505490073649,-385,-20219158529520742978830617640047360104999034608808801847082570283241593690641523908873457991707364479432505490073073,-385,-0.004707976226927375130292790889221780617938723858637150076759691377588944800720276257521297386835807288400825744237030412547873635094,-0.001009887528925563849446195125061624367938723858637150076759691377588944800720276257521297386835807288400825744237030313409520614952,-742014833863481342716958448766843259338814805310361857701180006249523055792889824607168920743889943185104489441685,-386,-10186648236130963367826835004798340079748136696773960145361099679856817719124587366473733978313652793148937686639935,-392,-0.2612832179675066281893636081618632337455058425688402117472363109181924081224871316946534532809893317586259003768898493697895054591,-0.2575851292622288592943335864943827649955058425688402117472363109181924081224871316946534532809893317586259003768898493697895054591,-20590165946739170977187855803382134346581202879063553399579195426833553823461334180688103053088061770163823445613531,-385,-20298741718578828803143005849570994524959306059152777787072168734023276474148819388162973437404187572740215854930907,-385,-0.2061675532413571531637301106063756181483480286402660832908561926162210280719101014204736220958648680828566763080948836160277365755,-0.08732716906069958757001062818450061814834802864026608329085619261622102807191010142047362209586486808285667630809488361602773657547,-32493660841245772985625449803510404461426834274107440138221835080184014967184587735896782156609231848236471459961305,-386,-13763462625773093609559306763939377123624116549136246440638880942792219217908673349140816280750680170498826940111321,-386,-0.01816028556844360405250136288094463103674179019804665982940253291895070783745959587305074165410730646609428343654122655336783848411,0.004898875083893991767925578037024118963258209801953340170597467081049292162540404126949258345892693533905716563458773843185573596456,-22897653903875459971169006797764820305018376200946281376004111484335487253378764014899259628640157578013585686220019,-389,12353632410301029621191970447350557160586261339250197867652929677933235111005478711679227515326384148699934168540699,-390,-0.2243278389989756551850005469736483741850898188383127431202587255351717359093696972935243637499721745489509597446361077900751025762,-0.08242829378763069783331597666114837418508981883831274312025872553517173590936969729352436374997217454895095974463610779007510257616,-35355867609045687489892505304171678638481261529581070169410003624314605785886930626909492115099492735919803595948919,-386,-12991360570313797250363878960039295662160344985077764214722918229332737111440833540510562056132539970773447129367415,-386
26,13/16,27/32,53/64,0,0/10,1/10,0.09388552731511549829325973114261607819074691952271480320361522623820082562334633081994761557171537270989629101411404332056142312814,0.09388552731511549829325973114261607819074691952271480320361522623820082562334633081994761557171537270989629101412076886643030959858,1849639064510971998533158207959205567074222100964442042647058724118447430986744538471411872437904855317940989402589,-383,3699278129021943997066316415918411134148444201928884085294117448236894861973489076942823744875809710635881978805443,-384,-0.0001562820421856617290290745754611228410741203766609628131812347567545858078859011873120466048527157415649331899919482010456841657428,-9.538003999588402484047439292785868091787037666096281318123475675458580788590118731204660485271574156493318999194820104568416574285e-5,-12611227636909315781546862673373827340114152933889718767006694171791240017541442341960887907898301979265336651699167,-395,-7696721770352999637619731683322753964275774865855021958817562923192899845337238753727793794897932382618726746182623,-395,0.09372924527287299314536984855228526540826654914605384039043399148144623981546042963263556896686265696833135782412545748350447598953,0.09379014727517645768728006476455790945123529914605384039043399148144623981546042963263556896686265696833135782412545748350447598953,923280075756279906369420045667030094434240160978377900138795077828356232864427531919526998532912591344824304756893,-382,923879991024313391551046927629492784492473403877696864587630802406426141986711698800946314126818895520738258938013,-382,-0.03298950308230719331521299224144147155813767662166153033301888764728603093464791285263295268518802452723726654159586768093688530974,0.04491220383211025234442445893043352844186232337833846966698111235271396906535208714736704731481197547276273345840413390527676301254,-10398820838920342417366220866893349876923205935265173305794148803761996495037213456259156987927247375690592638511137,-387,28314094938984640598712681525245145188749838544000454603991845844169418638002440965468901732472622660235519316635583,-388,-8.558473402590490040485874940342239763368897508709994189246669808728282355993169653596189030485732318820765368613208896026850936120e-5,0.0003058981576745293652534006423812455711163110249129000581075333019127171764400683034640381096951426768117923463138679141378050225183,-27625146125561678305039626059370175126842701690711150759594192348685963006383981827344183071201646839344929950780553,-397,12342273130657240540544509102288371192804413283329786458590216968513485792116929536118583794588830930433948057683567,-394,-0.03307508790750994206835390684182755997139636559674863027491135434537331375820784454916891457549288185042547419528199934546107995161,0.04521810208096162556241391542379744002860363440325136972508864565462668624179215545083108542450711814957452580471800224075256837067,-2606449637355997693865392439147513226956197559497990858618209459766042568588253151124062010708784431898350732825957,-385,28506943014131969045409856739714599677145961455266392558437363647975762140639022571438405106517913130846074774312153,-388
26,13/16,27/32,53/64,1,1/10,2/10,0.09083334490844861354991956560513690925923027688146655473893340659968213259985141707506401167576748620606918566932315068492781113972,0.09083334490844861354991956560513690925923027688146655473893340659968213259985141707506401167576748620606918566932988892050588418840,14316064075687716760758781784602122780896125713061063470712302234233729052594226729748650163205055140080927761941227,-386,14316064075687716760758781784602122780896125713061063470712302234233729052594226729748650163205055140080927761942289,-386,-0.0002133106390492672352971959002569110241875492837791794534268523730700913612243965077195509033092959065335483147708104248298929816877,-7.059019045573095985823153334406922731254928377917945342685237307009136122439650771955090330929590653354831477081042482989298168766e-5,-8606583932493920017718063466074182019280290572788382082974429757000574855173978156855839863973956188994370449121941,-394,-2848148604663170771731118409900440616830676369473819304510257615755340686459302441683119081600274252391766873023125,-394,0.09062003426917197263917913764540123846941772759768737528550655422661204123862702056734446077245819029953563735455570672593601139356,0.09076275471822025626550456613127159979754272759768737528550655422661204123862702056734446077245819029953563735455570672593601139356,14282444607165576469814725731818851430894216969561162525244928975437045731450782707634549463610312833825322788522459,-386,14304938495236587165806551970682368261225725991942752692009813432980584578653165749524708054418648108674868136446427,-386,-0.03039049357533070449482159776712082606110624368444552156100153184573674187591079952835635174389174745672275586913873100023883583403,0.04756850178461906309474749402975417393889375631555447843899846815426325812408920047164364825610825254327724413086127058597481248825,-9579571329333336233762986643631286137952090814063147064420703210020420455678812285101816433907581906617903225005347,-387,29988710433132194666755941376756848288833308876562256456790441429035535910159712035079278469633864167688298997691835,-388,-0.0002522777981476428933980017130790175907139289162962528110378186049633456019072350675881133557148633091573513797809733964964287402443,0.0004568144181639036148248166615547714717860710837037471889621813950366543980927649324118866442851366908426486202190266158958653872735,-20357634797212018596970913470591462865552321145704953584293626706576202127666937875769105867629643395045993094698217,-395,4607847560984696055477562439412912142656586919824479744291871776165504137902439354161857849016761848571108593976675,-392,-0.03064277144578317617916739439444544912057017260074177437203935045070008747781803459594446509960661076588010724891970468175802950719,0.04802531627508779550052010560555455087942982739925822562796064954929991252218196540405553490039338923411989275108029690445561881509,-1207386670381448522226092490126039585854392942838052702402392982060659104580944667788544660487352446582709455708511,-384,30276700951277023163025960322485220591878323507383015600528270749330458101593706656973030145589030526287741305088529,-388
26,13/16,27/32,53/64,2,2/10,3/10,0.08433664659573650295195571060977122067473935040144081328430116781529559391717370593134510490199939453968851147514880797595880150801,0.08433664659573650295195571060977122067473935040144081328430116781529559391717370593134510490199939453968851147515534317618988930476,6646066143496682100823346248639525235662897502316254477590151122632814582074599266614899132834917237988142844592653,-385,415379133968542631301459140539970327228931093894765904849384445164550911379662454163431195802182327374258927787073,-381,-0.0002932714093633280603487957742134414662074311126243942650146972322219791739113864054067454847853605574553153526603235417266588519988,-5.983872319050941171990525983966216933243111262439426501469723222197917391138640540674548478536055745531535266032353553051178823994e-5,-11832813454294214782559767116880405403096548409778432169657438195216710693440486556194667668642962777644084171133623,-394,-9657408478973074888179702770322457748378512959932056257544701254873003529568871496589235758093486661997506900085467,-396,0.08404337518614580121616368277607901944290691928881641901928647058307361474326231952593835941721403398223319612249175022507274393679,0.08427680787277336721567903740941031827103191928881641901928647058307361474326231952593835941721403398223319612249175022507274393679,6622955179700845754638736769804908655615427001978432813280911742378582031193762981340390134981551931366883885769957,-385,6641350612030726487038024686830663261334994610760010817223524070252408536127637301048896457625457672650137231353061,-385,-0.02533447665403206794082662970563462018130898920004464409236240013501990174281831382797154081634137043961726680920318024728483233982,0.05262770813648979218185403435686537981869101079995535590763759986498009825718168617202845918365862956038273319079682054582199182132,-31943334595346650040996100054715771719818956677454032214568316098547414119254853974713626532929198004188770992834247,-389,33178196513536175073438379889783729625657356277673798267081995038888515634723067896911272288530014838459625136364701,-388,-0.0004580200264069227486950871299459763595354880806078038809914375002953500388206030536246121331048546885236681437905651289898454106517,0.0006217415222739126548069003273294142654645119193921961190085624997046499611793969463753878668951453114763318562094348957947428443840,-9240016854301866567988327444570981389446363243605644857560855998510979885072409942446614487109372170125991999886515,-393,25085812032709061160767570134888262199858530183061365301242569904052120165500895482083797856259421931140410827232923,-394,-0.02579249679230683900759189009913040122834447728065244797335383763531525178163891688159615294944622512814093495299374602067397238140,0.05324944977063155315473110794774459877165552271934755202664616236468474821836108311840384705055377487185906504700625477243285177974,-32520835789790681584884768484066943117737701239168131852015158708316063984367636475558355634679674781094375215936531,-389,33570162397072336595770072155174101253069319241278505516838554748570186823456897828539739478187138814270058917094903,-388
26,13/16,27/32,53/64,3,3/10,4/10,0.07355274162065581706327232175029556375445001460560631201221673324798901327795322113598602424642583963240276370112738262848509089306,0.07355274162065581706327232175029556375445001460560631201221673324798901327795322113598602424642583963240276370113376555220593975086,23185004648791060904687828957331618702933808465993450470352785760638299259375502284742841048580772998257879166942251,-387,23185004648791060904687828957331618702933808465993450470352785760638299259375502284742841048580772998257879166944263,-387,-0.0004042666526000063005264950884179659522434240233792638991037614812299338691593015973295679177277765903072978774809900053005513808733,-6.571636072820877427124511130614954599342402337926389910376148122993386915930159732956791772777659030729787748099000530055138087329e-5,-32622422324717778029879976713955775582125470152386344440252073299885965275933484143553780589093925609228058107136055,-395,-5303002014960387960895640173863513980346529748286707478486940366587293847964612034513794509593493412879458969405495,-395,0.07314847496760106341185936254292007827095659058222704811311297176675907940879391953865645632869806304209546582364958159419384431000,0.07348702526038235563988754075794693373970659058222704811311297176675907940879391953865645632869806304209546582364958159419384431000,1441098331965111776297451926801065790538109400900681625035002095567313775315919027034472112040640543236090575597037,-383,1447768112332091597044684989523633791087778766747749426942997732504057309077723324921159489955128098386450102234605,-383,-0.01825278548307521173965362861833226144058374482155842552542420917562960358440192088675269478448830864369328481248827284308209241640,0.05949002732273386886108489677229273855941625517844157447457579082437039641559807911324730521551169135630671518751172715691790758360,-5753570933644709524312848173330396835254045912925638347060933308072297111169923044565307000228785246666664720571539,-387,18752211401552294173121993562876903788930098116930707937161487255678555628239000301953313851967501787968542924235629,-387,-0.0007254891394273121167304198969670566997761530388725375219687054568695153233600381657241926473403629915490907191530929054791895726030,0.0008009079477910442020414192448786464252238469611274624780312945431304846766399618342758073526596370084509092808469071193053986824326,-14635892514371507353229396387421398590202280651465443978092018146465554423563884685259554421603719760935742307304845,-393,32314757039722813131262474881820635915251268582632471206439172091856996889011980767663020752699205673599459633132775,-394,-0.01897827473073239336736250882718896657785989786043096304739291463249911890776195905247688743182867163524237553164136589726881151922,0.06029093537875478257410477632906103342214010213956903695260708536750088109223804094752311256817132836475762446835863489583801264192,-23929027153190224958237484908379268023377999169814760492387211228829821539674346098354796232431477381777621126492837,-389,19004670475040920563562295383102088324636541897081428332339975003242822402314884183516892721639490309806658290119511,-387
26,13/16,27/32,53/64,4,4/10,5/10,0.05705823569625198362192548975946447344262464952694930162507475501352275012128124123886808805311150125941332833992648927677372798236,0.05705823569625198362192548975946447344262464952694930162507475501352275012128124123886808805311150125941332833993269771699326138927,35971343303344917128318207337729086061211796971825013356589619309125223490700310699493040692739670927853557459534205,-388,35971343303344917128318207337729086061211796971825013356589619309125223490700310699493040692739670927853557459538119,-388,-0.0005622821093254527651980364850879424371059345010133029055891028933381575814021588044609321349252972627298954849221445807654910063227,-9.202649179656087581960802592046196835593450101330290558910289333815758140215880446093213492529726272989548492214456837319687880483e-5,-5671691047875391446631339127532249270711997348183314345388904414734337851356489226580355954445740004605659076822003,-392,-7426106163201100469305534250392571309376923808507769283697224800394705322504352645754241066644898050635702728138647,-395,0.05649595358647178350584098915541901147426871502593599871948565212018459253987908243440715591818620399668343285500744762731941441764,0.05696620920491017009699234585250153100551871502593599871948565212018459253987908243440715591818620399668343285500744762731941441764,17808431306283008917952494851653483934939768134981992793178388821368564385033582381660353922289029929213469028207729,-387,17956663424615797928950258395174623354885025311085308516353384940419669230145805401979573142707629990485865871395953,-387,-0.01073816184073337768449433955356236155834508643151041636894732988530705593288185525698519596151251317798407434237157662727177265495,0.06751774486035457397566191044643763844165491356848958363105267011469294406711814474301480403848748682201592565762842575204869982847,-13539363820366825418646766409691722551801083832655242013022631310060788017900514526329433604737845980161216782257451,-389,10641338405417089701413363317126208320897778414130706422170176326254100007640945835451607599760115583288054697952859,-386,-0.001109112884762920618564423570375357365124069270727511967285869918176879370623389566485286541819050535636611808430672754422703574453,0.001002417217648131593554678907651986384875930729272488032714130081823120629376610433514713458180949464363388191569327295146472935618,-22375051652059931740590786994157023792613763710111168851900898847608537309975465455524513764830604094338326974457973,-393,5055647925906456876986572035736326491977624313624246368343791748860754333354724281672659372519097395272112783156707,-391,-0.01184727481462677907680573043961154704846915570223792833623319980348393530350524482347048250333156371362068615080224992695541784018,0.06852016216713318634296355666976345295153084429776207166376680019651606469649475517652951749666843628637931384919775245236505464324,-14937804661002003335947194665756760408641704163568874535512212551178174729733202045635471310470667838453520859337651,-389,5399663708574672750879190850929623253748680843155212339918320850649365110901591792647923827290100507344914026286789,-385
26,13/16,27/32,53/64,5,5/10,6/10,0.03261236362687894608480973251403074894476584807481200816786253623105769261410356135232451453068693157184141986143375226734067573413,0.03261236362687894608480973251403074894476584807481200816786253623105769261410356135232451453068693157184141986143989408658697960525,20559880859285666644635389566115723275916001991160279138201621755206198927929416525715859161682707946273223152352923,-388,20559880859285666644635389566115723275916001991160279138201621755206198927929416525715859161682707946273223152356795,-388,-0.0007969159599984482607148174638706299001624135157794958079566126340302611624950249158384147293724779816705099010949676661073927850289,-0.0001443355716933797790012840623813720876624135157794958079566126340302611624950249158384147293724779816705099010949676661073927850289,-8038422424029315404601201664213280858714276477621039719555790256175217980268135752358269007215810776535385725267991,-392,-1455900439097008549635879600927652003968506109730427517048247391375321697679260971745959035325909667206945685434391,-392,0.03181544766597100312232198681224507998210343455903251235990592359702743145160853643648609980131445359017090996034185461861125770338,0.03246802805609506100758137668956441591960343455903251235990592359702743145160853643648609980131445359017090996034185461861125770338,20057479457210459777850296584199687998420837976109822908437314583260850594315927322171346146714215134462230122886953,-388,20468887082415478264280664968960450249493492094501268665678176574179638531671193434003857923992343230350320468653865,-388,-0.005196736171382386643129909274241689463535819310829023303592117969794480575676795303476616947265094296845069096249647347216303820705,0.07459227312309024814919797158513331053646418068917097669640788203020551942432320469652338305273490570315493090375035265278369617930,-819047323303344483156724978687730418522343987656519042437940356523478593362809354464546898437645337354702508906841,-386,11756340831196605317542302657140166451327946739797447634216563807973700504298510033955527101119213599915785636161191,-386,-0.001717066605306303134485087198288589864482213202949711764313388531921414832595435885897507166016422548185312506570061655462574585139,0.001241913146986786270217099386184066385517786797050288235686611468078585167404564114102492833983577451814687493429938344537425414861,-1082493904350415834635640047571040503779256909362294117881289616246555398713251141378060823629645509396011501903991,-388,782941912207313924306627383532238469849153065344603936452929088731316559230909735390207425963887149498919900782473,-388,-0.006913802803973530830802843609981451203018032513778735067905506501715895408272231189374124113281516845030381602819709002678878405844,0.07583418629736187547260291810876854879698196748622126493209449349828410459172776881062587588671848315496961839718029258353476991644,-4358683214765033387188076299403118892634284915962607706395159470372386067566410129899884477905366007140764186691035,-388,23904152627097487407200687174587030494963296040254315946040646374329017435913435720937975945482940348744002547293459,-387
26,13/16,27/32,53/64,6,6/10,7/10,-0.003253458455001422370759493725067838226811750879578977214834573055123682658538440873323031653643408968492292629979135069490504866685,-0.003253458455001422370759493725067838226811750879578977214834573055123682658538440873323031653643408968492292629972979172598072135323,-32817354292141581611517471976893220660791433499851810108131821651395237125927351757104999710616959269524689381212319,-392,-32817354292141581611517471976893220660791433499851810108131821651395237125927351757104999710616959269524689381150225,-392,-0.001159743900673415026138007603469298268016434863148014105726636934191904668124835335359397698699580166655601303589150374922899089237,-0.0002280884373546670921840071304468373305164348631480141057266369341919046681248353353593976986995801666556013035891503749228990892370,-11698236508304538186944600992265507104141054191829936257618858786424680545627640348873401570879535071504493266847121,-392,-2300708357625478851289389666668183021231781377258615061127675645979651626863240467950502585977593848764096200033681,-392,-0.004413202356584332098670429566452175557328185742726991320561209989315587326663276208682429352342989135147893933565207396828834570099,-0.003481546891446594761170572617599636494828185742726991320561209989315587326663276208682429352342989135147893933565207396828834570099,-5564448851202514282802794876950251418267604431858500790302975616596284128637835451291542564222071069183710674280861,-389,-4389757830074133249855821949639765012601858389240520651573296600303066674405362590087695383039309863231035354374557,-389,-0.006924869213989884117360498948861657024585180051972856597130506084446232096248146510923208557072475076745122989374388971142037750589,0.07695189146251329734015903230113834297541481994802714340286949391555376790375185348907679144292752492325487701062561261507161057169,-4365659834861612493219687612963829565686452469907493888629100028927486189436813406576941345305279599926294403147027,-388,24256471233841794920454807575432199755755566072574430490580681182543782876399782550550210664940242893249388468604279,-387,-0.002788685211026729355366333021670610912192562498609633904727605929928941907004248046178782523215304719715745404439680364734319638822,0.001579079893662440319745437608212201587807437501390366095272394070071058092995751953821217476784695280284254595560319635265680361178,-28129226742955221997337439354178791887706691179071753478382900829829166072162322356726738299626579075653895664967777,-392,15928042433200488653738901412992289305341945983790090451187382716285513914678652507937349124429981305869207307018143,-392,-0.009713554508690126035836229858715861686777742550582490501858112014375174003252394557101991080287779796460868393814070822951652691548,0.07853097143984925022301386779753413831322225744941750949814188798562482599674760544289800891971222020353913160618592917704834730845,-3061868279523391017912461169824442325308060153460236615949248588378176187423092351953756537321183756843776836481933,-387,24754222586254544274769970628112649092521501703728368192615519815409976839183103516440828117883893169824246592326771,-387
26,13/16,27/32,53/64,7,7/10,8/10,-0.05595108240585499908658761202518692460943821512509739892503241521202999436788068538027578151422273243840292900458946011572325218448,-0.05595108240585499908658761202518692460943821512509739892503241521202999436788068538027578151422273243840292900458325167550371877756,-17636679165203814396807366155014963838825464797752511376242220588785105590747097382595794940374873348186040135554477,-387,-2204584895650476799600920769376870479853183099719063922030277573598138198843387172824474367546859168523255016944065,-384,-0.001739074669655709730250677113218078205449498623057479005683300189875835785035570940313764148262220836483705098772111345207148303771,-0.0003613161451150143684576358839700313304494986230574790056833001898758357850355709403137641482622208364837050987721113452071483037714,-8770947956450170468338545216496906490847945857531461085763947567473641724631056280435465347907938372013753849185289,-391,-1822282366550932862323899683130029507441824720177229284652208241686577369790400283089691436602801134603894044066825,-391,-0.05769015707732969822038414561423508093988771374815487793071571540190583015291625632058954566248495327488663410335846704254392774451,-0.05631239854915102405149939143332687781488771374815487793071571540190583015291625632058954566248495327488663410335846704254392774451,-18184863413055324705076043108948725718328983149047368941394537592686605408383269119145132726636624134714431172766235,-387,-17750571812539873046705092007307885459215057107564446959240913322956119466512266681266779453145043780821252091669019,-387,-0.02594561985849219570337358793845604842184116379430590966269556759860876804636311826273774438801375446835604256884375271982240158767,0.06659263831873607625783857026466895157815883620569409033730443240139123195363688173726225561198624553164395743115624807328442257347,-32713903181875364672186883561171663444286587229821943780042858884391117490596884005900267633837893464347056524676661,-389,20991068381352762488861134942397752214115992971511199236750813953328106623894632122429673231899456990533037279759475,-387,-0.004810733040677044592443110561150653335838417526198685802036201738078810725454408737937809743580985657721840917066549083193647429001,0.002123248010001949914154408359747784164161582473801314197963798261921189274545591262062190256419014342278159082933450916806352570999,-758210132311826260987131076138886453220476892287039567541201866954229998763867830087926637556453055836435155617857,-386,334640924986316310768209099797744640478919496199118767609112971229866607883539503095031167457163657695221387524031,-386,-0.03075635291735913433127526325790748300767958132050459546473176933668757877181752700067555413159474012607788348591030180301604901667,0.06871588634692792020745154338271751699232041867949540453526823066331242122818247299932444586840525987392211651408969899009077514447,-38779584263304960919984647286390964023071271776083910212055285057400845874577055407488528814989703442139794635165757,-389,21660350237059141650372731921020293733329049315900849244889742705131811938129018318840947586988830688698794271194097,-387
26,13/16,27/32,53/64,8,8/10,9/10,-0.1341181881200728632421927668898651482506219943730178018329141499616121508482825394738461304219090568284330474802682828987429878335,-0.1341181881200728632421927668898651482506219943730178018329141499616121508482825394738461304219090568284330474802614812146189818936,-21138102717425245546568954026957277423611967274976863407493250055638791887177696247376068128486588969914723930811141,-386,-21138102717425245546568954026957277423611967274976863407493250055638791887177696247376068128486588969914723930810069,-386,-0.002696486559845217831822863634284913478949774057073142698718576390808647738615979058686131644267782694606954340017845688136589233493,-0.0005827460105970402736391935903396009789497740570731426987185763908086477386159790586861316442677826946069543400178456881365892334928,-27199226915716020660352747300996656373877366960138600597308132686418783781091809697899387761654966243596996176780685,-392,-5878108651639998389353501418710319750711415433400705592820078481827758259390148540634407854474663458723164735937933,-392,-0.1368146746835560598811073434758102179795717684300909445316327263524207985868985185325322620661768395230400018202827264560189848352,-0.1347009341270319247087402475285445929795717684300909445316327263524207985868985185325322620661768395230400018202827264560189848352,-21563090638556683023384483581438055403279322868928170289118259909798482593603986492927867264279952455748458417711459,-386,-21229948164533745867405084608721920945891311405924608185088993500982953400133936599301359549195250948179741958170979,-386,-0.07883026162740664623832173245811772273126764850465258971420081892696654048834596921623163115818885441327312283477950106816053092502,0.02407296953610254384422831637000727726873235149534741028579918107303345951165403078376836884181114558672687716522049972494629323612,-3106070457106474618004463010466723569912120179939566861036963013010557283260009634194938015936076435637099612373209,-384,30352745434468094857646874922452794326291373692789655613194301754329846703981672862822325342090574611340432591807713,-389,-0.008724597096856746950475922245201471649551463465781516701466699192059028868333914942061164246143484743822577696898654293378789115732,0.002970519588730234524877318721595403350448536534218483298533300807940971131666085057938835753856515256177422303101345904897916924553,-5500266061942317242516423089852309615644931068562046470127698884803014233037474872554266319758983016692773483413461,-388,14981687198932464735893886654417348101312879189029204923897732798543051818595740154807029881486517048831367505510745,-391,-0.08755485881885084217318219144648325688081911197043410641566751811902556935667988415829279540433233915709570053167815377532567171847,0.02704348921942022735349017183476674311918088802956589358433248188097443064332011584170720459566766084290429946832184622467432828153,-13799348358819218786582422639800307503023278602076451491273604077537310147314405949493469896139172091937408782951257,-386,4262270919182892384138008148727477238416014301433542035114919173540028663343824682265661604012896079409351271128231,-386
26,13/16,27/32,53/64,9,9/10,10/10,-0.2520167890974233377846902057613681543150652002571392632878424331287417825150259129084099309186181931590962190307326546532312496325,-0.2520167890974233377846902057613681543150652002571392632878424331287417825150259129084099309186181931590962190307254215189949000322,-9929967085612114987471608940937274339736178375859288612929353707103466027722151989830558983758311972131500145830483,-384,-4964983542806057493735804470468637169868089187929644306464676853551733013861075994915279491879155986065750072915099,-383,-0.004368213828582020558124579428433361908276618729637606371366837925301477373826254184904767869254836463762560573154384062526420202737,-0.0009532453015143350583372488009919556582766187296376063713668379253014773738262541849047678692548364637625605731543840625264202027369,-22030897707643497660875456275243327290604960797982090317502701240157865457860795100138629553384417778419789797939809,-391,-4807651491449824461705519318936505487599696652463394485086049042423547769721131801475218498477524426391475377298017,-391,-0.2563850029296433371499064981414616724733418189867768696592092710540432598888521670933146987878730296228587796038834156055081957057,-0.2529700343952996940359357416106999537233418189867768696592092710540432598888521670933146987878730296228587796038834156055081957057,-10102083474096423476446577912563289140150410065893309005357861130775798654073372131305922327648503895594787609036409,-384,-9967526862745723077579303841140789482901670572156873570521070895013800692211415652274053827773291472143300691805817,-384,-0.2032816540543161797746672392488202427119413432261092315169125333337775058509969244697789710424477506313652879471520515067222134091,-0.08697160369252641680088183885819524271194134322610923151691253333377750585099692446977897104244775063136528794715205150672221340914,-32038819970645940091146461718485066012819245632835572578291983639367539485900748546446148928154513727357096134061645,-386,-13707422670413163373589189556589164843793836229933964767696615389454049354663069398684540631490417506161777595002445,-386,-0.01691632113499926877700794081138226394376930635353251315200890937749936788163175421025401300183363713713116554156317406561056611205,0.004506762973392507903938409286273986056230693646467486847991090622500632118368245789745986998166362862868834458436826529219552008809,-21329183685806082490980160489682792132849073693445581804681885460509975079064468278253511160110020337847501224877517,-389,22729664333221478896464946761756148205692080874287311228117924917054736508975653981448968885183472822222323941869775,-391,-0.2201979754075941769771779571598118816557106495796417446689214427112768737326286786800329840442813877684964534887152216067986587155,-0.08246484050085518047144065247231188165571064957964174466892144271127687373262867868003298404428138776849645348871522160679865871549,-17352483982887089821185027226928864229478341978232372570700718088997559480793825111277554972109272283119959542745347,-385,-6498560312798756459111793648060985891417327295332005727146856689866128123976868535218494116389077841907722336749827,-385
25,25/32,13/16,51/64,0,0/10,1/10,0.09368966230772416134894578565442375305751743552466328178769600955318418342354039731324049558274235820815602869448435766099503427753,0.09368966230772416134894578565442375305751743552466328178769600955318418342354039731324049558274235820815602869449101975831798785674,29532485238296429506527246926870034663947423882311537568770171715590558478411286764314773139051788818042022427400117,-387,29532485238296429506527246926870034663947423882311537568770171715590558478411286764314773139051788818042022427402217,-387,-0.0001589172655162218260891260029890065966936579399090310664994524531450056055039378950080565781369167755475823683721179637085700117408,-9.959379188053558476599766036052759278740793990903106649945245314500560550393789500805657813691677554758236837211796370857001174084e-5,-25647755594073043303598307192236391274102539920993244428045990494922418603016217845645331101769241937668597864315153,-396,-16073503558857872520467412422342609499472785164708353530727616537522394700619290551545658647670758219441228564510993,-396,0.09353074504215109610399585163656505651941752758475425072119655710003917781803645941823243900460544143260844632611556926506879281702,0.09359006851590046918304059600893291540613627758475425072119655710003917781803645941823243900460544143260844632611556926506879281702,14741195982816918817943742024725369211997822402401687237134383597062981608384780189432777907090299373718170295135609,-386,14750545838337976591099065722833553146506656826505844864879173267909954982034675023712863406034301944170424567393657,-386,-0.03114004579500682362507587956018772112408499039208271693677743366440442759431828014665343782664954384335202415778672264291348030176,0.04429459332360498896647685481481227887591500960791728306322256633559557240568171985334656217335045615664797584221327735708651969824,-9815842218966933688584532113728197464763427483810613646662700093367169517064554984799411711396965407296749724028807,-387,13962366724827658436769190356059437700181086423954471051871820919800583662880339086724368338820982400058691362697337,-387,-8.200142705505574888100333870727781679824770173996873753655209209525363843386995979451252446408900439891403244045719099709197127683e-5,0.0002999642037673226946730404311291479644517522982600312624634479079047463615661300402054874755359109956010859675595428151990550924821,-13234260938491889700393571030191543276483379904611512460313367068711976150635701264428113849566984880673573282132325,-396,12102852009509463040668260547494164542043415041200790640843692018393856119980083563981664458080748812916225740141479,-394,-0.03122204729277509243680205339678928605025823809382268567431398575649968123275215010644795035111363284775093819022718000120654299453,0.04459455759808552472399506574383571394974176190617731432568601424350031876724784989355204964888636715224906180977282079190028116661,-39366761628609461339236483242456823595769866164213695981663927238991756513101688163265838398759574950723397252192895,-389,28113840556883781581855837290108802873765916119660936434465288870037954393218680383105873641660462126397266784989889,-388
25,25/32,13/16,51/64,1,1/10,2/10,0.09055580581263213337414646088072433354232865440933690835580200982566712710887516480707065372363995262270899116503040650304189336427,0.09055580581263213337414646088072433354232865440933690835580200982566712710887516480707065372363995262270899116503700515181891405225,28544643373990612137768624660605012158946963743039044549394553035314685341587860115768839001580054889481936792967777,-387,28544643373990612137768624660605012158946963743039044549394553035314685341587860115768839001580054889481936792969857,-387,-0.0002145191803017688363037282016546949446445953395273262857462774845926137330847107283954448336894626427085375590564723604546066718644,-7.571537241598988484509525564029064776959533952732628574627748459261373308471072839544483368946264270853755905647236045460667186442e-5,-34621382948846633758979667909851590152322840024452600061258672990380917628486239197120694680219700598712625677312459,-396,-12219750699405922601401727443042176208774034481391748786442916436742389246632620641683844404290734156338905155740107,-396,0.09034128663210299086239950061959087883205905906980958207005573234107451337579045407867520888995048998000045360597723313858000265717,0.09048009044044351716474459768456280266018405906980958207005573234107451337579045407867520888995048998000045360597723313858000265717,889906983917092944514325867561898284967266186850512278405887450141048373769183799686224921704080084592668274007437,-382,891274271046172086779295363950958080047418505432577154561173140602061641056917878701744231038441019659922774891917,-382,-0.02856337558427648169587598995443877538894234538553518802433254744359608220937823609157233701204991381462563373622263309009356082888,0.04691400739880456107069505496743622461105765461446481197566745255640391779062176390842766298795008618537436626377736770301326333226,-36014537656371350715472067107373700245707219169576589132974565457977501432796167860253453488091813419389221232785887,-389,29576096163606300143745926914709712410420744706817969239393258794351273349464337195369621980456862041590838009226001,-388,-0.0002452991142460391219060376010581780323550933177484274028836455904019105687701041619956963374685649929195077492497680701624225004109,0.0004460799287729301196236655392006110301449066822515725971163544095980894312298958380043036625314350070804922507502319422298716271070,-19794487745520662018376942925902494020801355968789502864435973388188109452676677819150313367181922304750267775247391,-395,17998278776420557321628187189587169842201136311297353517241378048309096360672260949526389404092438975412648903085553,-394,-0.02880867477082734960872982246974255889004743870328361542721619303399799277814834025356803334951847880754514148547240077609486537624,0.04736008739988231998126651542088244110995256129671638457278380696600200722185165974643196665048152119245485851452760001701195878490,-36323826618561681045114549427121057303040196253252383434670552210737097008624425275694948255237268441528440207320431,-389,29857319315071156344699038632812077233334115410013719547819742660640681162914933434964607375287425143645408668609865,-388
25,25/32,13/16,51/64,2,2/10,3/10,0.08390227276153097313378108707599914392899951486358620324493509315803037730953778128413448543069434235459881915715139791603527490340,0.08390227276153097313378108707599914392899951486358620324493509315803037730953778128413448543069434235459881915715784428830205665243,413239733905177892041317728833149416166730926219886496181615170411396710417038482851677410255498223905224375106967,-381,1652958935620711568165270915332597664666923704879545984726460681645586841668153931406709641021992895620897500427995,-383,-0.0002923322216001375645879816188931161312218833187008425840008196093491022784911748721959299659799500833407475039369805771240509925245,-6.579095504361394071170798684355558434688331870084258400081960934910227849117487219592996597995008334074750393698057092790392876554e-5,-23589838862119699125961945073093521503378293739316199149245635299552094840492655639512014012243956699201917761725453,-395,-10618042852537086387303978250242240228154088818629346233096456718130973442808630965795803495244866192171178587277337,-396,0.08360994053970346189374987339762726803215263154488536066093427354868127503104660641193855546471439227125807165321763751371714179856,0.08383648180671473286851261114863434811027763154488536066093427354868127503104660641193855546471439227125807165321763751371714179856,26355195161804558184183856062641952913320017601253639196785121358323714444988947126537745301364370294293411087885331,-387,26426604605056695425543821297539396412203356040248742969673363174418589560415818635030049477902424280437467101373459,-387,-0.02356990097644630648388149016265783304023465344410527364817527277546025946159561910818497176829323988754196164162608608727887556832,0.05188332594377096913562534577484216695976534655589472635182472722453974053840438089181502823170676011245803835837391470582794859282,-29718444298314932931516702930869493900495468853317637115604487542626482523186283792424131053422882201791674672500227,-389,32708914085216290672568801523763278375406512778909447514801676121736096496753583724990212132839270115354910555756799,-388,-0.0004468315474114579417399838024978737625785377689112615578550594885848051457916872825154356109234548874929077524234285715623971113222,0.0006040142415840445748873279040450949874214622310887384421449405114151948542083127174845643890765451125070922475765714408298970161956,-36057209650894437045609564764828901648813772046886238993967698765446637550017341199700795638087793547439588916408751,-395,24370557838955557126836301626575600638258762308180978018914038249316520075821417880107124581946260033360151032457001,-394,-0.02401673260571228758518501537750922242781319121301653520603033226404506460738730639070040737921669477503486939404951486951027284744,0.05248734026720953687007621509124077757218680878698346479396966773595493539261269360929959262078330522496513060595048513048972715256,-15140919151158798114953785201403442888676048188697829556228941702014042003658417086325636174209419432963037072138597,-388,33089704103053690112452227747921992279676262107897487552633533253477416009144058091357794136007597873353990863117979,-388
25,25/32,13/16,51/64,3,3/10,4/10,0.07290301251381764569286421392579144060250139094252196487317355967458785193380337393837902192434232458820425031508559885810181104257,0.07290301251381764569286421392579144060250139094252196487317355967458785193380337393837902192434232458820425031509192467813132029826,11490099803221068536614353031951787608883032050912167076961954785820152797424518515140862610856057835974931478800567,-386,2872524950805267134153588257987946902220758012728041769240488696455038199356129628785215652714014458993732869700391,-384,-0.0003999078549672708581457379413147589712660895194008815428195642196072699191698803429271996355892707569296515500295763622954403243353,-7.228780721149861023523836856085272126608951940088154281956421960726991916988034292719963558927075692965155002957636229544032433528e-5,-32270687804226009222103640179684550455375037193850583797305289588653599959680528554497725982375509463126686169591005,-395,-5833286917470694932849504873758313089098520235464791806725444428453414987189785158215862210234694845890991213800669,-395,0.07250310465839562748383201186551916209998530142312108333035399545498058201463349359545182228875305383127459876505918497209083088296,0.07283072470706089443351543967618810741248530142312108333035399545498058201463349359545182228875305383127459876505918497209083088296,11427071116031767780602742124988003068296687464493034999571334106975514083772426142930094089544542589270070742171251,-386,11478706664782055417323321077483066556609076720477167561375952937287629372508504805881487405228881277388742064291443,-386,-0.01662982422976130376015249288458057560986818367638253153722764768611339837738447412628684114190125963823192145047393207397187683778,0.05857598509056186547126230203729442439013181632361746846277235231388660162261552587371315885809874036176807854952606792602812316222,-327624218673002969160530878208465317473512098566873260544278026318648970546276751002672568963336050893341323810389,-383,1154005663749114626438494663444366553275821246239090717184033849041204967826584691808822589396680171382734318873003,-383,-0.0007081898310215372507176556357659448307937758993600228522565731238317052332242148052978650762131541420558395762863281089068643050693,0.0007731013794174024920263133278571020442062241006399771477434268761682947667757851947021349237868458579441604237136719158777239499664,-7143449628194347501800262486554819417948313282682187410197583861680980687461263194828001783980774790659255191930593,-392,31192827230459506979032119889651802600634240252832257339093482050235558573252996716457309361567022363813293712467069,-394,-0.01733801414172786946866076169478499700316195957574255438948422080994510361060868893158470621811441378028776102676026087684721228385,0.05934908655092429642107922853959000299683804042425744561051577919005489638939131106841529378188558621971223897323973991625961187730,-21860881300657171875557191282842662586491182334062304119097001673426360053612437949462118595766929719406844674536989,-389,18707784608238971024179148618418152020466312158162488989903336914757420624758411102272877649513081507691188722016889,-387
25,25/32,13/16,51/64,4,4/10,5/10,0.05617005913398892184483366401855288578541974340615326487251828522671819848013494347266523152580608935034286749135177172628404644658,0.05617005913398892184483366401855288578541974340615326487251828522671819848013494347266523152580608935034286749135793892494872347420,35411408288788413014501421303684857804770579766997957205851393137419292036414196876282399099221257964252900531363479,-388,35411408288788413014501421303684857804770579766997957205851393137419292036414196876282399099221257964252900531367367,-388,-0.0005523142699996308074154573401847816788139141069987757580752515417307680257420495315802252816111059554259022430000564058143022017551,-9.852415091809892326674041361007464756391410699877575807525154173076802574204953158022528161110595542590224300005640581430220175514e-5,-11142292627907863802704005270807585175596856120107313743727707538543393605464722005261686811788766275302995447756439,-393,-1987609192944352559381333640455591454243409160986487259011110305264456053035160206217081348563595476352720726374039,-393,0.05561774486353454368653174255941058457535582929915448911444303368498743045439289394108500624419498339491696524835479847367949416799,0.05607153498352557027245338772390033066910582929915448911444303368498743045439289394108500624419498339491696524835479847367949416799,17531605821939802471834081100010384078060208572822516513856933568186306190660029477053455392672053349505458106401853,-387,17674647750897794662009756783185986591869117049158350051326665540423488194840106739674587954043698962377821859742781,-387,-0.009409938210083414708599280462972996168721327535182199795229984195268002708314071789007904438165842466786390923069525903756921384999,0.06633777791408611377574520195890200383127867246481780020477001580473199729168592821099209556183415753321360907693047488934990277614,-11864654197164668193208784936710658927423581308368594406510633520380551158964328180387595554844152943693206142024533,-389,20910732291406895080362911969254222444814067396474298325341420373540463149352874413109690596148239894955881990005035,-387,-0.001082815429966440046662322395753897739051135342666852203693896397423462799325992610839783965214282482972638325814064477998336692719,0.0009615415765589479408321462932109460109488646573331477963061036025765372006740073891602160347857175170273616741859355715708398173518,-10922265671958841079938075530063903909215070503937684722951619399598426736341692745688258176183570956743526667016697,-392,19397973584725290643253345154119614610585508929980822959976336312143472410607034086354537284234360410681510392712207,-393,-0.01049275370007650507227486656111947203277246287784905199892388059269146550764006439984768840338012494975902924888359107572372921872,0.06729931955067171203359061195450552796722753712215094800107611940730853449235993560015231159661987505024097075111640971738309494242,-13229937481844977655873404261125736461044334167647449639432863028670786200775494684518626493177711565920294631704213,-389,21213825647589591328581835458076613809346683235076909844729369899252812830710723048438979907792054839531317503966811,-387
25,25/32,13/16,51/64,5,5/10,6/10,0.03153418546783561124387339494761623783575578774774340650153705961877663422792034312499141731027633816400286157967052224981848969139,0.03153418546783561124387339494761623783575578774774340650153705961877663422792034312499141731027633816400286157967659427566426738215,19880162739230583897340155524887100086584596170591731027103117441791844921884386023011610746350556448853845929870027,-388,19880162739230583897340155524887100086584596170591731027103117441791844921884386023011610746350556448853845929873855,-388,-0.0007773253364172218274714760007873199308377397746542023040377845157368672094198641389571321263865064536235704115533410882174747371182,-0.0001490272160987173114361576261535308683377397746542023040377845157368672094198641389571321263865064536235704115533410758251806096003,-31363253987456816715296712607473109471414268392743969002159040674483023602206509696549752931090775913126328499076113,-394,-12025797206329504955749795292496853041588167080639772559244645436661402288622327058031147298669828187451440688855073,-395,0.03075686013050889471462899070891387884241804797308920419749927510303976701850047898603428518388983171037929116812021680275507997412,0.03138515825264638863421016555937774602991804797308920419749927510303976701850047898603428518388983171037929116812021759586190413526,38780223790206392964332253024985255054536452983511930528304624300637300936506357179961799309569516873867431250870441,-389,19786211199129509293870878127067173646022710350473374051276088930252324926351254811892863610097203054416912971128917,-388,-0.004375679295843312605328046340463511201443568992188731851244762378372309103138935583333293807597809681423275468290245278457274599009,0.07302184135806017173915437553453648879855643100781126814875523762162769089686106441666670619240219031857672453170975630775637372327,-2758568683652051757473768949447141185284594080857872347401574523709039443745584145136715988245845624763921220263835,-388,23017656365299372318920619271470304174843936249734966573891117033281794288470133494515485680165986656477704357793843,-387,-0.001676523790988839055430063950233734119732853053132830098409248319277496697315258388959391253832770996633907522108410627456977506922,0.001186054019458125521410336745567047130267146946867169901590751680722503302684741611040608746167229003366092477891589372543022493078,-33821901210083839597229319428965058607088650125640175040285423879679784750577311150730577147847240093504174692871697,-393,23927248805861191686385689478311749811367664339904311889335105412925782736286396840361759891482231020626463649583599,-393,-0.006052203194152526469963642364671854696176422045321561949654010697649805800454193972292685061430580678057182990398656649451899757000,0.07420789548483867206977024435407814530382357795467843805034598930235019419954580602770731493856941932194281700960134335054810024300,-953875791031345229148573693530378919541919787695698749468696792551975869778837490801837090545404798608658608194371,-386,11695759830860029012436975232914266735676169190897652518697062315244097512340860433725644548751585087274673364499645,-386
25,25/32,13/16,51/64,6,6/10,7/10,-0.004331778338961344134711999776984514735080129933033997957465544608335502373154734089244129219089097429274278255323398928891285031701,-0.004331778338961344134711999776984514735080129933033997957465544608335502373154734089244129219089097429274278255317276144208761027950,-21847136890004770087338413271362584299539748659126324800318796181583467295945854032172364900010870123795972356549679,-391,-21847136890004770087338413271362584299539748659126324800318796181583467295945854032172364900010870123795972356518799,-391,-0.001121579018072044224395247612060306210378248127766241719701477577192326347597042598719651643168745676438154217223323210109129484897,-0.0002283560832800513402659617996823765228782481277662417197014775771923263475970425987196516431687456764381542172233232101091294848972,-22626541270948209721121443865469325997872148370062200134561829863303753304761246214493352910799241540496218522665355,-393,-4606816157893097799786993997495726083911872631368069145300685793910009648176011377419014707707336842681400269226379,-393,-0.005453357357942883060880175626959860007958378060800239677167022185527828720751776687963780862257843105712432472543660597951622984509,-0.004560134421331900773205033338751852195458378060800239677167022185527828720751776687963780862257843105712432472543660597951622984509,-27503772212328819749598917260951557589611959633235004812295815894884583300910011337972672743850717615140278360309825,-391,-22998840924891047305305018747514874029913542935375212108307405382585792029216011124350148960797667228246071050731585,-391,-0.007091426654365905214019602467567767418226249713208434951568774187032686568378389585328327936979895072815499166165042317447448073961,0.07512063182366912753515642292305723258177375028679156504843122581296731343162161041467167206302010492718450083383495768255255192604,-2235331495812818944755983468358804475116679415599732431678402577085639440290816086126370072141051962840132402099217,-387,23679228804746234162094818982793773543612822542584367343627527890520751947251155364420837551634335347846187501931503,-387,-0.002720201061249784875609069115889187844801324471820752090040273949926922935059666282383883867918003676232389920884135654053868792013,0.001509918685103226702712387793290499655198675528179247909959726050073077064940333717616116132081996323767610079115864395515307718059,-13719216521062766328870150992319962833512402616907596589371673698033998431275921579641291419373214865666168682077429,-391,30460838597882441202365992297794710373676000227034271718344997725771800249177013816485219003282178647109441054739501,-393,-0.009811627777461329810187791761679611513027574185029187041609048136959609503438055867712211804897898749047889087049178566331434986829,0.07663055057061799395842793089457038848697242581497081295839095186304039049656194413228778819510210125095211091295082301988221333545,-6185565095747960152451951508141559524557887151854519252889043469964538954068811263212143308894071186760672560886721,-388,754849357104152673181168608160587296977164032590705632723658063492357545654168457876735623973618034082604401691441,-382
25,25/32,13/16,51/64,7,7/10,8/10,-0.05656146874513786479223192961054267018742319788587488359502816771543362122090954028884788711737256165075494222447526915180847362081,-0.05656146874513786479223192961054267018742319788587488359502816771543362122090954028884788711737256165075494222446907974615272008127,-35658165471569517072858564397138456080224616558873361053622778129542611297522315071438537322932803173625961224636425,-388,-35658165471569517072858564397138456080224616558873361053622778129542611297522315071438537322932803173625961224632523,-388,-0.001663357524884838923914910224709372013008226850041654362149597931233475146259278777727508260060591989442783366126457438829372615558,-0.0003539885908681641669111260450218720130082268500416543621495979312334751462592787777275082600605919894427833661264574388293726155580,-16778143616596942702774336089741775140219668660697125532494444464508656500771076271673349001504150295010670245176555,-392,-3570652326615130794050254698389520064712381681369691027637432026598630085913384390643986201309471290268262374434027,-392,-0.05822482627184169311969269631108212032543142473591653795717776564666709636716881906657539537743315364019772559059863079728808624503,-0.05691545733418703955559719917973446407543142473591653795717776564666709636716881906657539537743315364019772559059863079728808624503,-4588349931094196912472124519819090934267423665070651736748477683805399593564246097057795504945227730452398869779415,-385,-4485166405104526679936458694997798829577262117945085531033247133667028907274805019726193007059954481589083097469911,-385,-0.02663044149143865076846185973218713726825788193631190982332205010075886642541728373431792205516187473246576252497447675027795909631,0.06411329836496839554959233948656286273174211806368809017667794989924113357458271626568207794483812526753423747502552562904251338711,-33577370261068363331680004586222278446158170779199906666302793935194186983940962652578069414997034809428614353634359,-389,20209540635582182033798719904010328331415198107971408130789277138572341781507182137928003880331444456143067258326771,-387,-0.004645841993999755314563983462785243799928205587002369641717783030073038765220161402336013006285980148387332162649136815496914277976,0.002014239896004466035390621639753818700071794412997630358282216969926961234779838597663986993714019851612667837350863382779791762310,-23431103364486149352588788973957737230288807510604732508232765994517606352349218813593526785227432774185755377510147,-391,5079365943257148296809579938706409557139223402634916785965750240633455882715542942148974932396482557920055005752447,-390,-0.03127628355456000341776838927651534981818608752331427946503983313083190519063744513665393506144785488085309468762361376405157941457,0.06612753833009445891972550720785965018181391247668572053496016686916809480936255486334606493855214511914690531237638623594842058543,-4929393273667856009681239908865363346901209550890069922719458516981495558591417080917359227245574752644978660885951,-386,10422230700138781211402798378325714015713713485434070063066833297079308870511196164268615711773090515214634078157377,-386
25,25/32,13/16,51/64,8,8/10,9/10,-0.1332402790339656760180222771474793471960093336401013657275856294291058298020883572997515543698016038879590189783576307498976340264,-0.1332402790339656760180222771474793471960093336401013657275856294291058298020883572997515543698016038879590189783509052040287475559,-20999737200422579924922402614985791995125475227463392678617601204857476123713948708698918190680106234047007971726543,-386,-20999737200422579924922402614985791995125475227463392678617601204857476123713948708698918190680106234047007971725483,-386,-0.002544252019058020724389549558051004821681212539400906533810417631658551938899222400944919656177472374513856053740418594508598604521,-0.0005596625550850685075259173559025673216812125394009065338104176316585519388992224009449196561774723745138560537404185449394220944496,-12831825128974502041370983083494419722352433186770469452885951486299544978543416570586998882817367724412845441721799,-391,-11290535661236139972860262912557723147912769803563384799430446947777104355601849878366386220905053736566908152616731,-393,-0.1357845310566616755495035396571905082676905461795022722613960470607643817409875797006964740259790762624728750320946851835348471137,-0.1337999415854127657184564815517217582676905461795022722613960470607643817409875797006964740259790762624728750320946851835348471137,-21400731736276407767712763714247697835274510499749111096312357469738734114140161195551883107785653613712440813418475,-386,-21087944509702612614462855541087443983393022006354590375071081290702587541645357441851534381013422328086405520029675,-386,-0.07924474951624551393398463151123773968321352991504153865819182137097207175993557539034872470899599016624235147021741957994307217995,0.02158797833789458892932713606688726031678647008495846134180817862902792824006442460965127529100400983375764852978258279937740030347,-3122402111470834149050485160150648279928987326658634719500505681506630076043210688309706055253614701751367347535719,-384,27219508999595276264884814727540354091480007906190838132321806669537114508065016187654604523217829898774487370830627,-389,-0.008298697691920711581844944009684116940498074303968204579605786767797344475852648313205603232121921540305475631949546442485618616338,0.002783128526366748924117427816487758059501925696031795420394213232202655524147351686794396767878078459694524368050453854929440444090,-10463530812130062099745094895588712282112971279357668396439428168670041103710079244402134731517171695167146337435217,-389,28073176944963808467252148597281538732369126426205984888888298779872443200894496012154143384046508991579883823435131,-392,-0.08754344730275367450021411226408591912371160421900974323779760813876941623578822370355432794111791170654782710216696205689456999059,0.02437110695884878683782910062653908087628839578099025676220239186123058376421177629644567205888208829345217289783303794310543000941,-27595099624614670725211084656043035948887271663463839714301557102809205796303202706728484629818451728234359289854667,-387,7682164059244420088693762976490808247183667407721991420045865612843947389074204436443770616466152071112127137400117,-387
25,25/32,13/16,51/64,9,9/10,10/10,-0.2475090302077330913746870267213110287425145505121314197952547878065947264318091142654451664661053213535139251618932658191246997105,-0.2475090302077330913746870267213110287425145505121314197952547878065947264318091142654451664661053213535139251618860961334342830015,-39009409367634750402911792300805359324054274442834149165459311964641407241431036916029523876842884456390186713691599,-386,-39009409367634750402911792300805359324054274442834149165459311964641407241431036916029523876842884456390186713690469,-386,-0.004051727229974324517256971368715342998003340768837395435288829922015091433396426373381916419169598034188333010206679213016933541855,-0.0008985612566297395902941188906879992480033407688373954352888299220150914333964263733819164191695980341883330102066792130169335418550,-10217355610979108717819117022855871891839992329387980786862179537410632907324440316474153713331981907210996133853993,-390,-2265927436900160585685448836200240252180182313350548953449843134500932457178761409322172589123159911413987260431145,-390,-0.2515607574413453946990357110416865279905178912809688152305436177286098178652055406388270828852749193877022581720963566203157161727,-0.2484075914607248521578894326603388717405178912809688152305436177286098178652055406388270828852749193877022581720963566203157161727,-9911998523473579837943251248159139135279948924655009802982567116665992251996386288707819921485909490967101348423891,-384,-9787757457966908946379903743791292278997503525554854306939464219903329577539494696272509615411394328144007373957331,-384,-0.2004003864403330772917460410518849050936185421148569621119881661134689144279664172941520075894758876652150063949344644983982667331,-0.08659953748970116076876630472375990509361854211485696211198816611346891442796641729415200758947588766521500639493446449839826673308,-31584709073127408329346088921734207633251359714915203827726458288752792966835376977037266713524927385926986575634851,-386,-13648782051096404560527954310522707779931138336033391812924535209904340049139894361923858250552311671870973899956643,-386,-0.01576020071420383264022264514017924603027138552115104071770261193217716839100153613524373511104262094249836613651321515931737722928,0.004147014750423537598081493043414503969728614478848959282297388067822831608998463864756264888957379057501633863486785435512740891571,-19871472838319363534723148663223095694992425669095644986169981397393891456016779743094297436331843307892045604819305,-389,20915289714269124246515530726239740165224403021217839488552500909605984923557619772927058606794873430662091519933023,-391,-0.2161605872855041469872703524518297761238899276360080028296907780456460828189679534293957427005185086077133725314476788646088198012,-0.08245252260831038611538314542057977612388992763600800282969077804564608281896795342939574270051850860771337253144767886460881980123,-2129290199909926019693570381820905165802762211920077772094514754816583059582486270607526072856035923587788965951805,-382,-812198701680250430244606273176895490128068329653203089149546215177553341612275803701470274778737806198228272560445,-382
24,3/4,25/32,49/64,0,0/10,1/10,0.09347452747230988480067929528642252548952940010521201980367993363565920745011413524211328373310129893717316156964536348816918251915,0.09347452747230988480067929528642252548952940010521201980367993363565920745011413524211328373310129893717316156965176544645381124432,7366167821338000114627688229134534039071615408343241922632157701817234048104523444236509369055761534897683533549577,-385,14732335642676000229255376458269068078143230816686483845264315403634468096209046888473018738111523069795367067100163,-386,-0.0001615260378834271768289593278914243570840385116480484510986088041236807773676980990537196461950038580745114176196130262489969991032,-0.0001037574744749825703627404987364560953652885116480484510986088041236807773676980990537196461950038580745114176196130262489969991032,-13034393488510662679175683711327361728967115194525103064388180166389903970614133127157557973962101926540830783161883,-395,-8372741431675914754506057385763940877136284323955170090318236016213045065059071394769412679726427502955047242548763,-395,0.09331300143436961420498952794366141119103911159356397135258132483153552667274643714305956408690629507909865015202894860322714468105,0.09337076999789174564917736280255575933557036159356397135258132483153552667274643714305956408690629507909865015202894860322714468105,14706877842884793862241400234178152055644068142709690421352743641107387858612585992224318488912104829497005578513191,-386,14715982632076217187219193031779727650239847788478745485670601197054901948970208557139830372752955901051744418917159,-386,-0.02931721269807568160746814221867006130297510516370419569923338822992305088241565863622237893854407613789880597073024889059679001473,0.04370521177814552219654797106257993869702489483629580430076661177007694911758434136377762106145592386210119402926975190251003414641,-36965023884498973278263582282775249051848594991442158153800351672028774951698489930617827160597358153665851823278029,-389,13776584202377782723942161253662382216991941531994969355489495115238191244012647764828143003194152483631974768954893,-387,-7.856888395593993913758222081599876133948420305099998870573070334851925061777781775497410471817360684253325937197421484609604435771e-5,0.0002939878486441201196200805523163254574105157969490000112942692966514807493822221822450258952818263931574667406280257944481245512807,-25360561377081297013599928813231982320649116758666980697975217096068652843139097044361949257994146155845381087924183,-397,23723440197509741050248022549165452895595999611440951450843951684387218101957228765741224944190293511794609959050251,-395,-0.02939578164228564553906222020135739795493958936675519568793911893327157013303343645397735304326224974474133923010222323246390086615,0.04399919968704366630862454737676760204506041063324480431206088106672842986696656354602264695673775025525866076989777756064292329499,-37064088653350338749394075826810378639670260517666916313351129587617923431558822298878425292205762358860036210274653,-389,13869253909642340563587472297272170306585770883948714388644182357457236390896373257302084479962236960605650805887913,-387
24,3/4,25/32,49/64,1,1/10,2/10,0.09025995858361414090601919562659266948387387779127090954072237657532054481322519251226712970575138665087264420162930261268232052370,0.09025995858361414090601919562659266948387387779127090954072237657532054481322519251226712970575138665087264420163571091582154253799,28451387579182987531316706320581872064462343719550084433800177344504666688073495770932232894695369103901304926427671,-387,28451387579182987531316706320581872064462343719550084433800177344504666688073495770932232894695369103901304926429691,-387,-0.0002156966747492517521308764172856321396610979333482019259234046750818254366165379796781701749288146180314432984609242983834674564670,-8.075131378011085928250395787401104591109793334820192592340467508182543661653797967817017492881461803144329846092429838346745646704e-5,-17405709752343965978974089108053283272104139539259014713121297276750121816228802350511756199975984288176722270904439,-395,-6516252192626530250069157458478370366818238146453187069613658807602350974572669539714006428966666099343480070234231,-395,0.09004426190863751547844508714982827757858777985792270761479897190023871937660865453258895953082257203284120090317158076812416860444,0.09017920727006140372217992372819741820358777985792270761479897190023871937660865453258895953082257203284120090317158076812416860444,3547924565673902760307706131283212596712812088446870156458192311487570234187251333984097649598378104436365397169141,-384,3553241683640901497409632926124691135399393774211299290965125971863033706976239077552561275916800768029429485638645,-384,-0.02676530532239222958435314221447281099648830862883533822364053062652837911383242559648439110527678874261656245171046997799867512424,0.04628554079049980208526355700427718900351169137116466177635946937347162088616757440351560889472321125738343754828953160821497319805,-4218426904645155056739689201382481208606276181057302539085113036309033716960503439018089331354541677436803473578537,-386,29179890640491881973940386149210593773666310183528385044452291359310568643263510504686193119814619129073355824142173,-388,-0.0002385227147283495202802118900495813720105165800382599374450409598484508897530990214728790225721459369323306734419960865441272189199,0.0004353680875897061280764642116349889404894834199617400625549590401515491102469009785271209774278540630676693265580039196520198448390,-38495328189264939038929854721849414657549822203693883134226447113244869474829634717687061536370743325241525006325815,-396,35132162221920287179841191600311561064710530961160243255756379633774792498717855759180049553455882147932977001616357,-395,-0.02700382810033046087785186663961760721224882520887359816108557158637683000358552461795727012784893467954889312515246572375471383642,0.04672090894129938998655853375100739278775117479112640183891442841362316999641447538204272987215106532045110687484753427624528616358,-4256020008542368711976767266193790541576229828388176518533102182303213430893962997181436487440296821537468101314175,-386,7363590174425043167590096993206510225089530450750691532921693150035010073501882181210552699291891392160629002713473,-386
24,3/4,25/32,49/64,2,2/10,3/10,0.08345203670330365548806290924187954694996429553183591000951050920506376584763214201371306636007446961508442171234873777546717497712,0.08345203670330365548806290924187954694996429553183591000951050920506376584763214201371306636007446961508442171235500649180534463071,13152710669141240563647619689915409961370801428662738048472139891356637315941700409450723027797029877153333779402691,-386,13152710669141240563647619689915409961370801428662738048472139891356637315941700409450723027797029877153333779403679,-386,-0.0002913486395204690289727333680114986548738282895422411653516792779676661045820219279553959154606348134634772717896572339472115947331,-7.158106713129559113149677667238732674882828954224116535167927796766610458202192795539591546063481346347727178965722775106453097421e-5,-5877617100644670530675890337491499286375077957622944570334965295953600066961784456075671069530404009264765008141607,-393,-11552512617069928735730750335667258211585055642848376891836128188113668872139280533199219231097975631900085653530935,-396,0.08316068806355581278364694381438928852946546724229366884415882992709609974305012008575767044461383480162094444056221366045963545740,0.08338045563639973357237464452468591938884046724229366884415882992709609974305012008575767044461383480162094444056221366045963545740,26213583571013236318503738858569677093413802047337724932121287164847199979606281596897498544880459111877214177849325,-387,26282857837148938254482954992819307962025291012422930516738921129962664773598345126487806480785509600435304131719149,-387,-0.02183909838111696947204989505597870593095393357122686421187386420721022494228263847119513396005012308857319554582465865449337199783,0.05116086876461656581771450924089629406904606642877313578812613579278977505771736152880486603994987691142680445417534213861345216332,-27536137271566063067671049466025540795298391884747803516923703947841700599724371154673024878796639024692344134889491,-389,32253453889221547057977699039653217292323360842541420490001734986962252043812111674784835529079870451244585210841079,-388,-0.0004359221889028750318629466542055545260096402937298295284682115968512157301885295126820006936706573248099957818783433533271321431673,0.0005864407780752325471895016184995235989903597062701704715317884031487842698114704873179993063293426751900042181216566714574561118683,-17588437799216052929915783731378975296555319543285404351968699187866746381679487323941954548055846130604596526048183,-394,11830754903827820787038735494986104920416824071774218913175569623884025396387292258804731633576362462315959671066149,-393,-0.02227502068552567162907472792539422139446357386495669374034207580406144067247116798387713465372078041338319132770300223088179843631,0.05174730965819762549006589707460577860553642613504330625965792419593855932752883201612286534627921958661680867229699856222502572483,-28085776098428726837100458694918260624998266361057349215108577154799427725221457765164996270869562338766718872547121,-389,4077895631598093439407178752189387062115955870634412904641424652047134185998001984210234506106527604929806187333901,-385
24,3/4,25/32,49/64,3,3/10,4/10,0.07224237277748999591102763432747900989220023570451974110702147550525392846787939174347983474771869430072047497101106544944548972310,0.07224237277748999591102763432747900989220023570451974110702147550525392846787939174347983474771869430072047497101716285470964057036,11385977679283602650083034145431434929530896408082611241297829017113478555188890678733047591565872505627305175173331,-386,2846494419820900662520758536357858732382724102020652810324457254278369638797222669683261897891468126406826293793573,-384,-0.0003954940936645590800297174715095150606342085713220597952800230477362856554398614768901203406794289673781276591300501618934039225701,-7.858375302104210550605395069652677938420857132205979528002304773628565543986147689012034067942896737812765913005016189340392257011e-5,-31914517973418752850880093893155430647056871973403765205395268265289725839317935279168686810331686495905242532714085,-395,-6341340208068678485024962167534240365957492909747226432025438502042713427272918545670057591668447774363161362339429,-395,0.07184687868337068948011145273701197530031602713319768131174145245751764281243953026658971440703926533334234731188406206937857145890,0.07216378902492370115640804449574000264406602713319768131174145245751764281243953026658971440703926533334234731188406206937857145890,1415455579536887164583933653413565947008771654763708044558691574833254363522266437064144512485906918831912352580909,-383,1421699031157673793020832437616975971161790737080394230698036014706997003969636199947037613823041643544086694167853,-383,-0.01504680149368796072113943293171412545569605453944713597101703627942702689898980647769203754523989140851991428494796275903077520030,0.05767837066091742792021798894328587454430394546055286402898296372057297310101019352230796245476010859148008571505203724096922479970,-9485986651043371738007834804322051483140760871201429604837478556665694173011648161448010414001493746892204447912619,-388,36362296290870496450890716776038188608008467639904387308828348722127920515358858312324862522026187049035599874600277,-388,-0.0006912920649486965611364635008255106193858963399859236575434665179601169875806504747962099693011512365610119611340172738836486291336,0.0007457253472235846221659389955123800056141036600140763424565334820398830124193495252037900306988487634389880388659827509009396259020,-3486501661008240214177093185017678381227159236935878562847955689706400533368703630424556440217374209835658591809171,-391,30088268546162796367321006660068403972188218368108270726912541815917705571120733137659365454516514447354257488644969,-394,-0.01573809364140067514361236608280819076258195087943305962856050279738714388657045695248824751454104264508092624608198023119112986972,0.05842409609090503040372039758906680923741804912056694037143949720261285611342954304751175248545895735491907375391802056191569429142,-19843598821692990557108196683190873297833267357880535857543737165818280671470463092528218705243175212754042282012923,-389,36832425539081383657904234394247932788196386455027932542514752753031780760960115198613819490845929670530869516978051,-388
24,3/4,25/32,49/64,4,4/10,5/10,0.05527982037815144888572950803282896297784187590822564153459141690372064261247960678734662435793232709434601926102819425459039306939,0.05527982037815144888572950803282896297784187590822564153459141690372064261247960678734662435793232709434601926103412352120782175489,17425086600603977536156731069415198307967743489392278739407293317041765647031587792852364641115059540194178564845429,-387,8712543300301988768078365534707599153983871744696139369703646658520882823515793896426182320557529770097089282423649,-386,-0.0005423358631571628153377191708503570631660114556828821399129473347079402275625216942926332432634698760849794537916797005245757684018,-0.0001046106437581639271282570050178375319160114556828821399129473347079402275625216942926332432634698760849794537916797005245757684018,-21881979945620969058105882086882021896930521702212431176579889817100504702498538024671481444912189057719495677623483,-394,-4220794095173622278796286758342639349752996115731313519682828869237347121581742415393091763160680130378751185697979,-394,0.05473748451453953871950532474302108638342586445254275939467846956901270238491708509305399111466885721826103980723947906345159036856,0.05517520973484803230948771514676864497717586445254275939467846956901270238491708509305399111466885721826103980723947906345159036856,8627066816067735025945449698067878102970796677396979404508622678806034325790817642389544195911153451805681074727633,-386,8696055823439388637801507274295661372002089320518956582178894393367224087552956554993818206109871443122488713308881,-386,-0.008125395080396184513861228496586787180996485357083577412557337013008685817980608526394539440070266157568131471419119191260702278347,0.06516726160482948105544419142528821281900351464291642258744266298699131418201939147360546055992973384243186852858088080873929772165,-1280627469223694719202760190713836448494722274472336075070997614983589377900662563848285883787900340920170851053295,-386,10270883382222204984377327673427333931223694289362311012715323653705707578452276957891592800539108175890515674812689,-386,-0.001057038840302385699455196415312536915281538675971757242017604915725271690267001620344054574551548989851670554074031476195091719223,0.0009215534156070758286076240192577755847184613240282427579823950842747283097329983796559454254484510101483294459259685733740847908487,-1332782429933575542162760901018764500141026454758980490988586199954912153213235949195992015072804277910021651425327,-389,18591259336733951265639000981250748048939639271066199990456574511687142151600621466250427450485883364306997666217233,-393,-0.009182434033475913233159526413364167846278024033055334654574941928733957508247610146738594014621815147419802025493150667455793997569,0.06608881513321389990389491694601083215372197596694466534542505807126604249175238985326140598537818485258019797450685171186467848585,-11577802325920047487169276146600351596828194979924698419989996791554135218407754777468337185717157298099181026238375,-389,20832255227130106505126373167154434677894418024681788732389888702089153763520618205564863055077345852555276329756695,-387
24,3/4,25/32,49/64,5,5/10,6/10,0.03046797789599239000237973120901144626571697481239140105675646638569993069505705711382241762850139544093746191295303662054763312052,0.03046797789599239000237973120901144626571697481239140105675646638569993069505705711382241762850139544093746191295888340405534904742,38415982523184069707608349037174084468257146966589039099857468490234498299440459930901003779949962321329820768500649,-389,38415982523184069707608349037174084468257146966589039099857468490234498299440459930901003779949962321329820768508021,-389,-0.0007577488193769573705019881035715605550200084214422721951453483048332671680298129571838956034354752410470824793200016825594920367954,-0.0001530454490771268034102846886545683675200084214422721951453483048332671680298129571838956034354752410470824793200016701671979092776,-30573387444635110737428887212196645215666043950047579996643980407585006102393591157775073053790440161402585072265497,-394,-12350049756911464525915234628734172257553379895651024789665705493545072980879577564714993510718985927806578384163377,-395,0.02971022907570593793010481486752484664819696639094912886161111808086666352702724415663852202506592019989037943363595815624988126193,0.03031493244782475790074237475827191696069696639094912886161111808086666352702724415663852202506592019989037943363595815624988126193,18730282082196236594534330277993764428808269811375884865189101770314336219523599384588145171492000894865463570859363,-388,19111506498439538691192979625952761737191959438058887166051541201883325476903838984748287205189993721381452912264547,-388,-0.003597708038545216165735303285216387607654511365841899721805003831500184167050227706264505763562889493867553514561342108968610412123,0.07146568855594191447620195257415861239234548863415810027819499616849981583294977229373549423643711050613244648543865947724503791016,-2268110630841229363544273124013237201159418961150339325951215810796199038977274667097380572299519693425251535514383,-388,22527132026486570682671508856848973446800544185179623820818723344701268247355784777331728522549436245474612412566137,-387,-0.001636678992748838906433835043154095427731127454441723125273859109081992306828771668781100036864326844686181912103551439757698774208,0.001132227797403120378706202493466998322268872545558276874726140890918007693171228331218899963135673155313818087896448609811477735863,-16509039568332396928748812131882020194656381815874764809045171587948026479576099238263305967980870065705103214893977,-392,22841367904772004966991704392971894654813874346812113017372711916073181965014656421581443622176578709785296076294351,-393,-0.005234387134976451074282957450684936160385638820283622847078862940582176473878999375045605800427216338553735426664894242694780327330,0.07259791645702743085702197418994006383961436117971637715292113705941782352612100062495439419957278366144626457333510734351886799495,-3299925669226714727308111963164258979434920637344614317812551061564232616478082838010654225293852836170402553252041,-388,5721007108170247134534818319610839264709187469549903545590794495412638169205697442044961773535927417408574674290407,-385
24,3/4,25/32,49/64,6,6/10,7/10,-0.005379159202389994805276294530537481672585784219073857736634812287499681271124915711026720132643262346202143698397100480815124814750,-0.005379159202389994805276294530537481672585784219073857736634812287499681271124915711026720132643262346202143698391058196475253166747,-13564778510333629427890350423945702149938979141119738427093742605999430742017940155251994637783744310977503379729865,-390,-3391194627583407356972587605986425537484744785279934606773435651499857685504485038812998659445936077744375844928657,-388,-0.001083949624040264938791734896108756414987742669903342445978678666514448454128254513532669786440509860468227316125168137371707432580,-0.0002281025395456662632725069145413736024877426699033424459786786665144484541282545135326697864405098604682273161251681125871191775442,-5466853094785790113996168257412512823001828210990503368332596794026061446051798589814946318600458210059449879133965,-391,-9203402420829858652703035089142378081083803221810941630653057950953394079449034745040853841554852782955358145738855,-394,-0.006463108827339754445840957664561277150073526888977200182613490954014129725253170224559389919083772206670371014519247277740190383043,-0.005607261741026166366775873207163816212573526888977200182613490954014129725253170224559389919083772206670371014519247277740190383043,-32596410120040046201757012128525558913483960374823110200856644253500100608861524652495905210307983938234708011687705,-391,-28279982318683993955388437210812559769409259803372714579682555208392858065193163901457126389621808113604175154552601,-391,-0.007269779769686742601781873324870462521935647619377948637995514460781063294207318020616610273886613491302430795818329621742990219316,0.07331048397814692658385655440950453747806435238062205136200448553921893670579268197938338972611338650869756920418167037825700978068,-2291551260252962095771637289363089877846918330230938028794506623480911222499230857514528500840894682178201642846915,-387,23108641151740987134615741280226955250162345877252014735403567521924281895868963753999630630788410022913029778715965,-387,-0.002652248321613663999941370674039370324736204248995266086973525306175450457964252370808612760816679571361361018714835917829999496048,0.001442969859123328508231618217562192175263795751004733913026474693824549542035747629191387239183320428638638981285164131739177014023,-26752999629465202296993432400801386053192381948777962328480510325655803258210075186236655768903086652796144787779363,-392,29110224553158583614901773366389916807367400628044923826594497433182664092972226374703278897323712764471495722017211,-393,-0.009922028189525834393199493693734051596671851868373214724969039766956513752171570391425223034703293062663791814533166828371578977218,0.07475345393549568288356442232189094840332814813162678527503096023304348624782842960857477696529670693733620818546683475784206934506,-6255165059271961966837294917268430557174707933767753410662635483230208812083509068557937805128733214129555871904889,-388,5890872110336580329866136723955719946713908803204711005991475428693802588511278404574728568126085875461148416964977,-385
24,3/4,25/32,49/64,7,7/10,8/10,-0.05712277794499217549710647055440705659652510652120485191679802987314320809980430346155056640910960921733037638469569399510204434777,-0.05712277794499217549710647055440705659652510652120485191679802987314320809980430346155056640910960921733037638468966955566571632543,-36012032808701561512887033140335275176866305487109113867164420978682930946251925753071256247920315885384021126335261,-388,-36012032808701561512887033140335275176866305487109113867164420978682930946251925753071256247920315885384021126331463,-388,-0.001589865296626099276732318751471993364600495628302006539846253282926948160923165424825660664670664341088911686965069147000095356673,-0.0003462143633786904471028975173411339896004956283020065398462532829269481609231654248256606646706643410889116869650691222155071016375,-8018416930444046132090980883436928603913616380100684725071516207100401634727441147059459731172034218267797437209695,-391,-13968937462915001201110726024828728198952064704251177252574164953247931313189980296310063897000387286886542797628151,-394,-0.05871264324343726417738464578170912808612560214950685845664428315607015626072746888637622707378027355841928807165774953444703341128,-0.05746899230655187654066351159591811246112560214950685845664428315607015626072746888637622707378027355841928807165774953444703341128,-37014334926153816587393441506570301700006551005019981952382501066439275570286317334497931118351829439222558649261885,-388,-36230297455412859098659352478667813607323888027714756017151751744208635453327057757156858592275937660186560514268989,-388,-0.02729083060395288541643979257109574108375440611924698793733132622964298006770900776394795354853211537773035210282837863605139628743,0.06165346376955193206936953360077925891624559388075301206266867377035701993229099223605204645146788462226964789717162136394860371257,-2150626953123407357259453603152404070957808681946605253844594346308542573196236175995587317134201347139882899566549,-385,4858540322954135506726313298423586819611922679431009616076387017430277342918781667440421242955450311117046219444267,-385,-0.004484759191752245957037686284290741232627326895769159447509137893068095013046606581425269798234067236857921693408365987901915094031,0.001910085346838159179309130732310821267372673104230840552490862106931904986953393418574730201765932763142078306591634160805614436183,-22618689211233163720875324840637050249294732679199142296846383438706450315405911875388470181439999963679848210004167,-391,38533731671940836329154098301406207394022611634221623026968355556565974834633663178764972791823188658304144476871911,-393,-0.03177558989393055916495372855021070106638173301501614738484046412271107508075561434537322334676618261458827379623674482223001742174,0.06356354921461551904015491402791429893361826698498385261515953587728892491924438565462677665323381738541172620376325676398363090054,-20032351838315866954916975243791028021980658441979989525406143041221545538442546046777347127644111706552437759757761,-388,626132840004776528450445355824996917361170866414449333683553868617184439380929265128888518144977782320027621991113,-382
24,3/4,25/32,49/64,8,8/10,9/10,-0.1323180246426686253538319759538985103619298620445143521870975312404398297060637745028164432551690545953637306311444587076130706930,-0.1323180246426686253538319759538985103619298620445143521870975312404398297060637745028164432551690545953637306311378727485452365832,-1303398906716276643074462186158057596793947904709979941825307990868366588501138137386694881257538131677270404822011,-382,-10427191253730213144595697489264460774351583237679839534602463926946932708009105099093559050060305053418163238575569,-385,-0.002399163396356651292538978094589241330295911504900595203241360582323189475348221410511145498572862702993457391054525374408377060366,-0.0005367420428489807186487688965911944552959115049005952032413605823231894753482214105111454985728627029934573910545253744083770603657,-24200153858408345124135859640763743008253856789186166839447995798879898844303454339604195599944765516942590531922355,-392,-5414070604339448152766318979466740402549092588162106602841642480763636973644297148305733841607774277435861724359091,-392,-0.1347171880408442660499168105243178298172257735494149473903388918227630191814119959133275887537419172983571880221956860464315266712,-0.1328547666836986166689348883746596266922257735494149473903388918227630191814119959133275887537419172983571880221956860464315266712,-21232509911784744008754776724367207645119893855290283549717337928718562440383817031754494257378499387177320165032271,-386,-20938977360366542839579609773631736755580235179450141361228293377188598638808036981618334590386979260782496105775439,-386,-0.07960042226415316570541262011188167907382971101460962022826686982995067078184007475727564167123472812638641273867611157634674140054,0.01916435503579487096527219434124332092617028898539037977173313017004932921815992524272435832876527187361358726132389080297373108288,-12545665325151120382758099499359183887614304761327741197105964575129758491313319519041300373646364929244251249859709,-386,24163649147849383911585014985618678220417565549989852421833946526069291076555898688611418740928347049462360064203803,-389,-0.007891120626639021426604839564638309649043575348222806452814036224479900178845698939099394522814648504976952733534030064952507420289,0.002606825520003767818046954868955440350956424651777193547185963775520099821154301060900605477185351495023047266465970034185845599854,-4974815741237232127284097507842968020795892613169751954448453449160134308677882507545517582169084566446564529574727,-388,26294823754779576316854144457105287781486049073997135187051718595591669200123143189969705762518681510962631059884945,-392,-0.08749154296355176327385171870972311372287328636283242668108090605443057096068577369637503619404937663136336547221014005508560049855,0.02177118062855821492515340824340188627712671363716757331891909394556942903931422630362496380595062336863663452778986153112804782373,-27578738543855842989058962868748060738647425237206008263118967112215472530834809052740207619077457672813041630053021,-387,13725251104468387795397321753594837502593399658051046943473328150010901651024103315448512142021962181368858204437191,-388
24,3/4,25/32,49/64,9,9/10,10/10,-0.2430521284024321189701935074530000522435854611249255046439476778891901541820774249296693619609057095117324866418616752108617398972,-0.2430521284024321189701935074530000522435854611249255046439476778891901541820774249296693619609057095117324866418547466296458681749,-38306965877437987781151637005625862253243643874989129386168144436329805426679560461830657991265218697030754299351989,-386,-38306965877437987781151637005625862253243643874989129386168144436329805426679560461830657991265218697030754299350897,-386,-0.003756881491214753621622904688178700416388129075568864255990758473893770090526888870211611527581697141853171376958522173886904389128,-0.0008458623122051540104597653449169816663881290755688642559907584738937700905268888702116115275816971418531713769585221738869043891282,-18947669477883322037386141647117159088964696902068000706761823465155782495740797035344291614359334010535633976547279,-391,-4266070024550917099761297864936349646903634998931473703089129844704545225196974612775738351461103348846638336563151,-391,-0.2468090098972848513989081250928389089099735902004943688999384363630839242726043137998809734884874066535856580188167301199901178209,-0.2438979907109992941735615598462568776599735902004943688999384363630839242726043137998809734884874066535856580188167301199901178209,-38899080549195216248817471810000978698599312388377895655546521700550320839518191088207288306231452523137524282757201,-386,-38440280565131829286521659686002417955883860733506596692097609463042425255120235199457778612730873538404680325730385,-386,-0.1975257377298028358631890941363666521169087640801072138305076580195752124419070309381036921012742719448984304688662519113871947647,-0.08621201458568136779601990468324165211690876408010721383050765801957521244190703093810369210127427194489843046886625191138719476471,-15565820683954164219928473177448975296792461705301581644293988439443085593268854371841633955238756095147815130098491,-385,-6793852665817336948766559700206488651415307543767509523538021039565636687547623701820290834685431824034701802990395,-385,-0.01468507215233448826939987654694518374651268520186905880674358500768013416914460893600006855065938654931476158730528910453369427644,0.003816760084899850848603968667898566253487314798130941193256414992319865830855391063999931449340613450685238412694711093743011763843,-18515881726105072587209504953641885817452703159458077330794517567565047969918471717019953476208176154593461705346303,-389,19249664577968005336053607267931980926624956539067216678264600553425719572316521797034360981451870669279683662695429,-391,-0.2122108100131045611878906369430774608634214492819762726372512430272553466110516398741037606519336584942131920561715354641731199132,-0.08239525436981427989211426975557746086342144928197627263725124302725534661105163987410376065193365849421319205617153546417311991317,-33446126604312950057168778078600574378485293772704507857451821688470101737259823593107125367633701187610944152356885,-386,-12986153292931686186870800568792714841154802728520083623365743198198420083978050212686894616070325711663282312529941,-386
23,23/32,3/4,47/64,0,0/10,1/10,0.09324010443589792322334000045390831165660659032543799645704861389250484228814798298249572619731657088758645562675539549284083889924,0.09324010443589792322334000045390831165660659032543799645704861389250484228814798298249572619731657088758645562676159441577848237247,29390777381885746708962107480354493903734031862016728609844832507267098096284399607037422229406187247865004566202913,-387,29390777381885746708962107480354493903734031862016728609844832507267098096284399607037422229406187247865004566204867,-387,-0.0001641051052601653490848172783432356265781921589561857323790570707830865300470202959148620646058668416988483814193538020449203985531,-0.0001078683158979913268405277609405867007969421589561857323790570707830865300470202959148620646058668416988483814193538020449203985531,-26485024253218829636724622613342557134320761999720807297288369735459976963382573892561517383325445057962942819586561,-396,-17408934098564265461391532921472566404754012254943441029887530378316357612353918134178042953795580398181423089570305,-396,0.09307599933058091445539437516069538608862214816648181072466955682172175575810096268658086413271070404588760724533913798603359065650,0.09313223612005677531536028070783741489721589816648181072466955682172175575810096268658086413271070404588760724533913798603359065650,3667381102359157590548807158516043710448314258688881343014304870481040989496260335304258966025479089754999729572897,-384,3669596944686550791990031197037712791964911779507033170695151327597018609141310149456380878353137784355747416394785,-384,-0.02752107665167746195325360846953513785052827819315473403898314175329759436463522796598651349076236897810447288758074274342285979714,0.04314330612084272256365312981171486214947172180684526596101685824670240563536477203401348650923763102189552711241925884279078852514,-17350170124173484517028444014886483101127499826826561560563068010630716618144263371925367996744900122128262312657669,-388,6799731260425555266432932606677249432129591610427842524729013900529413153148795510319823117636624064696513217978175,-386,-7.530477737017372786782408714617857253627463446110754018551496905588578683820544385969793227256307821248696350459788371867769264043e-5,0.0002879873656224035548440394306150518962137253655388924598144850309441142131617945561403020677274369217875130364954021193793958392390,-24306969022936612702636090719132381827147334816067260800161984763184076827162066197037666634370552197257032395567833,-397,11619614683890961708558652544990037375525549934469881741357431189171428490360953212849497597300870881535166091078053,-394,-0.02759638150203458549839892364936320118868955282761584157916865672235348015147343340984621142303493205631695985108534074796640523308,0.04343129355945207593577466033501179881131044717238415842083134327764651984852656659015378857696506794368304014891466004514041892806,-34795289438119447144028179662528765492763532429740556049004048864213373216794908967983367302589804657320853081114813,-389,13690240783575666662864384537208280637254536204584273548156702754716916136478606068377646166204534794040968214293969,-387
23,23/32,3/4,47/64,1,1/10,2/10,0.08994585670817122972457731531312677425855274469454381158595062129090318399657779687275936201030966959664739456076773075036402731065,0.08994585670817122972457731531312677425855274469454381158595062129090318399657779687275936201030966959664739456077387891446492447090,28352377626842981825109900423800322506714182592184947322840189806075358470542562679528985551748886203663581760623767,-387,28352377626842981825109900423800322506714182592184947322840189806075358470542562679528985551748886203663581760625705,-387,-0.0002168400124935720038906580356032366634382038977336663698233177776424547960951851225646900585491908521460903746807123165774425337270,-8.569557494754511093058647188253353843820389773366636982331777764245479609518512256469005854919085214609037468071231657744253372697e-5,-34995943489118127656103467103507726856615112992770388958250788764540445318520622794986752053339869996234459202250175,-396,-13830461747555368791152978040991515254584487944237134897279583500178844941664198077471348172211245542354136667055551,-396,0.08972901669545028404524342521804477782948954079681014521612730351326072920048261175019467195176047874450130418609009211308747421272,0.08986016113345105828908996090072300048573954079681014521612730351326072920048261175019467195176047874450130418609009211308747421272,28284026174644126150281883604875945824719165982721050000994597449152815762048985748254761901392518690292494904790509,-387,28325365006313959577189369498301849106460762481068751824655449404668371315246716132536689475102224194498362765151725,-387,-0.02499637208981555987503033951742992505046703058078693343554512048711816864925593081741435437180896307711558670330208931172474593248,0.04568240369101869772766131087319507494953296941921306656445487951288183135074406918258564562819103692288441329669791068827525406752,-15758515327524715325839658380956280168981402063289220785525896300836206542153295070492008334690219022154469789807057,-388,28799653652795404096643332183563702213270076471246657127928692809389205959299276736928515708403218011216075184786991,-388,-0.0002319553245228862425482743553204563225400056502744034937714850520445568183230227192852379366858890469593684755975179717224850602634,0.0004246888170769407378339297004656764899599943497255965062285149479554431816769772807147620633141109530406315244024820406698090672545,-9358853257356754971025389829482824030297938831105691596808671916273044727962015376207849843577336750402643148183629,-394,34270395191306363844365391078308779511834238147376308675829922770562637384859207712139394647259501435442231587032935,-395,-0.02522832751756609476880596887610731496675703623106133692931660553916272546757895353669959230849485212407495517889960775435440783842,0.04610709261132328711672259557701768503324296376893866307068339446083727453242104646330040769150514787592504482110039303875241632272,-31809494949497875701960418477997984397303048605255557568752017371164112367263276339512024834965782706758654889969765,-389,14533695590152754146447857971660016228701499200937783053554295483544154940736212953095180579035854655340141987524071,-387
23,23/32,3/4,47/64,2,2/10,3/10,0.08298612916445017802160555286948522054890389337783775575751225453049233566741850153559938139386436809475371468564249537904364104117,0.08298612916445017802160555286948522054890389337783775575751225453049233566741850153559938139386436809475371468564844685265214623860,13079279902209834080813935993853055859069714505440222439052762084465188756439908569436039206322266233238231050170399,-386,13079279902209834080813935993853055859069714505440222439052762084465188756439908569436039206322266233238231050171337,-386,-0.0002903181422035291135884868678589976611782057774049509420713237198717497102169288478017345854499198130396620487947834547487144106606,-7.720773269930445091948385806285508305320577740495094207132371987174971021692884780173458544991981303966204879478345474871441066063e-5,-11713656051741888203496150910429475398955735672538388417178057437778256622661214659374609681494141583169223228621593,-394,-3115150911721024128611280055015102963586465738381167055070056811639698083054990742582655290397657281555905815479065,-394,0.08269581102201927523257383394214746312210068760043280481544093081062058595720157268779764680841444828171405263685068510828658896056,0.08290892143197824724612930107090112523147568760043280481544093081062058595720157268779764680841444828171405263685068510828658896056,26067046866443762828288368573980543288606897109038846062684811810080935231784435059467949124255671405573261116163297,-387,26134222687993519492372786097014144379214599964199234666399298135206242022836791363573416568440488848748998013863137,-387,-0.02014213401011232259998396420955122839458411897918732349776080974013890994600352065682044883241300395866807068573429754537311843236,0.05045971045152243253459855532169877160541588102081267650223919025986109005399647934317955116758699604133192931426570324773370572878,-25396495650401718876750302701676769312447507324187266815168606065537306912530056273868346371430135380652975610540547,-389,31811421182066530419071828435238495178075043335654499832065321932795118815465305787025840434640944385985678770890495,-388,-0.0004252869048959050885374176950402941962782571771122803494123237276712869145064251801750196048536775620306816877177834718315387350121,0.0005690233746700746380751502065710339287217428228877196505876762723287130854935748198249803951463224379693183122822165405607553925057,-34318658072481550083717505596831051924340238354513921733359806217248212091358640911318208106417425694988521714788441,-395,5739689608868756028883900952474527726059967749608045567667864363813500253224369830184188367792451300462497430137589,-392,-0.02056742101596213958531641631316085852836237615629960384717313346781019686050994583699546843726668152069875237345208150050412814056,0.05102873392714641906946873993683914147163762384370039615282686653218980313949005416300453156273331847930124762654791929260269602058,-25932724810073416284257357621027814188031148762685903741091955405117990812431754661018600220978937354749146866115749,-389,16085075923132707132300778345984216502793351963554840564732182319625776437139469356433902815785493720535286331082455,-387
23,23/32,3/4,47/64,3,3/10,4/10,0.07157119297216558594557899586233964717289290737588587674312222836449515764514517619458399005006391544894356763296233331528418750255,0.07157119297216558594557899586233964717289290737588587674312222836449515764514517619458399005006391544894356763296820865063757323050,22560388711780907366329641319256371294479593402617587116966263302371246871775222911066592457742969833322627005594355,-387,22560388711780907366329641319256371294479593402617587116966263302371246871775222911066592457742969833322627005596207,-387,-0.0003910246686900214786461425385542393712667486034197661140222471319998878621286032765154233427432221738336578382167578301044954549586,-8.460625938090435516153102732377062126674860341976611402224713199988786212860327651542334274322217383365783821675782390834839119966e-5,-7888464086357670199436749979383091572286625104703752463713186740581777158298147148037079106398895600970293846392273,-393,-13654656435733102332774340265653732662498891933569920443130787148237758009784308439868215249940699299088235517832839,-396,0.07118016830302081711604638920482788827037615877246611062909998123249526978301657291806856670732069327510990979474851082310508893822,0.07148658671323942894130392895397339608287615877246611062909998123249526978301657291806856670732069327510990979474851082310508893822,22437131460288225105964062631352834182706234451556805672897727189316057301215131682122982796201110929988083308835737,-387,22533719461073209814335320905400692653829530688109618677923791053955944303124045613400505150337305564573478151009177,-387,-0.01350365196491320570541401531035971511004889633179998947287580341392479490549753089835106917012955632597700563685769166375772519447,0.05679673059706847230361918781464028488995110366820001052712419658607520509450246910164893082987044367402299436314230833624227480553,-2128283913581858463187819421742767483603364206710837740709062901383361999667288674209240137400976572718872451089163,-386,8951620523682559418757656229419822270071363400254828750286533833383834400339691424597403110056156937158294889561333,-386,-0.0006747932375182144089985326810503604251040662730468407971721782161718794925312097600331455189928493628662446576740599021958135873835,0.0007188137451558860272717042879437801998959337269531592028278217838281205074687902399668544810071506371337553423259401225887746676522,-27226324301801242328068168992703381569690690822069935573221922223690512340315211894847116824289048014865466033694065,-394,1812653033003887571993213307243100958917807146496656116721180797439297701490971216930993978912911011974939815461289,-390,-0.01417844527064352274738216583503800522265296260484683027004798163009667439802874065838421468912240568884325029453175193772236260739,0.05751554441043646096386050994621199477734703739515316972995201836990332560197125934161578531087759431115674970546824806227763739261,-4469273507273088656970591835092476029177002005436893626536557605179201496245691904676518450648135268461309667016161,-387,18129822697992154308921384543596478053464517763789536288615850801487476382618156214640725543132851686220885567504927,-387
23,23/32,3/4,47/64,4,4/10,5/10,0.05438805235561066406812037103310999016609337485462356209478572221395870954562163815204177067566675466719787001441097908457796347423,0.05438805235561066406812037103310999016609337485462356209478572221395870954562163815204177067566675466719787001441656255662005790253,34287974014809579792422174586187732837959985908701840475016898627450018492619014220257751976494680749218643866146205,-388,34287974014809579792422174586187732837959985908701840475016898627450018492619014220257751976494680749218643866149725,-388,-0.0005323092918416914495543140722739422726691067187114270151244300221247877759636834879899603819901907555665021672360160370628507126486,-0.0001102971977644738241002458883750164914191067187114270151244300221247877759636834879899603819901907555665021672360160370628507126486,-21477431311917756105312080511117384225401925283601918398748898592422769839409644184942081837814935328331641429083527,-394,-4450233210635002795590059781848447514762387302377167930019343569473560597954960498009468252346708120941972328465799,-394,0.05385574306331422526767959284187852836217426813591213507966129219183392176965795466405181029367656391163136784717775337081462943870,0.05427775515830093759490658926369249320592426813591213507966129219183392176965795466405181029367656391163136784717775337081462943870,16976194575137088763138957194625085548762659979272994938195205973238107054477436585178485673385035032787348128999603,-387,17109219560590047600369919420523851728727292237350883924878190762322096356599666660993707318030257876983845629667507,-387,-0.006884320565863460769678735477921327024689984003303505360287118426283095182675536346285318235184778920071599015985756171782950000758,0.06400619990062811923978171374082867297531001599669649463971288157371690481732446365371468176481522107992840098401424620753752248266,-8680193331011776918105045690708358714983469756377802949537915958780405020909747681509045774836190354939075714770267,-389,10087890740368851415581921798865857098432075678499091941610415458109300182328622016692970199764844053078297128252245,-386,-0.001031741106760012260191660817480683427108092912426910847964990082645682823615887058882668981616896478725998616775827808019267329896,0.0008824282033518894626567545572751759478919070875730891520350099173543171763841129411173310183831035212740013832241722167653209251394,-5203541693649011325462832426133459916385630853133671494855035865591310915757601350665704797718446304221987234869449,-391,35603908133216661666262646430904852462489749827665308857540918127530410662236410641427692159203791549022665158457785,-394,-0.007916061779034353137303000131461580764298076915730416208252108508928778006291423405167987216801675398797597632761584574632335451509,0.06488862821039088880987107213416341923570192308426958379174789149107122199370857659483201278319832460120240236723841701158131287077,-4990539444296849392444968613237373034625981753130136344798060331913589926992068135175916623180943643968462593466567,-388,20453937046570875259286316380281413950520374036676582075256480773752168473989713054316184562547489066868921993916317,-387
23,23/32,3/4,47/64,5,5/10,6/10,0.02941429178923488209251782827496627567579600770590505880643833469013801435846114935872241820505880769948251508330061187711176607829,0.02941429178923488209251782827496627567579600770590505880643833469013801435846114935872241820505880769948251508330630797032289138851,9271856858735904615707841025823808869222244290347930250733254619975006988793576234399817574541441577700747821078027,-387,18543713717471809231415682051647617738444488580695860501466509239950013977587152468799635149082883155401495642159645,-388,-0.0007384334108444308826987013832966430341182654864279084757139990126519924569003754363588276357193730276537003017221160441476947348478,-0.0001563745250330102594856486336628539716182654864279084757139990126519924569003754363588276357193730276537003017221160317554006073300,-465532125275471613798694671806639491221040301228909044802344397357917085950258343199064597399710923866056992267837,-388,-12618690568824655561196802377600290385362397264316165833970528211768026754255661821916844033917046818832719968935551,-395,0.02867585837748095650804619865375459357917774221947715033072433567748602190156077392236359056933943467182881478158134387956963399855,0.02925791726511136653480510787921846076667774221947715033072433567748602190156077392236359056933943467182881478158134387956963399855,36156363183245925927238939003876546046795853088535620418744189123315399363580326813156898699331335186515814456502713,-389,36890260395952482527682699821950641387268733174535063406361369538459946956832521659676062014170821730813792878078393,-389,-0.002949378761413229073216761958220184756625654946074895132387840983904468543726150343878432281861904565160146294052426190595975662073,0.07001405178481088820583597241677981524337434505392510486761215901609553145627384965612156771813809543483985370594757539561767266021,-1859383043723493220316304222159568745020165096590236424820357780565006558570213531103108392853070537422070354585017,-388,5517388204519605127542296858591190871798616242912013737852036963361861702802443494361046542501788113805693429148489,-385,-0.001600065379571337553452362184031783674074173512882803596132393807677502282650853058220029442225307192557740282534111529899820510032,0.001083033437643730712343345518604935075925826487117196403867606192322497717349146941779970557774692807442259717465888519669356000040,-4034930304032392104682606112363535601042136698560878484576554232020669058539445759521525480263484922538921753825707,-390,21848929393121633968978715438328256351633467840472844420490321508463435608100815796711466572768377019505922562683561,-393,-0.004549444237391005014599517361246109055699828458957698728520234791581970826377003402098461724087211757717886576586538117049208252675,0.07109708531886105730610971115437889094430017154104230127147976520841802917362299659790153827591278824228211342341346188295079174733,-717028920127326142555962701984301592696500800584857064730986529404069516739632796832084294193608356368782871684745,-386,11205471185117401351401463695966009677720694936104964625979017008270120057231538666220113271067202087430859551742327,-386
23,23/32,3/4,47/64,6,6/10,7/10,-0.006395389398485802527168514049023373885274983196899819165507090065234604924348794834728794261608130896837010626281394148896876846851,-0.006395389398485802527168514049023373885274983196899819165507090065234604924348794834728794261608130896837010626275581865536011929559,-16127435053279561751402153751555069054844395320919110370567330977953960404791891342875043252160475193804135461706175,-390,-8063717526639780875701076875777534527422197660459555185283665488976980202395945671437521626080237596902067730845759,-389,-0.001046926032104757659924133282882672834101963998772054177262331243186274041761260550144389093511011418601942200971023463577116295295,-0.0002273323650302435726345615207977118966019639987720541772623312431862740417612605501443890935110114186019422009710234635771162952946,-21120504834129073558460552371226726219033389624975663539488660716328569644223031643905023691860063221139406622625183,-393,-4586163842848086460732841355683582638446271832301091033168680200153816577001141870866934500847853475887613708668319,-393,-0.007442315431500054888865575569821085781876947195671873342769421308420878966110055384873183355119142315438952827249511322086031153286,-0.006622721762606551398030147331906046719376947195671873342769421308420878966110055384873183355119142315438952827249511322086031153286,-9383749079919597281099897154784615363762827982418816651085847345616310224853346587225828010856500824778343488040809,-389,-8350352765671036971501843704702347994674046179580090880272567439617799318765055600322462628348219162589980744363881,-389,-0.007461733118744963026108412310314270309426636172831116382512539793112375166776792329087556124255298311774476063012886598827381124507,0.07150165824766976275437864823656072969057336382716888361748746020688762483322320767091244387574470168822552393698711340117261887549,-2352058036645047484011468078551467596775720772922549152901647779868811805302031805522180409896553676119833809358131,-387,22538470250617315299456507381380070434245228648554321697964616949136947756662030353513618727477464617468372246753997,-387,-0.002585144625235619582827795858582406239473081883436673675847992107796389755750260574480406948397629418691718474264956618805578359243,0.001378555419315313360993157510558218760526918116563326324152007892203610244249739425519593051602370581308281525735043430763598150829,-26076130442780100243934742825821250645648290184254254678991990080097962319450153926847537439639143790158619860565155,-392,27810738777054805290715383593500564425843706926808567181087672922830263241842099858441300809564814776188739793651387,-393,-0.01004687785311994682168759671870136404889971805626779005836053190090876492252705290356796307265292773046619453727784450643154874560,0.07288021377612444032812319429692363595110028194373220994163946809909123507747294709643203692734707226953380546272215707978209957668,-6333874294768809712971002932041390217967067906257938898288728651871411437177384514126876151871110432428351956640305,-388,2871626634801409483996875990523853772866292585154272549711666086827500401327457038141129521709649143124775825543645,-384
23,23/32,3/4,47/64,7,7/10,8/10,-0.05763570966078529907022241840935457657888383952383648602209254976371850713651330940507960214783647359299083694502467541521703859086,-0.05763570966078529907022241840935457657888383952383648602209254976371850713651330940507960214783647359299083694501885718355499246502,-36335401427005688024587949048599887080078964010619867629878293911373848928921441388608693545662189529106367312537345,-388,-36335401427005688024587949048599887080078964010619867629878293911373848928921441388608693545662189529106367312533677,-388,-0.001518563686922285992131228975837592749759322541551353806597428541692616326683979340098595969257155613107128812893378468592238242099,-0.0003380509781795323895668941064528271247593225415513538065974285416926163266839793400985959692571556131071288128933784685922382420987,-30635241370486558023399090994040514205454955344174166140248325044935390706488814733819504033921050676814601915527961,-393,-6819782009306700850012092543641531741752280471775647446782025790661058008242747770695161608288237804250316383777561,-393,-0.05915427334952657446589950386102224745364316206538783982868997830541112346319728874517819811709362920609796575791514352874884101826,-0.05797376063714584205624345603997732557864316206538783982868997830541112346319728874517819811709362920609796575791514352874884101826,-37292752720980142270814206397969063596650474835523592816345194630896874308192678287084795450757231639311886465673071,-388,-36548519613649773118155791184783274499357679304964574118006091655463212571985565818398674941886187683934126856251247,-388,-0.02792669364934590914832020906822360207492873366466409879208366719931710692493772125745787546820332376926825797675618519143129393791,0.05921483880156847378625010343177639792507126633533590120791633280068289307506227874254212453179667623073174202324381480856870606209,-4401471024865351454886872026588032836113221851289406077134147795296468677679600056113556245239684122182651121858859,-386,9332733781511604966439052901907658827866177892488069595926065557026515085763107847052518988570242921510486385788629,-386,-0.004327094702589632674496250180058203348624720594042012736384644529272872172824733479368912123264429630775404132564576667311635485762,0.001810207100802259788472576113887109151375279405957987263615355470727127827175266520631087876735570369224595867435423382257541024309,-21823515172329271397836757295278808210784945673336066026503263850548429864127924248021601982689692789408565518526269,-391,36518805198114778023620860823206895778489964702867137539291894098328896035657937015316680019248003576697125535769357,-393,-0.03225378846471288484265956074974664917355345425870611152846831172858997909776245473682678759146775340004366210932076245357304754452,0.06102504601514807659456578104712835082644654574129388847153168827141002090223754526317321240853224659995633789067923913264060077776,-5083455891775255459992324907049357531291425194754536806516553499592420616182249978549988569741380808455142865111141,-386,38472147859585963774686580368291298558907218131610391096023848754544092365161351078681751255053046944227626999340653,-388
23,23/32,3/4,47/64,8,8/10,9/10,-0.1313532858670096345195505185320943932797155855116331535225142268419804252734961832790622278163115162782008312818827714784370387178,-0.1313532858670096345195505185320943932797155855116331535225142268419804252734961832790622278163115162782008312818764266238437495947,-2587791491824344496035053272900399748159666537918635864533307881742430675135227805784066411886057066871001512886951,-383,-1293895745912172248017526636450199874079833268959317932266653940871215337567613902892033205943028533435500756443413,-382,-0.002260929616112471143172062896485458404677731274503624190992525271755297502144542867414196691327457870255660631735331108363919556747,-0.0005140449288763101719477548825694427796777312745036241909925252717552975021445428674141966913274578702556606317353311083639195567468,-22805801662380897062430521724889773952270719277306518597694821256595845891412637798644031878193620904606872745451719,-392,-5185126777039240384338540877265903125146564210482556044252537845537604568929960523216627697592968946437011706650823,-392,-0.1336142154849410950662684379044099298093933167861367777135067521137357227756407261464764245076389741484564919136149294655358425720,-0.1318673307940669552879524169388337579343933167861367777135067521137357227756407261464764245076389741484564919136149294655358425720,-21058672585856144811879662024105953315194323159656571893001479776540954098058510271387404894193984180741260200562119,-386,-20783349540199306772286956945459125109694986501538306230811873817308771867547987719936730501854594355617324700192199,-386,-0.07989904829853048583992068755685848026448555472804262408678384200004328477161338999940664180247454273097655698225356161192418232403,0.01680188336788842418662960541189151973551444527195737591321615799995671522838661000059335819752545726902344301774643997428946599825,-1574091398072359987197047240257314197808276584043598434053787488655248244269168628964907814168585766492353198636855,-383,10592446601162192495264398459056401367267173457281715539134000807106876632926259801292327952612210694790621743814945,-388,-0.007501857357693454004699315874927562391237535032456575508289207215939042343231123083633448158579636388409744757498704965939815634570,0.002441584552160846315449152142650562608762464967543424491710792784060957656768876916366551841420363611590255242501295034060184365430,-37835293451815038687090699791685490210447224317889832749536841662738094623037107165076579157552367719600673796284945,-391,12314026195617626375779884390064600544838754216165318742751952636858846816311049260309316722156205125006616940355055,-391,-0.08740090573625947360063768836830948015572308976049919959507304921598232711484451308304008996105417911938630173975226637958729191832,0.01924346800008480425809644249106551984427691023950080040492695078401767288515548691695991003894582088061369826024773520662635640396,-27550168235124684488986711208816400151408333213327904372557744783518580055502668898229144112814599330564075842558353,-387,12131699926071365344018457263252536132017930431826810143680179608941186951477444232777658320422144503839213965561055,-388
23,23/32,3/4,47/64,9,9/10,10/10,-0.2386462010761675111769296448928023956491407209353975261951810327047544713469616717310865386892032287984468188275036758257384753481,-0.2386462010761675111769296448928023956491407209353975261951810327047544713469616717310865386892032287984468188274969375901604022995,-2350784773387288777185298272989635731751943298188585089517054661553934753835873433678159631548349252230716558317449,-382,-18806278187098310217482386183917085854015546385508680716136437292431478030686987469425277052386794017845732466539061,-385,-0.003482171212511881392351266585199135590681029353248137224897340015748405456839947976993367793297383925533159228671127828709505484301,-0.0007951576972697387895499436481874168406810293532481372248973400157484054568399479769933677932973839255331592286711278287095054843009,-35124360113228704640505382378140881254468383144161369227809338134382702704014196339087852305229694809751381251925653,-392,-8020686979822851392308480427508493156373321391145363043111823415318451869362240933581840194682224301254305516562069,-392,-0.2421283722923173713763726244296616874898217502886456634200783727205028768038016197080799064825006127239799780561714324547535308851,-0.2394413587697992711593878755893296562398217502886456634200783727205028768038016197080799064825006127239799780561714324547535308851,-38161374501539193598970186845395328201457682992844024073749465774147083000970927475670922999060306655371361686778647,-386,-37737879607682977833972074496611286689773904182554866482529426544792909661986029234415649155797993152121032035136279,-386,-0.1946632053490045235261095961778772651666512810291085328286444136125970217498561752727992233162456754477747776234436304121394070935,-0.08580592815030987716761960594350226516665128102910853282864441361259702174985617527279922331624567544777477762344363041213940709353,-30680483293485948665254345624462624703696732607884613899753262166393130756074005121256425703320631357291373057365049,-386,-13523702850663557017696611186567329004402708179477213987765015192231353243837216199409668431684353696469466564613177,-386,-0.01368617017460087965316100114249572055038822781718736901939813179282684542356563454078585823205127267811708840657731322984664579032,0.003514832105161299006278085771566779449611772182812630980601868207173154576434365459214141767948727321882911593422686770153354209679,-34512803969570122979231586925975578557693028940658809891324283779306511583442695626051648452580051578808153588453463,-390,8863451928758512334394552828019126056517438375859158680842358118345644899192509197919564505983225563306867830468521,-390,-0.2083493756691245554629391153867792357170395088462959018480425454054238671734218098135850815482969481258918660300209408661121683199,-0.08229109589962942587767300210552923571703950884629590184804254540542386717342180981358508154829694812589186603002094086611216831986,-16418766782259533755678517461722153658286708162320719704821920569987838061954201179384750906153535056034069761094815,-385,-6484868541090581918448118259353962336424749436510183339264778286229431021884227806827423784680108283830765229831327,-385
22,11/16,23/32,45/64,0,0/10,1/10,0.09298638757844009487193740427307863941461245890018841195546503998065104112997416943550059788777066294079650503548610430923276285329,0.09298638757844009487193740427307863941461245890018841195546503998065104112997416943550059788777066294079650503549207481740504791809,29310801756368282008668175979265354761748907985554159295002501844696331884514468299228092759691580379084699224938337,-387,29310801756368282008668175979265354761748907985554159295002501844696331884514468299228092759691580379084699224940219,-387,-0.0001666512384977331623069993058767676381344381358009027911121110299759535828588046806493069841967706687887779330691481673826425647926,-0.0001119235440219463145460984508123755482906881358009027911121110299759535828588046806493069841967706687887779330691481673826425647926,-13447973134181368304564167729677712605916371933818024927688864658266280562982699383841431350487272710166340307932617,-395,-9031704934553925544357871485616094637301870558984354826098720794809953643626284799216533127748591142958766483199433,-395,0.09281973633988551829076959695233218183507177076438750916435292895067508754711536475485129090357389227200772710241994071436008580742,0.09287446403447499197625211383713595380772802076438750916435292895067508754711536475485129090357389227200772710241994071436008580742,3657283826411871010098881220673355207329687450432838683893855002605722414157200849348815110114461556264304887648151,-384,3659440207373199836868493809682390803789561888488512477867616364108850676987720432400074308090544933109836175036311,-384,-0.02575172638126112471946986403837582799375350339947191998094151766530474070103058327551252495922136978818305513117845513385395098908,0.04260814629423968542686192307099917200624649660052808001905848233469525929896941672448747504077863021181694486882154565925287317206,-32469429838153792487301939488935366246109759428230017785640451730956656829533076904268957370183658305580843188022643,-389,26861543108840232836562018725362871801744586083047091621105947347568657903857984558821619009726612794535748442949959,-388,-7.220982590105336698747360345296582849712021002768527461890895635813051609086979916665917709269678836532996113254710575421401406227e-5,0.0002819643562198609711691073215348271402528797899723147253810910436418694839091302008333408229073032116346700388674528973438595178172,-23307976766208993887906618874840308281115012646420012719931095155859254042450189186118181217707347438091658390819365,-397,22753200764799676828459256757774514148249882293842176289238794561234508262264951163219791691789329977312273500760951,-395,-0.02582393632016689478174367120277239733787562360949960525556042662166287121712145307467918413631406657654838509231100212497944432361,0.04289011076346426309331736395347760266212437639050039474443957337833712878287854692532081586368593342345161490768899866812737983753,-32560476764880397888059767377737459320975016143366695912407147383606938687548981632774350216915230243477447005817797,-389,13519651280528515535487976499097054626924431943480516799702678918088577911556610664141416491496834120483389859138831,-387
22,11/16,23/32,45/64,1,1/10,2/10,0.08961356607062162214687657870140837609221776335522857367854431803625728268556461697568960931695282959542792776807545495832334163888,0.08961356607062162214687657870140837609221776335522857367854431803625728268556461697568960931695282959542792776808140008707725354719,28247634284765113746846850466763269595643547072460786094112503123644379808672355995383563194846211186043879119483503,-387,28247634284765113746846850466763269595643547072460786094112503123644379808672355995383563194846211186043879119485377,-387,-0.0002179461543631675493603767127975951377062261812866455341375247271949961206266662716403570437381650481407472396262659455341282659189,-9.054574247908541734127413940281974708122618128664553413752472719499612062666627164035704373816504814074723962626594553412826591895e-5,-35174464408362497807876618190766171772144058503961641079552753665531115320756063063472616410160467841776924088563815,-396,-14613233279869183703705599681523262395710963326485596540623652547206186743258047148439122055958467715815919538632807,-396,0.08939561991603108092207296992913202118888653717394192814440679330906228656493795070404925227321466454728718052845215904294202024972,0.08952302032836991040497853662148431611076153717394192814440679330906228656493795070404925227321466454728718052845215904294202024972,28178934158895858911566151712121591263422887991295343357967492866524589697830662969834953090667928442505717136919131,-387,28219092813587041079175240202123132626755114314113636569280606337379917376420271461924533184832855383571117579340379,-387,-0.02325666403938738040017686883513782894325092337311963306006132513479584576494493160767730640754002740075109774545802863110775246624,0.04510388675536307164144910772736217105674907662688036693993867486520415423505506839232269359245997259924890225454197295510589585604,-14661747529398499537319580127736689455942951972687387560093427946620774919888347174487662312322738386394048637430953,-388,3554367250832581261527896574888593722232784788023586740179276244123234140145034841254582454244250411045011897680491,-385,-0.0002255836399598228651381218457252773032765774260245797097751993847139568059757981651040203396021975186789460796657515226497942943513,0.0004140322960921730939947879290549961342234225739754202902248006152860431940242018348959796603978024813210539203342484897424998331666,-9101770731010213662545038211128064908853620652322242961555536179727472520658836184834203748372073625188775454311357,-394,33410463940876775364009261275508494996728594335715978148633378501603287885821705762057867091606012284496746996824199,-395,-0.02348224779257929363604455630128546952777750079914421276983652451950980257092072977278132674714222491943004382512378022811131152570,0.04551791916468733510617346127683953047222249920085578723016347548049019742907927022721867325285777508056995617487622135810233679658,-1850495346056959818560977768584045729552655728459125986778810396970183662992702001016223299633797437792535655989655,-385,28695957327583894322445470751710460261301676479729560288583158198862101433686235324556826371786502724885388011369289,-388
22,11/16,23/32,45/64,2,2/10,3/10,0.08250475161228256474373313846974884007903753206683874460735636876659059359245425326090966973163528476929071021714632109913071487128,0.08250475161228256474373313846974884007903753206683874460735636876659059359245425326090966973163528476929071021715208857195601468414,26006821874073160121285082911753855161363438387038694961800569465009933842077613097473647104093433281225309772403343,-387,26006821874073160121285082911753855161363438387038694961800569465009933842077613097473647104093433281225309772405161,-387,-0.0002892399203240778067142934482993699794248774582878333562974744824924347206912323596095753681889448905610860026734151247002548890357,-8.266828932694564601343580898662583879987745828783335629747448249243472069123235960957536818894489056108600267341511850410782527682e-5,-23340304656084908449938995990130863984536270602230055880839459516415189511583840024380267297255325388048488961027399,-395,-13341886252259917560343632861093916812148427516901354819660344795155199245638256141828333017126235716769088540007053,-396,0.08221551169173111326157561296197071033398765460855091125105889428409815887176302090130009436344633987872962421447578741826869629787,0.08242208332318299277316293472024097400586265460855091125105889428409815887176302090130009436344633987872962421447578741826869629787,12957824404469328307951409486964784160472826681549420575052265770578568678408573691250323267355670793321776967347703,-386,12990381751279193400774863244279934629033950603222319829539964569599347997390908609162201895710773340937843287027191,-386,-0.01847915518802588074332177666237038022930427781959169552200853286669486235365744547219520307595115384024584757204490867709149654445,0.04977931881084109456414282294700461977069572218040830447799146713330513764634255452780479692404884615975415242795509132290850345555,-5824926297781847525111010530063308743348407179835478491785913417244779032037354088731774185576951596654230959197871,-387,15691240225896456531680521818669964236777256367096203985896782312801646528547610153134955450313751867344940940226897,-387,-0.0004149254078148335632780506662253007554812183086891760241750535387642400850286775558698939149288427965002182530765011808749894421000,0.0005517700505587451676925704427834883070187816913108239758249464612357599149713224441301060850711572034997817469234988315173046854178,-33482533867031712417832684410292401804828858031255892927308863482938915512109152957987295234240792651072368339434069,-395,11131313638963492953247385361073050577985813084072810321131674283591944399422804928423424181511560645361173931987307,-393,-0.01889408066814554309754762224284128645353549612828087154618358640545910243868612302806509699087999663674606582512141039083513346981,0.05033108893370466852278318830403371354646450387171912845381641359454089756131387697193490300912000336325393417487858960916486653019,-11911434936983165296289010200347092169926017761371872806786014664734596524328153097206459675563028128958712816320723,-388,31730334048593807210952695723138526598245547341401412454048516781250119502392275122541778466691358747921166586101549,-388
22,11/16,23/32,45/64,3,3/10,4/10,0.07088984955174353853655040272349176194421944760766796054775334381143182740282816259610223945539167311145656566446563231162149660066,0.07088984955174353853655040272349176194421944760766796054775334381143182740282816259610223945539167311145656566447128557706411720930,1396601145649635650014937597801695974074493191016170242013719700556761274389685785788346108227655820565832410128275,-383,11172809165197085200119500782413567792595945528129361936109757604454090195117486286306768865821246564526659281027091,-386,-0.0003865416032054048424864565023663711650766910648362288939169057123753406766488392568838461486607840711891827937506840930515700343536,-9.031366138835380992837296812564850882669106483622889391690571237534067664883925688384614866078407118918279375068409305157003435358e-5,-15596046996135544516080955941270933492079757708143528840656697958643277343060331276837244475285949566356344825273713,-394,-3643944392338421394473443098953316424433876758805673618596380533507038598905974592333353283037623507343248498449777,-394,0.07050330794808338634317748210216787124789275654283173165383643809905648672617932333921839330673088904026738287071777447952241304509,0.07079953589080993207750849387432363296664275654283173165383643809905648672617932333921839330673088904026738287071777447952241304509,1388985888318344862200483726691267506958039844710254202583054199117042530220664440922357278667184093031048547668511,-383,1394821875935773134162128578755764944161398864242521241181078034763984747102668895366653981851446115935723893035551,-383,-0.01201497425946615983458980227479461228229466113937728895321055106014944717484326841406060979006386377949731524667144815021163830058,0.05594487092301971863297001217833038771770533886062271104678944893985055282515673158593939020993613622050268475332855184978836169942,-3787312721768046392290087025941372981417485640614903668105706017106153229138264666717313179186230082403140622970977,-387,17634721206122498249753811707075568734312894224663267560374207147084704118077292640643323212984870171493610562949023,-387,-0.0006590139657423494689302362600301379380560226612733326630541935043840131966266574825677864945938820845942523108357065286089107519724,0.0006926774183734889767928205331827526869439773387266673369458064956159868033733425174322135054061179154057476891642934961756775030633,-13294833849185563046130384356341947155514763659987957494696015810767255264667837468818945116013372128057104952084903,-393,27947909049195257598046072715498415455916225652000167225033044949775049420909433872228925019486515275837833156979891,-394,-0.01267398830797252716485650818509330490785068380065062161626474456453346037146992589662839628465774586409156755750715512494313764319,0.05663754842415722547109930236178169509214931619934937838373525543546653962853007410337160371534225413590843244249284566816368651795,-15980178107000470287091750904329214359134571097452569022998116186657858562699789370696495553681600254126850289624607,-389,35706128543315765913251220189476975578246957378260891237217951186539789479408790616553252762992139227427546638093553,-388
22,11/16,23/32,45/64,4,4/10,5/10,0.05349528377680919594775913428311029147015783301099502360261698695714939944474959000724444965704673099894067826793169079686334172055,0.05349528377680919594775913428311029147015783301099502360261698695714939944474959000724444965704673099894067826793716957880464687831,33725144045627471955972846498765203457464299775718768702993225271923139906073550066424065870993371920033146217062601,-388,33725144045627471955972846498765203457464299775718768702993225271923139906073550066424065870993371920033146217066055,-388,-0.0005222389033710264757005682878058811011453766224950682644695562337177939430119577662528844412847635324428673963443538649858768761133,-0.0001155924976350711349127999238532443823953766224950682644695562337177939430119577662528844412847635324428673963443538649858768761133,-21071114758782405502624877957641705471642831969516046588777883821681154859405995788713198452081265390080049105751501,-394,-4663886139467557931158880446826650668991831408138428680370072802843925352696345013406110789176445467063112700939725,-394,0.05297304487298342212117210187634689083776245638849995533814743072343160550173763224099156521576196746649781087159007505883411641650,0.05337969127962887216373279847821456661901245638849995533814743072343160550173763224099156521576196746649781087159007505883411641650,2087244242327175596437223365107856199847319978662219365712345981046385828529497876419647596510678114323398733685477,-384,2103266926561561168143577995670930603292128954847886023656779876552868886085064689693790999432577642421815674495717,-384,-0.005687200721763507169609731378018063381939695789607010664218847269785467930317659942151161370643476907899094439732814161565389879037,0.06285656043194191094028406745010693661806030421039298933578115273021453206968234005784883862935652309210090556026718583843461012096,-896348472316259456017788461104500282038016643924543554878252980804195741486458721573821678747577283328172457017641,-386,9906698334493676870507661348977220237248352574095904175045247586096008354216396908909037309807490990969168600415959,-386,-0.001006916634348299340375045980888357315176584175136022248771897194637329266383793489096222664992822809273465776293872076470164398377,0.0008441743396660694991868932586135958098234158248639777512281028053626707336162065109037773350071771907265342237061279483144238566591,-20313362158512314732681550888224788711362217669578129642031886481516373529625788410338405407912665091394642327643395,-393,34060454463856320723421424711003240295032885877203666418859039858219869762468944464921859337322734214781344727676411,-394,-0.006694117449789760792596385864155444134616279964743032912990744464422797196701453431247384035636299717172560216026686882434848908340,0.06370073486528593472208256921396955586538372003525696708700925553557720280329854656875261596436370028282743978397331391067197525280,-8440373031552274042423587467307327658821749206768078483819494624014164505919809666793691383581115320009017659181977,-389,10039746999507512963769611645249236158158009465931618114764725444602907874029357238044759274794652357142092335453837,-386
22,11/16,23/32,45/64,5,5/10,6/10,0.02837365810069083897834299653866175426562912365159693149742084345367144872714295255839376043207983886319445591515146242184702393754,0.02837365810069083897834299653866175426562912365159693149742084345367144872714295255839376043207983886319445591515699672126602037513,17887664836764781561634310186291360899908970931450728548145008700948194113709398263250985657580504423125346058198001,-388,8943832418382390780817155093145680449954485465725364274072504350474097056854699131625492828790252211562673029100745,-387,-0.0007192141544650204294442207945116422704189792493408217301536310851800456919441081025010543066134286931803758744634272381048166565339,-0.0001592219939042243921278984678514860204189792493408217301536310851800456919441081025010543066134286931803758744634272257125225290161,-29018604104463719484765251289085392054969530077559344196144098957678370542892655069437183321504281222584719065290435,-394,-12848467948373060599665921264732266529523386684024388015613018352155373865568379850909681461509150234594531502337413,-395,0.02765444394531632384712584750623507293271014440225610976726721236849140303519884445589270612546641017001408004069080161469864610377,0.02821443610769610928798802630872530730771014440225610976726721236849140303519884445589270612546641017001408004069080161469864610377,8717124573529580645343667628498348212612275144394861273894093436900036182064984904384454233082247695372464200582963,-387,8893643090745745839848469027156672645736295604090464632032551138003188732615688007343937486589984412597553851238195,-387,-0.002379445589224844658530381515502143894199519602671049976546160123461508007335921731285183730066127542699696334273134537966525266840,0.06859006861030772379621205012512285610580048039732895002345383987653849199266407826871481626993387245730030366572686546203347473316,-750039438804966735153998799002259188479018056486631718154688136060645286173731923428399843266014590764771686430785,-387,21620690467155739189764506767475794709463231939125444923647314004165933708182832509614813506520423966442388725483455,-387,-0.001564453093510173164476204354431453593380074584974987092599046778946432806757301384407758940674994082640733600323698801212555573204,0.001035735364508064560424041312072452656619925415025012907400953221053567193242698615592241059325005917359266399676301198787444426796,-7890251582010413393881565649876415892812259012486646961251080234954743695858764965715725409196497813079848480052049,-391,5223686560021971759682147576437064199961162655738659682292499691444807932920317984317333421325984148594595329830063,-391,-0.003943898753675604561294988427306644362579594187646037069145206902407940814093223115692942670741121625340429934596834727116023122039,0.06962580404575637509492449399456835563742040581235396293085479309759205918590677688430705732925887837465957006540316685909762520024,-2486360370084458156349587780650077821950263835067111595247243214373615902374805551296719120046953193811975320683245,-388,10973585449759361965323919114604307475578076138937809899090668095661362694006425212748686862017989434276638188752709,-386
22,11/16,23/32,45/64,6,6/10,7/10,-0.007380291939410071375348016682961778703558900203056787238763069719600978442584700436182207560240905451881556485802027519828870858256,-0.007380291939410071375348016682961778703558900203056787238763069719600978442584700436182207560240905451881556485796347685307640851409,-37222183517162990165364816524959296770722368812993113085919931410984853056567286846118751946923211349931934392621707,-391,-37222183517162990165364816524959296770722368812993113085919931410984853056567286846118751946923211349931934392593061,-391,-0.001010573219334371633017882867397183008151119070158196124022215339389345477776120510852537157266158772348811403652058722378097791890,-0.0002260251025083267717906089263571439456511190701581961240222153393893454777761205108525371572661587723488114036520586975935095368539,-10193564736031546421107347317406621735631415740583025792549687596918573586725631510406227047776248359722564296610621,-392,-9119582709323559739472921565747661590452941469174501915289497729280114697500167683140952916389485020046710735260915,-394,-0.008390865159653937710138827788274000774210019273214983362785285058990323920360820947034744717507064224230367889451246225808000626580,-0.007606317041008903445365697371403883586710019273214983362785285058990323920360820947034744717507064224230367889451246225808000626580,-21159482944882880303949316603442124714571125282438877980265668728459658764351974176749417543475686318006733957010971,-390,-19181065675620718950409394348728056339462406307523397923497278189834844857490481027167200722665929935608760930702875,-390,-0.007657366463887654406867401887854472689604661781009451191528391400880731263729673652040137654969542795770110293786915555898470481556,0.06968632653917077912584744186214552731039533821899054880847160859911926873627032634795986234503045720422988970621308603031517784073,-4827449613730634257249638636920527538504806840160462139914964924513912303571226297137417877793777618091973724052163,-388,21966248560803008664148643388977031834212425829548764907188513170844151972929243790489275809015815100222536012673695,-387,-0.002519679887336593803652434370474957412106705513623287260473976890748952671972077447755416088315980665804182124785719508410556039122,0.001317098385334332722536416032357073837893294486376712739526023109251047328027922552244583911684019334195817875214280541158620470950,-25415793288644355155507278470773447457752336887418607744329542384437608395543069888138788630349934888191496447514265,-392,26570915194984725196004401426863013954540314570943282191838907968863565943458854393856125319319581797358617239900879,-393,-0.01017704644399270779135851652566341447671136729463273845200236829162968393570175109979555374328552346157429241857263575827749766168,0.07100342501727357142922253816183658552328863270536726154799763170837031606429824890020444625671447653842570758142736582793615066061,-6415936752755121162215667087419800834817544885936532347726729978849778232659201505402454772976121652912147259164717,-388,11190709569983376174604811967154866421176863369937978651665790217755951446489527530260729535011460058980183455309301,-386
22,11/16,23/32,45/64,7,7/10,8/10,-0.05810099075258595580227874478331206515790213296397488218496935500371042988825930067559406495332720355573998137537560665676775534773,-0.05810099075258595580227874478331206515790213296397488218496935500371042988825930067559406495332720355573998137536992166705216829347,-4578591195300100333217362307912718361052461340224407728210630331012386221468015304080871188381800844390706857657855,-385,-4578591195300100333217362307912718361052461340224407728210630331012386221468015304080871188381800844390706857657407,-385,-0.001449422859999775814362098402009638676081023333666794451362159970748557871964952441480976951615948199822167145449594861908166382804,-0.0003295528969229952641802327098709668010810233336667944513621599707485578719649524414809769516159481998221671454495948371235781277684,-29240406277584370884699285507571958477961342603320946404105804197417097888316193089434297219967107394511432198474719,-393,-13296686373478001153321620444069135276431201791365321092847413102760617882952953713348662986320097954185173853706173,-394,-0.05955041361440472102018669966115178195898315629764167663633151497445898776022425311707504190494315175556214852082235748717365639119,-0.05843054364768996166291312101735295383398315629764167663633151497445898776022425311707504190494315175556214852082235748717365639119,-18771246129861031781940393445609390519253513074273661947698744795568584250223732452368016849606694068879599980370347,-387,-18418245142919823562882256513467458339731442389693531236588321457980465003235900448186899981090324504552367679723947,-387,-0.02853797316194939390949370472648212961230730297631041961442761964878957453558203741615930942494792881223282393328685949138624868042,0.05679905521108341439433930308601787038769269702368958038557238035121042546441796258384069057505207118776717606671314209482739964186,-17991254325754709878932508816610306467413861134459325581872601692251851348215741277822567520264090210285782893540215,-388,17903973803011686627171637604418478728234638632848773968388359379939026910389438973206538649506699748107553468606021,-387,-0.004172795769179860137777389336169659912230374286311175098830430048888790394803727462559183860192316145657413530294458298054925926344,0.001714394307284461326522766303478777587769625713688824901169569951111209605196272537440816139807683854342586469705541850652603603870,-21045315168449730070418622816664665461085108221620490434096267021681502181844708189732175760335774174645475153788489,-391,34585894460767112211479378917300369370181835701424246600317945561810918685668112122395738742589786014813183882102495,-393,-0.03271076900752680899619706604751507077453767726262159471325804969767836493038576487871849328514024495789023746358131759116446856648,0.05851344959476543066978804137435992922546232273737840528674195030232163506961423512128150671485975504210976253641868240883553143352,-322217480780849954273849037695634819553020709670152369666695916694553199188620471865582350934007056209829792272045,-382,576386825876340881980367305372341137509863834188983131493289971205843916512990419501501954752964373820166536737107,-382
22,11/16,23/32,45/64,8,8/10,9/10,-0.1303478922661003508517337601535875937618131121925997215877844516154988317840317489679659288483222899775682863968974942608274015934,-0.1303478922661003508517337601535875937618131121925997215877844516154988317840317489679659288483222899775682863968912255444892319398,-20543873835023384155524607778169573475500147564429146324225730867087701648611361649266427776446651386091952367002671,-386,-20543873835023384155524607778169573475500147564429146324225730867087701648611361649266427776446651386091952367001683,-386,-0.002129269268436925019894621549434193997065818319069042929094240613008518325720873852746199917579241748740908797123897387336625489203,-0.0004916256778528769498810984476275533720658183190690429290942406130085183257208738527461999175792417487409087971238973377674489791313,-21477755112638479189201476536660404649327584228070165563136630638064702686333141811989774565973447637440221912473545,-392,-9917971458593635156877401357419590389466358636681383156203794073722116397907696517325490421693525507383522819522449,-393,-0.1324771615363562652751742381788518658838789305116687645168786922285073501097526228207121287659015317263091951940182563977497650745,-0.1308395179421342383980690021253850690088789305116687645168786922285073501097526228207121287659015317263091951940182563977497650745,-326241621233516370622728746687597576719666436493629895074933997832416581765760661712341071953886544133839399143811,-380,-322208718543077493799827399020672834586017072244978890726367779184710266844478908887452696396209058359056569190787,-380,-0.08014239635111873727724766707114535868631877118921638235800319342523211796926833565839519778144612376230614083894814952814261813171,0.01450034292621428388669276261635464131368122881078361764199680657476788203073166434160480221855387623769385916105185205807103019057,-12631084790482731148450210739467774572239792410762069754515732594324073294995932300890828965460919999920151977220075,-386,9141481629256641094119682504815634913244701533757608869095433220951811203141498685448999306591239789733928191041621,-388,-0.007129923780027881643460369388440070388086429487923204461314985807153585941878182944691422201997576648346067741934016247825416669155,0.002286436351553432264639758785388054611913570512076795538685014192846414058121817055308577798002423351653932258065983851312936350987,-35959462522941304356446096929036954784793094140463615293044570676447342923995903806952658420177740331465904007462063,-391,23063085898641900525385996219895167567749726008646966783501152652235553771859079757161796590217224021127782091622051,-392,-0.08727232021118215267672572139610886657440520067713958681931817923238570391114651860308661998344370041065220858088216280181744419659,0.01678677935780324990735020633826613342559479932286041318068182076761429608885348139691338001655629958934779141911783719818255580341,-859676125433680581095909036397480895839128423564541573303057600532486961124930007084047874092286026711509547093981,-382,165358196068417647324029383187455352857421439169101157105725624749116996568671788190910583922191007179330932437027,-382
22,11/16,23/32,45/64,9,9/10,10/10,-0.2342913226033179683916619518398895275281646776348474684342506093274987711175072238002226261716643622828710006010829447486259965458,-0.2342913226033179683916619518398895275281646776348474684342506093274987711175072238002226261716643622828710006010763334101397892796,-36926192579909569988443070864045496209281888688307730949364391665084075890752612581715533965134992505685711371945657,-386,-36926192579909569988443070864045496209281888688307730949364391665084075890752612581715533965134992505685711371944615,-386,-0.003228302520941035825782341879351768100233662880014972115120990462604447004021534143013252435564846005530931166010266506795545296725,-0.0007443726206049565263324212250548931002336628800149721151209904626044470040215341430132524355648460055309311660102665067955452967252,-32563608559092380567959826034525262386420214394061842761679316440482870887771384332693996570520804999332695761046499,-392,-7508422300032740824033030730161779318907358495554217403515354450399023792472066191977895685956672332684426424437731,-392,-0.2375196251278969830245360066709014518783983405148624405493715997901032181215287579432358786072292082884019317670899021163360825044,-0.2350356952202849461109026601132842643783983405148624405493715997901032181215287579432358786072292082884019317670899021163360825044,-37434998964218763088814961023737658657895226273414088489807701265401017958220771180935998863566884722077816164850143,-386,-37043511677774206909821069091301568787314294429601624349002248797437163427663257896943067383210560872606374113188319,-386,-0.1920393730955632468886246883264638621992791103691970673518587658769189793055369783375119383413746725841271735071964360357665591516,-0.08515837474022675959538128012333886219927911036919706735185876587691897930553697833751193834137467258412717350719643603576655915157,-15133473137326188589281532335173573742048725649031031914198767348593714543336134883310284816051666016854069444065927,-385,-6710821618378595761217407221288578412114426281595370326982117558800223298250952356311651341751783679756212484946567,-385,-0.01278120197591567756450768756391228201571113537532681734214297917790812375847083314906280659120320537058746044689902398754725583750,0.003262240092705838663214480404837717984288864624673182657857020822091876241529166850937193408796794629412539553100976012452744162504,-8057679991238382218523337958820995504802012098808440093645957468311358430621705716731822711172109684724777384752487,-388,2056620869550751285046224258786583731400075206213252068968352745098998787183274981218665260136751374804722011523737,-388,-0.2048205751878942462800671903435011442149902457445238846940017450548271030640078114865747449325778779547146339540954552646728700222,-0.08189613453110559910523198526537614421499024574452388469400174505482710306400781148657474493257787795471463395409545526467287002222,-32281366290809961661114471252938963522714649849136693765155273054165979409423079204511403774456507879770338726756967,-386,-12907488001021514773252686284993943728962138235264907723375897941424986184610702958610757903909231090930238974575207,-386
21,21/32,11/16,43/64,0,0/10,1/10,0.09271338414348434155287885855116234251495259952162772958882282937647065281622803745387258436509048151594525871965175405298697471961,0.09271338414348434155287885855116234251495259952162772958882282937647065281622803745387258436509048151594525871965754056037605439984,29224746692082173453121270370051807344982186827177359408549607432007216465060436385441713897855981199720072357749793,-387,29224746692082173453121270370051807344982186827177359408549607432007216465060436385441713897855981199720072357751617,-387,-0.0001691612571244469621021745929751832714301089591409830933222367857651200276867170596435065546539696437923147051169916231933370869978,-0.0001159203685483909396723358163867433300238589591409830933222367857651200276867170596435065546539696437923147051169916231933370869978,-6825259931041115077920608763039983940203904012411922379700260624975495497296487111045178492951129051162343822678559,-394,-4677114961748000262627024199742964962066560451081561091912335607370083730594447658061086926480016531296943623723551,-394,0.09254422288630305117191587594331746930211624056248674649550059259070553278854132039422907781043651187215294401453765327938311673427,0.09259746377499279403206733074964528912633499056248674649550059259070553278854132039422907781043651187215294401453765327938311673427,7292856087213249195909398295101524483051199068213854525245080487398848873420024311229308038329188371015423422427455,-385,7297051682865358789751729794293943742365147344469564469124229876588459399680719399520638235951475772628871960654143,-385,-0.02400923816019669310972588498699024088042111800662747104690795850853748156628595000326467255850048752295081388457989581717148473638,0.04209938419518992168977362673175975911957888199337252895309204149146251843371404999673532744149951247704918611542010418282851526362,-7568097206070247102759872716819972052174517399689360093955091049457730741858476678657361754506243690867115442925033,-387,13270401575386120797855731369620185084541864013434406754672283547916540376467759299659964384234672486503454879683095,-387,-6.926563991492434110776359130068925649401990156983601309541133127382863341385302995539352196350360833618554444809606043323250673036e-5,0.0002759016042620671756164652676470646497559800984301639869045886687261713665861469700446064780364963916638144555519039488609880889080,-22357648778240636160171716774716633528493679963031644267544302724052788820864109744380069847470441860366290722495891,-397,5565991281013323934169092253521796830213579156673309387160871782219344946755892606543358491220959498270020584865319,-393,-0.02407850391357108149700644625819205318379013790819730706000336983981131019969980303322006608046399113128699942902799221529473221797,0.04237528591291145291156288967930794681620986209180269293999663016018868980030019696677993391953600886871300057097200778470526778203,-15179861766438983534210436086328039201443210484149386967805997111739429015262360769668835784617031713614803646839777,-388,26714740449832396054844602140525402992261738841607725027379111885593487210901297441284028673003703582449892752065567,-388
21,21/32,11/16,43/64,1,1/10,2/10,0.08926316495706467913821203475837133127882375864647528990650751836474591413538401519381110431452223380312816469520040592920949147069,0.08926316495706467913821203475837133127882375864647528990650751836474591413538401519381110431452223380312816469520613533290723154881,14068591114992180097497517699437378108094081499208498479750052842348333293619449848863616027847872650409432208973281,-386,1758573889374022512187189712429672263511760187401062309968756605293541661702431231107952003480984081301179026121773,-383,-0.0002190121327015695354796666416547624171937184153611129122702486507542117630172456863188023062302912367972269109142834447394062277409,-9.529944762052404292744582027414718281871841536111291227024865075421176301724568631880230623029123679722691091428344473940622774086e-5,-35346503310511361185719642502989405360417128097876775262202486121878393475662737040885972898568830454730797954912061,-396,-15380436687490496295821976190095297837789947855871652049353200418636914312903387699839953240191969333959201667436349,-396,0.08904415282413573592728913605723780909600504023111417699423726971399170237236676950749230200829194256633093778428898597807027784902,0.08916786550967152877072782099757594386163004023111417699423726971399170237236676950749230200829194256633093778428898597807027784902,28068146090634345860929486987373266880865408078200938726904607668873073198750904574566486489626039974052276900486945,-387,28107142314650777151166947836366314490576919723410890295002721500245816015202351608503747297275683440498166779895585,-387,-0.02154624021703242356852395531636903013389236354953747958787160663492283179073884076351919773237342942386250198815700238529147114641,0.04454925642723352615758078101175596986610763645046252041212839336507716820926115923648080226762657057613749801184299761470852885359,-13583441448648247712772275878490244962767927981783750715535901816787654432885767670847740432279009555888135492373669,-388,28085281244649951622127328824146088030649222943472943476809398117031222646411309067430909076503795164899938039198555,-388,-0.0002194060611224886087787269326581199178227649516047299961133985961691852376740697998669151591505502335996479409349420634929135475790,0.0004034006784343473555433632162676613321772350483952700038866014038308147623259302001330848408494497664003520590650579427032335161799,-35410079661567189025585827122073842923354451739248760387166863804774897302683585862771578075240920162796233425607371,-396,32552542272102177309076324553347546304895677929159630147640263459989598816212308400543271714350310535165342434628251,-395,-0.02176564638547528698650821432300175942671512850114220958398500523109201702841291056338611289152397965746214992909194477718017907321,0.04495265721298824832232967630199824057328487149885779041601499476890798297158708943661388710847602034253785007090805522281982092679,-107201266718628544661020157095352049399209734862412955986426293193624430760848439630738232400007552476740359629327,-381,221403109756319992609856228142486969902873321724946642717204147074775485539665566964222306444044564708629883049457,-381
21,21/32,11/16,43/64,2,2/10,3/10,0.08200811603488757777801386393486828288799761748964637892417025053255911289849839907024676916887054791171770514423451192039058099085,0.08200811603488757777801386393486828288799761748964637892417025053255911289849839907024676916887054791171770514424007635786889555177,6462568592322555577573329496874009547099981418896617324895778959019776404549344467211402923353274662270328549353587,-385,12925137184645111155146658993748019094199962837793234649791557918039552809098688934422805846706549324540657098708051,-386,-0.0002881105386589371241256211870619538701902540276639565047893613985908873670649361738797697567292354911400955647030783182973782304785,-8.796294795530059985812650856463941706525402766395650478936139859088736706493617387976975672923549114009556470307831829737823047855e-5,-23249168853987311030090986582029154295266062510365830948386306894548673107276029081729190591251401370481838420383631,-395,-7098197238554376849554568382622320646517188484632764293033454252906716116403666803918597595721197761864968339969935,-395,0.08172000549600126697844501068832756925218236346198242241938088913396822553143346289636699941214131242057760957953421442050312363132,0.08192015308715965085359896948578240323655736346198242241938088913396822553143346289636699941214131242057760957953421442050312363132,25759457303382662544832335336422148651455852402005460116529473039655475212641239540367341892413834782693178088380769,-387,25822547036398791107474435189489257901352658124968265219974962690520488409598517385270569821807000800108720592542049,-387,-0.01685008963058034876289395438336979864995412504417846951632646022137515071157612580454789335244095868580650293998937037795017250685,0.04911895680753250619468661202288020135004587495582153048367353977862484928842387419545210664755904131419349706001063041515665165429,-21245674753085736419702114665123064217411060531248910464265817813518076486077612892029833377436410202183072720330439,-389,30966167047853257535101662184613801475655419440602811830986066378747735276543568336742425745428770326557018898313373,-388,-0.0004048433817227867620124454014055214623592086723593508660555593388987644560708306438811556347228283541850748730218962748918187408608,0.0005346951978641647657320862300642051001407913276406491339444406611012355439291693561188443652771716458149251269781037375004753866570,-32668961659311184792616015457061213088745845614471041051784772450869424338398241179975750485008734032053366755438133,-395,10786848511706210409576136352961830270609169098930363984163558790551226762597089682657955670715932193291578483012723,-393,-0.01725493307369402789457905584404045683106333371653782038238201956027391516764695644842904898716378703999157781301126678915722665040,0.04965365206678756333009135431220954316893666628346217961761798043972608483235304355157095101283621296000842218698873321084277334960,-169969744972016031029309792371131647565376161100461631758823771946926051333388534987916537118185920616411316383615,-382,489113376602294777425521456313694707497416767201350310901655024281629262148891420676854187442503223302042995101825,-382
21,21/32,11/16,43/64,3,3/10,4/10,0.07019872439482433629108558072916653305775035464225520958597801259502109753339979163327883041157198498160994224345115810024786373109,0.07019872439482433629108558072916653305775035464225520958597801259502109753339979163327883041157198498160994224345661467519809237692,11063882294335427145500821806401976416684420354720663115040388429667075378693902783480832182661715842771263165768005,-386,11063882294335427145500821806401976416684420354720663115040388429667075378693902783480832182661715842771263165768865,-386,-0.0003820740062420503245503555910658380445975738475270164040353429623782883068712601384947692764390513887313296794708773194441957148852,-9.568057069745403805979601312394351334757384752701640403534296237828830687126013849476927643905138873132967947087731324804865112630e-5,-30831579876209725064584361933693777620327669101727365247100344466621034377758357503309840824973472979800392739149501,-395,-15441946376174158009206550540185524897254031359631946771160545870071325788196421315408696298402407676064936409345401,-396,0.06981665038812753861564876101914317548190278079472819318194266963264280922652853149478406113513293359287861256398300823799507579543,0.07010304382458162960391224883500010907565278079472819318194266963264280922652853149478406113513293359287861256398300823799507579543,22007328729636066388968731479524785208583055318212918397761273568527813039388004303208829999096502897145798191989903,-387,22097604537298232802139291538255829286010271863241830395866371488415267001669417111335537055869990642619594858022031,-387,-0.01058911048478198682197678728068469954955737738842506738648778543999443367352049663954980620419005141109888124208662140071267886145,0.05513158900992261732688795881306530045044262261157493261351221456000556632647950336045019379580994858890111875791337859928732113855,-6675715150970969478903875904082330666127467273654086586062834046890040480604388022961936780121439827556073728628551,-388,34756723388576715827182437902922967166636354133489888719335455847588166882792593248585842727335840196408769705683129,-388,-0.0006441947513110045522223306444635465604811377245152089853441543816626989939567457561793659174141306764818310401379743819253578206827,0.0006675709104286232784618543836126253145188622754847910146558456183373010060432542438206340825858693235181689598620256428592304343529,-25991747156829185973964733269319911029191120342292343830604465962573572022413685959081107902107039143056186033946547,-394,13467460172411554959662133616427969984970976443159944530137447944431007624674578045084334489269537610060557458939943,-393,-0.01123330533886589267454000880954766017253851511294027637183193982165713266747724239572917212160418208758071228222459610483768399760,0.05579916002312414190569070408107733982746148488705972362816806017834286733252275760427082787839581791241928771777540389516231600240,-3540918132543880705733297532210572284121267303252682701209985286571068628067586557786137459534943219763688640288547,-387,17588790791877956410695699890721015760475326612420798964953096420719260291872122530997212004051768686042106385721565,-387
21,21/32,11/16,43/64,4,4/10,5/10,0.05260203848530388147404110626409906528831593586800560221755880302758030534776780929766545870801229013193359350497092934729051711376,0.05260203848530388147404110626409906528831593586800560221755880302758030534776780929766545870801229013193359350497623047330321017607,2072625846340924403488971709007844339421433047511181162289350640123871597441585023477486045549274800717955781911729,-384,16581006770727395227911773672062754715371464380089449298314805120990972779532680187819888364394198405743646255295503,-387,-0.0005124777200423201909893848356354996544538190330583922970757981506184599279804517916914565574941068158303549824323409724908445750592,-0.0001201562696793777766311265882600113732038190330583922970757981506184599279804517916914565574941068158303549824323409724908445750592,-2584659238479566765426239689453255797554053371648155216389326228556098613424113899845766045529565899954418879773035,-391,-606002954552638622573806424650404410756886223508893976371906500847976837782012064907761015806315698918147249879403,-391,0.05208956076480681393216525730950604610261211683494720992048300487696184541978735750597400215051818331610323852254123794642248886843,0.05248188221607925104829644379479657344636211683494720992048300487696184541978735750597400215051818331610323852254123794642248886843,32838931136358157283146508443992499844135911221123308570934909322945234627463980778647995372088448754854224439798377,-388,33086263172422397955000580479995561491311078849839857473229157069843147059265974227037367202821359668261289815173737,-388,-0.004578664142076628788478945782308800109230252161180495223175152266837229581496594161771231031261596061803552305129794252432304591060,0.06176529993545566262387456984269119989076974783881950477682484773316277041850340583822876896873840393819644769487020654067451957008,-5773073692714001268943874259164932300302003197840078248601069247768197647775820001717453695159471561146482113076541,-389,19469413846231900365231268916805977499991378403826194039618134444952852453240108149623164433453621675630641494173873,-387,-0.0009850927396687177016563269344011932979086917974809586332715426818746804377359111748487362863770051809698085461431322746194414861896,0.0008093286344742671579890397342999785770913082025190413667284573181253195622640888251512637136229948190301914538568677749497350238817,-9936545339507207289856970395802943664366363563272582477929547302677023366547406498668251944481729056876712812076949,-392,16327255997682973226929016113639290488929869197566416415455471249807826408940297456328454788381880800000269655490775,-393,-0.005563756984518247790476163601109407469638943958661453856446694948711910019232505336619967317638601242773360851272926824466805137677,0.06257462867270283108220450046139059253036105604133854614355330505128808998076749466338003268236139875722663914872707317553319486232,-438446374358442123975939747790730052682231924890942059146884134486037187122211769565648552760983496498635781557651,-385,4931131813397841193190448723771109140005721412197412442027899264006135524305021480532036113377775156452792757531245,-385
21,21/32,11/16,43/64,5,5/10,6/10,0.02734658740570263737636171285314122686205643419008604811643632253484023045002768574663593476528106664369803118180271545080908710526,0.02734658740570263737636171285314122686205643419008604811643632253484023045002768574663593476528106664369803118180815457740918420600,17240166502555816702324270223415451628353744344464169608670206398219543243511945066339019990504896467374487806137195,-388,1077510406409738543895266888963465726772109021529010600541887899888721452719496566646188749406556029210905487883789,-384,-0.0007001012723532955325947724423757257148936116190446389482363021296435691341601966218864159741024243480570078335171044548046015638498,-0.0001616186232906517736421547971120538398936116190446389482363021296435691341601966218864159741024243480570078335171044548046015638498,-28247444143481046502145869279383182085151670665816484168935679657902405843208777321104314009722546105119003029563199,-394,-6520932348263430431879057446974591350338829906878938836735478341466033781400022097033875416417243869619358072334143,-394,0.02664648613243984714199401217285046208466282257104140916820002040519666131586748912474951879117864229564102334828833053451994583674,0.02718496878332148030449248629394421208466282257104140916820002040519666131586748912474951879117864229564102334828833053451994583674,33597600374481101393461446276044768368895455510223291592477032245260841884730154403349287764170954092408943924326657,-389,34276553870375150511647355657418357724660443724736654873276569660137067351048600880189973778281763340378433515794689,-389,-0.001892374678557852643218438075554640008972042919310700265771288417410980509367178652184579102642519993980398283985233017365411213812,0.06719652834437217341116388614319535999102795708068929973422871158258901949063282134781542089735748000601960171601476698263458878619,-596506870483492165320657422890953524412437604325000586358369125315429753904823361851111738615228148072584434813045,-387,21181424209609197056366720183888817553944894770298662114631081458063039933825919238806576513523085011507329585772427,-387,-0.001529829707408518276159162493375235371737965802775530780252270379597276154650536897844440345773839963048309905776588548423160232924,0.0009903795000238262796956348699060146282620341972244692197477296204027238453494631021555596542261600369516900942234115011460162771477,-30862520120698260602010698922274122866268442491432629108200915052635340829875850330753459749195109225225657794194571,-393,9989872434360542552376766132504703646645208233058222537067316562808182471578149521424191675865207737140778060073403,-392,-0.003422204487829777517945563215414250380710008722086231046023558797008256664017715550029019448416359957028708189761822606741278158232,0.06818690794625940628942748365958574961928999127791376895397644120299174333598228444997098055158364004297129181023817897947237016405,-2157467558956766222176151512205958456854198378811090529059888310678201411577107577015843720353322946516989899224143,-388,21493607755291944634989495288081082077131774698733641417270370832977039387479656676589869816374132496834738511914457,-387
21,21/32,11/16,43/64,6,6/10,7/10,-0.008333724046501486477619464916249931419567539446063621166507490362675948740200271992877422577869028032139598081912218968164291541279,-0.008333724046501486477619464916249931419567539446063621166507490362675948740200271992877422577869028032139598081906706875736371615622,-21015388577234767565541579065299802770692183524789150925828341554176150738576127574741868429790557887782270803951609,-390,-21015388577234767565541579065299802770692183524789150925828341554176150738576127574741868429790557887782270803937709,-390,-0.0009747935880193506751123289732764566608668091032144717650084989518931610963988944274473795067583546515421430502007187449921855218521,-0.0002242967254540088038805346159766519733668091032144717650084989518931610963988944274473795067583546515421430502007187449921855218521,-2458164671702019998426195314977248995067107275450747420830000093082951300919351609788083465687433557128083187339471,-390,-565615421834870156743247315099708720104250376181610495600626193682751618581738061475775738141519109123545018044623,-390,-0.009308517634975584503618258008483907611684348549278092931515989314569109836599166420324802084627382683681741132110181666942517100303,-0.008558020771500747930613535413269063861684348549278092931515989314569109836599166420324802084627382683681741132110181666942517100303,-11736776625041768435981405068041231106705167135319090420621241104563948229594470311287097149756500360732708417280721,-389,-10790501998961444207144895312297050521572695215286239463422413592995053968732202099086700881948533860175376489355985,-389,-0.007855888381031664934650084729760846015854133100150847778355212516434586806739649492629343967643423684991280354141055988468104930046,0.06786587201581397381733355784836415398414586689984915222164478748356541319326035050737065603235657631500871964585894401153189506995,-1238151050670372221150320033699963060576114725089009715876623718238124089212147687369392016697025964998689824434225,-386,10696206038763267528269548264774582426157697672399373894625625375920060143929975050567201324160098481218319171459023,-386,-0.002454691558474307142066264458175500501237037300110663737994946204127183804299711935470104305388509210473447517330650649086047223919,0.001257451699397195868325924567703405748762962699889336262005053795872816195700288064529895694611490789526552482669349350913952776081,-6190065407823479751096125337955345905136001469287299612153507391414118449492326063545494128824277232710544682352577,-390,3170951657684165095978292871254440459761345561340495876508945557062595719429236809739571931843579504937325688029247,-390,-0.01031058001044655881500475174530939339209117040026151151635015872056177061103936142809944827303193289546472787147170703410756423454,0.06912332378615175642394788497344060660790882959973848848364984127943822938896063857190055172696806710453527212852829375899925992661,-13000241198721163668363411891399392353958309226421762110652707267378016674533336698178790712719069907639692712280425,-389,10894390528549333599719790188330736819490455606366409209102804951457217968405551372107288009241662646688764748914643,-386
21,21/32,11/16,43/64,7,7/10,8/10,-0.05851937360202731185411306892822603259137028826051931679433842936859445498355665981738649866382035764278209673796398223080054991575,-0.05851937360202731185411306892822603259137028826051931679433842936859445498355665981738649866382035764278209673795847489701357495693,-36892491540419258499817247639159635984956019365748299125250167274919640890213873648272172960298408244446799282198973,-388,-36892491540419258499817247639159635984956019365748299125250167274919640890213873648272172960298408244446799282195501,-388,-0.001382414623380242733594503945056306712120007754021640520406113604912751772059292799602155871671836748935848087689258459671600456654,-0.0003207664747734785809484391867555254621200077540216405204061136049127517720592927996021558716718367489358480876892584348870122016184,-13944296846442154108095663574917157268038049812884289369282391999033482602330629241718354806335515267525473750535525,-392,-12942174849659101644081003326899547477267961203478688621126225345312858169458455968826517740172288934711086043837843,-394,-0.05990178822722654399125342934911241742849029601454095731474454297350720675561595261698865453549219439171794482565048652788689779228,-0.05884014007498180103151565163915147992849029601454095731474454297350720675561595261698865453549219439171794482565048652788689779228,-37764010094468642439568262368397368761859440949451849705414457336728027972552999413923812539729387225222204234883019,-388,-37094713021298432655010977560337030966637287789154371140371123984071359879418200584740844895953590982496597158354891,-388,-0.02912466113758232328899065269195756588272047696026772503287437178733177215863727652787547709368734885817662118349335060452181513456,0.05440768236457411315433820472991743411727952303973227496712562821266822784136272347212452290631265114182337881650665018858500902658,-36722242515549061890442631769319877116343616885042020379502920191525437949522942790381428679187622760655892718541129,-389,8575087350641647348358177860224152425291064889147283112101900533997548534234421336818813129019861124273791063262423,-386,-0.004022003712310965795592741783152527830803258953886623713111169710808817918293202509396178982524689949659421743869825171597447474343,0.001622647162872322212381882850636534669196741046113376286888830289191182081706797490603821017475310050340578256130174828402552525657,-10142400972441489447225925506372454799217825665404194877159389366667947093536648994078192593043771682918110360031963,-390,4091875428227658338802948412716993726745050520870946243451974421584800494024025786918307479263281308915546036841765,-390,-0.03314666486080722550585853333009056246352373591415434874598554149814059007693047903727165607621203880783604292736317537956585052834,0.05603032953836037178799522643553443753647626408584565125401445850185940992306952096272834392378796119216395707263682462043414947166,-20896721507765399154998011796085514943882525681261753876546150808642472266306402271975716912064809960387851008942427,-388,35323318266503999826103663078908320818756783009196563976775439112599160778604460422270283810105320483654427821924005,-388
21,21/32,11/16,43/64,8,8/10,9/10,-0.1293036413779417584020894099617145124946482720513179152553929149515659741637835579197126863565655549725100233586513842919383624641,-0.1293036413779417584020894099617145124946482720513179152553929149515659741637835579197126863565655549725100233586453059212379914842,-20379291515160122963527375802931378990800559317815002176951870983702972526887881223438931813141720768755146550718843,-386,-20379291515160122963527375802931378990800559317815002176951870983702972526887881223438931813141720768755146550717885,-386,-0.002004241865575627541019564210767318649611272639986087709446519118130786102245461316759316625021010916744801193554671603668815575304,-0.0004692090388524458984276109331794280246112726399860877094465191181307861022454613167593166250210109167448011935546715540996390652329,-5054153626014982862732163873250744395517497331096545117134529215759253663959185974277980403063454621262914218275881,-390,-9465742057609406070599798285356644500286386097651547040365619254971917132779162583155447219485820436640625109344583,-393,-0.1313078832453363753466548306483119092692595446913040029648394340696967602660290192364720029815865658892548245522030131412762838243,-0.1297728504149752148969711644190638623942595446913040029648394340696967602660290192364720029815865658892548245522030131412762838243,-10347588058536373359723447491980451563716581884304053435209407100077562242904347853171183094670969500861422200089967,-385,-10226621312349254560727588894042187582023142920801667132279346121832621012282176535804386571767600710888817861782895,-385,-0.08038417789762392755131380707336940981589797513783064370069578101615434160148562564845297480093490545684776802600725490218649894466,0.01231234714245870594401700347350559018410202486216935629930421898384565839851437435154702519906509454315223197399274668402714937762,-12669191502457016536925898587634210082017175339632323623634995060135161240955709087700524356775329439659280915671945,-386,7762098854389084660517811210166255111912556173673012077760149092385501442829287409760688657232233261518395461161437,-388,-0.006777549648563440693246566556388490105122703124088696229644328181308164303565017427031184564318838252639745845406707981633661858787,0.002143714745739411758554733492439634894877296875911303770355671818691835696434982572968815435681161747360254154593292117504691161355,-17091139407940346569019337085432945077986160742468482376971840530033532590673128358937303929483093995836042175386525,-390,21623465393901188509752092405612514783639072434050638322233534217310589341974168248967818888494988835214254233334157,-392,-0.08716172762622290200057805856628133742102067826191933993034010919746250590505064307548415936525374370948751387141396090105310040060,0.01445606196823365145858942190246866257897932173808066006965989080253749409494935692451584063474625629051248612858603909894689959940,-27474775456135061170870000938666568147105577120835422425242562547637991289001710857241544593506249713009449655368069,-387,4556782745982439247079445120477548491267955449162803367300964851597183871607488099633921557651789116071025727473275,-387
21,21/32,11/16,43/64,9,9/10,10/10,-0.2299875271051354286503403381445896469636788101703002381007866725863075317491931588480430982916182312988148338322633218354618047688,-0.2299875271051354286503403381445896469636788101703002381007866725863075317491931588480430982916182312988148338322568500837766498633,-18123939936179978803252528257448647956151996671695730294061316966095779311846163326476304152874639830900174041045563,-385,-18123939936179978803252528257448647956151996671695730294061316966095779311846163326476304152874639830900174041045053,-385,-0.002992516357918303884923624496901321096544793710641387425553049488785646081067361014210776371140547943107452701865544202792033996963,-0.0006949287925099827874304528050067898465447937106413874255530494887856460810673610142107763711405479431074527018655442027920339969635,-30185253907842265300780871156423519407915134159214598102439194747577110364483034432704798978990271860982412895182145,-392,-7009686678664006437080938202607848473370833568980561420065351466924843699951281587216128105403867415936668978765121,-392,-0.2329800434666917113423556755931511243102236038809416255263397220750931778302605198622538746627587792419222865341256300632729082929,-0.2306824558940074326306790779979362805602236038809416255263397220750931778302605198622538746627587792419222865341256300632729082929,-36719524465243367655827275504619118626878189049828329930765316631056848182984104784985741991813507297905729705216493,-386,-36357406226140708053086928296410338320874890882707640613019084767927862096657334708730739105378710451896827113245165,-386,-0.1895312106971972688042629107738174226484536471062214706302894963161383548197995646350802288482568778723928409494509093540325476105,-0.08439843939052606662149313538319242264845364710622147063028949631613835481979956463508022884825687787239284094945090935403254761048,-29871639753204457551831871514970773404025863305380005052950877518128510681610462247234078295837275624201506815046399,-386,-13301871327326127882431745356583271597881302816160508981613759335860987112961612762568151567517103290922576025842431,-386,-0.01194777562552221668327259464068205767947967989839168295203517338272815973598090879098691783444752495653802965788275918654544018255,0.003039727887589516216870075037052317320520320101608317047964826617271840264019091209013082165552475043461970342117241011731265857740,-30129045070717267622861060046201638686930026967439620140822088328850054062807136350957048998557149970327337417504359,-390,15330736263955868024882703263715171737439720363312310462630845979555525599847134758419240831614460688798525020574515,-391,-0.2014789863882031040151863385443822928279333270046131535823246696988665145557804734260671466827044028289308706073336657647041032290,-0.08135871143745293187697222721625729282793332700461315358232466969886651455578047342606714668270440282893087060733366576470410322903,-31754705080445030550216009570107069850818381224429523763009523095500788837777061211567075494562180986342530993136229,-386,-12822785808756763234698839077343478452226920321222456828399280342180727160725236858969368655214067905402056529453669,-386
20,5/8,21/32,41/64,0,0/10,1/10,0.09242111433244633589744093502826011556593576396057577024281920685081171536593691677700793187623273924415940207586338963206515670955,0.09242111433244633589744093502826011556593576396057577024281920685081171536593691677700793187623273924415940207586901117323481087258,7283154639209466278496558952286717056415232039950941937626518753624128559531477303965755133288292244583093470339143,-385,3641577319604733139248279476143358528207616019975470968813259376812064279765738651982877566644146122291546735169793,-384,-0.0001716319783952918514178247506300637010392338846229870699009248838731518446540036646317487591272771383997606096372539861319119198316,-0.0001198560455635039106045962626616188768204838846229870699009248838731518446540036646317487591272771383997606096372539861319119198316,-27699790955441082017516380846753866718596119015897188711161395789480703546914500418147963648919203159119617270571525,-396,-19343641190271058393306332401838602991512986582084373116367420418553464779778272344115652960340997704879938908283397,-396,0.09224948235399420062716230226276036192349028007595278317291828196693856352128291311237618311710546210575964146622894327507151054546,0.09230125828693967540569714678046818663052153007595278317291828196693856352128291311237618311710546210575964146622894327507151054546,908703668831565665397917240441284141921300705019558449682084709908312025818847859289512000127760207491126422560927,-382,909213687739251090968725994136218335701177403503456480413782721649085216094862972270636279250876562098006347112607,-382,-0.02229366838016024009359829553890601294965256098018707778973792159042358140067868373310400361916621349973486500936279468238933020022,0.04161616575423220022546298375796898705034743901981292221026207840957641859932131626689599638083378650026513499063720611071749396092,-28109288308973998476231149317191544740147185929863471329265310481206595203939709613191939901801159835497901058283217,-389,3279520841836873757582417132139524873585147196604588818854985139821307506074491847263924699979119818351467470889619,-385,-6.647204980531997194282089233434929062086768047827569000279641559963052689730859176562466928742082363354972412257977882330058699987e-5,0.0002698003862105409041256519699093030531291323195217243099972035844003694731026914082343753307125791763664502758774202211766994130001,-5363982578311700418763470235341974562495975139426575800897177643967937230667354044686430509074137073889356313325999,-395,21771625449999065720207965900075405743163084300968848490322247140904465699255853527781690114528619923239371915857489,-395,-0.02236014053296583504132523937511853606839842866066535347974071800602321192757599232486962828845363432336841473348537467188163095503,0.04188596624344301610537275867175646393160157133933464652025928199397678807242400767513037171154636567663158526651462532811836904497,-3524137583328684740714015985572687036145857320502813010976030939191820281681674359831327204433780474642286156479315,-386,6601564405864446831704340365797976173572493920060193983874370747544815050503406265763104545583778418723120215196845,-386
20,5/8,21/32,41/64,1,1/10,2/10,0.08889474404281959778963774052957408826915591891520386360200384552549717784124956302393174157122165202615553775363526442908184249434,0.08889474404281959778963774052957408826915591891520386360200384552549717784124956302393174157122165202615553775364079079743259732052,28021050044816632080186340195327048657317267066475553767739799777885063647712870182965568637034554032939394706967117,-387,28021050044816632080186340195327048657317267066475553767739799777885063647712870182965568637034554032939394706968859,-387,-0.0002200350693374331260703626415136906869781657461462672133051822400608445209732987244081174321632733205383587172292533593460752645599,-9.995435050769276336283714979921314791566574614626721330518224006084452097329872440811743216327332053835871722925335934607526455988e-5,-4438949460714306001400869131441830361763974180034101306373249317423973975368870680778197398346299610098475119120993,-393,-2016461792287076311623172549495043862069028821504263757842900337518221955868635835309641135677497656754588736787041,-393,0.08867470897336847782584576185832101769936525316905759638869866328543633332027626429952362413905837870561717903640877271726667283066,0.08879478969242559186399651940951425500405275316905759638869866328543633332027626429952362413905837870561717903640877271726667283066,13975845729728567566519803373889675490712804930731287303435981682370957114366155454319763363779649530819630159689653,-386,13994771414673991214346036495805053836730766799794747987239629426334870627633921708988869034707843585972474985904053,-386,-0.01986514695572677442960306827359112675212953335368972267017994359833680310523859261374878528743048347115648310149710730432625562997,0.04401776951153752019472554500765887324787046664631027732982005640166319689476140738625121471256951652884351689850289348878056853117,-25047252590138665320998941804698680683381493169970032901281042263117103082316392083834005720656776572127174883111263,-389,27750214832721045747875883513579186414038810431075894432681239898686185831188967765324548442089352534613235759794001,-388,-0.0002134211098859919539651354868948725707099549229100853785187774203438798275589523521239629398276267974395499967743062418655054493652,0.0003927965008801879056730786244332524292900450770899146214812225796561201724410476478760370601723732025604500032256937581344945506348,-17222082343258607646826413642393807165842048854030767178063754584533070193201740551876833131795676579370810785694957,-395,31696834890963421936083122824596857475133642221280280039956542500241189752928956057168750685531397847905763610295059,-395,-0.02007856814564830013958588869700943682283948827659980804869872101868068293279754496587274822725811026859603309827141378164534950217,0.04441056609245324185641630856861556317716051172340019195130127898131931706720245503412725177274188973140396690172858701146147465897,-25316347727666020169043751028737203313639600578363123161842657872954341237109775827850412793421900355525374010041203,-389,27997846405763667033533106166084409059709204708454076382195585109196274592646028508467845084360474748722764642201159,-388
20,5/8,21/32,41/64,2,2/10,3/10,0.08149644472290792724718854057671205035175764546470918244050848050331834830065583511873913717304144316353370037671654154155214805405,0.08149644472290792724718854057671205035175764546470918244050848050331834830065583511873913717304144316353370037672195370252022367602,12844493679824553223396300611878634403227703125961008695058780403401758865265899073402063827552198813655145211262721,-386,6422246839912276611698150305939317201613851562980504347529390201700879432632949536701031913776099406827572605631787,-385,-0.0002869274373416543752728037524439426924151176079704733420963431019540621766893386700060759421353099389572987434993276825216603676588,-9.309127466178201612364575149789777054011760797047334209634310195406217668933867000607594213530993895729874349932768252166036765880e-5,-23153698127977378555603562696032284120277176159270227014728022591755394439374659378759253099066713593474315976762763,-395,-7512029145198172930875173555137723634781356328155909524909380342710362195670391990805511333747529390790259268183435,-395,0.08120951728533889919647250476478934789371752785673870909841213740136428612396649644873306123090613322457640163321991848961611257779,0.08140335344847351890650812688469291234684252785673870909841213740136428612396649644873306123090613322457640163321991848961611257779,25598543226265022980060085072238054543632383315649975409929770683437673569772149543728084172433980197551089948037233,-387,25659643495872347915531059811795350226485231795665051024447392324956605029435802017967808776709134420412207399964785,-387,-0.01525492036666961815500397232469752555127403249502848977959408557216873095560290132274045890763805800240661340939548761494366998568,0.04847795514438060614919524642530247444872596750497151022040591442783126904439709867725954109236194199759338659060451238505633001432,-9617191469008330166368702759732314088538627060494385427510021288725719277926964836794496053938915265297127992451705,-388,30562059023798692218097291220217238832408525910325897430849173294321158239909362652462972725213943615856161298324871,-388,-0.0003950241410713957152189355786869239592271786051910905949495635669164506728645708043700367779765215431913584252176275716797176750362,0.0005177907211325631947396654192378807282728213948089094050504364330835493271354291956299632220234784568086415747823724407125764524816,-31876595003843667684199218711163848269253031299884573881493151617226590529075621910424489629895657353099911694124861,-395,10445820519680420255893310006813329538996538922807371235508749799793280402358326576222218390040282633167457399799345,-393,-0.01564994456822241153812263572473454716675121110021958037454364913908518162846747212711049568561457954559797183461311522380027004326,0.04899574592599456701183463966589045283324878889978041962545635086091481837153252787288950431438542045440202816538688556930655411788,-19732454811210546621972896072886358075078723516535253211763720435745432942485921895881494626673067067648121183065359,-389,30888490953168119841928896038460052764899363142406520726881495407702112707290653172940976984066760893598483881039225,-388
20,5/8,21/32,41/64,3,3/10,4/10,0.06949820432964745246471376978549074000993926922711486859159528850355857475220145367272091813251004593962296913020954076534349299947,0.06949820432964745246471376978549074000993926922711486859159528850355857475220145367272091813251004593962296913021485140863807599547,21906949421080468363272276237091661073226166733473192165992698630003071613921122296225424547378883756704538575460381,-387,21906949421080468363272276237091661073226166733473192165992698630003071613921122296225424547378883756704538575462055,-387,-0.0003775388661726406957222440531857429835359737407644618192847273679135718624612648788776441729426742753750179577960916698078116994281,-0.0001007933354177890527261712840207039210359737407644618192847273679135718624612648788776441729426742753750179577960916636116646356692,-30465615348355347933311213812288227842570873340049928760563172846035095975856289214325957288452825154257466843027065,-395,-16267098630909916691235463672018890351886707885030661310660269876131489175452712986017404339350621590796532504505585,-396,0.06912066546302006441810506161334747749515329548635040677231056113564500288974018879384327395956737166424795117241610274422326558313,0.06939741099468441076287406262042755562015329548635040677231056113564500288974018879384327395956737166424795117241610274422326558313,21787943110982611621908399838661733877259743825688836819948731165839647717803750986726433476216488748876337490195979,-387,21875177744210316095734086441582925483964018440935026967443332860634851601586998895930139605032965733479396953323019,-387,-0.009200967554149658289355980084938976201882034413567562771549064295092613904307882389611490056714648244686851113141005686153334099414,0.05433121329717573443372751600881102379811796558643243722845093570490738609569211761038850994328535175531314888685899431384666590059,-1450146322325717567445812206384802494498965052999628941068445130866404255380503968234125725435305996494494632134163,-386,8563035211971793646728866119596668823818351178510748854190218225055183578159183922169749143235241414851118968453613,-386,-0.0006296564205864242747566813705209108029334058162465293961796425635345761276815826463743937272256583726813399505686577075399688537591,0.0006428284596599141597607022049185423220665941837534706038203574364654238723184173536256062727743416273186600494313423172446194012765,-12702579806999479089278432445502920502398667151643420844269507077631877621832035950536341783394638147144083983562349,-393,25936620493556383989879310130175977080786381744603446062962069760262436225614773249113632727891796137343984714912551,-394,-0.009830624039310206389990566347427660442315440229814092167728706858627190031989465035985883783940306617368191063709663542400832483387,0.05497404182140977241936612310569733955768455977018590783227129314137280996801053496401411621605969338263180893629033725070599167775,-12395081897962408850293938341106494270615723519252802446788385131967630192644296093922737851430271491561924178735103,-389,34657400583808593520581098030262745828772735127941452819231645186567036777779847571267002427557104291755206571329537,-388
20,5/8,21/32,41/64,4,4/10,5/10,0.05170883482138150466056082543681657631786066929666203257239485087011877047188714581258998337760729363311848461221673434649491330692,0.05170883482138150466056082543681657631786066929666203257239485087011877047188714581258998337760729363311848461222193078240681709870,16299454640323301282747408766824491105694476741586938952335571845072484604219503600847798740926528252167611969578665,-387,16299454640323301282747408766824491105694476741586938952335571845072484604219503600847798740926528252167611969580303,-387,-0.0005027971564361995609864098599048291092261943415212053568213038425880825013008913720047806372196107824670366066858147968945645636712,-0.0001242395204956755100205046703906689529761943415212053568213038425880825013008913720047806372196107824670366066858147968945645636712,-20286685873590947232651360739063925573870220324053632617000826052516947219788143369587078946306472604769985080442361,-394,-5012773228961469793497543518844488157321432827785758121033845567228807787215973594760200563768626295907116871433721,-394,0.05120603766449055774868795145795422767738447495514082721557354702753068797058625444058520274038768285065144800553351759406418285389,0.05158459530134057650142678488538342689613447495514082721557354702753068797058625444058520274038768285065144800553351759406418285389,504405153337266510749779391924214933787257350359546394865382353790737395362600814094292793317316649230420737679027,-382,508134135925480733233909021173724838997555733794364000901187890525378401432611296465445780453951938087506889825971,-382,-0.003537959045411281375242231931425531920048433278473747490516937030978003923992934564121371383853112519388571427706625015897650449417,0.06070417005228138706271553174044946807995156672152625250948306296902199607600706543587862861614688748061142857229337498410234955058,-2230442947678163286606450728032788096713242442093228991612053577364516004548755559912654439208682270402670089978735,-388,38269857352751606242637895684542642927549182135117202129247605459647171808005000819299564196256027966276293048155281,-388,-0.0009647036390245425521874607802911802230786618638339103585790873136222379030223654738695614548068636918587898809253380817301560184516,0.0007763112348899944678401767013982729019213381361660896414209126863777620969776345261304385451931363081412101190746619430544322365840,-38923528972830032454616174605547287813508604869321173927680144839121920713898806001806793826548430232460237307598961,-394,1957646085597837570858696896980087011071109669286004401624200311056433521618165941163548712290449172761726316612217,-390,-0.004502662749009947753307597603684485580627095142307657849096024344600241827015300037990932838659976211247361308631963469396630293403,0.06148048135174550535643361333381551441937290485769234215090397565539975817298469996200906716134002378875263869136803653060336970660,-2838623128588232977533597787336535360411357592315400891969045786817997914821305454261490935991330810489592234254545,-388,38759268914860666069176339239879735571929002751577731787390645483753482087527423355161056717571469577171455563652911,-388
20,5/8,21/32,41/64,5,5/10,6/10,0.02633356949062251390012166853836881121369046465323517164565195500880906108793447234302475771432448833444505224652771422837640815203,0.02633356949062251390012166853836881121369046465323517164565195500880906108793447234302475771432448833444505224653308514778962739470,4150381872970771609355384965772989300563793039067012542854691181777149391958137591800561431748978145130751079926095,-386,8300763745941543218710769931545978601127586078134025085709382363554298783916275183601122863497956290261502159853883,-387,-0.0006814402621487520756156996387732981328521034762177537919885209945442576476495333883188262492657837974245727539829467471577841214392,-0.0001632428983314444431992128986609934453521034762177537919885209945442576476495333883188262492657837974245727539829467347654899939213,-27494516154017594956703047666057808590195217730946304206336810668214112719989050041997520096693302314713191207848103,-394,-13172936072341438346258621089457619199834868870029208933351576267649044991382992481617572392274969888706307992949069,-395,0.02565212922756426712273304066168047401833836117701741785366343401426480344028493895470593146505870453702047949254745232131052727604,0.02617032659320056415869538387762285683083836117701741785366343401426480344028493895470593146505870453702047949254745232131052727604,8085962838201593431112768432703549359603925072011436460451340889741677423367995370636956636733787546789039642722395,-387,8249306964695646802169456131866637388040991989210044111959512909225993306842050728730864822349384508272508855074907,-387,-0.001598687431669624229614014085066166502846404473600338642128514527564246316095632249783092562160215485407302530175350763931584545236,0.06597513979404529772167993122743383349715359552639966135787148547243575368390436775021690743783978451459269746982465082228206377704,-1007863873419912151663496716474784570443914094316212084890897995610650737969484928124953983037497801239995604989535,-388,20796422935783718447282014997638998458951748175654970159450678006909226753107412474785354211057427843674350270973137,-387,-0.001499710496797153558484479892977998063025832591346321471874235443646667775712180996867885184445397263563352090168639242706344621939,0.0009504803515245003440461902730376269369741674086536785281257645563533322242878190031321148155546027364366479098313608068628318881319,-7563725092812708772094985489889684051592907488760095369921350004852364441429942999504728560640945623433845274500419,-391,19174826342563617455241323968158982231393914184459818377913652043729914851003992644110301271723853116931078550227701,-393,-0.003098398037606142000849882527848852065872237064946660114002749971210914091807813246650977746605612748970654620343990998021459368601,0.06692562025470916227847751005027614793412776293505333988599725002878908590819218675334902225339438725102934537965600900197854063140,-244166197353307403484689406379452741994454469288521710147437557293107684344489260714698661902271574684124607617601,-385,5274007407947188552467808339700948996462145549183907414782448919039084815864548250294212447369597836319570917909951,-385
20,5/8,21/32,41/64,6,6/10,7/10,-0.009255576653249275829953331390748380191691083232902159161601622709918299491651576224522744731035620977646191296246979857234863186171,-0.009255576653249275829953331390748380191691083232902159161601622709918299491651576224522744731035620977646191296241528040925579507183,-23340050473122050711788560285074507608810950528074631006798706589280245838016714635706350028638689526350079260415985,-390,-23340050473122050711788560285074507608810950528074631006798706589280245838016714635706350028638689526350079260402237,-390,-0.0009396018597983790127680019866999614623653558372014868852146335749420364114186367297579054852670240382084539762827673167065303365968,-0.0002221771768093027671918587219294536498653558372014868852146335749420364114186367297579054852670240382084539762827673167065303365968,-2369420691322848420694423233240289021024968720135361195962451707986747496053294964309045145779912962576461976841559,-390,-560270495829605082945771369840558777803684749522337812632704191000028979441914506839850288105306080003028492496215,-390,-0.01019517851350240219360779749640586118530643907010364604681625628486033590307021295428065021630264501585464527252702126578675168327,-0.009477753829603831246258725993720314310306439070103646046816256284860335903070212954280650216302645015854645272527021265786751683274,-12854735582795824220239009637060103538743481359304137348672649429567893876881735519029818789226805882740802040263991,-389,-11950160483902453243369647949554827969481795903599343162423635109205740198882583852250978956354493164899022454814007,-389,-0.008056938422242968659436548007201494941744992820539958521532754252593997269140163858753123795323393964682783634172135585905044294651,0.06604207364622983397957102035217350505825500717946004147846724574740600273085983614124687620467660603531721636582786520720177986649,-10158705204389958721879674140867634877443756360703005802045316887408553593724840725928515648219097899401956137577581,-389,20817521560251907645538782238891763516538374665654721380018327053119529062724939798997457357540993118338053062472933,-387,-0.002389921847677550526100074488960327757877021211975844235085881350405324148200014690854791222075081036096002237226604845698672559180,0.001199417659338569952410782139457640992122978788024155764914118649594675851799985309145208777924918963903997762773395203870503950891,-12053467577739441731504448374196974715974878957776366153027043469099342646284793325401763449590608675706250194827389,-391,24196844567205527480380678213594031471188617276514208544949249682913275076367339779277178592916725730834314925514253,-393,-0.01044686035177504234510016390851533832462201403251580275661863560299932141734017854960791501739847500077878587139874102643383497469,0.06724149138742292709154534390398466167537798596748419724338136439700067858265982145039208498260152499922121412860125976667298918645,-13172072202032256874309004256903818845031388435992521852874728322874887027707568481260772873767584958284174581242509,-389,21195597282416353442308034841600905330424174894561612016676321721462923428896061839044117363843025680371253206923613,-387
20,5/8,21/32,41/64,7,7/10,8/10,-0.05889163444758949903047739413385079994327891507107082302467182558394950834891577764282148502687914188942276654734415587829204679040,-0.05889163444758949903047739413385079994327891507107082302467182558394950834891577764282148502687914188942276654733862950994129196421,-37127176726715520058081865039213075670482637414107408405787274439030644242104629728767759738329672139199905574283381,-388,-37127176726715520058081865039213075670482637414107408405787274439030644242104629728767759738329672139199905574279897,-388,-0.001317515150279649075767951091512647707189855320041070907325479524512291642501242208607729007620357400740956729902011655195155148275,-0.0003117306455383352084970045888271008321898553200410709073254795245122916425012422086077290076203574007409567299020116551951551482752,-26579322938963116213638399729933588112662212499601786571043700111200732125148738244394484951485735631166366880699061,-393,-6288800167479057868912192407446765502361898540139562537876476907248763779625627378341012916121647146437414833427125,-393,-0.06020914959968813750979120170119352577546877039111189393199730510846179999141701985142921403449949929016372327724340330835911781408,-0.05920336509130884483542854224684782265046877039111189393199730510846179999141701985142921403449949929016372327724340330835911781408,-9489445142426216686938275196644727686663593756279561682679132657343615385177247309237332449274652663557229345645199,-386,-9330925432700622827122583824035094161195100818272121810127943445128343422631117286574168496980866083992752986137231,-386,-0.02968681213533310353993491389426491310867581906255980579678866956505815698299793342364047765929780283201700419028310833012080368972,0.05204228003421993791819496891823508689132418093744019420321133043494184301700206657635952234070219716798299580971689166987919631028,-9357759645660750131765176494173508234674240618809660887867380714134613138577960837792543427365373046482814918223359,-387,16404561923062645468100462429035484061097681682642470882387144566256838757716624750186426206004545947093118516959745,-387,-0.003874880757724300328711542529342813865505630551679296469487377580216144936712015592171177247743041610943462213024828201809951535925,0.001535010326403293456812825756789998634494369448320703530512622419783855063287984407828822752256958389056537786975171847759224974146,-39085587360292509778083667829628028138242037129255550159225453121372062853895841684672489182864897412265560984804945,-392,30967033032945705392407030944541312575252670854434791909367963924701433823657067536530876393930108105704141300908895,-393,-0.03356169297673091643175585431179132072418144961423910226627604714527430191970994901581165490704084444296046640330793801900605052778,0.05357729044429674393811719256320867927581855038576089773372395285472569808029005098418834509295915555703953359669206356720759779450,-5289592138522562573108056748686912204984152049129697102889204523579880877855909482728067003567557225691279547188345,-386,33776843681155312397485289342136764732120008967807023762812503851125140628321759010924592884929834494022382240329245,-388
20,5/8,21/32,41/64,8,8/10,9/10,-0.1282222981428360303278637274836260351610615748222448041770588758244245369988329450579544544366546449869028132493236926386591611100,-0.1282222981428360303278637274836260351610615748222448041770588758244245369988329450579544544366546449869028132493176904062139095996,-2526107892969982795579262342678426791571418582978911821393644409451724727799789602176451596346623036477410843938689,-383,-10104431571879931182317049370713707166285674331915647285574577637806898911199158408705806385386492145909643375754283,-385,-0.001886400184455853215055218728460790919587991960761664726940438122070555119804139431407692023204261096758609562108103049242172610620,-0.0004460230224576678859159860929627440445879919607616647269404381220705551198041394314076920232042610967586095621081030492421726106198,-38055911299486319066562268028104431315079479617918288812736259959933831136334103231404907132241031293912120724932619,-393,-8997991370041151487554213176429906887799889182269065433034557916108113804452582506367122432779299106598834000218123,-393,-0.1301086983291108729464648026879169042056495667830064689039993139464950921186370844893621464598589060836614228114287940264177663546,-0.1286683211634747088102338571007587010806495667830064689039993139464950921186370844893621464598589060836614228114287940264177663546,-20506174951073786559340375399348332814133167965945851826144692447017979483074292358418024208752369667941740905491903,-386,-20279159951051621533631857092916920368219524430468201021198702618866193856572237258731545313770320246950824431316415,-386,-0.08075593635014349386205146670349723372522023435581714322796009503566060767748678408768904559259390343928557486522127943971437390734,0.01036584806122726037989189267150276627477976564418285677203990496433939232251321591231095440740609656071442513477872214649927441494,-25455567235711936870399206131472399521938121826644097851686386169705201464888725749843892825845929273346941889041539,-387,6534963352629763398886445016982014457573400116139223952766482065973634183943601194267202439156320689722634132215547,-388,-0.006453523196922101224487505924350622462581941093851455164382622732565738925582951565514940392148615144309038804407368998403310509509,0.002022373458077713703090466487758752537418058906148544835617377267434261074417048434485059607851384855690961195592631100735042510634,-32548065407193618089439006519221539562030726256303421823177156563259863148077296189434129250732552567776305822444263,-391,20399506310810062302044467130323775130744090706424252215822832587350694138437989830179729545854313515194292669491763,-392,-0.08720945961254921361418980575773066868780217544966859839234271776822634660306973565320398598474251858359461366962864705018074213485,0.01238822158478859261063319228914433131219782455033140160765728223177365339693026434679601401525748141640538633037135453603290618743,-27489821344303025544899787643421133802283824684832146618149488568547242466125862646479889176646880786824092181935921,-387,7809932538338367380585511421622026518682470719628909521284469329959651676560587328246162081032549240404539782042015,-388
20,5/8,21/32,41/64,9,9/10,10/10,-0.2257348110711695173647427183600758013808923351204934049654073656059321699495876738929880005499281343632026526702626259404988994471,-0.2257348110711695173647427183600758013808923351204934049654073656059321699495876738929880005499281343632026526702563064653239834806,-35577617698272633642508940288741010374241208131053178490031435288454511930133275036540605246026527369840425426649933,-386,-35577617698272633642508940288741010374241208131053178490031435288454511930133275036540605246026527369840425426648937,-386,-0.002772826237308816024655869783092560314891863277343319105090179176525636649755034426707540902723910757790793100542102082853615449887,-0.0006475894276476697713084729325066228148918632773433191050901791765256366497550344267075409027239107577907931005421020332844389398155,-13984629322747796182885748021527161540255782858296924670823654740023579453438147991088824415642206411434332217821923,-391,-13064357192137235763894804847456757705896696554681795656906440314480146623175023697490355211757352598931768467860363,-393,-0.2285076373121163121964903010948285179457841983978367240704975447824578065993427083196955414526520451209934457708015676909349387929,-0.2263824004951792083289594783409222679457841983978367240704975447824578065993427083196955414526520451209934457708015676909349387929,-18007318682590938463610818896158219698099861540287049316643372390007322998949973940142126105516425479237639865047513,-385,-17839841494131415571458425286854530534996502168843744385654473286238495432890049595077563722050438524371024223082969,-385,-0.1870230253751771154243499302885212066789218407000766374246474841031289290134216087340964300009117754609583667479652335917445074373,-0.08363978799557402752228083849164620667892184070007663742464748410312892901342160873409643000091177546095836674796523359174450743734,-1842270601175292655568921479770840576867530423200377320752229106658430823931207839040591448062381468341986685187459,-382,-823893861216682102673316020745712597955246474096682211799118096685332262283852953997407488323983825954831087531395,-382,-0.01117404987456229171595695757536922110453766459100350485365043097680002653120898729838631910167607435611992115096699432418210858830,0.002838307883912244524143903020333903895462335408996495146349569023199973468791012701613680898323925643880078849033005675817891411703,-14088959436682379883922545732193267601799122557631332721073436405123684898716548494437593184353352994779405515106687,-389,3578720794533937949402759354112655309260135740508233320731093838701344983588477320670598349294033113741420004759169,-389,-0.1981970753297749408963245728004138652834595052910801422782979150799289555446305960324827491025878498170782878989322223641788468977,-0.08080148003162624924211925053478886528345950529108014227829791507992895554463059603248274910258784981707828789893222236417884689765,-31237449561004222362538455206717122604266855265291061162595391437732092411866969804940828761427374659924903928438111,-386,-12734961667535929011152318098807804729464948443602278783268956636570909456965011780388028575136885033953928623856991,-386
19,19/32,5/8,39/64,0,0/10,1/10,0.09210961138214222695260350825320595319305632161128914923384340177312926020044106859365001913464119118324127598491874391307955472669,0.09210961138214222695260350825320595319305632161128914923384340177312926020044106859365001913464119118324127598492416241890222363778,14517213913706621908324310409074434459436536139503678744694756309084580282770243617996018356006090806044699223229985,-386,14517213913706621908324310409074434459436536139503678744694756309084580282770243617996018356006090806044699223230839,-386,-0.0001740602670320716923180557921362696602042230092768359150354304918710835199508752044948514826999763124001545799605622785324397435599,-0.0001237278291665082859418876603079615547354730092768359150354304918710835199508752044948514826999763124001545799605622785324397435599,-28091693957708867618652696324848729192205647546730705928355275679062425267151908307875046805485737082196330195746563,-396,-19968510736323367137092391398036461088557548057469957605150952460567195529141673176821158210435463040890761443573507,-396,0.09193555111505331184142464444619999359144584860201231331880797128125817668049019338915516765194121487084112140496088931983324230767,0.09198588355303256208552242860776768157972709860201231331880797128125817668049019338915516765194121487084112140496088931983324230767,3622445154704271965830439667119367400803124758677209489424414565509911481672858853763597121707146282738070110265131,-384,3624428353737410024768301209360504811756753859022823080302478670052976896822542842567249896868183983535478941867819,-384,-0.02060506735593061107817457648795040149207376556230790146679603592394791268445885974957337759976597203657796726108421579272827717507,0.04115737039232645970162583855111209850792623443769209853320396407605208731554114025042662240023402796342203273891578579348537114721,-6495047933084028366302599793529273613584024132025637361537031751312421783686099292136389631819510541170892185771253,-387,25946927411611997489120755700646148242036153844626269950545116594961952075377515087378808516036362620347055740601879,-388,-6.382873905317691004771554607042170267846590056557677247361663336337453079017124044951894083253183742095218678219816208940062132606e-5,0.0002636621313511131253192964778553595473215340994344232275263833666366254692098287595504810591674681625790478132178018379105993786739,-1287669950300837321669982327409631319383074253242288815682151510456168820529211747137287199603769828728859853611471,-393,5319074269824580835948054634164715654087053244605826787526276201849590995153981304539100336430351126607962074488369,-393,-0.02066889614409650188396041688143293256975223146287347823926965255731128721524903099002289654059850387399891944786641400438685430647,0.04142103257279028672268325987637956743024776853712652176073034744268871278475096900997710345940149612600108055213358678871996985467,-26060671166154378429546703883072360584953886070437447204671851815568096349474390557130728795143778712952516020910577,-389,3264143564188280869513762226838734711600568494909228673928388487090900140712441978792525038811882695005031415489633,-385
19,19/32,5/8,39/64,1,1/10,2/10,0.08850840636296717894760058988086728377772009610030653922135896043599715688861178916054846986259162460221009379288561197425719656284,0.08850840636296717894760058988086728377772009610030653922135896043599715688861178916054846986259162460221009379289097337638852587182,6974817551893266672520271350254748228359886200103696829121825709670929543714624348713305266569831277518674796488877,-385,13949635103786533345040542700509496456719772400207393658243651419341859087429248697426610533139662555037349592978599,-386,-0.0002210121382381739008404202287480511267553794359163543152409273184594394512605608375455811761168936309922673207873540924035224600629,-0.0001045081899042169593438393895909466345678794359163543152409273184594394512605608375455811761168936309922673207873540924035224600629,-35669285438828221476192373220490760979147683048717257965015893146391052972785960973013685529954153355846755157789371,-396,-16866641289952983396451793143672961064060815011219411404071255446783346009423144050613111781648864520782552721246907,-396,0.08828739422461531820903855362237985276815221666439018490611803311753771743735122832300288868647473097121782647210093656917154303562,0.08840389817317664882597836652101571702596471666439018490611803311753771743735122832300288868647473097121782647210093656917154303562,27829603634414519404135552304703802819413051873510315094068626779823773323905604144888921136602539364409215278436379,-387,27866327548839463185259735359904175737850396129545945731544480560447619277799263486568249907456886211449891476525083,-387,-0.01821343201550471077307836326167530484060330726262787409418327093845254139481971525536430306896639448037266559115892365133596443896,0.04350868156074730267182214943363719515939669273737212590581672906154745860518028474463569693103360551962733440884107714177085972218,-22964664356240838472396664550773962577384139816865443413069827960330907965680818218620423504480170827830105931133777,-389,3428658680907038881389613759086288162649108541934290520676723370688209623010001944113516366763558719874482738240715,-385,-0.0002076268085830882240545538274144000193301710945355273533731525183808975010449349815001081895780477753005573612755226628981883423504,0.0003822220685150320592808934839869671681698289054644726466268474816191024989550650184998918104219522246994426387244773371018116576496,-16754509410976671016775749292869115765731579551573707780226295073618738229766663896174625449192431305043994082225311,-395,30843527807033361161068297219370813551954175894796542140506506411654561870454032606246207301840371490617558678164321,-395,-0.01842105886637930262957408015213902126618347835716340144755642345683343889586465023686441125854444225567322295243444593007303482826,0.04389090367155383836354420598067347873381652164283659855244357654316656110413534976313558874145555774432677704756555486303378933288,-23226453619111191778802948278426628326997217120878918595298399947755141266266879211055423814751733926781840551063555,-389,27670234534910680596072337467192432689954271021412490149967762110296198506565916117173065322468063341171522689296383,-388
19,19/32,5/8,39/64,2,2/10,3/10,0.08096997003664570249738591159370968747676972956726693396850547760733302465232787788452722556735156068760153987712732416163852352415,0.08096997003664570249738591159370968747676972956726693396850547760733302465232787788452722556735156068760153987713253963211420718330,25523034088846314294856686710483708744271109854159017843545485776501789409903857321629747304272246250130727802596075,-387,25523034088846314294856686710483708744271109854159017843545485776501789409903857321629747304272246250130727802597719,-387,-0.0002856887025129366309730721385975578200415311518594737355395231546079185349126398218703398141951741205777675567320353766093620149003,-9.805245425669670732453593330580977316653115185947373553952315460791853491263982187033981419517412057776755673203537660936201490027e-5,-11526869019294339233874614456655099081353572826876337959398766107859887390665850476562915677878038634717716378679929,-394,-3956186532038707088805244678577820435738517412922883116732997737453567237480985872849512506167058491294233818692217,-394,0.08068428133390539219096960739563336989110319841540746023296595445272510611741523806265688575315638656702377232039789634677488555358,0.08087191758261637946550460771988263746922819841540746023296595445272510611741523806265688575315638656702377232039789634677488555358,6358245106140351359460587887575813157429961212387288449331543532791833597108359756225958593821658998378076053920907,-385,6373031595409108431868771367792539418773773225942612618776879504198683266772969614843968909517501046363045757148299,-385,-0.01369361231515156095524129294273470203685979588713880718037184177520168307510385488061641273941006157351944999394613039015855922553,0.04785564197048572833041849709632779796314020411286119281962815822479831692489614511938358726058993842648055000605387040294826493561,-17265785513364017754778388914644002246542302838281033868984183963368745433894246923912902873898248693575309404858283,-389,30169732823256229964037557413750827745204449879993200226205992682765520732131381626909482703844692582101479898778667,-388,-0.0003854546653290919067472155378398209357828845221423177997069035207823632925584649491625268798284866317515953204702392401307101333992,0.0005010528516233142426103417589131087517171154778576822002930964792176367074415350508374731201715133682484046795297607722615839941186,-31104383204814928980900950081895565282407474862708193136047978234257044593777061641741629826437663614404048627716223,-395,20216307265928142212716815318547831373868481550366612547014798862273294061054466477155454539521326823158817854838721,-394,-0.01407906703368609291570481039860430812889268040928112498007874529598404636766231982977893961923854820527104531441636964268156348645,0.04835669487531448262674514077327069187110731959071887501992125470401595363233768017022106038076145179472895468558363115042526067469,-17751791568024085537814557974290131641665962651310375319907156492603485307739507637653296475984379866021548996389101,-389,15242806328914387222483026755205696602107083206683720756919605174825388863934552364204563499524367326474462296810949,-387
19,19/32,5/8,39/64,3,3/10,4/10,0.06878868065369677886606830158099679554611523923300836793707183371121450854579382295456442337437490985794119359875718589507951088298,0.06878868065369677886606830158099679554611523923300836793707183371121450854579382295456442337437490985794119359876228081331792204880,10841648085435046062976199294424047319318343425965488698679747540274348578077306958785912901968855082594411756862705,-386,2710412021358761515744049823606011829829585856491372174669936885068587144519326739696478225492213770648602939215877,-384,-0.0003729367633650675238097769778368548417107322379545150586018136792523651276590486346551783477158316355087130618740634801773422701286,-0.0001056543230743394055391413729784564042107322379545150586018136792523651276590486346551783477158316355087130618740634739811952063697,-30094247241674121592326874363948656345791092833458590553688573251305449907377007572268958723683693257959238140945383,-395,-17051616429879236443342625659396032641891140591839560559892199782934506710738770040101240905875850106724775746324429,-396,0.06841574388987696399137206048420242117315450699505385287847002003196214341813477431990924502665907822243248053688566956421402100782,0.06868302633107718681141562432697585867315450699505385287847002003196214341813477431990924502665907822243248053688566956421402100782,21565740517438958924982992266388243893829559961750494466186131521052185939992239801987119883418944578830537384328481,-387,21649992232673827905773374492582763068339373651762326067463973198081252500196884937092783368297797555018509541506337,-387,-0.007849890558602384834393027354765555194141251183136200141696086439141614848444325285381376757988228450047889417330974572489916427623,0.05354274076494006106366300291867194480585874881686379985830391356085838515155567471461862324201177154995211058266902622061690773352,-9897645965794229983653268498241626425380603039415897017326476502008564865496311677920228311545314763262131533320133,-389,16877531227136892510394259165744929155404716715285808946392859990557634025189897796479853198414550109528193671805967,-387,-0.0006154008638696288927790011120469538642828538117695603783034892321112466264972344028990877688610825316248033209695797593243468272415,0.0006184677771961539745930348681776555107171461882304396216965107678887533735027655971009122311389174683751966790304202654602414277941,-24829981339092616209934288353897991111823536997021166915886216627779855085773754582051125408417608690563850642613499,-394,12476862048948827697076784206946594361859056596943712378560243408018090464204285437509322242919115558806746806635907,-393,-0.008465291514330978606237780496231454370924104994905760519999575671252861474941559688280464526849310981672692738300554455737204530043,0.05416120863399517991732178981626854562907589500509423948000042432874713852505844031171953547315068901832730726169944633736961963110,-10673582998462554347712326345647393860380479080799340436446117520374921725966346751077808788094301966903599036910317,-389,17072482225607137970035736753065083495497612102169687440557412980994975785952991067058057060344145523149885883411781,-387
19,19/32,5/8,39/64,4,4/10,5/10,0.05081618500103860664286767592163904763151533211102715238007489892472522166703447846133905598516879921735283461443804043052517838625,0.05081618500103860664286767592163904763151533211102715238007489892472522166703447846133905598516879921735283461444308776235413988364,16018077090304410992061716863633635120475739002507539994949894016788602844666306812213265836940082999105324448969763,-387,8009038545152205496030858431816817560237869501253769997474947008394301422333153406106632918470041499552662224485677,-386,-0.0004930312562912943864763723975031244367445717444658924387628058774214539221179544458675321926036430493155023912704086059468690777110,-0.0001280151706389800271541821127741205304945717444658924387628058774214539221179544458675321926036430493155023912704086059468690777110,-4973163677543868410473671464240169301868864452992875402943465315676637068560676498950880349650772136022035145318943,-392,-1291277963967894433977027481208010508745742016556728943484489570705822683613578257035988148732164748721017932112415,-392,0.05032315374429256490550483940517840366352076036656125994131209304730376774491652401547152379256515616803733222317015539135443703709,0.05068816983085437396659995792782244663227076036656125994131209304730376774491652401547152379256515616803733222317015539135443703709,31725331450475642881470070321800907047671913109103454653569786310880217267624205983731041051018240420570505990539355,-388,31955449308147515908998628448643122196067629996579855054578042575875290376530130342872843015593158020554350988003419,-388,-0.002537699543722677281306990637070805872342440289387665483560870519887926217249476237463007690221844393496953562287676566336262989727,0.05965104785343561763484596346449169412765755971061233451643912948011207378275052376253699230977815560650304643771232422677056117141,-3199694500683147931544802600808094182330235182798055798741766963201859843696324651079465197207694939141778374426305,-389,1175185478571246902152065063118756435732484069851468197958514854926905712516568980455573256389455300465579775962629,-383,-0.0009446255056896541156824779175569948382229599397924758421286990447886327277454173986714449778878009929506578596022547239062703633888,0.0007440679424693746603075313903043332867770400602075241578713009552113672722545826013285550221121990070493421403977453008783178916468,-9528355847284741080217866328070840690324296652229092834262403411170133569214044848585737702974666065366635037279161,-392,30021396152029994231306395801136152711532599473910269765755752322485565512431131722810079108199094171051311914742045,-394,-0.003482325121262412837050799349915886648065400229180141325689569564676558944994893636134452668109645386447611421889931984211004494114,0.06039511586775507373521482565008411335193459977081985867431043043532344105500510636386554733189035461355238857811006880889581966703,-4390739072186935898179860600444374633053206425791009475171671777232885695631533862647832328845261045162572372993849,-389,9518754918612991798633539202126667752943351045689747208958990295379299834888417652623706662477761721311552972231449,-386
19,19/32,5/8,39/64,5,5/10,6/10,0.02533507298370736965167568351611264049453023008577268555646894015569076032754621438236600555941930204931121584457693842547558613852,0.02533507298370736965167568351611264049453023008577268555646894015569076032754621438236600555941930204931121584458212217167830335206,31944086486084612662394640544182737079804857605423209869461883701320406689788070102113555022962802053400098828653361,-389,31944086486084612662394640544182737079804857605423209869461883701320406689788070102113555022962802053400098828659897,-389,-0.0006628812856661991323914295197780514598560950202677261916194253140306030118772441041919859280157060224161634594601182029523743893854,-0.0001644758316843674625839954377468014598560950202677261916194253140306030118772441041919859280157060224161634594601181905600802618675,-26745704985900561499812915020501572234081664646645397960755809050710241436201378582397203559744675704364700179567867,-394,-13272428009850024291527015773057407938055548212949356561739732923362709208384053287194641212531318203042568308402677,-395,0.02467219169713167581751132575841954997217413506550495936484951484166015731566897027817401963140359602689505238511941197170162908073,0.02517059715293249689086461631628087809717413506550495936484951484166015731566897027817401963140359602689505238511941197170162908073,31108283204128470807530451193986652499838762114817258688604124106616917225213315583369400007685771661083639104767821,-389,31736704799577455340834566678534125528423783134994158667768840936261658778100530707545381158052009483032621542115149,-389,-0.001329209540711166159686453889064013068203376999902306142543487340001204554547660050364262750613080045910570464399995566355953854869,0.06476090231284367869657575314218598693179662300009769385745651265999879544545233994963573724938691995408942953560000601985769446741,-837976360950528460846795313020713740278593370721260297966675777903711123565977964834491098069537044524419635866063,-388,20413675793718113504902091758479614458066134055450533285695256363209329503983413820885322746025848096313721601723161,-387,-0.001469982472304980350752851168735380403305183857481733541205102564395656287892502309625494787167184097174986332226586333416514418463,0.0009120102068425350951947959259911820966948161425182664587948974356043437121074976903745052128328159028250136677734136913680738365725,-14827586171482140597698805643238171441936434297190399707501111001607301365866862493017368072656948828603698133524167,-392,36797472584893008368843250252538103226380401157247008465777604070361542841209284351901090597163063437060866231796965,-394,-0.002799192111241574301915554752623612221508560857384039683748589904396860842440162359989757537780264143085556796626582792017645454615,0.06567291261791164158324679876300138777849143914261596031625141009560313915755983764001024246221973585691444320337341720798235454538,-441175139648156219983725369803815907138991978950728746807271389104766530594893631259291605125274320071386076546543,-386,10350578039624910724324822528911825238050202320122576446552969532733239194576910091039547462630717498201228193823249,-386
19,19/32,5/8,39/64,6,6/10,7/10,-0.01014577386325293481678073486759872922019485105406245238237098697574904619857642449499974469113100895228325172796548905808516228612,-0.01014577386325293481678073486759872922019485105406245238237098697574904619857642449499974469113100895228325172796016413886774438959,-12792443028067497319920509800467390575671786841043071996926856827203459802999127340534234125472144778872756795553207,-389,-12792443028067497319920509800467390575671786841043071996926856827203459802999127340534234125472144778872756795546493,-389,-0.0009050084735741898983235875783419639507160989623960601130480566282467845252926909532683620359538677987847340083590963355850768357902,-0.0002196968388767623908336679158663780132160989623960601130480566282467845252926909532683620359538677987847340083590963355850768357902,-36514969071165173421248522940932821974024495048547933690790316468639023812595198692770921945415920944426638417729633,-394,-8864252115712482549747975421278353092146278724117102160158831251661061341169258587474326174392497247652993160845409,-394,-0.01105078233773661941687725068385573223341095001645851249541904360399583072386911544826810672708487675106798573632192290927694191861,-0.01036547070122020250584147454555006817091095001645851249541904360399583072386911544826810672708487675106798573632192290927694191861,-13933535812688158297329561898176951710011095781708477419348194778717223716836188737727567840301401584941152089381213,-389,-13069450905536763091605098276576928662150314580773448944847679741949073550217205233348564414386901041306849988548957,-389,-0.008260168967982270069658085984552711723304932462999889735973544310018248987550123273726216690790980594645148035408950003257709962305,0.06421669151705738132423229487482228827669506753700011026402645568998175101244987672627378330920901940535485196459105158295593835998,-5207475661755244733609514769086808931414964808018613048652790487815815088945708115747996606457740394214695447232991,-388,20242131816536381828078003839811398128586056683749023541473063579805310069421805700382006224890067976904026942373649,-387,-0.002325399154960771689706001072359382736914259699847995910056074289876031297227957040934657405465946986002219023187904434977792561225,0.001142964139853708778924789638089836013085740300152004089943925710123968702772042959065342594534053013997780976812095614591383948847,-23456100329690831841694851684256845671084144918300656953818629950366617472706063998432317053608671942091454476764545,-392,23057961021835529950375340646628038516819893075129546449898270118185255688846092789609989352243078974389262384788735,-393,-0.01058556819024564969056077666262498508521919216284788564602961859989428028477808031466087409625692758064736705859685513220397366453,0.06535965572421369803435377411862501491478080783715211435397038140010571971522191968533912590374307241935263294140314724711649881889,-13346963949581292239063531928306096697892664540297712815759311297718244419295820646573970743207251246265473106582639,-389,20602412478717424181460780019815054511955671715416148854559324444974651453889062504038146783166537702147521767766245,-387
19,19/32,5/8,39/64,7,7/10,8/10,-0.05921857174082417000866378460676849649446262579503450871975921150302290166019585123109619075602546462967117068602429270826130210417,-0.05921857174082417000866378460676849649446262579503450871975921150302290166019585123109619075602546462967117068601891544399348957238,-37333288490777359173768607324179116803804131992840332544333725463692784982411051778770574498210063366085256863507681,-388,-37333288490777359173768607324179116803804131992840332544333725463692784982411051778770574498210063366085256863504291,-388,-0.001255008647649456743038060939349930408223964667441430200261184004280366028924422650844391695309755724570803642918205676873365468306,-0.0003021742705186721830431249499700475957239646674414302002611840042803660289244226508443916953097557245708036429182056768733654683056,-25318327557740825726949272618513656148066373945993029794113418271681033555835503901674233526456015913936533736325239,-393,-6096011509436263914579586450780943773707384634044006681185190706950914255498982458862837313641782079534314301096055,-393,-0.06047358038938312145347477378403346596518659046247593892002039550730326768912027388194058245133522035424197432893980861290970157494,-0.05952074601043334748993398131882350502768659046247593892002039550730326768912027388194058245133522035424197432893980861290970157494,-38124486227530134631733289971410373782256727913851755972691840065617214490877641994720015497929318501673304964404805,-388,-37523788849873867767101701522863316072906966027455066505828692392350603843048664261587916962243864417793172763776581,-388,-0.03028864251017935268800485862018262005956585895050889665173177071413333734365238495497388139768162295837707706515732310777978558033,0.04976923937875412709791433083294237994043414104949110334826822928586666265634761504502611860231837704162292293484267689222021441967,-2386866559732928175044907386193656819025543715148359858271255155675785501951338525361506263182917382247065403984087,-385,3922015756783020474036899746592883253476761108202035815043285277405885480082394018191526331436416246649839414474537,-385,-0.003734400710401622813164309559975564386389949801707431040506187535719960070540896684196464670482257526938107441587576963653447448400,0.001454327688532849539102002085532248113610050198292568959493812464280039929459103315803535329517742473061892558412423085915729061671,-9417144315588139979733030116306198591266424083974174682059682061889522725524720221021050407327396797423084881977815,-390,29339355440721611637862843451543510949096769878165289205608211381468718390981934111243089663782301357585496009535817,-393,-0.03402304330425448806427856606834177819595580875221632769223795824985329741419328163917034606816388048531518450674490046798664510930,0.05122356715096048920012573080665822180404419124778367230776204175014670258580671836082965393183611951468481549325510111822700321298,-10724609304755464281532080692837342395984477690250708643777713803421604001445557204091231646452807489432592621561751,-387,32292980964537182323750056597652681336921362562629946558892004670882524596276563736543707789094953612156152856850643,-388
19,19/32,5/8,39/64,8,8/10,9/10,-0.1271055944055763720948706113061558013073794841039341317841239949210254193980341374257459255280896843328379627219341172753159732799,-0.1271055944055763720948706113061558013073794841039341317841239949210254193980341374257459255280896843328379627219281658017074680825,-10016430836729847329981328519930014947062437425372016902653442239921128712941427536964250080437866415038626669633249,-385,-2504107709182461832495332129982503736765609356343004225663360559980282178235356884241062520109466603759656667408195,-383,-0.001774209591897954137648095992068706606573807688974553035391790724862011397683845250784218535176736430908686496304459018789726258247,-0.0004233743915424494982013606099886284815738076889745530353917907248620113976838452507842185351767364309086864963044590187897262582475,-4474074709354605384548091987323166100034886498475426425525744885289201305074457795179619241424283935082261447339167,-390,-1067635225532821601383800639079474799413451771262684480281566185914331227188922176745503474550306236894570294176927,-390,-0.1288798039992933156360645637740545860389532917929086848195157856458874307957179826765301440632664207637466492182355946090002657309,-0.1275289687952998321895261154403143516639532917929086848195157856458874307957179826765301440632664207637466492182355946090002657309,-10156245671540522411747835864009540193644908062249159290274139337820015556186687022819143482236751447579330195272027,-385,-10049794437384404341525192820425572228587727359424190480839223612997352261329398675232016763513187325372199135916379,-385,-0.08107291281829590842714943145118494244571486188495088993300715758784143271561144928479480544386741563463961034912112307261377769737,0.008473985794456648373692853705065057554285138115049110066992842412158567284388550715205194556132584365360389650878876927386222302630,-12777741652904979139174876702033536810115631592868984471664280921654843311557240988074705382260829517208512372879157,-386,1335568163125358611658800718204844546994554522261816770557823541619376919697642560037646835574786519347017732378827,-386,-0.006143249787743382157464984867705014994119776254603066365224293770665891543573639018814675510988245074706270486586192898057656336744,0.001907962769149623809675212886201235005880223745396933634775706229334108456426360981185324489011754925293729513413807101942343663256,-15491607436970484029666148550273922294778553534008285797371179043056055965453487274570716584109141731875749773476211,-390,4811363894561500585607919521435585170935538389039546265348222096094783144579541625784605575156775768649655999757965,-390,-0.08721616270790269718318237896537433243983463813955395629823145135850732425918508830360948095485566070934588083570731478101119779240,0.01038194866546967878193602923775066756016536186044604370176854864149267574081491169639051904514433929065411916429268521898880220760,-3436491783442531175739877891925350805163474943580114314544486869502242171276636018838692206314445186805406634900947,-384,409069605647485677547449067392578721823158564288185834080013822197105685485581011067144585128053719164625259561517,-384
19,19/32,5/8,39/64,9,9/10,10/10,-0.2215331358415303918133782070693850949852116788614936286440547548351544942156752784115320050382238622401850846172865330691183412815,-0.2215331358415303918133782070693850949852116788614936286440547548351544942156752784115320050382238622401850846172801882145250521585,-17457699982269360778547016569772449283948312287864587966972265154590189555627606516791294662639642588294311840461551,-385,-17457699982269360778547016569772449283948312287864587966972265154590189555627606516791294662639642588294311840461051,-385,-0.002567807653058229475900017902419529979072266160820864042021670705727968006892635451281667248355136026585086319125651323924390265476,-0.0006026454361105826642955180855249987290722661608208640420216707057279680068926354512816672483551360265850863191256512743552137554047,-25901253902579077862006998816274524663370799768581163196360472075504801418285201658900759060551269711268347625664819,-392,-12157664874423312064851278242816820811368588383292547318616375446406950765229963412436090428205418181177334125683301,-393,-0.2241009434982266000963699379234647812142839450223144926860764255408824622225679138628136722865789982667701709364090069096900829582,-0.2221357812740029956705820122032499374642839450223144926860764255408824622225679138628136722865789982667701709364090069096900829582,-17660053528669947151342705186975946619793657528656198928089866483147269421631325014262517443808951702052361517106135,-385,-17505190860398389514301582936457099878329959968637253856289575230710518102130920701860062539866067683925770091070423,-385,-0.1845163157870400577232914690534156569367123394500537614863779275094573510374080196932628743618122366271193809254009083878088869392,-0.08288315250159836107946212335029065693671233945005376148637792750945735103740801969326287436181223662711938092540090838780888693924,-29081252071907331287270521160700363315851393543112936997732302687054415868241948646871976419608214433724573459479261,-386,-13063049953778748815465783623955403410270110029506587509165181689480503506752602214712091995388353658480010031332061,-386,-0.01045012273667088850983453478991682567865450080096821370430557995766294278797495233430586806851477512840515364004120190078192237514,0.002650631514683485481654875610473799321345499199031786295694420042337057212025047665694131931485224871594846359958798198356430645001,-26352371252696907626413232999982937954300557088540800835226802797377804373329079902076993600148545181995856444092847,-390,26736691037674797813502923111172013485294379673514100618429711792389419960577228392952922068391284947629146389494085,-392,-0.1949664386328503104458773923931371701153668402510219751906835074671202938253829720275687424303270117555245345654421043402896281058,-0.08023252087777551138505585919001217011536684025102197519068350746712029382538297202756874243032701175552453456544210434028962810583,-30728275292402127633846884560280453652760830417120974468696086289922444936976937711415424580142637655925257136394743,-386,-12645289139113840479704264113262183984796733291133692268240109014692502524466661450408566527544600682847361969836535,-386
18,9/16,19/32,37/64,0,0/10,1/10,0.09177892162527570830023044360478985922636501012932851555667342435100901631119140502140319482014999673888239661776032165548282152783,0.09177892162527570830023044360478985922636501012932851555667342435100901631119140502140319482014999673888239661776554347081309847611,14465094554310066901442108349272660758636871938682833284284465012480339563673502270135965297663941424066851071700837,-386,3616273638577516725360527087318165189659217984670708321071116253120084890918375567533991324415985356016712767925415,-384,-0.0001764430282329961151854270829486155406179880482111250564780424836226324863515498985262838957690496785733710047251503417537877705353,-0.0001275329924462205632162416114138865367117380482111250564780424836226324863515498985262838957690496785733710047251503417537877705353,-3559531157374524912112439475933563752735830409417387452785560481266214388387892983199530568169438275312351206132345,-393,-2572828548408685026830712586190094820008636400643536984295433944462996147041547632661231984586894159596663901211257,-393,0.09160247859698586876618420850697155374434077208111739050019538186738638382483985512287691092438094706030902561303778187440993666093,0.09165138863288633115587501000824566263105952208111739050019538186738638382483985512287691092438094706030902561303778187440993666093,28874571434268238893195037398049400045392698972993546725641278446161694614720733377439996642637188355135773798880471,-387,28889988662569166057277409248070560823955656487830584467167191065857644725357190693481040133131759646836177126872279,-387,-0.01894347730263665245724182134365832968734756019077592880409650442082657197766803124012157224802577902525395096338671976467113564956,0.04072220163947373701381225580477917031265243980922407119590349557917342802233196875987842775197422097474604903661328182154251267272,-11942576160955960884177773626246354810354844117419068916527666184584573182400276692480995732916095335776985977768137,-388,3209072882658739212045025751792193825418118993916210734222273994823023827357239231451003711323086689651282764752615,-385,-6.133533358552817407558225306988125163473758698979680324494437553760150031143730313778911570370700414035312440691100871867838908085e-5,0.0002574884929610488641678307184267007796152624130102031967550556244623984996885626968622108842962929958596468755930889974774686746781,-9898947354603124838139288838579336619693168954191520348524665228550632244924990670435950411112064764207442560440533,-396,10389056711835160156645191750471777957062267582571767646053452785032826497415301710143503199095817464630256320014795,-394,-0.01900481267601257383388301400551116992335729777776572560734144879636417347797946854325936136372948602939430408779363103982413778028,0.04097969017222517908054569693198883007664270222223427439265855120363582652202053145674063863627051397060569591220637054638951054200,-5990621974572510226484081190757704443196048236804404555958582724506738510200741947252594376237664881702085498480529,-387,25834912097477479186199194293682025676290625797269799312275851949230206463674496898046824516336393589737109569712351,-388
18,9/16,19/32,37/64,1,1/10,2/10,0.08810426726593635196581714447694951545412396450350516856620710477745735447367903610178660526680463477109353375809898496929838114896,0.08810426726593635196581714447694951545412396450350516856620710477745735447367903610178660526680463477109353375810413699122813191688,3471484884741219421848252497010388780503947649106190527974388517214142675789822702452887381870523886171457521472869,-384,216967805296326213865515781063149298781496728069136907998399282325883917236863918903305461366907742885716095092067,-380,-0.0002219406122821448468390661289849290615371766736899406603733393586983170734666563045933362316187008043654633569885032390441562852314,-0.0001089587383421014044221299698510179287246766736899406603733393586983170734666563045933362316187008043654633569885032390441562852314,-35819132438006398620582473648725975993524999746408848759559625660579838962109573282436692489428115088003736135060605,-396,-17584918050024670257042133308564023539692742403851306185369112989876880221475732736560153632038961694311944974552189,-396,0.08788232665354052028125646231822520650977428782981522790583376541875903740021237979719326903518593396672807040111305534331018657299,0.08799530852770793739911663053683787740821178782981522790583376541875903740021237979719326903518593396672807040111305534331018657299,27701919834850938211605349964869023245680132569269873113105838851286421582730290689366957314819682762198057160792557,-387,27737533534899136856565079426833740212044713913791948469357563481463187950251432499060887580027709032204802868107757,-387,-0.01659110589476593565057297092573782192138436692431013424003044124851049070208940675840824498759946657916979376024027568187386519236,0.04302121827553666401792983669144967807861563307568986575996955875148950929791059324159175501240053342083020623975972511123295896878,-20919131432659339739450204685961569156664738947430141441221009510104910231912960333604200255088331508884006877489075,-389,27121956945106160754500160441033217453793531014667422578657123970793595783828698606844499616495819445940201586838567,-388,-0.0002020214325789847370537480711391291082005474230413221903011640723291660087232594850496829476681501019137685792574946884070812365948,0.0003716801891818623099175730348179021417994525769586778096988359276708339912767405149503170523318498980862314207425053177890658271641,-32604363728001622525413185092231167449815806509703743098402647931628102870355356933940907736460718783632879572288997,-396,14996423800034110478785813107811319912466340647897307040845036242522981604525538014708679424702346231506060212158087,-394,-0.01679312736190571905499799203764843540458491434735145643033160532083965671081266624345792793526761668108356233949777053757691715044,0.04339289849927932499521868276703906459541508565264854356966839467916034328918733375654207206473238331891643766050223025552990701070,-21173853067860826119241353915100222163106076810921936728374621548084942733939146205331824950109783383473526793685439,-389,27356276088769930582636868131145567832795643524858185398268998337590111345575177461164928409171969860353677799922465,-388
18,9/16,19/32,37/64,2,2/10,3/10,0.08042893415892334530667766357838222928284782328862060517688167816902406235166922135914196850693501394171039755765413581189357481766,0.08042893415892334530667766357838222928284782328862060517688167816902406235166922135914196850693501394171039755765914190216767993575,25352490896794409944433725458858818594921956468442306505147983894662272792967770888593303506883773761171251295784595,-387,25352490896794409944433725458858818594921956468442306505147983894662272792967770888593303506883773761171251295786173,-387,-0.0002843926088466742253039701201818017325505159938401457175961255078326833416537449961070435054894838940229479759459535695028777107800,-0.0001028457727720433790345413901708154044255159938401457175961255078326833416537449961070435054894838940229479759459535633067306470210,-1434321835006137499102252528393410133896844246459181188958196105122897798138204385306064170679151406188558414848857,-391,-16598342762647682399146480337116953011718924464409260691110217286765688671212290322621300729136169017247539365440287,-396,0.08014454154984929740593046139872166778467230729478045945928555266119137901001547636303492500144553004768744958171068389959080738393,0.08032608838637867560308635424769017364404730729478045945928555266119137901001547636303492500144553004768744958171068389959080738393,12631422891017427259495072470548196154287606743069357512463293926487646014676645887316954672982069359249887483576249,-386,12660036129328892760748791112094112599524566580498824911886084018320429104256325361967349464574683880422065561583545,-386,-0.01216612778516034133267959683192951960319533117452788531999646669048585254386822068702753174849820874050417636197533634385952041667,0.04725135986082707994150558383213298039680466882547211468000353330951414745613177931297246825150179125949582363802466365614047958333,-7669917478032236968782281054601064373007382703126896189716266833683659084737744324499063568219013869258526351489763,-388,29788773984389983692108845633173989893582960106775063418608503907457442890443383278114427396265855843662383473165597,-388,-0.0003761298346557414370566639633162794158359276175564802886198865683970162868462875814094462152135627271940219817978365943042438197197,0.0004844856468867401381045546798721971466640723824435197113801134316029837131537124185905537847864372728059780182021634180880503077981,-30351913115144919103017492409903426852785444344988705001415666517192398266125520410331420269338025506396252985641533,-395,9773929707876107544669154108671377330577832842443208763249083926743308482290715489821373404947896094905399042108785,-393,-0.01254225766665505991104206504787031073778125879208436560861635325888286883071450826843697796371177146769819834377317297534064661894,0.04773584555455279722091594276462968926221874120791563439138364674111713116928549173156302203628822853230180165622682781776617754220,-15814083657546202660293551852085507844618276699655789366162892392941362006596963964688039385949412129640230584661743,-389,30094209317289906733751927411059289462177886745857187928001657248289627587621600166810587219071966467921045407622281,-388
18,9/16,19/32,37/64,3,3/10,4/10,0.06807054864900929949296394505126569715574545468232445102649010113362481363618345090344355539029923644241285304722030689582551838975,0.06807054864900929949296394505126569715574545468232445102649010113362481363618345090344355539029923644241285304722523684784450403836,5364232359320472528587696574142162487795945827203875690440265195151170891091363366838865720593763620112459829756023,-385,10728464718640945057175393148284324975591891654407751380880530390302341782182726733677731441187527240224919659512823,-386,-0.0003682686915988207879055397743572455665251586243858981976326598503982430792976618567443205654935856843166041572403556756416699287647,-0.0001102659576270136135209458107341986915251586243858981976326598503982430792976618567443205654935856843166041572403556756416699287647,-14858777874754379954909814404172104469475756665208346577464148808823238055234645536542234188781300552451015261907205,-394,-4448972744367064560675383863667536646805855685821459867893033102962483542567599753665634164609581463722852193495301,-394,0.06770227995695573135417194115795093205797029605793855282885744128322657055688578904669923482480565075809624888998241314768898591591,0.06796028269183703323032946335948901799547029605793855282885744128322657055688578904669923482480565075809624888998241314768898591591,10670422617496013928726836951030189539529811763034388621150802273901076357298625059672848188635412205157216453440777,-386,10711085918929933042984944664804711813543496497534903959183082014860694232075413387017740207984209142416943695836425,-386,-0.006535752039720410574945380654903950917017618016117444911506685017182193659688433773406481218605293701418846341456135005360046866713,0.05276580620199338151070220235290854908298238198388255508849331498281780634031156622659351878139470629858115365854386499463995313329,-2060173938937291791183534784749618752634802826532444383216515808420876101713420887557166010060673509308572369178423,-387,16632628983429547676012086841875746844181877696388079537452635831852533736117083850189881323451050242800859423158473,-387,-0.0006014797076939996527931899044931424475294186951848150089404692768807996112031304880178956901539062795263675465532171940127002294815,0.0005945182979477410940029412295400606774705813048151849910595307231192003887968695119821043098460937204736324534467828307718880255541,-24268295341634062779056203367910260051528839189731152098001007051450094629557062510713543897815893243582061142529907,-394,11993709393718678415343415981004889973977892763922833003177578562972128159754910345385086207686074418872937189643335,-393,-0.007137231797436618825249623644724241802047036711302259920447154294062993270891564261424376908759199980945213888009352521572394411658,0.05336032454996333120221619666777575819795296328869774007955284570593700672910843573857562309124080001905478611199064747842760558834,-1124885006030805445788326507942905657244609800339301654757040700853126618395965105765224313621868863953085658458739,-386,8410015354237102505591784679451670952613564994400379051829609111297448254699174548722428175463761354113931580904845,-386
18,9/16,19/32,37/64,4,4/10,5/10,0.04992459451156334246255956215939205821376856958505354635503229809528996947888737385820290363667385208228272522648395022918189912796,0.04992459451156334246255956215939205821376856958505354635503229809528996947888737385820290363667385208228272522648885797420980826465,15737033458376805024580110098386124801102075313269416509022850755896393942485290569886657186242640351616388081822815,-387,7868516729188402512290055049193062400551037656634708254511425377948196971242645284943328593121320175808194040912181,-386,-0.0004831956546150029111495066098968166904406599357857548477990499507685983261021679694991912484223904548257673001768722039341363928116,-0.0001314743196781198434373188428680080966906599357857548477990499507685983261021679694991912484223904548257673001768722039341363928116,-4873952813366075223265300070686212858742960613385306793839791522428641105520996015968471794664413563941166693850207,-392,-1326170101407750830799189606687441510593242154264399636523759920329578409750911995249274699803446724170138214833247,-392,0.04944139885649359220052359143053772199207790964926779150723324814452137115278520588870371238825146162745695792630953179862336428335,0.04979312019233996997000870743548156964832790964926779150723324814452137115278520588870371238825146162745695792630953179862336428335,31169444865631543020707380003403008686619954720602680719784679401173799210952153529264224284310002536347687534462211,-388,31391181285702312949234029785305637119704833859496878664409001657239387839284514499581295304756317602110908236039427,-388,-0.001576885940589680391808257984647541708090687518230195294167639191270811716354898974753235643790308347171494751501276459955498787034,0.05860929289032824425075460822628995829190931248176980470583236080872918828364510102524676435620969165282850524849872354004450121297,-994119513633950774646182385633895763021395303073982886802364611447743972179516029090106531261276213623032931732411,-388,36949179546096198018138282914858788813478973241209835423538635418320357281698328303349944081105706513032276513862725,-388,-0.0009248506337560716563788631657622509885060394128960740504410888948007508179055766852356083484247572958616238982953167189167421611756,0.0007126646089356622180017253657318896364939605871039259495589111051992491820944233147643916515752427041383761017046833058678460938600,-37315553691644002822901571114481086624107570485815753559082031273048361738592929445387393836535503036086970428412913,-394,1797146581582976707367627250787839419132792860817612470983874597198374230626491691018930382979987380244792885363393,-390,-0.002501736613454024224423035380756472384096726931126269344608728086071562534260475659988843992215065643033118649796593550641064773744,0.05932195753837217864499224782236852761590327306887373065539127191392843746573952434001115600778493435696688135020340644935893522626,-1577175064720998440647288184113987366020510705477927669722043430268204647754451469625496246709842894495742975138571,-388,37398466216147052316873458477372073292759606069977312174843626147799030862764372144055888363603402804027325865665781,-388
18,9/16,19/32,37/64,5,5/10,6/10,0.02435154502827246387974871106423266148113988053905764477415157163492299827569773546956766561022281043283195515889964422703728120914,0.02435154502827246387974871106423266148113988053905764477415157163492299827569773546956766561022281043283195515890469473129353935110,7675997824766166362132603272894653481227284605507065892604216736428483430145121584705960078359910906562046306884613,-387,7675997824766166362132603272894653481227284605507065892604216736428483430145121584705960078359910906562046306886205,-387,-0.0006444047341060378316871659236943885247145464791515229283828178849374901913147842523255128734813264805978567147683210297639490782964,-0.0001653756004484331429086462932622596184645464791515229283828178849374901913147842523255128734813264805978567147683210297639490782964,-26000219470061608383536282571684320592240854727514564274117725021482096487811390057714174138055269652983965893014873,-394,-6672517564008059199460665227316954896119564834508696737171233027397783813417028929545286793048890890666682318599513,-394,0.02370714029371167869717508102158075342517533405990612184576875374998550808438295121724215273674148395223409844413384827590934341657,0.02418616942827877808772652888992792139392533405990612184576875374998550808438295121724215273674148395223409844413384827590934341657,29891484440051865532547386383310773682576089976594292189558617757858220995489649680498151169607911811314904871746265,-389,30495475125762788252544785181127664308230923756149008044672336194542150186257934903797671303174370424192382826724057,-389,-0.001074628097029138933576187794943152959561186086706594196632489892307829111053069636461906811043448003107588602416260340674106744437,0.06353368423131693469389573603318184704043881391329340580336751010769217088894693036353809318895655199689241139758374045243271741670,-1354960094014775676752728401080879915030967388554508562564984225970532303784934739524654327396972556148833843172897,-389,2503354619762120075757362330288114464574496179598881425657383629388457697866345699248490542302633735904385547025743,-384,-0.001440063826957661955805722104215115669481486487369296801482066023924261672736940309567090003781860321752291492955871467837916992836,0.0008742957156941384829559890163903530805185135126307031985179339760757383272630596904329099962181396782477085070441285569466712621995,-14525799381245271924843606764214842147888456886603750050693398509781350303499481480781802813282528002255708433047855,-392,35275781332235868601896840156117418513692789250044545654887329419255070477203993153705268769497217419540027314436933,-394,-0.002514692034945154505679154924793034254042672574075890998114555916232090783790009946028996814825308324859880095372131907650376757416,0.06440798005796942679314897007520696574595732742592410900188544408376790921620999005397100318517469167514011990462787047167009572601,-3170685156573850242752541454867809796944327887970441658166807587686120294324665366019952971328420296148464277135943,-389,20302429034730907223359808258089601702091020199954640503004163433193821621684495650850640073750549833254657559557999,-387
18,9/16,19/32,37/64,6,6/10,7/10,-0.01100427236544718386315289755407471014937688273116673779104445484357842256660960201699939762988355721302257393722101641789587342338,-0.01100427236544718386315289755407471014937688273116673779104445484357842256660960201699939762988355721302257393721582791305221124300,-27749786107530398181192147193716648279790617731953688496333663797889450277200555210975626080713317534858387119625999,-390,-27749786107530398181192147193716648279790617731953688496333663797889450277200555210975626080713317534858387119612915,-390,-0.0008710278436394904188071455126790436124420316018122566550511632489380506740478997186088914501772706407765038558097547063407694868000,-0.0002168803213847016363595689898518951749420316018122566550511632489380506740478997186088914501772706407765038558097547063407694868000,-35143930360130890802947890697075614834661961886995928079866602215651558251614894648509208124580175532157258499284839,-394,-8750612241485864912680692100094396846556934386718822307032398563611197155768574748779025777684089469431659705851751,-394,-0.01187530020999616898373297130466879282431891433297899444609561809251647324065750173560828908006082785379907779302817669832269403474,-0.01122115268592239079773953830601156626181891433297899444609561809251647324065750173560828908006082785379907779302817669832269403474,-29946281757332077472366461873894695102259077290687498990493607560105261507313409002595936396569597058728341462379383,-390,-28296699370329766122244618938361727187398339190327049901354907584377561260049168256685830383748554573587740164680567,-390,-0.008465243117754548318695290482470595808708767494257328858703733301670190366622138878588875475116405112660096898476307286381289405111,0.06239146521700432943551613529877940419129123250574267114129626669832980963337786112141112452488359488733990310152369350672553475603,-10673521976952013852712179134202219366833918713357594271219618693752549650630519620551261809401675319041668939474339,-389,39333582385320563344460335089264814248941231274811624353834319576859387760763777493039729950780169175224910421839151,-388,-0.002261274320090542511820245854152451924125285128227434464400595919623026743488618021654732756079472069172090010847847651487502646448,0.001088165477512284217596601374851454325874714871772565535599404080376973256511381978345267243920527930827909989152152447650850373694,-11404639330810274437667695305600489153812327471358869875821800735987300030869783372702438721666463566991746947726537,-391,10976231139236244497472663296700036325387408592945335962578327800124867160727660271811858231504206323409190796428911,-392,-0.01072651750878567756880393889399609460783405262248476332310432922129321711011075690024360823119587718183218690932415553269891017241,0.06347963076545720039140113923100390539216594737751523667689567077870678288988924309975639176880412281816781309067584605351473814987,-6762340949550514242870945956712178286034195636131673158869016351757669697218978815588889502274507391042253726018155,-388,20009798438123025818679385510859786988834319828701862570138473488625087163177126171876712423807271928042717867215563,-387
18,9/16,19/32,37/64,7,7/10,8/10,-0.05950100452587399901166747177470492350135653569753016425436209355821371167760975908750325991338141961319012250182108200949785933693,-0.05950100452587399901166747177470492350135653569753016425436209355821371167760975908750325991338141961319012250181579040076705620830,-18755671592161466086145583793292282991052137750774089587281650548355195589869048372827311369852170986935471444249475,-387,-18755671592161466086145583793292282991052137750774089587281650548355195589869048372827311369852170986935471444247807,-387,-0.001194990302935186723840491511350949183919357278888759571281037997728772342840129412623943831171516177354339189368692396799310042621,-0.0002920056323608173491778538007796601214193572788887595712810379977287723428401294126239438311715161773543391893686923967993100426210,-24107527844292374073632231119682890077050422364558964658732947504363333995922762497356350804194946736678118310855829,-393,-5890871160659462887303592536462534706834825624737060683895842540963550049960678764203146560517717873810193896227989,-393,-0.06069599482971868043728089152397091174777589297641892382564313155594248402044988850012720374455293579054446169118712756097906110374,-0.05979301015732532165907239733756954456027589297641892382564313155594248402044988850012720374455293579054446169118712756097906110374,-19132351715015221758044846343488680760418811467819894033720387993578071288478706896359564952176469348834832753675091,-387,-18847716453760082866760943487723157483933671033561035536821487947590552454476318619006924933851508009574990013057875,-387,-0.03096389160734746337820313718745455065916334763725288336489469060364375990064077748688268614365781646344219689469462407122139352502,0.04762206242642220377038695070317044934083665236274711663510530939635624009935922251311731385634218353655780310530537592877860647498,-19520631183635068203571249775764878228543887835687438486639496253518419808011463248857755323064533676548449761710291,-388,30022476780975558091933431950640456879893311079637125209822655332279199007251547658580181911933466708510480339087149,-388,-0.003602288238182758888063955166538288298678341278830877667754008655370433275398634116262084202185611093120212661666811385034025804612,0.001382226564162315825166177890102336701321658721169122332245991344629566724601365883737915797814388906879787338333188664535150705460,-9083992542852865108126106740805503477423252825400704313176415152735606155827498428923690191960928166843817025546193,-390,27884799818723645101633796291144794748488288280565391550167216836526908943333691006417182398660146660630068556382585,-393,-0.03456617995466958647901848090379752645784168891608376103264869925901419317603941160314477034584342755656240955636143664591565557134,0.04900428909972388380830451714307747354215831108391623896735130074098580682396058839685522965415657244343759044363856494029799275094,-2723953673519155370038115226161360119620288658241820529997754219228748316072003017342902764144415288945396826841945,-385,30893876844115630481061633433063358574846178312301743370813814570548330093338411785185263103992152884958940578112825,-388
18,9/16,19/32,37/64,8,8/10,9/10,-0.1259552284924654710986004042140094079469539400179049001701757566922094715349759390861261035675799236822153100107986788571121454647,-0.1259552284924654710986004042140094079469539400179049001701757566922094715349759390861261035675799236822153100107928796600138792062,-4962888693528406950861246340316837187620786219338405134898848252803371371656288740827410184711919881278688387415915,-384,-9925777387056813901722492680633674375241572438676810269797696505606742743312577481654820369423839762557376774831373,-385,-0.001667378960665594858570861710968523175011328418881378531556791644413248764888538283658546774904401062668889506926116542180037112598,-0.0004013471836159472144086836714177419250113284188813785315567916444132487648885382836585467749044010626688895069261165421800371125983,-33637414983620380283089328787518811427643379512777063711135324114207053736663139869961206749625319257601189085259559,-393,-8096708718459404773060159807225845392785362427217328768685363052953767099460847974038260570118201094577392220972839,-393,-0.1276226074549500553607171224008080092469652684367862787017325483366227202998644773697846503424843247448841995177218938675451655553,-0.1263565756742624289094632314095970717469652684367862787017325483366227202998644773697846503424843247448841995177218938675451655553,-20114347078959849351405379681371192076674369647396761973484672871322926698866201103054773267587879650953528550211121,-386,-19914810310689904576235758920809948055701519653716685296954712269597488187166327478595754048542975652027373715570225,-386,-0.08133212558266634206017475993835440124772431163465110082244351642069061398364110571739400167630755486786882766125611317859096463325,0.006632030477813239295873824046020598752275688365348899177556483579309386016358894282605998323692445132131172338743888407622683689029,-12818595664696612611553965919504612329098919846112100855877545269065292523887870396460396314654370325447175503627569,-386,4181044895703588694808791117836890677578648347184859558135082588286750351551035361063465593791080577520304596642621,-388,-0.005845320056848615844373580300596999007564075129956574405387692764294871666357269506176185045080823359125657702067041788541944506327,0.001799213421166020940418366110535813492435924870043425594612307235705128333642730493823814954919176640874342297932958211458055493673,-29480619148781835646153740623160347403647014695350739785151950380886212024749678792609329054034787374343245484261409,-391,9074255151285717367313108105536279117805184788174815349905416098040291395955948579642954283870922726909995748425695,-391,-0.08717744572318847046765773812713499400528838676460767522783120918498548564999837522357018672138837822699448536332315476885620309929,0.008431243982652772799401588044740005994711613235392324772168790815014514350001624776429813278611621773005514636676846817357445222987,-6869932513141831008719590752870296666724944482461030080940580089979561238068052198119112746997782055639312311349913,-385,5315326842364771533494574398077806159252296084027706227743725446506330081944755083553985464885372639916944855952185,-388
18,9/16,19/32,37/64,9,9/10,10/10,-0.2173824299563159086920918703772277685683917737595552956291212780133499887065188026996522724274923964146417825056715552813943535249,-0.2173824299563159086920918703772277685683917737595552956291212780133499887065188026996522724274923964146417825056653880827296764973,-17130607704252096586703290483826300501619160569688161557847811815471149400181144025984934202368893906187391421970779,-385,-17130607704252096586703290483826300501619160569688161557847811815471149400181144025984934202368893906187391421970293,-385,-0.002376494988327685516058202441949081614474308418936133721343253477095386303105951927872274178740111128075678001626692215009833041049,-0.0005600018803467534070002991521541597394743084189361337213432534770953863031059519278722741787401111280756780016266921654406565309773,-23971499585481699904779607576062016210600712949964359786575607946689256637141647551493983436112017548843986213042221,-392,-11297381150420652785532859145500729447167793886877502523029868883291733845183836740136619049204685557875113192648793,-393,-0.2197589249464625836116959292950069283078660821784914293504645314904453750096247546275245466062325075427174605072951594358459621457,-0.2179424318348436726955463130535518501828660821784914293504645314904453750096247546275245466062325075427174605072951594358459621457,-2164735630613377003838595079686245163652607384176192928812931415348532315015061978404563906058486900357139739958699,-382,-2146842262403447949768424843173467052508222416344873936281922458820363554131526338561945321253184193697307278433707,-382,-0.1820125487439170557433447960708755783687613232951216436754397031665279117471766542988653726311313312702417572452555479001892400932,-0.08212907165678442301095343864900057836876132329512164367543970316652791174717665429886537263113133127024175724525554790018924009324,-224114361669667875455085932197527741492283152521458982133510527051052356897061768987920956380955058409931244539547,-379,-101126568447648313512695297610577293672005670374662665699244119357721494128021146188859476638455753911455165681307,-379,-0.009772693899389914394176176053972553904259102723761577538484916902171846201598027482873661765652957037638441107705986753381076385392,0.002475784071907774388038942354230571095740897276238422461515083097828153798401972517126338234347042962361558892294013345757276634750,-3080509964633823457364118315116272960614550549562746393904625039852074676087909028874234969919692577270406340237199,-387,24973019991614689620106160164686408360793588690993700603064721489454311097909716263247061577591605346472050088545825,-392,-0.1917852427233425038935386570613715697730204260188832212139246200686997579487746817817390343967842883078801983529615314811430198341,-0.07965328750484111486689681135824656977302042601888322121392462006869975794877468178173903439678428830788019835296153148114301983407,-30226893288648642174878451792701202315480996971909230350467206163017477637495936763377666346107195807212093747231047,-386,-12553997311315762216365446027721153535217847810278937197154814823958889020853791577074111228187365625021944148523335,-386
17,17/32,9/16,35/64,0,0/10,1/10,0.09142910453360797749643718693084720323262498704224192534548595084272894185209957504556053277696712157440853433321023795788909967319,0.09142910453360797749643718693084720323262498704224192534548595084272894185209957504556053277696712157440853433321533287612751083901,14409960573456080402741769185355435618430586145651139165830137151275115328253816721325213764004081394369221310626995,-386,7204980286728040201370884592677717809215293072825569582915068575637557664126908360662606882002040697184610655313899,-385,-0.0001787771921720251566630565194722720490002653594885626202207228395846529434721228203597286048706653738497436057455529707519309836380,-0.0001312688527939700588949733047124453888440153594885626202207228395846529434721228203597286048706653738497436057455529707519309836380,-28852961418183236840026532750935461887860847008295802708623926231234838400678300522052437817242903010087028800915375,-396,-21185561195239845911204502104261503277534319656495645697003943234336746670135017087296677199699996047292268617435055,-396,0.09125032734137910892091332239650524124221847168275336272526522800314428890862745222520080417209645620055879072746723194436846210799,0.09129783568087085085640302164100444778518722168275336272526522800314428890862745222520080417209645620055879072746723194436846210799,28763567706624353713092939115247240874616896520264227428017116000350650199948598301973852572833313223850693536201797,-387,28778543097720625939375639511222945026516785627448158437636190672199866610975236322371242492915545753904747766037573,-387,-0.01730893760973607298931919235235977591090860189733419809519799611777984962480853679646264702500359181276170655908709427001508955620,0.04030985729482005241313136917107772408909139810266580190480200388222015037519146320353735297499640818723829344091290731619855876609,-10912109871229219102776620738787154276015944281623985345257333427905983357850488276501129788685632077802445830498573,-388,6353156987625107618559952369659279993658965478152790603772302942596459029563018423005998643008476426624877910783421,-386,-5.899119398863219095681633242300274684343098508091048386762032527326117433851607937807491196301537112513114043615819445227761124192e-5,0.0002512811422758288551279452871448683469065690149190895161323796747267388256614839206219250880369846288748688595638418086457959206375,-19041250435668331244597804817529304122618322336541349280931928225711451722776934790229304119353454765023008382527561,-397,10138604671989034268520891336042173156120303243647976448435470451611777332879023518830780573275747942963369718086391,-394,-0.01736792885761226626032200678124884311087703288241510857906561644305311079914705287584072193696660718388683769952325223830799934024,0.04056113849098344234830531255468865688912296711758489142093438355694688920085294712415927806303339281611316230047674776169200065976,-10949299847458832061591660092056675709792596002986661570126817745584860720415332079323977617830894112084118125836065,-388,25571043682472707384038382671498063441862404461342280949151180141555304822497103536566406738028489086052051027069151,-388
17,17/32,9/16,35/64,1,1/10,2/10,0.08768245435011542667200233798098551407552490202364273647137238653176976451806742268171278029684176875007877377046335590041965904159,0.08768245435011542667200233798098551407552490202364273647137238653176976451806742268171278029684176875007877377046836833554835744881,27638916876946592804545169658548693400936184409682422289583668253977912120410654982506388566169924571018311099851361,-387,27638916876946592804545169658548693400936184409682422289583668253977912120410654982506388566169924571018311099852941,-387,-0.0002228178419377783513314825340425141780904938972912443403512255033408680343223433895832208926638931229464695227848145763482459775100,-0.0001133038410548962503358525081788667171529938972912443403512255033408680343223433895832208926638931229464695227848145763482459775100,-4495088634214189185232419904614875410643995868740292633149542507466254854114817426301279536090203705952537736102659,-393,-2285772107428002427821031754206568063601895867463901940011440919386412430026305459115121078235695678390293468005123,-393,0.08745963650806396148294923941720362001462190812635149213102116102842889648374507929212955940417787562713230424768104451791599515334,0.08756915050917421725938810150254602724118440812635149213102116102842889648374507929212955940417787562713230424768104451791599515334,13784340558500580091325534115085083448077888432891704444617476129870176031349845145140774249146210549110228491936565,-386,13801600843901933091242655452379067425715749947601622574863371941085449625903457314823298687224292932967904239133493,-386,-0.01499819597993264828835716237239827995569480715081705698713521329521194888736980633521231444200769442968763526573545989927195876533,0.04255462601249818767393836985416422004430519284918294301286478670478805111263019366478768555799230557031236473426454129038827747638,-37821376699906878467603725022482772515002042160823184335403299381849899696312269562234239453730637568748734805872051,-390,6706950551318813118062119644180252251870442027354884859782606385742959439168939863642139494528894257573112922363685,-386,-0.0001966052037830302129293156091586059308935041827597318165488316283252697382486581049629902657464920901862539451301754812922672186165,0.0003611758714753598337268161352261596941064958172402681834511683716747302617513418950370097342535079098137460548698245311000269089013,-495784925292950768346520502734580878036541600974563342780958316859227673771113619820632213273584993883971534712193,-390,29145198440161903007963821890569963473934735830401813996617179517988408071669967072722491634033467763140855655976929,-395,-0.01519480121554799306333896630858325307408831133357678880368404492353721862561846444017530470775418651987388921086563538056422598395,0.04291580191580586206971767431641674692591168866642321119631595507646278137438153555982469529224581348012611078913436461943577401605,-9579290426368070198900687107899021182152906672419380574768524257381184187156420961287959987363717980371776342499021,-388,27055499088157130229411321661835769681015143965064497266201457090660024539371256238098444514619125836905589381620019,-388
17,17/32,9/16,35/64,2,2/10,3/10,0.07987358883417219850241970577429283148071173001066896668990598327474482162263969691639421319897045572764515423612253271441874083277,0.07987358883417219850241970577429283148071173001066896668990598327474482162263969691639421319897045572764515423612738018332801372278,25177437137378542818627898797406739782829499331891909686368493813457006573903597184016592833472177879295512105391813,-387,25177437137378542818627898797406739782829499331891909686368493813457006573903597184016592833472177879295512105393341,-387,-0.0002830375821411267111697346548900657790868989293007746514409927174748947914766030963788578649928029081196505574082311380433423258891,-0.0001074706441720750604444295744762474197118989293007746514409927174748947914766030963788578649928029081196505574082311380433423258891,-22839805061810557055752976491998716655798301223452064055095220998338533754640737645794668478465302143096207392319859,-395,-8672376806601948686058720847380458997481434357603212990741211964469628930764838713802023622922039362623421310249331,-395,0.07959055125180369811580673905992400593599983108136819203846499055726992683116309382001535533397765281952550367871672356351656297187,0.07976611819022749711741850825929534382662483108136819203846499055726992683116309382001535533397765281952550367871672356351656297187,25088219148784173498379173998247031642914597000837907405241769321315447025193690462709942259475984713014351117561495,-387,25143560665549425788322671653834498017848777695832414791534919739337596737123638372668568828947326742819955793604247,-387,-0.01067240432242795572267791517569452914613382876482455609443676069033809367534697092999927633056222460845127707112901637704783301142,0.04666444547834873452199676744149297085386617123517544390556323930966190632465302907000072366943777539154872292887098362295216698858,-1682056564970934139195214696544938296517293931440013582886665113855643973113568936121840735359608427305528748692475,-386,7354691079556836700712851809666144895417291274865839210233820553443528538757112032234906776951540960377882393160709,-386,-0.0003670494162827827303190489901165297864593837010860550670193860141087376327897111216798857288002462380318240314522724192002308065349,0.0004680980526506454417030552731891342760406162989139449329806139858912623672102888783201142711997537619681759685477275931920633209829,-29619165951502708311563630534450624608200552549471763950160273330882204238131655843160715601126599211746373996276225,-395,73776009484243683473847679675807285272789488848761210497329002493824431237619783942868231415558023418051429555915,-386,-0.01103945378918769440139448137009572690134321246591061116145614670444683130813668205167916205936247084648310110258128957696259385158,0.04713254358147633591209733991896677309865678753408938883854385329555316869186331794832083794063752915351689889741871121614423030957,-13919252051404289524654383746660577226274397692210283424234376365358276519116468422979565488087485379933754885122433,-389,464279193562290856775141252827624197579324677475167826681789043993882141038632533913106667897498489993542643622061,-382
17,17/32,9/16,35/64,3,3/10,4/10,0.06734420709422937563769710936622995481039880481901344655673269244949606239323138444412164662549539821341870285632648299800887651794,0.06734420709422937563769710936622995481039880481901344655673269244949606239323138444412164662549539821341870285633125432866302993848,21227974921744791235902728820479672784234901935866397957734814907883470662961306282679926622180227372760076678249939,-387,21227974921744791235902728820479672784234901935866397957734814907883470662961306282679926622180227372760076678251443,-387,-0.0003635819630793390788890254969455245396933192368623543243637104057780386555364114804400107864228589817094735771627110355076343138254,-0.0001146285663302093271918428416110518834433192368623543243637104057780386555364114804400107864228589817094735771627110293114872500665,-29339358744881944888042946862609522840847315280007943028509727930098457502244512710026011330198405420709862002980091,-395,-18499975089466259368102295960087354403879993897017043582987289607631159907998975069364994480874133765070531280366069,-396,0.06698062513069528920792161975032691073945548558215109223236898204371802373769497296368163583907253923170922927916615756586684827679,0.06722957852835391366139173064357642245820548558215109223236898204371802373769497296368163583907253923170922927916615756586684827679,10556684025752126237592215794910964014840730838377040809228340606461462130440740487575428607458631846008022962195943,-386,10595921079020760555786891746579151738060602128293035928154905214051082678113839232126551708919573119909778076126695,-386,-0.005258360317347297167615944070774803044516825534550223115615457963269375272187290222783535044837697807794616455746671353556268643675,0.05200001088818748881833071120266269695548317446544977688438454203673062472781270977721646495516230219220538354425332943955055551747,-6630078265823777379779942525811616521166168337165289160293330598341100927535212074946504528821618023756597039242437,-389,16391238009831550567705768881019399619000805525602174389274507071990021011525302503421268743182751604010483864557775,-387,-0.0005879161318443108254901637441957680356249553837052002704781445689066869169186471467883122822801172840527017082016979227588385741700,0.0005709782516351809820302258126889975893750446162947997295218554310933130830813528532116877177198827159472982917983021020257496808657,-11860518435783582077895367988881675793496237003929705709154392233349230473751227791675122850859548306772031570182159,-393,23037633135550348530145107829387053568445547238273075968643126175023142017062112766996021341546426035278447273050083,-394,-0.005846276481023922555158596141996938267641780918255423386093602532176062189105937369571847327117815091847318163948369325884283727916,0.05257098917165498436241342534237806173235821908174457661390639746782393781089406263042815267288218490815268183605163067411571627208,-3685680354098238519737327239153043463023102306925391538780199889166616260707907071737341924112832236178524263542371,-388,33142439057474188221108180798467654783901833458772309245781522823168680961702775684601092390439828454535793225109917,-388
17,17/32,9/16,35/64,4,4/10,5/10,0.04903456152490068106637521000301972904709744650472048060610727091911346067736338589405231075919806823544887094999162941294046334335,0.04903456152490068106637521000301972904709744650472048060610727091911346067736338589405231075919806823544887094999636901932165031828,30912961552665967341867629756856288538530200284561812784681915299208294529996844331874582706528793067785749137469531,-388,30912961552665967341867629756856288538530200284561812784681915299208294529996844331874582706528793067785749137472519,-388,-0.0004734173158238767712383970722085415500946018604477542922942978927378174457473118707542863034907499612611381434792732678070351338248,-0.0001344889924792873273610577091103970188446018604477542922942978927378174457473118707542863034907499612611381434792732678070351338248,-19101278219850582707098886642677407867790359049311297885972194224516593532248355134092004760678337872238808450721173,-394,-5426315381776107301025901769349160067909815371457514668304323297049799026368780220204422869542518194198646010406293,-394,0.04856114420862205694425034881185366796575284464427272631381297302637564323161607402329802445570731827418773280651472488258672673046,0.04890007253287614108990061641286685155950284464427272631381297302637564323161607402329802445570731827418773280651472488258672673046,15307252040097057330035225357056550714341607528408376565783782311991512075566049211696667265567220859696626022304589,-387,15414087687556201496143929490330780262190935143491179870817847694079545012566598750222474600100471770070080502188877,-387,-0.0007245752705998946448903124476974267846108002319750399418235643965288624330245042612265403687645928526251178110649724374707906400993,0.05764967788925466644557904790386507321538919976802496005817643560347113756697549573877345963123540714737488218893502835563603352104,-913591017661800170140749746157410145749432646453863002614098518574963982377227099924888744263516566673959996332509,-389,18172103723300465349060100146352895932282592274017937344282498586241698597432132925104486714092033809561037922441609,-387,-0.0009064943205778769678751980975494198895804759640567256329732839852567082968981088501558817736123382404414501126405618345897090891104,0.0006831525861450421162565195843353457354195240359432743670267160147432917031018911498441182263876617595585498873594381654102909108896,-18287459756239826818181751271057244319173477394500290738286059498864115981495659058802994094689809817820763271669045,-393,13781802205373369709296241809999668609671281752353388008309288608237987274138091943934136784030376036352263689394891,-393,-0.001631069623010086174817998872273213861691276196031765574796848381785570729922613111382422142376931093066567923705534817321441339994,0.05833283050723202312388805581522678613830872380396823442520315161821442927007738688861757785762306890693343207629446597578538282115,-2056557292563015126103360653787853583484296447550018484201896902661775920491856122648560016406954359714957215517745,-389,4596861098198370173931104196982870542813834104345857714880890284274342080227082048653894659162209901246460480316221,-385
17,17/32,9/16,35/64,5,5/10,6/10,0.02338341099814744272708851548760814466879808510738085878127283383459568725776133330092065308324991063192713406326076849037381078008,0.02338341099814744272708851548760814466879808510738085878127283383459568725776133330092065308324991063192713406326576189093872931993,29483305761339019276967778249491117726923084939303739377015440540376272533311135931609287656647344165838915948449967,-389,29483305761339019276967778249491117726923084939303739377015440540376272533311135931609287656647344165838915948456263,-389,-0.0006260331708626631085122098170094580058479984517924757450945275951504838083485420254920788122608428781056202457930142367869434839396,-0.0001659451966015489675397147379689306620979984517924757450945275951504838083485420254920788122608428781056202457930142367869434839396,-789342812079332337240357267629337573243407165144229527009380555824833252758377180513855181966908820847034563178155,-389,-209234357272196239764291598735899217830218247177067842424796240314095001928798738671070656504227137175283833122475,-389,0.02275737782705740594313307361111992689732508665558838303617830623944520344941279127542857427098906775382151381747025095386932656606,0.02321746580177326743499203280911797377232508665558838303617830623944520344941279127542857427098906775382151381747025095386932656606,1793372684310812475795541377681901721360432306659996201647501552755265042226837086974023242104480189115819729653477,-385,1829629462772094397762640349356660695062851722482890134889792465033086008519106409528079850071991834237649864134373,-385,-0.0008349379254872091589466009185388555367886149046319140661200222340431344535544431482836790992911578254425011415708757022927858954944,0.06229486163143123309035149478458614446321138509536808593387997776595686554644555685171632090070884217455749885842912509081403826565,-1052743338036856552150720267931179744404338293768878903404276132166301157230300823980409995801848517319445660356115,-389,39272680384083042280309577872157796295060998808630801881132861263058135077153980495011769799741013270989857572886775,-388,-0.001410221567799361127987040151472979835274436553705460832579919128866202310147192575266527243153933737737127036754107893381326731545,0.0008374644243886920776222814427653014147255634462945391674200808711337976898528074247334727568460662622628729632458921314032615234906,-14224783091896208471805775353706062473133728876534709703625186679418610357191959948802679328667827982705174668673431,-392,33789725121559737406723908961109443238730545766411833019037589086812633601605854981641428369111547678331241556212133,-394,-0.002245159571503114639405469530705194747063051458337374898699941362909336763701635723550206342445091563179628178324983694812465647182,0.06313232613403646952044560468804480525293694854166262510130005863709066323629836427644979365755490843682037182167501789140118267510,-1415420661572161549349758593204868025767896428794006075296756393904973772758489744692795829448062399446498507894563,-388,19900322444208816710538088224653890297330516406678567019586683876448871261998956907501170245756890047665742741563503,-387
17,17/32,9/16,35/64,6,6/10,7/10,-0.01183106080891296235935934156388946404022730036647678922962674106325463982020083470713874392772592238737503111792259360854616019964,-0.01183106080891296235935934156388946404022730036647678922962674106325463982020083470713874392772592238737503111791753041458071547944,-7458680500843334759304271412030127734817070094717904375172563365408436918728126281686622973901129286882303839845665,-388,-7458680500843334759304271412030127734817070094717904375172563365408436918728126281686622973901129286882303839842473,-388,-0.0008377494403898787708048243843563780877551190655474652459252313889661422547882270767595284055936304641584149423797728476838878978088,-0.0002136788624479856365386863075741515252551190655474652459252313889661422547882270767595284055936304641584149423797728476838878978088,-33801224848658442979607306585217186622275778853189051416167076909440213391235904646975471354260119304927292948443269,-394,-8621440882907190935506416251701492634615477182728675216900007274025189418047222958103450768170820457370927562190981,-394,-0.01266881025021233583193709418616088119048241943202425447555197245222078207498906178389827233331955285153344606029983473532438446217,-0.01204473967045145329412509963354857650298241943202425447555197245222078207498906178389827233331955285153344606029983473532438446217,-7986824639676997584858153455326851499615650874498124550842244223052837462812918010817735915828948289299324213802151,-388,-7593390514065384963674041288060258333407415190498898678144555698130683293538383421384868190136293718251193161364647,-388,-0.008692257119937517670346257872734775047989585806892426884342771299612300217388801815543390985682266340060973223144179314059045578135,0.06058886762276413199548626165851522495201041419310757311565722870038769978261119818445660901431773365993902677685582147904777858301,-10959755804813827235886162173566881872721533984011072655270834645663270997572973164377080603943120068909870037225363,-389,38197167000074834692886696922274908820296584023043228084892093189176765771688015439527175039885096763108725714376759,-388,-0.002198271986973921298053596163374720317304714074216938563083940277330248298305821859346487108403635099189221401293669754955157858380,0.001035685179256617561909820889847935932695285925783061436916059722669751701694178140653512891596364900810778598706330245044842141620,-22173779571739353824798902154999516636557373967486109025628384147769644482428661397980270110283401123032079161287365,-392,10446866905749292063246183227592492968231386856053414869101969207784304815309742379603076210586502568172896095116603,-392,-0.01089052919240394093505510840012316724029429988110936544742671157694254851569462367488987809408590143925019462443784936642926249694,0.06162455288751325152405133691237683275970570011889063455257328842305745148430537632511012190591409856074980537556215063357073750306,-3432869589768920353879846497162600882872322986846347693595898869950288002265482753820850086754854301366196800113403,-387,19425048117790691461303131948426865335205044405132921879832786336248311274118780963165880146346094585853742677177605,-387
17,17/32,9/16,35/64,7,7/10,8/10,-0.05973977084447234376238920622197764244966217562743818433031976317686711092210695155761159048744127272890190882228922480309150440831,-0.05973977084447234376238920622197764244966217562743818433031976317686711092210695155761159048744127272890190882228402836717960061653,-37661869135761368624332148346945013304625131235957075042427342870412728047078202685629890773245276175189449428321123,-388,-37661869135761368624332148346945013304625131235957075042427342870412728047078202685629890773245276175189449428317847,-388,-0.001136871277994508090384726411357680753496647263373597856928963112379708460451962141320488288090979368774786153194533894690648918128,-0.0002818119996295745288510369124563135659966472633735978569289631123797084604519621413204882880909793687747861531945338946906489181276,-22935044679701769378568733312596356720723573938709296749072785845059810327717564121593585123649299148827809739998009,-393,-5685226575678880904323580357766714135756497635146734438636477619855098634187795916595985699710821476787249203675961,-393,-0.06087664212337634655454686087125036226565882289081178218724872628924681938255891369893207877553225209767669497548115924059678867876,-0.06002158284319242358946731489651891695315882289081178218724872628924681938255891369893207877553225209767669497548115924059678867876,-19189294641287711785704969570433177337986632328370440906563968854502622164833053641725905755188410705933924952166539,-387,-18919766232838979499297371177611258948771000025928134623171331257549401334774920294500697062171867354030759772147851,-387,-0.03160921508357417158456417411643747825589023267771379011347233128719947074970127947039546416120142534270279138473509224041786135883,0.04549913212280232139257815986793752174410976732228620988652766871280052925029872052960453583879857465729720861526490934579578696345,-9963731908689242758939934547104844602433561562131288045350523896410373860245598425436004474582610366239243565259349,-387,28684113373331650595083696526231392387024166102517734488834030568240706921869241464670572071234260825624406278032215,-388,-0.003472716077073775249507515806974909313945116490722162342301534712577077285409343238325514274166221125227124577914754227142981429581,0.001312738463905341905567557435212590686054883509277837657698465287422922714590656761674485725833778874772875422085245822426195080491,-17514493489558991389793203832729747065728876497748338701481852319596258103981962322392802443426836407327668024918673,-391,26482958893590349903790654130566018877795099933042057318550622853673342903425367869608429586704258983513345203566013,-393,-0.03508193124795943820427280076325613756983534916843595245577386599977654803511062270872097843536764646792991596264984626928413674812,0.04681187067401915466834682814299386243016465083156404754422613400022345196488937729127902156463235353207008403735015531692951157416,-5529193889654331556341433962990152268833329816399669542106256575618103032193772791823686162068505139509365527736127,-386,29511705893800315813338870746471281964205349554542858520077484502120131032887433236719470889499214193502214792954629,-388
17,17/32,9/16,35/64,8,8/10,9/10,-0.1247728648592990593009020219114628497247296931383380580597354914093855963451337019592914472198687709144333391849113275747228890107,-0.1247728648592990593009020219114628497247296931383380580597354914093855963451337019592914472198687709144333391849056235504435220891,-19665204777311970016938433248941169880403322068919699492025420668918535554217896227159681778512264327996269564665443,-386,-614537649290999063029326039029411558762603814653740609125794395903704236069309257098740055578508260249883423895767,-381,-0.001565694323056915647538748418224137701163464102215928191451605969934391768294520763074129440766608529031116704312427694542246737131,-0.0003799497460422132752858072866323408261634641022159281914516059699343917682945207630741294407666085290311167043124276697576584820954,-31586046678399103932518591662819490611606548770491222175438704486658272105951327558690047743718156681340945012872455,-393,-15330081021822767336334526469637412213776831954582358369316002787990706433895337049396646128542431649362831369284109,-394,-0.1263385591841749643519866268055170655508931572405539862511870973793199881134282227223655766606353794434644558892208997377139200720,-0.1251528146035222831726419727222651124258931572405539862511870973793199881134282227223655766606353794434644558892208997377139200720,-19911970767273650343409993685258299762719259098788732788917070688187751909969006333223008377518814746208011408397387,-386,-19725087906016777874847231054011838409950626951142716205759526164341925646301934527997826826443130882487827413881931,-386,-0.08153538509843248598009871246811471388583999382182195945168009075967059915824703038031981250751684305573841348682078820957634517751,0.004839617767247076111728680110010286114160006178178040548319909240329400841752969619680187492483156944261586513179213376637303144770,-200791109304615431060126902055501469648689640275023471867655288167152336511493848797281916805953347862954863382137,-380,3051050388052001718748357046173047128753160070121039244709848255460169192418512342282890396377350870161639664092929,-388,-0.005559697935477853844663462281073628396013655900422211490556844063412048890089767040179976107494568744814006744415429282826631736429,0.001696202562943543215492406249199809103986344099577788509443155936587951109910232959820023892505431255185993255584570766742544773642,-28040096320483838805799535568698034669820093600664895138692307714544108014425701725620852499148689626793416086463427,-391,34218897354466143450071660586538500947922434878540749308382206812363890647416929691566721583314635022005382911586549,-393,-0.08709508311030789477368814673405162353185364972224417094223693482308264804833679742049978861501141180055242023123621689757285879309,0.006535820406588174276147058344073376468146350277755829057763065176917351951663202579500211384988588199447579768763784688640789529195,-6863442008775687642238616327015358670641985670902123182873774479199797159483877300708119779273504108947282681785263,-385,4120390978542539637354598183329614084719561916803302433130695816835906402275671793002531415326322829911947297727113,-388
17,17/32,9/16,35/64,9,9/10,10/10,-0.2132825913783021667992094979836753452995044484901185500499271749541114605037848387853000802763422333579529037700061051119208630923,-0.2132825913783021667992094979836753452995044484901185500499271749541114605037848387853000802763422333579529037700000648103480518472,-33615047948283734819289692623075044345160011437225479465994089056110264381831672922052161685328550536668180727557387,-386,-33615047948283734819289692623075044345160011437225479465994089056110264381831672922052161685328550536668180727556435,-386,-0.002198022979662070371738928726065691919928902585491255444858308062233737207667425479786776835173617877078466639300730013487590059425,-0.0005195318210619886820831479338293637949289025854912554448583080622337372076674254797867768351736178770784666393007299639184135493537,-22171267856502362405640605454780868590629723570318633840907257420787527313746495919793920817076812320229646551735389,-392,-10480945168746795957784830763912806573912676790762625558921006716864172935183305221171154863226191399027976757033145,-393,-0.2154806143597832265744942831855711153444333510756098054947854830163451977114522642650868571115158512350313704093038120996098099451,-0.2138021231975451660777467894416746309694333510756098054947854830163451977114522642650868571115158512350313704093038120996098099451,-1061296062775883486214893313195542125900042554237852460731384377930539628157260227509687571847004001509704208304597,-381,-1053029072878996307365972739827086266706435729907929432953972633769330222748888347955671897865273526182322533910997,-381,-0.1795183170910043566725138517059478908607896579633255693922151896343049562425944684741748195186714209828382116293514651901973738032,-0.08137283391291777782653606850282289086078965796332556939221518963430495624259446847417481951867142098283821162935146519019737380325,-14146763684772125203578206135802022090830594630456504537282545669518197797177724615682494616780106814737630858188103,-385,-6412505812109930195565213099415082481009775297264742356048231149668112883541266821241834140316525552221155277542727,-385,-0.009139242373439949619726804016382926105977192265626990066732767305208300833942605183657430622023514104035681067280590649316601448576,0.002313449154225643110318514587132698894022807734373009933267232694791699166057394816342569377976485895964318932719409350683398551424,-23046687016232440440493132277966637535914488451470861653449073365473189278396498834012173983201976730924525211408777,-390,5833890426229910848951127458799548320754948392955913556640743358935773629014355891726404601659068097801611767129719,-390,-0.1886575595735836705049920442721355044667668502289525594589479569395132570765370736578322501406949350868738926966320522705332665267,-0.07905938464955277050346616536588550446676685022895255945894795693951325707653707365783225014069493508687389269663205227053326652669,-14866972662630008777306384688029057871210748422552087673333883426205193109828575989577193084017738161741993595624467,-385,-6230196727689625671572722197787018238603357131997751348022153705685411809933607414293565966252110100001883585240083,-385
16,1/2,17/32,33/64,0,0/10,1/10,0.09106023274357572785390419146167302468872569219317814657784450068660564911569661790030163677552003983111869536670286922325819545536,0.09106023274357572785390419146167302468872569219317814657784450068660564911569661790030163677552003983111869536670778648556799452573,28703646838459954215818996339305708350849651081654990211137047466783816793378207146812536710021768113483775624565961,-387,28703646838459954215818996339305708350849651081654990211137047466783816793378207146812536710021768113483775624567511,-387,-0.0001810597438000377340160561827384769111469074927452116453622201314174672572952365109232235276108449624448298726064150261337737100594,-0.0001349327482719536535825831917487918525531574927452116453622201314174672572952365109232235276108449624448298726064150261337737100594,-7305335958657724094304388480688572955632939763936197328725754866202698999095610845326475227571997756949979862210209,-394,-5444219887112247619312380728860252184903259658675708013512786692626502486328567851393601848102765638922406243407521,-394,0.09087917299971884670102732726406485783617253470043293493248228055518818185840138138937841324790919486867386549409891047374343705210,0.09092529999536061761918241628479392277757878470043293493248228055518818185840138138937841324790919486867386549409891047374343705210,14323286950632511394197410435307934668194610592762132752764250155306204147320031176056991167371657430530715524983505,-386,14330556935304903869615270399272973584449820959898279703129678008513436077755737772721482741573256138437933591358161,-386,-0.01570147126710072167684902712645108002474120656653155346964562202794092466782468322297370441381158275715861973492267707685777764804,0.03991952158015191547105441525636141997525879343346844653035437797205907533217531677702629558618841724284138026507732371624904651310,-19797422981082000335499032029423555635531281627913589854985899231321761196281894829744027070937806458507145493118395,-389,25166547786531982487027980773424519931508453283737489104425806751935202870908723327478496437419633508789781515452707,-388,-5.684885506506992347453481772340739559631501722011307628933371662498182790912108179694067080146154415469454422163377594250463755848e-5,0.0002450952104756680146613275327404597919036849827798869237106662833750181720908789182030593291985384558453054557783662271555688943210,-18349743632644643221355731669016334424669951182163898138782984044488500978881987799154176613256017637625848119104757,-397,19778033667827466621924256445026396198150872399056839846163716948570071421252104550669261230231205863116377281739459,-395,-0.01575832016445729523276472500722380382658752158375166654593495574456590649573380430477064508461304430131331427914431088687909113627,0.04016461683291908711815690585215119617341247841624833345406504425543409350426619569522935491538695569868668572085569069933455718601,-1241818857529428830928225968825452281728198124889940848765816024352780307436038091477609053810079321075908979670541,-385,25321063701223805980896345349377081559693267661115188664805228854045376811760233828809235934594780484500589319163801,-388
16,1/2,17/32,33/64,1,1/10,2/10,0.08724310738350667697051625610489275987126628211588337029777107901624070513433152481978800415882532369974957330079436048937144832980,0.08724310738350667697051625610489275987126628211588337029777107901624070513433152481978800415882532369974957330079923333769909437631,3437553457717639026477073453512908906415468738568118935549577158487589208948205363786062155511452898490534641184909,-384,3437553457717639026477073453512908906415468738568118935549577158487589208948205363786062155511452898490534641185101,-384,-0.0002236412408825901561575758189921682460006692333022410012140952350728077929039094275198243343072444468961942414015036672352147829709,-0.0001175414292226025477210807533030813319381692333022410012140952350728077929039094275198243343072444468961942414015036672352147829709,-36093597937767086743494169378165986002158532226415373335825851980737409138267284517113910550576673623181606567352609,-396,-18970083830014151470945461531688390440356072233667423414263716207357535332865157658137921063726282366035916751182113,-396,0.08701946614251039997663706425616121174245311288258112929655698378116789734142761539226817982451807925285337905939529186455926135185,0.08712556595439776126051679138132905842214061288258112929655698378116789734142761539226817982451807925285337905939529186455926135185,27429932353233074954645855711167621733424188916840287630394328008192436093747043950277126562421434082361654840300763,-387,27463376716796451738099742140918111440234024563413516125996387839741618311004061319176329192140126832570458943427803,-387,-0.01343468629162532176361385110139770251349985080174638202877439414852779502972553435644298911395664647944899082122725082675449523249,0.04210811119886341605796512839078979748650014919825361797122560585147220497027446564355701088604335352055100917877274956979891684808,-33878629920591161312380350962269677204332448145343341684580347238513655171625874116383961483187442694818875987827545,-390,13273152467008672657679630009870388909159099556642913741341288022819125711873065064608268201493930837724854671592597,-387,-0.0001913746178143197485118532594978021513246935207502270026768776112563380517745798782246579189476595352820449985264000696223718407070,0.0003507106279830326511651849332512212861753064792497729973231223887436619482254201217753420810523404647179550014735999427699222868108,-7721516929999310865279794298269740915159803822575727934316909358050702458851240675684570644175430162817231489348681,-394,28300702386030287987395701878387088780903784310768419143107178858817067911313604101821071139241147650217129702561647,-395,-0.01362606094991215574102101094811474294607454432249660903145127175978413308150011423466764703290430601473103581975365106986898485845,0.04245882186731896293802561991126025705392545567750339096854872824021586691849988576533235296709569398526896418024634972323783930269,-17180612415388403326509260186296532926236402374850733349231832039857263714011072322275910553782116346697773003796303,-389,26767404196923379043150334507336059409654727144575491261735228382053435604982784657746407011042139544817178931906649,-388
16,1/2,17/32,33/64,2,2/10,3/10,0.07930419509425199222774952628711084971234913810588256500122964018457474877186259526703168039431737772429701615879547116816952807191,0.07930419509425199222774952628711084971234913810588256500122964018457474877186259526703168039431737772429701615880013463629559557736,24997955092030349265234676160521184764164962420790825036678372400320260962389160465799552667472912331553233575986657,-387,24997955092030349265234676160521184764164962420790825036678372400320260962389160465799552667472912331553233575988127,-387,-0.0002816254685371950258756355935858161633804163816127564610486675343813021489049067024612970613286737702320679586514772518552792692201,-0.0001119252852590852639893369371221931165054163816127564610486675343813021489049067024612970613286737702320679586514772518552792692201,-5681463529658909111807202441906082675237289217315514870619991726685029596680591199492461541170121189807239263197743,-393,-2257961361055588984505989369859552712236147654768136451147028346231722640009182202542045761108648037883364567980591,-393,0.07902256962548742352643065863404627378334372172426980854018097265019344662295768856457038333298870395406494820014632480770128188420,0.07919226980922028063920342140946741636146872172426980854018097265019344662295768856457038333298870395406494820014632480770128188420,24909182224307756978612998887628564069386189559870377460913426244474007723710184888429717805639941108177804034795095,-387,24962674445835527519101459811354967406014462830584965560540708867527189947369858333762598352707777785745997432317527,-387,-0.009212347841648741619999530164845059837689932653564522077484400041104331604281408365320756171413431780923692080990113846560500436545,0.04609421583608315978724229112421744016231006734643547792251559995889566839571859163467924382858656821907630791900988694654632372459,-11615519575679520764372437629172941969863165443208485580262541511421405441477406375187558071585540903593713046563541,-389,14529636623930345538094535498175478430608729238606071359095149671964930949259129106678824301658642833841917119255883,-387,-0.0003582447330458713104896883677540596910121580326369542753164448807226887097176282780183957456349002294444273425032042895685387961876,0.0004519139833305921064741273213328543714878419673630457246835551192773112902823717219816042543650997705555726574967957228237553313302,-14454334659890286006505872569297928473785088689368820511931767112299151357758983421948588102055863672505958128088575,-394,36467338386287209610863394123100595423234640795029336901700813403927654921848439766195037675874428754972649078789123,-395,-0.009570592610619653650519883930243162497452090686201476352800844921827020313999036643339151917048332010368119423493318160913627487769,0.04654612985533879261374708384319433750254790931379852364719915507817297968600096335666084808295166798963188057650668263219319667337,-12067217579097689867879658501277214916885166545483419757333961427498133499299101409871026409157653067284506547520133,-389,14672087175825929367087948720047268302034793824394694340385806522778368245770531275202417407425743927147274607083359,-387
16,1/2,17/32,33/64,3,3/10,4/10,0.06661005777445449824838229926299578259606786428894273727537532976567775177814777075475143195920051766548690867774575302147337095126,0.06661005777445449824838229926299578259606786428894273727537532976567775177814777075475143195920051766548690867775036573076269214372,20996559273370003148988469311424951788403190498857740609322095800662396383667795389022818134019516843338836309343781,-387,20996559273370003148988469311424951788403190498857740609322095800662396383667795389022818134019516843338836309345235,-387,-0.0003588323946935205090058348243428822474827001368272317115891783706159816369373172090721153633094058298446697834099971153894884087172,-0.0001187471658688380916801593368245717006077001368272317115891783706159816369373172090721153633094058298446697834099971153894884087172,-14478045428921512486195076227235155237369390257517170441936624379014739762196495506119803093127077180709040464565597,-394,-4791169602937079296158476294805922840509395962147498378952200969996920943957070434058061354925653050638944988534109,-394,0.06625122537953360406393323237917414058296016415211550556378615139506177014121045354567931659589111183564223889433806139326795421253,0.06649131060881303383214537198564997066108516415211550556378615139506177014121045354567931659589111183564223889433806139326795421253,20883449543384882000940380543661838985133051920570995059332957137584544078044793928003492022102273473079855503010257,-387,20959128260918729048736920950109618669189901059803355934148040515701095090023972116134504679936348258665410979326417,-387,-0.004017757083337261791815010061580386234229562304607623321271461345211799394817986990568436957843145505764367522075703378667728852318,0.05124521976658006060541704560248211376577043769539237667872853865478820060518201300943156304215685449423563247792429662133227114768,-1266461515946100793025060041863622051350312018566983210149094599721033178926289903122024010343983701637472712302589,-387,16153315734227075165050277915928799651446932415969777259228068959504414266379142198633371737108118663094047969992707,-387,-0.0005745968670782657117547821814756097027348234832178711677365305774218102915031252009379944873738891956804345383303557736470900757295,0.0005478270808123726620373892967958746722651765167821288322634694225781897084968747990620055126261108043195654616696442511374981793061,-1448977236290987552703956231344879459629952322913735110058232727360964929950080246055211284199834697741485661441595,-390,22103537697507130100082911095887110664829537493815578918939479298667429191399230342636463060331264965452940050111569,-394,-0.004592353991342789083351562949232753749464385787825494489007991922633609686321112191506431445217034701444802060406059548868231008618,0.05179304688831969484723620560545474625053561421217450551099200807736639031367888780849356855478296529855519793959394045113176899138,-2895167366766807904114413647185199039756590201823756325955910023330182033442982223753304932525634800199230813705097,-388,32651999270779558667802655823352570479180304439241779067207729925098381556976779727365892300321622063762212102007927,-388
16,1/2,17/32,33/64,4,4/10,5/10,0.04814657632992218126454120667129709401998896230200583863301032200803982189696820150553363522738660003502700082266024130546551482707,0.04814657632992218126454120667129709401998896230200583863301032200803982189696820150553363522738660003502700082266487939417320917603,30353147182188376798205569918831930306595199977329223281196287587966526369167466752880296797718376577329551761355141,-388,30353147182188376798205569918831930306595199977329223281196287587966526369167466752880296797718376577329551761358065,-388,-0.0004636084711016160305086733481819050973224083410697101555225527479199779837031879721358528925955563145332792964013381161106543799651,-0.0001371409832351496312264563224250691598224083410697101555225527479199779837031879721358528925955563145332792964013381161106543799651,-37411028686943939961245138769200623667721344415586164789110600634105127196922471979163473312180669546673481475422729,-395,-11066633976240122186976710586859482480068356077111363894815550055328289302047464923313006507127357844851015541324297,-395,0.04768296785836581788314606920415766939141655396093612847748776926011984391326501353339778233479104372049372152626122075902570644696,0.04800943534714177898420121446782954439141655396093612847748776926011984391326501353339778233479104372049372152626122075902570644696,15030436760142469970129791666623098911139183053241442872567662940022690729009072290516010780729106388678699738255267,-387,15133344552267844085309286653161721605816213406538180687207038121813236356959293146338987267695098206652709456629667,-387,4.989876679678885460504653284075221527502751855346834375418519912720299785240321697016157950864139281207454226302657315210030092923e-5,0.05671722856850897399902948500940325221527502751855346834375418519912720299785240321697016157950864139281207454226302736625892446207,62915568592624561544687341063636364432066023390869521281570260447590057873733240961102859691965021332417459545819,-389,17878180731989700573117746844359093440191840179325817460577294611476165227471756912558728339362827687178455378368951,-387,-0.0008886469079553978523719488632334150385849969327607905671545912445283218079077424014131566998730013533398960198797092769683732056207,0.0006547614882182199501883805740224443364150030672392094328454087554716781920922575985868433001269986466601039801202907478162150494150,-2240926142314584358595140633846818664904173754481463370544780120385769184632321598993663551537052141978989643696857,-390,26418090205117207832080750741579749081447212001123658839530665578833715654793463170765693447470943745853642948694641,-394,-0.0008387481893618281917320989398897331358099694142073222234004060454011188100553391844429951203643599605278214776166831003696849852616,0.05737199010493041314318306219292276686419003058579267777659959395459888118994466081555700487963564003947217852238331689963031501474,-528773781671190470744889016773263346762662392479417188475134789395699389097941887440288164966026353537704028000073,-388,36169144153823214180480202947898747322533945011723678197001980762144659383926389795333094345770134699095039274660023,-388
16,1/2,17/32,33/64,5,5/10,6/10,0.02243107425536430167073268469006855980798595128004005222792756369812755260632979498227419310978140431399929756560480620095859316652,0.02243107425536430167073268469006855980798595128004005222792756369812755260632979498227419310978140431399929756560964891122692108970,14141269228826382290724018555525477413419395107940598849164999966800798913299632809419047091988722732644853702358689,-388,7070634614413191145362009277762738706709697553970299424582499983400399456649816404709523545994361366322426851180871,-387,-0.0006077531704974486824229696638323760263432553920388182644582486519589226965226255335993174235003067813811584226036931286382689869951,-0.0001662201932773993216559627897479033700932553920388182644582486519589226965226255335993174235003067813811584226036931286382689869951,-12260707425187258050037662564789337853194187066721170238802424355265746589370843452749278816340053769712435882620643,-393,-3353297451766771727136451124831502823279244130044922416710350313201756551349846599747350080617709047253020485613283,-393,0.02182332108441210563742325090727866425039269588800123396346931504616862990980716944867487568628109753261813914300353378305519351019,0.02226485406254164969996318601927817596914269588800123396346931504616862990980716944867487568628109753261813914300353378305519351019,429941316296956035926924458169514312299822371703312239236137158288485803983075893500299110249041991662580449069031,-383,438639958867042437539055106150807673815771237389883301477776145624388832062291108209000093843067863876780078843879,-383,-0.0006105841408696826889475105673199360246392013919939846479800520820990722672365740688883591722012151898753552065063030342300980850384,0.06104629797244175706363122478424256397536079860800601535201994791790092773276342593111164082779878481012464479349369696576990191496,-384931841631478990230145583583296449462388546307808124458233725512641911312181053966632763763849446897832029178095,-388,38485545775633501513712714757596447753738252019306737919164439120807160030237038326765466537754676632686686084413201,-388,-0.001380317647276266150250575549203331371061859621585069034109870558000977040258913654785892693619394563499186292701529908368899178690,0.0008014227067136143817757153443513561289381403784149309658901294419990229597410863452141073063806054365008137072984701164156890763457,-27846289659377709052984649796636084682420919763225752563107482565841555521918941821150835510245067396096428198798329,-393,32335526354801734928720249102129041547304748609325506370573921126949377644908093500796847895791368323515884940933135,-394,-0.001990901879095419016490909908027173645701061013579053682089922640100049307495487723674251865820609753374541499207833289583232834227,0.06184772077010484162269976392009782635429893898642094631791007735989995069250451227632574813417939024662545850079216671041676716577,-1255128450824497797887703679998696478340215808822737621262370649134911506045219888089716575209471630778987574256143,-388,38990788432264744021725756440087736410467062236241573685411684731855465040611799189927537487876880590494763950480881,-388
16,1/2,17/32,33/64,6,6/10,7/10,-0.01262615913962892741856681153995766665786307721044014540012413265864282249140944030967625706951544575281590138381179534891408410907,-0.01262615913962892741856681153995766665786307721044014540012413265864282249140944030967625706951544575281590138380687412107016423300,-31839744042004594214317722605350974326004009564413202972186511816293805555352437018232642299402118425459406706322357,-390,-31839744042004594214317722605350974326004009564413202972186511816293805555352437018232642299402118425459406706309947,-390,-0.0008055302230608096478460764087755406995143489916435573030929857770992639646588689341306091289154119432322748776526882346571213727115,-0.0002097702179347426762758230365831578870143489916435573030929857770992639646588689341306091289154119432322748776526882346571213727115,-32501255004595249927237292405697737753801263408751755857697247129210171940544262689519400726846743492665634379036169,-394,-8463736245128961274486887785911129895486162999988857703815832098995525814555559268848678633518653969692273331435017,-394,-0.01343168936359923176818581618664824641987742620208370270321711843574208645606830924380686619843085769604817626146202274658795124843,-0.01283592935665417539306970633862578548237742620208370270321711843574208645606830924380686619843085769604817626146202274658795124843,-4233884060260661993845015611539737978864834433532094087807608860700878767627922039052011206612507305857641817695067,-387,-4046090944378956959747885197544949881146225976389492698688340024842929634921904574555899988240876968181881012872027,-387,-0.009008713827947984786068884236977016226447662088204492385264306746479223826090292938893166023142292088682750333036352274021415839067,0.05887789226368545427795699466927298377355233791179550761473569325352077617390970706110683397685770791131724966696364851908540832207,-11358764738251235994908676102793194618778062369994384072974493738102321590689721348459997017439824010862303579416431,-389,37118513212870093437055440597650676405780304732137692505199470078433073530034032773324291811554637649184764710251593,-388,-0.002140158232680707569351406533550706552709803832706291789051547616360092644629187426011007906081272434075419303226388539475302795952,0.0009892382639800670043323321749453871972901961672937082109484523836399073553708125739889920939187275659245806967736114605246972040483,-21587591154009573701383323666793063384572622162876962577885270347887745042469909534411632016887993076425401733944749,-392,9978360885005598120020186408998761947611733423576944674943454797346933629421752693485471479938817456542718670989907,-392,-0.01114887216431108835753410989284217590415746592091078417431585436283931647071948036490417392922356452275816963626274111091177769545,0.05986713063134791728440314596653282409584253407908921582568414563716068352928051963509582607077643547724183036373725968219504646569,-14057213763231853819015667722959118574068595765758208777802176584630853566053063977305085079541880672692642929773093,-389,18871080416773826937636870164560747271807757941906676869339724014894269402200097142594475404523171251928633346997623,-387
16,1/2,17/32,33/64,7,7/10,8/10,-0.05993572616844309708154769312226061967406019164911732272884792625669432101091201493139232021882387056932889456927809749753331499606,-0.05993572616844309708154769312226061967406019164911732272884792625669432101091201493139232021882387056932889456927300257929490383025,-4723175707748795297853742809817221063993237104728163956014934437580428054769978316964445600026171423414553980296087,-385,-9446351415497590595707485619634442127986474209456327912029868875160856109539956633928891200052342846829107960591371,-386,-0.001080656935795344433427585953790117638546064778013914767410767939770856355302790770317078269746414869273746352305618702320447678856,-0.0002715900950932004700012344065489067010460647780139147674107679397708563553027907703170782697464148692737463523056187023204476788555,-21800986255557034112329871336198711904485265752330561085034550889024493617269932015472535632048872407874564490603489,-393,-5479011640187725190775759631250094927264337210220386175943309482127797668091774432282540557040855776402258538867681,-393,-0.06101638310514793621674820731396577637510625642713123749625869419646517736621480570170939848857028543860264092158116869116538058194,-0.06020731626262680284977599929089448731260625642713123749625869419646517736621480570170939848857028543860264092158116869116538058194,-38466686483049894352837768835696683482786583127784782929318875496859837073546242630221202740728403288340043404337105,-388,-37956624775172854141044167089111628754597385640445557468825633641025520905440963767702272990599393492051471000068049,-388,-0.03222345844793448645971304221576872696821655564463007241140221574602521861550728879020876381330064107490567910004078440992658884893,0.04340044846807291309930795387798127303178344435536992758859778425397478138449271120979123618669935892509432089995921717628705947335,-20314702550956394614290223521380262990716862660785003677941542504303506366597190104188625441984164765030924126840499,-388,13680517915722465638743552299336549147092853357632739869394314952374361283655881522213317249603614802775165176745127,-387,-0.003345958473428712144894827017415701856329850049855687117137583462408467058181336552923482898601604546745460949502932750203858381085,0.001246027015813066705660592904459298143670149950144312882862416537591532941818663447076517101398395453254539050497067249796141618915,-16875196992373341230126459110548037970341692145197561715380583802051023646292041712106342670071294621223280693196301,-391,6284283417336496136944170430869178177399515021732209683036376151673254560042230396443983518661814303684903181240819,-391,-0.03556941697957085951807527645974692882454640569448575952853979920843368567368862534313224671190224562165114004954371616874691702859,0.04464647554209364071843595400900307117545359430551424047146020079156631432631137465686775328809775437834885995045628541746673129369,-5606025552924760030974293773992975515460741307919934679764153364840326438143615333904418801215843360611461299591005,-386,28146571295307971150446270088304879891194037145727045775860674903509300817507807861397889368160253243272954236019341,-388
16,1/2,17/32,33/64,8,8/10,9/10,-0.1235601338065430695936580921221093626896859349443088463831241503064321962028924385421275502824281564469355896339270177046561287784,-0.1235601338065430695936580921221093626896859349443088463831241503064321962028924385421275502824281564469355896339214151980502544827,-38948137262981927981786186005995163211457681884655951661510442460966043194472666812453069850074388279596645484254229,-387,-38948137262981927981786186005995163211457681884655951661510442460966043194472666812453069850074388279596645484252463,-387,-0.001469004664319448414392271857519657529837660370922406644120152409066752946541975525554923198477159115853056301418677467267679564501,-0.0003591317778740751176546009590821575298376603709224066441201524090667529465419755255549231984771591158530563014186774424830913094656,-14817723106828108377600420618222905013945687461630280878238122563520392701629166745892169298704653291333992941876025,-392,-14490124838007268878782619988548243177070716740005652719517470165829349654205598811469456990387989078566939538738403,-394,-0.1250291384726815074115962204554590983445235953152312530272443027154989491494344140676824734809053155627886459353428946125893423361,-0.1239192655825981553077668366053614420945235953152312530272443027154989491494344140676824734809053155627886459353428914401620456915,-9852797777660920255645929257054333554242251588257759796561863518002613169061327248071080335669103333307091046331407,-385,-39061341362705485115904157346752991137453025123988104576089602415702187778799417334145553780794289805995418277761083,-387,-0.08168583186304432992177091560589613972571090455118552879729448809212081704473991779676436072886958156134088781923920783225417357315,0.003096335358375183303784504315978860274289095448814471202705511907879182955260082203235639271130418438659112180760792167745826426854,-6437171306450620547215955307776198586596869531190082249271410773350118639597119859414781204344471840666844489432675,-385,244003649953628585922952741890998971404321389712572404456307505503513190777634207013057230472321987206182473187741,-385,-0.005286503862634622494082158142699713230959606587886847853479048159990805208722416485544772076827479003613666672444434205729583641365,0.001599188141654389908213908141479974269040393412113152146520951840009194791277583514455227923172520996386333327555565942977945888849,-1666390863622341954203107017314624988484622371747221111408770055869992900737089154939502718880457826659748453175065,-387,32261745186133423786214443832574712928885729657039581913789599093716002583129149427593793554788385964002665648896451,-393,-0.08697233578752459213641219392681850920667051113907237665077353625211162225346233428230913280569706056495455449168364203798375721451,0.004695523561875212932557532635681490793329488860927623349226463747888377746537665717690867194302939435045445508316359548229891107770,-27415076108919562378982536097111396944939839493278352516424802701039972593914413039350748404853502890763194746620069,-387,2960208775685174652534039002279906770397728163024670986317164119245740876521548469221005629556028361896679758458551,-388
16,1/2,17/32,33/64,9,9/10,10/10,-0.2092334895947729588887166777246608862207873517570198856197843815642479884969128174195221954150449876243879813918835328766053200156,-0.2092334895947729588887166777246608862207873517570198856197843815642479884969128174195221954150449876243879813918775687132876282399,-4122109626753241958752104290113437997553408603235214007075686605514556705341429437904144001591154105443116523707651,-383,-8244219253506483917504208580226875995106817206470428014151373211029113410682858875808288003182308210886233047415067,-384,-0.002031561778406673017914108215339570846983270885375383991550699127387578918444861862112757399915121129156996721385369619809151111980,-0.0004811362777249327861021079406813677219832708853753839915506991273875789184448618621127573999151211291569967213853695702399746019085,-20492188103971307046307783958110010431007561345400756801064682824331770376111931582835835361062049037581718997061251,-392,-9706360113268724060935475569009493178394298430718784528704099831517811110847770127328589791656663255200416911367429,-393,-0.2112650513749986213101766424158305351927706226423952696113350806916355674153576792816349528149601087535449781132659201173405661793,-0.2097146258706789022712729291895121758177706226423952696113350806916355674153576792816349528149601087535449781132659201173405661793,-8324266863359293667403538096051081376331130709875792376317040913428459039945387448431505635313644919723978064952287,-384,-8263176988031040062436033446209759508492678353693032984272489620895746984277892086960461504866949551521854933990367,-384,-0.1770468461635988177924798005336929132479448934159382900629455413375246584095400061836270988674974704342428733484915863698516602174,-0.08060295382342301031643609936181791324794489341593829006294554133752465840954000618362709886749747043424287334849158636985166021740,-27904003718360882994914675988975691550115522169465075022925951304932495898999645456249602147031366630964345744158845,-386,-12703672343992846128595259441005902731136665864511051429515651458037896352624191043170961689804492266285896468033661,-386,-0.008547777634515556218121468645986526538818249667040345364207643729384305663949096603311641401030447464194121667015488195880071810672,0.002163680717063938556220114605966598461181750332959654635792356270615694336050903396688358598969552535805878332984511903258281209470,-5388793397129345442444936454649402710664241410979594343450732666006965335193995892435460476233084038636282456593219,-388,21824860421317774588221179177822327599799171514519796410640224831878925632985064113760220706104290231083069555264465,-392,-0.1855946238781499077666189541162028772867631430829786354271531850669089640734891027869387402685279178984369950155070698070907870612,-0.07843927302632353800419829981932787728676314308297863542715318506690896407348910278693874026852791789843699501550706980709078706123,-29251202080257461743471303416497557151943060696591081049214180651990975849426220247845133710474739682729107634357581,-386,-12362658887295513512708910202492913938228325635215572170173851764483049522980723597906791796886510689319532230182221,-386
15,15/32,1/2,31/64,0,0/10,1/10,0.09067239206415996351126184617360002331754290727413827916891001223558667374540957854948025794177923594994568414427648666378048594313,0.09067239206415996351126184617360002331754290727413827916891001223558667374540957854948025794177923594994568414428118185617951989419,14290696615815761942411197151681210185847967535513873646293941025683662086137532210876616532318001507648029493973537,-386,14290696615815761942411197151681210185847967535513873646293941025683662086137532210876616532318001507648029493974277,-386,-0.0001832922510888774609635747274918657856993872957019417786862118627823552671090545303888503465992914405675199858212086896496167726878,-0.0001385175211598461515247053703827959614806372957019417786862118627823552671090545303888503465992914405675199858212086896496167726878,-14790824782141526930222923681399537090861668422148847154684975109948588583862876896355938792317638237960500993041483,-395,-11177714128997297052502378966565249747957082711366550331225397986951271637271820509195189147230476277657672573756491,-395,0.09048909981301424263143746343123846759043726997843633739022380037280431847830052401909140759517994450937816415845762332732514906524,0.09053387454305696077859794881808691729746851997843633739022380037280431847830052401909140759517994450937816415845762332732514906524,28523616572308365587313788574047493891690209124528755194412016671064887585311639723907401391165465220982852924017537,-387,28537730285833046151148479319208734403112525270911444869334410036759995680249681707858630644592680987282631561382785,-387,-0.01412107979045278169938087466512436040875392632188624502919858095461612477599857499105771572633702795437326621687262328694506894725,0.03955034978357115051917076107706313959124607367811375497080141904538387522400142500894228427366297204562673378312737671305493105275,-4451190987225610868773663351087785340105946076866718821754224012323371679491392638141403267335942385351586137919947,-387,12466905017934716180729588770460287846425988780372898246994154111521987338840101652313750244357867645508569650277941,-387,-5.493596435780974848422691273747549473176362073392304533095550772823085275036887860836591658518656210792086797025220737799095026838e-5,0.0002389612267556915730401547248357666927682363792660769546690444922717691472496311213916340834148134378920791320297477926220090497316,-8866149204096311159645669935414583388815979141183909637807717755052180680840306921838330721378324953962115544542009,-396,38566099916086417718022067477175598998433618439164043126767102524767246301024095245836054164682281347987072771265735,-396,-0.01417601580437805269448969054423146480973568994262016807452953646234435562874894386966608164292221451648118708484287553769608934383,0.03978931105989430333883550476826853519026431005737983192547046353765564437125105613033391835707778548351881291515712485885732273674,-35748061604114566383517667784232874380261556562427541071795858932208255505656567647607372096025086554720197075970053,-390,25084458894915563573534925587700727574930543451126979014870072528205994670190402863387153085250528238658176282875391,-388
15,15/32,1/2,31/64,1,1/10,2/10,0.08678637820648171587365236982511779680925702074999996438965351066670766065616044121774385489850882841832816615774184471464045360386,0.08678637820648171587365236982511779680925702074999996438965351066670766065616044121774385489850882841832816615774648914820274124194,1709778705927213679162902994617729672683818475022898074097370743294520456104666770255860674368112392171887630401659,-383,3419557411854427358325805989235459345367636950045796148194741486589040912209333540511721348736224784343775260803501,-384,-0.0002244215166220304581011936757637367359868317042228234447408353799542609415173924569465179999164751276192436700522496900287128851632,-0.0001216562997561116844090924356056556812993317042228234447408353799542609415173924569465179999164751276192436700522496900287128851632,-565930111266911406291166571959239735687429119508156297160133295391126042140958021461570639329317232260640934807261,-390,-306784145716527152592104349567200930622740933509304636631035355895706342177704669268862527423380576270659833644765,-390,0.08656195668974599857782956011961468019045768904577714094491267528675339971464304876079733689859235329070892248769191605173264829603,0.08666472190683929102696489341925152101077018904577714094491267528675339971464304876079733689859235329070892248769191605173264829603,1705357376930701189059075451563740669968191990748618957528572552389377294799476743842011992802971223801579765982747,-383,1707381954791043055525454983597293357693896755757978277120925429111485239407367244398377846817998108913044707567131,-383,-0.01190056480455734026908359810983555159589938343320502582738355071617632054407495346933561874967229851563834020003665399631995937114,0.04168089563271440374374904349172694840410061656679497417261644928382367945592504653066438125032770148436165979996334679678686479000,-15004996101432396023983670027478640139065517744900903261011992232768907218086990725646212986968941548594997343322967,-389,26276974527863752375774775498102572973983307049260336633948296225861318628598546414063650310114939837047954552372821,-388,-0.0001864302450778499819461771344918010945895939397243068708609004636011705786549554091754674265922212293733851005895525338464432925372,0.0003403902862990203671033910417777301554104060602756931291390995363988294213450445908245325734077787706266148994104474723497037712217,-30088092351499412878233838573765164835923329177532866377391785518655059499592114002458560349007154816084130248746143,-396,27467899228050414193345910560974247682767568247082454811423043834187028888179533693041449995155324555031187524177329,-395,-0.01208699508419598891840104828509883706548897737292933269824445117977749112272990887851108617626451974501172530062620673463925576772,0.04202128595357422277822370757427616293451102262707066730175554882022250887727009112148891382373548025498827469937379366191415631285,-30480118733009917781812461223883555000171641258470227147565413816295175637558177523943263686051824909376085310858305,-390,1655722969523195818035373111541436424335922163359877231828825589457687422872701021492571394679204191542520607948399,-384
15,15/32,1/2,31/64,2,2/10,3/10,0.07872102297153645104570697034827718256189750886948711080886366596809151458198497850017271447240314454486522717521201129374957475049,0.07872102297153645104570697034827718256189750886948711080886366596809151458198497850017271447240314454486522717521649710594703016050,24814129879287931062995269157075025127818845099813504463659756298193919558654178976554659631504889536281456295686441,-387,24814129879287931062995269157075025127818845099813504463659756298193919558654178976554659631504889536281456295687855,-387,-0.0002801825986693306560810912557893096119382348767739832290909427980689791513316132206789320176286843640798056887887445781224589591519,-0.0001161836484129030225049961515717803150632348767739832290909427980689791513316132206789320176286843640798056887887445719263118953930,-22609421289248510109485618637253218445628434141502947866248667229546433889275447789113441947130388253517960324403759,-395,-18750950746869442532125133770857755186520888101812826158498586439216387287240919307602315563625416686538817005593693,-396,0.07844084037263974671418264703300911318433427399271312757977272317002253543065336527949378245477446018078542148642550703173637084512,0.07860483932335092169864520625618416201245927399271312757977272317002253543065336527949378245477446018078542148642550703173637084512,24725811827305132238630401224535416590287418812048365917645713656711704150043355418750670098646723377381460335465113,-387,24777506928682123514799401989916656727698361707139543943480447531671624703464627895909764009171871724100251596427929,-387,-0.007786001530946896671406244338436700982517030082927744348045850247642696204426469204050446022201135937247662590179600754981928342365,0.04554015370271567881191589921625079901748296991707225565195414975235730379557353079594955397779886406275233740982039924501807165763,-2454272644540052193155615580126946589708288822761321385442378912022255571314999368621607739826407675106480462557271,-387,14354987347033281300265358974697252439634566364776945630627673852826043537137697807009578749365442803565813334478761,-387,-0.0003498483548842999609317839514694175442600346467961527131755392235954235946403204733208661158620023935790655092852723692461630006219,0.0004360948249508579736444890130081215182399653532038472868244607764045764053596795266791338841379976064209344907147276431461311268959,-28231120992152784542123183941372616510154985174905961196912646770971187716354367361063168602892309353341889356801157,-395,8797701629403787067433851457327883568765170944677153179397085457811649122465048249258432723581820746839084079175391,-393,-0.008135849943584110194918971397511098995527064729723897061221389471238119799066789677371312138063138330826728099464873855373444866538,0.04597624858541945034814133133686390100447293527027610293877861052876188020093321032262868786193686166917327190053512693773337929460,-10258201916481177088777907563235296917645587304694129591564201432553892743862835780312435624948912095318379419538415,-389,28984902906394721475230411054257782953713674506720521501157969465542923934619829029713179849454362036093593320486409,-388
15,15/32,1/2,31/64,3,3/10,4/10,0.06586850498991842492299099307747064801667962808265884853974486840624232012854324808147631212112753791626357093405768305190319649448,0.06586850498991842492299099307747064801667962808265884853974486840624232012854324808147631212112753791626357093406209272584553243500,20762809934080051618501383796218329533700110163419429659673429372645791634178467548929366027323556424582377916065465,-387,20762809934080051618501383796218329533700110163419429659673429372645791634178467548929366027323556424582377916066855,-387,-0.0003540550662473228793618100957047329592924079509287630295427954237865210219018927838439442988005328648138356352599382775208776928848,-0.0001225801902018551981103438214432583499174079509287630295427954237865210219018927838439442988005328648138356352599382775208776928848,-14285291432081278898855167185341916932375619715531983567258959117036147898874658359050332622468533924280351443869141,-394,-4945823143822041439754667512049463693122525364543897667376446068358066787432289444920090763558130258652068206304725,-394,0.06551444992344372836818595092228715529176222013173008551020207298245579910664135529763236782232700505144973529879994854561619180532,0.06574592479994394340032388131550614943238722013173008551020207298245579910664135529763236782232700505144973529879994854561619180532,5162801523673811198838597016961251913671933854372985845535677492356786769371916985155380038364583230878561560676525,-385,5181042672710153437875747547754570312893945162727205778764639918213385972158123531879673242121361652930337515227309,-385,-0.002813630323533889720189538065380618251706131779554888716397151135195427821126149275195880327654832474023874572777624888211744502606,0.05050099502023962431217435353618188174829386822044511128360284886480457217887385072480411967234516752597612542722237590489507965853,-3547605742151863233425950550587719936527108582926801728921379370132551982695765266709556489243128626366568208421965,-389,15918724149692547322303183760180603221327823120317091132147290409735293589121624984971780363560771042750698840681197,-387,-0.0005618659644644101477746893621410428106896800461618759823726122734275322989435206700384142759566091621582340854370156121507479058519,0.0005254123196389666431064675592456759393103199538381240176273877265724677010564793299615857240433908378417659145629843878492520941481,-11334986861245362640472017669727773096445852170514431235439720099744646222482593939779578500724989824244910398527675,-393,10599577330727198921057913983604116828281017132105485723926714870866449730916886077754366826486847503022839735363397,-393,-0.003375496326197077342427213419953301687395811825716764698769763408622960120069669945234294603611441636182108658214640748208374958814,0.05102640737807736842974380708785919831260418817428323530123023659137703987993033005476570539638855836381789134178536004489844920233,-4256042469143169334246953398772944556398800100311818453670265474855957998726307785803961115008830105694514525977049,-389,8042171278763013769696294551065613623552835226094102769858560614607461636474273214700618793796112719406795282979013,-386
15,15/32,1/2,31/64,4,4/10,5/10,0.04726112078465839823734365201561564585669191667201662150783072154948396700178958522712970809292670402340077771814200526975412924519,0.04726112078465839823734365201561564585669191667201662150783072154948396700178958522712970809292670402340077771814648473709699136607,14897463792045264950318453358424444695347560338623634704716722140743471577087347999526262965970244467958182207016287,-387,14897463792045264950318453358424444695347560338623634704716722140743471577087347999526262965970244467958182207017699,-387,-0.0004540636275083517816792679959580376347643950501188967933259148631682796405179640536685066713142605402804754596107777673094181059062,-0.0001392099595210158427189541989609673222643950501188967933259148631682796405179640536685066713142605402804754596107777673094181059062,-36640804586785651928224184229540328558714817570348101690771644567970237352489458446633852420721953762003006142402623,-395,-11233590656300832485784867271109166835161347968709590103932621279184327242379193451941604624132525044443895978119231,-395,0.04680705715669529910477791990070008869067752162189772471450480668631568736127162117346120142161244348312030225853346643061702391106,0.04712191082559212974551116193561219806567752162189772471450480668631568736127162117346120142161244348312030225853346643061702391106,29508671297969579667948896338604252961917400297379354241328255667832477069935006745427138358894846353011950217727137,-388,29707165157374866973840471380244701636708183513841296360392505818210514202516973909720292746823205903145412187524257,-388,0.0006435186333997416698981163275626011020741121770411733083499321230353612506110104896273471326960639533460711549898917801826644373606,0.05593658884400932671666630480412510110207411217704117330834993212303536125061101048962734713269606395334607115498989257328948859850,811389605782781713462892182598511765315411624890749664590534990730339415632783636091945546010363293822703736215679,-389,551003455059206447569158854958281846116038497923582746757892999198366769132160311998267491584073645875837079412913,-382,-0.0008740648656469312443761198512775873939685716037840130114355065156015993348382577542462472503956093543084548930812578419228277797953,0.0006301658202489596844287545688884282310314283962159869885644934843984006651617422457537527496043906456915451069187421828617604752403,-8816616768581399771897613053342694974463128327223828708596546202354852856281114014716929843170981531636328519075827,-392,25425712695506451522348008486530799627053347073083292201893739695165056040433377489634393658416199788607908700610613,-394,-0.0002305462786314193648973436573819784793944594267428397030855743925662380842272472646189001176995454009623837380913665574319284431474,0.05656675471064251619151439950668052152060554057325716029691442560743376191577275273538109988230045459903761626190863344256807155685,-2270996474797718482586976524572327630435128174411219904493765155254160904444444968781510079464707046406580748529,-382,557210904904665754739629158171407004854699701723162903828989468110729451988645283770200596331034422029760533741327,-382
15,15/32,1/2,31/64,5,5/10,6/10,0.02149491594989544944175404566672743672239101738144365491712251270123733451854332385695837220702107971212414057726248966299066227477,0.02149491594989544944175404566672743672239101738144365491712251270123733451854332385695837220702107971212414057726716740703956468074,27102169966360288702979730571067768847439267503895668143087177512205203273715326965896131738758348268418084631442515,-389,27102169966360288702979730571067768847439267503895668143087177512205203273715326965896131738758348268418084631448413,-389,-0.0005896948866798743501978507784924059807189009051225148668151259988789244810328950854930250555466842820877305382358728657262817064122,-0.0001661019180069820386099210528454333244689009051225148668151259988789244810328950854930250555466842820877305382358728657262817064122,-23792805456837170574724756326604383583852202568331151601275113011096690822329235356884592249848855571773717819541135,-394,-6701822773805172746590466592983364721218693686330042499482046955431738293290739775415351055599340534510250608674447,-394,0.02090522106276082774066973076927751121042211647632114005030738670235841003751042877146534715147439543003641003902895524795083143574,0.02132881403234321475403058873283952292917211647632114005030738670235841003751042877146534715147439543003641003902895524795083143574,26358644795260752468522064057958676636618364438436178408255259949674034475670807641971367028933066893522624527946147,-389,26892738005252251708646296367939743923726705061396995562270433825782358661896722066936523220288373514992170721563043,-389,-0.0004006910602434649929999134118788595662914135056978707202674816609855601522594918554080145273546211560186469729276999756181333889660,0.05978855089062236995840084342405864043370858649430212927973251833901443984774050814459198547264537884398135302707230002438186661103,-63152126554211524866015121417918013020122183358287025267095497980175863407481832133093621143179146398671331070691,-386,9423155410662997119423009235060430639197659866456627518821576776962185039779704372675078538573922004281673032461597,-386,-0.001351179302577028668014078895167688396607329512304408648814696800796194475593502003277603308922048791412459673297891293255920335119,0.0007670818900863112299761478504377803533926704876955913511853031992038055244064979967223966910779512085875403267021087563132561749520,-3407307216165123487442476332082737180659486334090607288176379359102832069203847714174365548957603015362163307345223,-390,15474977477797285846046373789991567986169846990980219234169375018968776091017323111043131640445652484650514491659721,-393,-0.001751870415571186363843830106118813587898743018002279369082178461781754627852993858685617836276669947431106646225591665427465804655,0.06055563283345937389120682907356868641210125698199772063091782153821824537214700614131438216372333005256889335377440833457253419534,-552217671756928451590358243524629664562810479252996133026276562945724821020635480179497794413693179766024303080559,-387,19088107361044441796118511519767931019119353912922417134647088185693276291536745270601720867537441838684421581376401,-387
15,15/32,1/2,31/64,6,6/10,7/10,-0.01338961790154331798983027109966209916151463520413891123616901368867490496679984576488636455535032413026148712705584310931335696854,-0.01338961790154331798983027109966209916151463520413891123616901368867490496679984576488636455535032413026148712705103291642481965212,-8441244920383428149123339981469932889714009709831403314149211725413423209499023422816654583873135015996736872349843,-388,-16882489840766856298246679962939865779428019419662806628298423450826846418998046845633309167746270031993473744693621,-389,-0.0007740192146221336478891090158362971011994140849610034942940990392499702153994668885345933161578956629304215996881267938235838097798,-0.0002055362016099782230856136087318049136994140849610034942940990392499702153994668885345933161578956629304215996881267938235838097798,-15614929864022885520865144996475117143573713180295225979659392456009403569951485514386390593820165393881127716650071,-393,-4146451808982910402739378090379702424124945978467312194286923419221470724063005008996684845821644074090157221608535,-393,-0.01416363711707494633949230835341343532521404928909991473046311272792487518219931265342095787150821979319190872674156445970843654961,-0.01359515410224380151114295647047886501271404928909991473046311272792487518219931265342095787150821979319190872674156445970843654961,-35716845916830071902591574562049942097104839927659081493222552082392457123626952256653401967790079291332214140529189,-390,-34283286155363077780845710675566373466569570145837462291714431205318787839117046441302719133150227020138091455539749,-390,-0.009323282754432868196562254778434715987044510692083180146155450418483857759319939046119708931325372762386136100770094881601251126580,0.05716907581741689519683984483094028401295548930791681985384454958151614224068006095388029106867462723761386389922990591150557303456,-11755393435548853132282263865157094431168710245978114702077996390739780112535407933135275236994812847539904477262907,-389,36041220473600100500098264687717335532032489382627460053462515102611199152603690029421003522537762279345387571316195,-388,-0.002083185955281813937469993062823856435021983551984446224206387689964759981324009000633907825368114026774308085753188330013355599464,0.0009450033170178278058323522130550498149780164480155537757936123100352400186759909993660921746318859732256919142468117195558209106077,-21012916715073532222715431127814654924144282157880230119530209260379522235429447772503238829410997287399637223888905,-392,19064333595007891257326438174240011314614791872519655431449385734386356992882269082911603567130537023826706699079663,-393,-0.01140646878065526887232065039863161929706649424406762637036183810844861774064394804675361675669348678916044418652328390558307786704,0.05811407920537530974096059960136838070293350575593237362963816189155138225935605195324638324330651321083955581347671688752374629410,-14382008114379490683734481708955941213468136206779178044582236374053185128054081072149087605401911079759760905879357,-389,18318490471583660056848055178536671672002448487088358287238395159846877588338128510993722445687976673493711521738801,-387
15,15/32,1/2,31/64,7,7/10,8/10,-0.06008974186155853254594522586699813724686428968637019873100309877979225776272990807090199507822482234392650027912820050169501462477,-0.06008974186155853254594522586699813724686428968637019873100309877979225776272990807090199507822482234392650027912325785996684239791,-37882502098701984442041598638165345564304833479491124933047962481446351518073233337612312340541841386326336373268753,-388,-37882502098701984442041598638165345564304833479491124933047962481446351518073233337612312340541841386326336373265637,-388,-0.001026413818629081111099917820695319219923228509529202419749419994442795469065273057705567087768644053170107114936619843116685457109,-0.0002612699240604715716805052077802801574232285095292024197494199944427954690652730577055670877686440531701071149366198183320972020736,-20706694984544242216955211672503097762311558699288409992859341811305581869808909661352403818247740910041199466888137,-393,-10541628586764509081469648671834257142670408191288394059548154897068904355245717064150797987279516665618984390064017,-394,-0.06111615568109710835881807192560849552928751819589940115075251877423505323179518112860756216599346639709660739406234857782502537781,-0.06035101178470950941585280283686337834178751819589940115075251877423505323179518112860756216599346639709660739406234857782502537781,-38529586317542366665318966880833772593202591424043028992616887193984048161351492483551696161879587928042655278246105,-388,-38047215044796805242442044020760050608333536872280864842936332120778655938777216947717547357075579195949101582723289,-388,-0.03280692263448951797285822151561475906512682625706219479232623182836409438681446583666857657101835996155433957492231308098995096849,0.04132728003954173965653630973438524093487317374293780520767376817163590561318553416333142342898164003844566042507768850522369735379,-20682537102860644471388253440597087065295509615383825099625780967969586177986957886637337446562985502552175842647367,-388,13027021953585228030584770485719510964865937982502572022468590063663899587868245559244236675247505151403016807797085,-387,-0.003222842026723390474130112416600324579498096865986128688751423048436045475223134387249277386155280145216873007553111525327891756985,0.001182812670897385076473754160548112920501903134013871311248576951563954524776865612750722613844719854783126992446888524241284753086,-16254264512890313372646873001875151056055805169295941801260332121070526830743120093412315691862219505781138578950255,-391,23861858400190807385142304373383061493504118094010881227638453731572240631430623990490654162931909823024840351866437,-393,-0.03602976473761046339591430591707836489462492312304832348107765487680013986203760022391785395717364010677121258247542321838090044348,0.04251009278683667968193603587979663510537507687695167651892234512319986013796239977608214604282635989322878741752457678161909955652,-5678580053783851144690153577414679937161577754568420649329306520398191914738807074043014469379038139021864395665813,-386,6699931757584972431936684931733620350686926353042712213958696351232199330648519629012371815639255525022049823559275,-386
15,15/32,1/2,31/64,8,8/10,9/10,-0.1223186312580300375482278479285865068551923550402414772046921971937394755250096476830094310528922723717293120530656140674689134187,-0.1223186312580300375482278479285865068551923550402414772046921971937394755250096476830094310528922723717293120530602272859192109532,-19278397867053563886140417495607748454500731071966856530555587858789421091197843945953498910847410736918833929470815,-386,-9639198933526781943070208747803874227250365535983428265277793929394710545598921972976749455423705368459416964734983,-385,-0.001377207180569372980385431741520263014392927771711905591456413976004489163337175736922120418410006576911277423914420057780657141360,-0.0003387991317982840375000328767741692643929277717119055914564139760044891633371757369221204184100065769112774239144200329960688863246,-27783539641606863147375519714169647195803256014467149562319175149226340391581891671306204323459846868306296736644291,-393,-13669750262219834861953844771420442478279215324757745263313358217096129941558903001593655118280646325035633058380165,-394,-0.1236958384404183999321591361459368479945852828119533827961486111697439646883468234199315514713022789486405894769773405857671897971,-0.1226574303880093321821820243295305979945852828119533827961486111697439646883468234199315514713022789486405894769773405857671897971,-1218466048174394051967377980145378214695669054823715735009827597194371905026902677134164952070824569357265161471547,-382,-1208237208045542049316947860174672309126171774326851303084023157741109640241168315705775845321527637030452416267835,-382,-0.08178563130811961317165321274440307557143628407283744880532425952033535053228676300359196651336238344318973435721926813885464885492,0.001401795947205406187935410302471924428563715927162551194675740479664649467713236996408033486637616556810265642780733447358999467359,-25780143612628506517702193000596008811778050636689984843626732843224324189164068846544852872841967703602661725969513,-387,883737161565889325804117067239148696423563873812486657796517565654783447205963961464955013051621101733642122807087,-388,-0.005025777159352085474265071072599635774274838284300353820001894565669773795294951757100585679075330104535650624299652963899555563885,0.001508351312333022323119191012361301725725161715699646179998105434330226204705048242899414320924669895464349375700347135238797456257,-792102811097954863269700525676964155873793614356327540326561660562931235921766174201896625266549176053625932906301,-386,15214609345250685447290333528170278116861096460131909332561522065452601311376617184623869040064995923559429154287809,-392,-0.08681140857297308405157795941514724259571112235713780262532615408600512432758171476069255219243771354772538498151891793032690777425,0.002910147365039813916714276912977757404288877642862197374673845913994875672418285239307447807562286452274615018481082069673092225755,-13682174634040073088048815485153420052702949253476416133609966229272612416058991449115837920195167537903368023412081,-386,458662578038879257492959187365899260621975921417778919240441320783911842846941485517501565521555346787437838758543,-386
15,15/32,1/2,31/64,9,9/10,10/10,-0.2052349676041440077417396956130487787880335795721125209182354165440617002456357135820485361612850356703686496769257380550110317874,-0.2052349676041440077417396956130487787880335795721125209182354165440617002456357135820485361612850356703686496769199261682035789506,-32346677861021209586675585985544868215434367089114527164172342759406591460528564512129296070427169859546381678309793,-386,-32346677861021209586675585985544868215434367089114527164172342759406591460528564512129296070427169859546381678308877,-386,-0.001876438105328117336300543568747082896628494797044250183401334815191780712776138872428312745014663625339428461134809020895464859327,-0.0004446187027590273201143062335420047716284947970442501834013348151917807127761388724283127450146636253394284611348090208954648593271,-37854938036884068210487932732944353527136471761343770582581416894406198085538560131065952544487843364466463487544343,-393,-8969660867145763634025512659318917608408127754176311210890331042351827786342322934505947664968655815469471728126999,-393,-0.2071114057112911144815860956576259398096620743691567711016367513592534809584118524544768489062996992957080781380576399924117104967,-0.2056795863050840456583081453707607054346620743691567711016367513592534809584118524544768489062996992957080781380576399924117104967,-32642419564721053696568781898972348589277881642349595995494795219361338487995199872664309425689733454970041635125103,-386,-32416753336259098538067651364244444647337294719594458971861388330207766510185998550544063185550985163965971215365999,-386,-0.1745882521865476065830071036876573570648638349260248368831084858811726084451084086352390254239735178562944731855478857397198691872,-0.07983093438833543598211599040640735706486383492602483688310848588117260844510840863523902542397351785629447318554788573971986918721,-13758254788944061557256679976064946065324545475924875298806193349051473655846568194472895381385610899010527073879775,-385,-6290997942866307925613411791776240372596882871677062576974728870619744303928116465567282826129729308839821400819423,-385,-0.007995030175813525404328669372800511867211775536493830539682462467780003809329017497364029927912067337903294273717472216873594762306,0.002025106904759951446657811340090113132788224463506169460317537532219996190670982502635970072087932662096705726282528080541464298122,-2520161828222122964222909686630983822099944949197336664073106126844255356722331779915740644416995811874205117039443,-387,20427078351286489950832843940703046385536607496374214251688753984896078596133779537222474845162967270517021962900899,-392,-0.1825832824715004962000871616102625564320756104625186674227909483489526122544374261326030553518855851941977674592653547841661673050,-0.07780582737443612032270679051651255643207561046251866742279094834895261225443742613260305535188558519419776745926535478416616730495,-28776590509200424216550351132526540756464715482422656348411048189556991285456223849567297145504858852284099355438951,-386,-12262822769292524825819524059897838930654104195249040637504712532193571084389721055201828422278648105751871684308839,-386
14,7/16,15/32,29/64,0,0/10,1/10,0.09026568146684704049344993585591153089188630724711470781313440676250916334163416461864605195439255992934589158421296442487152783435,0.09026568146684704049344993585591153089188630724711470781313440676250916334163416461864605195439255992934589158421753272017869600295,28453191523827819144224398715718859745083249075192253783745725997875793299840862988733582787300460042421663546931571,-387,28453191523827819144224398715718859745083249075192253783745725997875793299840862988733582787300460042421663546933011,-387,-0.0001854737365940914794172231478413734024100996870090318155454593741682460922171379434899217622985871523188338985219181437853004835930,-0.0001420186505081497495829198879918250625663496870090318155454593741682460922171379434899217622985871523188338985219181437853004835930,-29933720856776007444473120035021065291289961793567534367412671479146498781903654516392652489611390960737720284548937,-396,-22920477685046060592920350939869346506309219935126289108356077611926584717025550270003012679910042536396679242387273,-396,0.09008020773019610559517190469320046754806995756010567599758894738834091724941702667515613019209397277702705768569332929484489876718,0.09012366281639573416272782398278939577072620756010567599758894738834091724941702667515613019209397277702705768569332929484489876718,28394727225261510546746989719465999688691650814339219029206495927613885381599747078536812100343640774505299830075323,-387,28408424965867131515066273588973886965932661434231433414308845230069199101873132795831924440723057760538936639713211,-387,-0.01256779194691526043772423073511186413914224739455718232100846404040378209662686444111162740468658580036909354718753202372496210207,0.03920153315529850971341407492895063586085775260544281767899153595959621790337313555888837259531341419963090645281246916593527413964,-31692557834710510561374067664378295844115312966729703391888273518574677570873736001782298512984156441664122652762659,-390,3089238104586470999753480788276161674194024752421736818704443389985611153744931014077011333999120229246200180275951,-385,-5.321854592637437250679288658407556692319300319133784134823192933334946105885716865772303974796945249133508851024615476174610702673e-5,0.0002328483741990751694493934079715884955768069968086621586517680706666505389411428313422769602520305475086649114897538452382538929733,-2147243495786605768093631948946163610429219930630711110892639060584574248128321289663030025252066851647024278043667,-394,9394885717004636372325637434333221351782738415439403512898913146404012282270754745783985157662776784078285842383853,-394,-0.01262101054331859075862854082598060767481544039774852016235669596973713155768572160976935044443455525286042863569777850068635552456,0.03943438157997454083126098554120689232518455960225147983764330403026286844231427839023064955556544474713957136430222189586705655601,-31826760680486346609328888555587990759032964426603479735158665827297394047355975705297144737448440317504037273922021,-390,24860699957842258738207676614720889899490259610667474454234493229656497068363483561246692152052950145623818559440263,-388
14,7/16,15/32,29/64,1,1/10,2/10,0.08631243061773406597914892214982956788458201221253633793932509319379805489111676848673359357843590562663487679927432015540630770275,0.08631243061773406597914892214982956788458201221253633793932509319379805489111676848673359357843590562663487679927878058818538995626,27207063408206609878645373393684225452028314120291518057386568109747663519957031982325576101099631287578592737080333,-387,27207063408206609878645373393684225452028314120291518057386568109747663519957031982325576101099631287578592737081739,-387,-0.0002251603570847510922066521357218677340670487640716763457119119113764669280888175592152991175391940966740242775880091418546523853199,-0.0001256424405745566103905093382517749606295487640716763457119119113764669280888175592152991175391940966740242775880091418546523853199,-36338769039506457036978318380190866042628188091792395206125989661181709726712851555033776278456680291344002969383741,-396,-20277511053511904024765538809891832896490635137271869662676693918425275946975312988864114931379134701704744092447549,-396,0.08608727026053562804922065398436832026770246344846466159361318128242158796302795092751829446089671152996085252168854002169251901119,0.08618678817727319620648002884131717280676496344846466159361318128242158796302795092751829446089671152996085252168854002169251901119,13568044624945243956935090124114498045149855415987394853771924446816134083765812637096634090839838271996107883714521,-386,13583729447233027678485924034032537271195725478494490132453703542248319489244258247041541725875187727503335686313945,-386,-0.01039580102852049907087214405097644813842942058912581807674840102029014935978045398762605809045754449438793849161183948041703337900,0.04127218441962760249734990184746105186157057941087418192325159897970985064021954601237394190954245550561206150838816091613637870157,-26215386658703923488272439320305559577202696895924218241434275896056551381633610744829703750711447936481706035099313,-390,6504827464963609905648383498455418469197685204311728636220304072800403948312906639802281766876277399904129505182869,-386,-0.0001817792937490480304352665698277090898868093066998743484317802464981736118989994501039411782817515880549658589895358332860241204110,0.0003302275279875289365060900891078377851131906933001256515682197535018263881010005498960588217182484119450341410104641667139758795890,-7334368111284431582124784298384472001596034229270443703343324208913576058416651935576556700195980540734731266174699,-394,13323906154480277977144962422723742799643693102692966200265827425007656313057442244723864074070261669229959277302037,-394,-0.01057758037411074510236432018196138379081622989582569242518018126678832297167945343772999926873929608244290435060137543762599877459,0.04160241199945632943491290149772611620918377010417430757481981873321167702832054656227000073126070391755709564939862456237400122541,-833555774887144424174666078149105628422543895645557042358914303504881679073101732120214768889523570236087214776525,-385,3278436990775068655480617884016366264511239053540942904676046982247250173050850009817980744832527727502190895980339,-385
14,7/16,15/32,29/64,2,2/10,3/10,0.07812435119983040065924282622379714695448879046203929659454227457712253290088790448224285652699291924550294095871217962428690521449,0.07812435119983040065924282622379714695448879046203929659454227457712253290088790448224285652699291924550294095871652584968330826379,24626049360520127307566148010454115103051960064749225386565937418310132447321055377118042620704114772479790060241951,-387,24626049360520127307566148010454115103051960064749225386565937418310132447321055377118042620704114772479790060243321,-387,-0.0002787019033393112658234673230307714027447392303786764935290447697272557117874925770933648369552744125162520464132957916479574824449,-0.0001202460499870317470925288884299413246197392303786764935290447697272557117874925770933648369552744125162520464132957916479574824449,-11244968061258217158286154944557843886768932663368584666939962591974339773237903745813518581643211539256058607746641,-394,-4851646061241328830123088497528668366617407285929540127531522320295092596961370483205407507634467687600288674790993,-394,0.07784564929626371571797612684128761578611905123166062010101322980739527718910041190514949169003764483298668891230105578046150127002,0.07800410515007074258759352939484596539549405123166062010101322980739527718910041190514949169003764483298668891230105578046150127002,24538198047469875654267347690211918794708387561416765662943960175443533266611792914226109356532839102544660674664783,-387,24588145875738351257830501116305010534415951787227793510231106185299626687638136010095765524802908573455104232675663,-387,-0.006396018998605544054813917202331855738651403519703263543012441133628241513354450362078217087013653141919354783286838372424627641820,0.04500435998812190226285881228985564426134859648029673645698755886637175848664554963792178291298634685808064521671316242068219651932,-8064511366889998679808659812248844538447731196284620195620576467475053679905707884572386628103332418796979861604697,-389,7093048284466987855366824084002685544293113269051167635686811716333131210656250833982779289275287028877027902551765,-386,-0.0003418373087397873128271543799233217557274181461774858240108734016338003818616303543934160354189683953985425370517007432269158917971,0.0004206246642142554087125814141440610567725818538225141759891265983661996181383696456065839645810316046014574629482992691653782357207,-3448083393823721565188348283868797147761712071368139645430834664205766893854053580423659656441897670573714906753955,-392,33942437121487746604695593952214287576071924274789514399268719436000319114721336566327506751233217710256629146362601,-395,-0.006737856337813403877034167552408986088128821665880749367023314535262041895216080716471633122432621537317897320338539611343308634330,0.04542498468280423018096448967415351391187117833411925063297668546473795810478391928352836687756737846268210267966146038865669136567,-4247760914767032846645450583606847089113950731774050609934069811552693800684211378303732310165690196106649737369447,-388,28637368447087625350733329573503041297015493113772695408275888147228583865574242865096611071181563011166794150307993,-388
14,7/16,15/32,29/64,3,3/10,4/10,0.06511995506455426655507772455119680238979332712573627920558772211739585521583420756961834306238360825509372819438991647281472069815,0.06511995506455426655507772455119680238979332712573627920558772211739585521583420756961834306238360825509372819439425635335653045832,20526854983699978074871359464098268767089050169251589791938129645901424314974156036888456630674678763255348756268833,-387,20526854983699978074871359464098268767089050169251589791938129645901424314974156036888456630674678763255348756270201,-387,-0.0003492824736292179327327769876356390660879117673615113885013090819165674454574480622631522355817800536873041161363687833271330439136,-0.0001261023079529779383782309175367621129629117673615113885013090819165674454574480622631522355817800536873041161363687833271330439136,-14092728514795966737644870211385617269787542139106768640505638306131079584878084835916861821535133206493587923766945,-394,-5087932333407110700787937766529673947693014934565815705569900584981834899409512897736476320093297974989788946337441,-394,0.06477067259069767494690171550408240355808041535837476781708641303547928777037675950735519082680182820140642407825571527522260830593,0.06499385275682866229214272569313880004245541535837476781708641303547928777037675950735519082680182820140642407825571527522260830593,20416755542106462752983819180833980479190644779389925506022670561517975604486454659230090997441747455294926172910255,-387,20487105512416906854271143435035093842350888706975187012649873582698053381053360557252655559676137952610432457831087,-387,-0.001652204196857914491710300267410670709074560336756030193381328224972964992083301954737229677580800883187474093883976288299910284758,0.04977525497278694792169607180290182929092543966324396980661867177502703500791669804526277032241919911681252590611602371170008971524,-520801280018436085952864607861903163314246892288232150713406795118988439560681960184673565393486391171318264439089,-387,15689959238918931494170010502392918828810428837814623898367928221664864087146919880053562846275221860991250937601743,-387,-0.0005498981897896185023614465812557371071839842530782620478001903019546658322423397346924272863326600446708617850836735866971287749887,0.0005039408117530372487476766487247316428160157469217379521998096980453341677576602653075727136673399553291382149163264380874594800469,-5546775521658023826243542431923563940266817748367895725418328785665408059331335750026260794314980105463645476569621,-392,20332829683004659170744675042024493779557117061865027146935953513007307398203213989840713017324176346241374776653741,-394,-0.002202102439398225696901584647738673441258544589834292241181518526927630824325641689429656963913460927858335878967650172412098120174,0.05027919583729067787327358625069882655874145541016570775881848147307236917567435831057034303608653907214166412103235062069472604097,-2776552126792457185803975072151864109550861070799300254411070867074206107879908216058036294893856118061873652411655,-389,31697618974890540719738943470674373354806698271271081188846807011165505523501146681981416550461402997489345811130749,-388
14,7/16,15/32,29/64,4,4/10,5/10,0.04637866778948596457346948082921396663549859548200248484975925794912877554609784259791030437798030059638858885440613171762715845337,0.04637866778948596457346948082921396663549859548200248484975925794912877554609784259791030437798030059638858885441049380516004472547,29238600889949552321840459106305594360706639450362261039230609250422540356684447562086391279330747257939008334660433,-388,29238600889949552321840459106305594360706639450362261039230609250422540356684447562086391279330747257939008334663183,-388,-0.0004444891931594333406515646625617569287784037152681060909579473165434100913779225393702155278136328145528489608691726195981303721600,-0.0001410033280986403375841904331306045850284037152681060909579473165434100913779225393702155278136328145528489608691726195981303721600,-8967048162866368026104836543954798036322405263804528808650531287373457383952046103384506433845542330068441852794579,-393,-2844576771816893625582017433236919498944077070526192948472387630277344574154884401938153413505448222080307286496979,-393,0.04593417859587178388193145204769469017547019176673437875880131063258536545471992005854008885016666778183573989353913949739617658633,0.04623766446184207158677175451504088158172019176673437875880131063258536545471992005854008885016666778183573989353913949739617658633,28958380634573290994025924025355654310158803418268798890314245007224921208512580761844564852264321740985603815942649,-388,29149707866116961723039780000468293238277397909507888133236882277443571943665472784036884586167454320137764442778105,-388,0.001214911538725281016800512709591330608251082298380894164092334345449764712048188609046562331787588602562217276314347354880962207425,0.05515697972764217283007871095177883060825108229838089416409233434544976471204818860904656233178758860256221727631434814798778636857,1531838463261589565203201512214781332013980855926877242861110499534272714430788729623536483498061013450186387345259,-389,17386365256023692545890523937539842792386338051969156644607162739624348923671967067265634766835152814975985907069915,-387,-0.0008595299566508125282475609045293882681968854429948651979836836923902349242643237385240966125365994268294589254027096664994548872623,0.0006060963462374551453044753808710023568031145570051348020163163076097650757356762614759033874634005731705410745972903582851333677733,-8670004397553150296748715466915180885694015754862602574475296374680813855453565915282007791969732644632354899276975,-392,24454565877821707603750886317429276260173495089885681423288023225480820555472853226064863474985696210744193570909509,-394,0.0003553815284142810839501857680746376525541968553860289661086506530595297877838648705224657192509891757327583509116375892431543000203,0.05576307612753981537998595236963713765255419685538602896610865065305952978778386487052246571925098917573275835091163838234997846116,448087845909236606402502486331167309890664133070384740587405302440300220584868145602983671436297116122434271574229,-389,35154833137717453858943210270049126232043669341467110651685347417276271049480309888493683944499730791619203715365995,-388
14,7/16,15/32,29/64,5,5/10,6/10,0.02057529486115139821203866681564795097512783616331496728274346097735605792171077298786973182737519462780920279070150889298774279633,0.02057529486115139821203866681564795097512783616331496728274346097735605792171077298786973182737519462780920279070611525742247069967,25942652659575388100929499423349230237873063812522818912789304339092273245863014912954437007473556696458087998816765,-389,25942652659575388100929499423349230237873063812522818912789304339092273245863014912954437007473556696458087998822573,-389,-0.0005719731543252433807255402398933721842282485806362983300168674190053303319834213519740054101855329725519502962474562317780685921161,-0.0001655020291366978239865675760139776529782485806362983300168674190053303319834213519740054101855329725519502962474562317780685921161,-23077775125396004255660752235033783163884579254599019578165763396263731167633124122984270702576559058026069417548641,-394,-6677618665021467957025669479985213226857436875531921328046113646768792315922647764599833890641515819052170881555297,-394,0.02000332170637140748042666245679705925964958758267866895272659355835072758972735163589572641718966165525725249445635507510480224978,0.02040979283246944773893856335859149285339958758267866895272659355835072758972735163589572641718966165525725249445635507510480224978,25221472186333388313942583038101719290176148975617458303679553952024634437027749065089057346000534587617241907882617,-389,25733977076866841881269965130002397548359290645361587618579933568565145695837162889332813400408513965390239080409721,-389,-0.0002419688518866385771052509007832899683536425998591847462658945422602286918348945758488934276599475129427288784905897639138698325953,0.05856010386359324199426010554452921003164635740014081525373410545773977130816510542415110657234005248705727112150941102919295432855,-305089862443897317977664788757924354799605599508068112870055411849972503104977428453117250389555984495702963707507,-389,36918169204716883256394449759009478503604411995810342097258793516392909162599538479146089579012364118556753898213575,-388,-0.001323796454475947283349060909262079103084693641792188289518679551369509559345701464420182451181794138290915189468492016766419339839,0.0007353800842748148365401984291168271469153063582078117104813204486304904406542985355798175488182058617090848105315080328027571702321,-26706040884237474290723083996181320754959226356539665624211521537341921854317549095520113041048872494868175050399955,-393,7417715363149145219194892489639587795151813980584764536289622624883212771685871406733171432452225151641759574183831,-392,-0.001565765348199342142009010754137165946438336241651373035784574093629738251180596040269075878841741651233644067959082425079583803361,0.05929548398970481311235500291773783405356166375834862696421542590637026174881940395973092412115825834876635593204091836802724035778,-1974217470459207628919502305568137493932556885112791965253741353898385924899050396958274901065537236957854695113857,-389,584090256895139670569999264424006141199615627949334175878314497709849712715304976829445126349153774239075144796535,-382
14,7/16,15/32,29/64,6,6/10,7/10,-0.01412151750436338428997160391653215498277254388679336048547723624448183743308911431272540448805152692009319656246026280735316050243,-0.01412151750436338428997160391653215498277254388679336048547723624448183743308911431272540448805152692009319656245550575262184198241,-2225664480837676679721184568952865477322878561338529760059755871109968687152656280464902457288551676439974126951457,-386,-8902657923350706718884738275811461909291514245354119040239023484439874748610625121859609829154206705759896507802829,-388,-0.0007431353863763972400745364523328782805151997450578530008822369469117013392303898502583820700890854893897748194359465178531290368541,-0.0002010911287767696409543963766492845305151997450578530008822369469117013392303898502583820700890854893897748194359465178531290368541,-29983769701133116931490433114056949399953730678020732181977652766845789402922229596005750092851521863654219359638031,-394,-8113555355752691265357808114438281360776608760770664226913609690046147395666293745328168543473646100277478334845455,-394,-0.01486465289164927623181906860678007232578774363185121348635947319139353877231950416298378655814061240948297138189383042607180645374,-0.01432260863223065922915307205526640045078774363185121348635947319139353877231950416298378655814061240948297138189383042607180645374,-18742308651008572649873588342242613934982626044794668455748989179712474835756031356638641752745032746314050213874657,-389,-18058864450421935731816872299393709663456254044084038842984956709824897183642360485216482521256955575598401370295265,-389,-0.009633206011453494090829684466689038858559878536385680142137933525795876940451603295625383471380776714345724182088657500973678679967,0.05546173633196778629323403623643596114144012146361431985786206647420412305954839670437461652861922328565427581791134329213314548117,-12146164574541923860858896071390197138296499614358948489878136575738816779985736907401737593622443543455023919942149,-389,17482429428919932243666190718981508965386986976220295268086108465414359488725285005873207857132329317766628295011711,-387,-0.002026558059864265601726282892196821015847114181373589986445057207908697372088770248999864825334619742526517751360696184797011393422,0.0009021295598504992764275180721586477341528858186264100135549427920913026279112297510001351746653802574734822486393038399875768616140,-5110429006855997899859306374392768256450449500489531730979084457714071399908089298835613791416839510927742635303561,-390,36398811655352316601993263041732513978576458961679163109750494802620099791617976518020241830034623387939451045533553,-394,-0.01165976418227611330885321238452062549940699271775927012858299073370457431254037354462524829671539645687224193344935408232410215396,0.05636386600277663918595879933422937450059300728224072987141700926629542568745962645537475170328460354312775806655064591767589784604,-7350689608936669193091455733423327939974513876597089347316413676294385841271038499108558890800997519318281058712997,-388,35533590359906452221935707277120125768402882818012059629394642686116117637995748615539268638994515495828643952525915,-388
14,7/16,15/32,29/64,7,7/10,8/10,-0.06020270367245410102140333238502654023076463938359551901249886191033773896572249689745075628174323209538614981362813961178260838250,-0.06020270367245410102140333238502654023076463938359551901249886191033773896572249689745075628174323209538614981362326676345496233599,-18976858425133897264741777596709061411482900446519461713853888503685091549920319603385633409504318461196150861735701,-387,-18976858425133897264741777596709061411482900446519461713853888503685091549920319603385633409504318461196150861734165,-387,-0.0009740146068078989287023240250056013638202985024779098762995158535676483605304919563885055304732154663061334932950777037445759703997,-0.0002509724170603963670437031906550154263202985024779098762995158535676483605304919563885055304732154663061334932950777037445759703997,-39299204682571331466560094628931092047511805538648026804961396983587599273584446753810358330380208068223944508386993,-394,-10126148333709145253742218449554194168466507531919528884218221515116629718825066767809932086409786989532780808449713,-394,-0.06117671828017149465187858464794718065708493788607342888879837776390538732625298885383926181221644756169228330692077967691853683290,-0.06045367608860500268667410733776651659458493788607342888879837776390538732625298885383926181221644756169228330692077967691853683290,-9641941731001586559411518637474469090008423647444860023456842279043284137084281726580418717484583077933958069513017,-386,-9527984479352156317518939869697425470755642084506506204807904109402370807337637538999043951460321301456555000490809,-386,-0.03335992128547698268107222827189587373759882118610311558656061321615319927414880765383739306390029805808604000621416996236054464201,0.03928081495262265196629715649372912626240117881389688441343938678384680072585119234616260693609970194191395999378583162385310368027,-21031165203225538430166053971859474890039626171971835257209676179034209241335017253449421488600723221417198448834881,-388,386935728540665661041545366740553602089301132653929080816744486209931462222377468096149740672770101576562025659931,-382,-0.003102442279033639878720273300250987461915058682916947699244220986513237782242253288947079194506001717010949239999754265957358004931,0.001122078203205673544913302139202137538084941317083052300755779013486762217757746711052920805493998282989050760000245734042641995069,-15647033587512280112658339495985082064032957100787037142478107070500177172222079067044038010004085030419246791257557,-391,5659152936390288973407138554851942552980068258265217377811974016505218006024031549063455131906862193136795485999659,-391,-0.03646236358633849540234277928210779869951387986902006328580483420266643705639106094278447225840629977509698924621392482314802076780,0.04040289317765619835376073634289220130048612013097993671419516579733356294360893905721552774159370022490301075378607676306562755448,-5746761103856391285047193869630633879964066863587401208757281576318066106046078598340208772067836292220089604267455,-386,25471280757412380124275224860416848724650302666914003279507830611924298869306699158317424142965755593702823197313285,-388
14,7/16,15/32,29/64,8,8/10,9/10,-0.1210499185996019379720209120579258613295729206723501507083440223170301335052980810374835619083885524014758153512629124837693861739,-0.1210499185996019379720209120579258613295729206723501507083440223170301335052980810374835619083885524014758153512575130125104971302,-2384804821367281439821394274480625405299594480498386514542671262435187240902480188075179896027904255252349736013897,-383,-19078438570938251518571154195845003242396755843987092116341370099481497927219841504601439168223234042018797888110325,-386,-0.001289958373500506501398123825658384483123381603737430742091699289307540568010970330917289586750316965470058609333863167926549734791,-0.0003191028045064952371037379156242047956233816037374307420916992893075405680109703309172895867503169654700586093338631431419614797553,-13011698643394022691911267645788664955651979810529547992345179273417226989483883535359698483460785472908415586282441,-392,-12875049656782624233025254619878480598541413499123748975378506901265940122102746565986378095082096358549328069963555,-394,-0.1223398769740119391751919641214992848751963022760875814504357216063376740733090513684008514951388693669458739605940750238213142056,-0.1213690214031989385073517217356350270626963022760875814504357216063376740733090513684008514951388693669458739605940750238213142056,-38563492724769253573263294444572254876570396924652803231089562191724482802784419729193929515063369949204749474112155,-387,-38257463467033429961964059254456454502556855613336517897906849643661937406720245357238586314305544642699996690948763,-387,-0.08183473341889907415390433329111516556082567436051271714800137002694890077123108902918607508745905982162330065832816460124526671007,-0.0002444246111087947654765989161151655608256743605127171480013700269489007712310890291860750874590598216233006583281630150316183877878,-3224452673251751684486954542815966110293070590584247251081955291270511556049946257479967452141137755333690563401911,-384,-154093120663360675319250007345486930764523790001678865885515032632856343809972984652502908891316665738197486635887,-388,-0.004775589003361334988112288127114263432167212324591236548114567581584658161985386620507201849889782891839931252545480401105540232066,0.001421907408553136548762482991049799067832787675408763451885432418415341838014613379492798150110217108160068747454519747601989298148,-24085476800240212046930737758645081075406815868823712977685164239559090772092030012613044477538927830613318880837471,-391,28685314315525070133264989950592324040739316501194839646391202393531725776947218036943687087623129399425252882711175,-393,-0.08661032249138200647675916749977239774299288668510395369611593760853355893321647564969327693734884271346323191087364202820021633786,0.001177482866565939118028430156477602257007113314896046303884062391466441066783524350306723062651157286536768089126357971799783662142,-27300963707817263580734486812745844954927316654042827466859635770643629595831089258468660573640461286629050959536557,-387,371161497636635735078319824608060103124115862897697333630775696589599017535581112341599332963629318543114855243347,-387
14,7/16,15/32,29/64,9,9/10,10/10,-0.2012868437928224824012098598334143057071791686002094451538554448379937347185041769969002325797704935683305579749555627170958272491,-0.2012868437928224824012098598334143057071791686002094451538554448379937347185041769969002325797704935683305579749497888994159341471,-15862210932754958134964197320431072537968175326653787057067546973777553025713694566531763625756876699653021762636943,-385,-1982776366594369766870524665053884067246021915831723382133443371722194128214211820816470453219609587456627720329561,-382,-0.001731761976477409142615274402485440394086812867772384322085676907957190679266300867644876709736312364745597851976307445962593879131,-0.0004100542352509902674574413031202060190868128677723843220856769079571906792663008676448767097363123647455978519763074459625938791311,-34936266817455731400545122089314891824580669868506216723716044582024911189648341710880471011381793602586716955464931,-393,-8272363273327266818666134645577575262202887846098709864988195350373381000893275104955978898642242601365864987219171,-393,-0.2030186057711188809473709907117298242262659814679818294759411217459509253977704778645451092895068059330761558269289783468700000802,-0.2016968980262544832651214446607044336012659814679818294759411217459509253977704778645451092895068059330761558269289783468700000802,-124989693165265533197241845102094805782143156266620506077871721430935055761796414696057974735542679613144601415263,-378,-124175975403500383652150253432927215901404491589865818989489371418994919865521494083241934514260326564415814979167,-378,-0.1721354090156590264278811735214815323429945787044909698315113050917074200391520703541607528672484664792018677567415595031300582241,-0.07906541663823627643169587078710653234299457870449096983151130509170742003915207035416075286724846647920186775674155950313005822408,-27129921810615580243554117185684462536066682968046459662815319286541107968507994594511602697603457087391019319809495,-386,-12461344145201187670990460114857626171821033958762673452205746079292902472430048257783889346764145573872072122291671,-386,-0.007476795980801082899493559080446548811986933185837951716373272882876319209683395216748606870637537493364901168952150578806314847781,0.001895286659965083251076356691037826188013066814162048283626727117123680790316604783251393129362462506635098831047849421193685152219,-2356806092517612848305858914880175811958770376306444898379437109210871543548553200081264620420204514033718647313247,-387,597424773759104052729859431817399973004932607236284674719248420971623615981648608212343363741131386763648333786273,-387,-0.1796122050619437278550255657318108936549815118903289215478845779745837392488354655709093597378860039725667689256937069095090764273,-0.07717012991278757465296868096618589365498151189032892154788457797458373924883546557090935973788600397256676892569370690950907642730,-14154162433597565219831184222686622235452729694892112281631151448982846758761712068475208322064321416701722116480963,-385,-6081315874000445936335104298350116078229588210779994331794428405993970443599035505639768014289248195747341182951363,-385
13,13/32,7/16,27/64,0,0/10,1/10,0.08984021305756278879257215145217628345599079832312370196454993065173874884517888946648174523025403095581677810097178627134429617631,0.08984021305756278879257215145217628345599079832312370196454993065173874884517888946648174523025403095581677810097613249674069922560,14159538526317956820567583087630490133450120665602111248066292296904349870745878077967487014460667925241934419658269,-386,7079769263158978410283791543815245066725060332801055624033146148452174935372939038983743507230333962620967209829477,-385,-0.0001875959296228355824992879470743783514619870050867065229838230305839612929277016652665883244878554872275088884449458378420053317974,-0.0001454390130732061962176933130182870428682370050867065229838230305839612929277016652665883244878554872275088884449458378420053317974,-30276222899885466661972309118939735431459807496255214375341928042362156599789098539148249663700720733326327458162953,-396,-23472492111085437797445235014633563657689518695650885531176192208669987996318487989527298568036372032122435788990729,-396,0.08965261712788310979121205549023221516312256131803699544156610762115478755225118780121515690576617546858926921252901201575216762071,0.08969477404454642601521526615402768635452881131803699544156610762115478755225118780121515690576617546858926921252901201575216762071,14129971902383328440561789537664295778945561920231562933288933847160880620787541368940629408116936680177708999537145,-386,14136616170749683926687226692153741813062932022113376262153691644840170541997078472024934905734343415652401281921529,-386,-0.01104159371045191156402343551580971248882498843264074317963420495171791883790179397226000274701742814713396769007400069339554965845,0.03887221464372466934189087112481528751117501156735925682036579504828208116209820602773999725298257185286603230992600049626468658326,-27843900403026977830073582754273279844376894443022875640694267321030251903179203362775178662002494893252566775549891,-390,1531643242259615634539433621389748100064639737321801090552843722786271215405381241956771615793731185889486594747585,-384,-5.163928095253441697419353760590341572609542500373970209811604218916003883931581126624379218105604701836357261482136570225069419506e-5,0.0002267027722543359153860741015542528342739045749962602979018839578108399611606841887337562078189439529816364273851786373958228376844,-16668190868022202387605366023701824276582733853711437800275879277663742029506094078575363570582288734902869695104091,-397,36587700375982695042776221865219216836911805384959784820293150241792630640359384533885200946218236291358137802571219,-396,-0.01109323304779311749091917980414803777955108385764448288173232099390707887674110978352624653919848419415233126268882217372652103218,0.03909891747236767676719849597710196222044891614235551711826767900609292112325889021647375346080151580584766873731117782627347896782,-6993530196595078869402795849051086463816771845160506394235588074904376982443484510062526697559704829205447002857395,-388,24649212616296761102987890988864706043985770119280573940408127100644968920422308296515349443981151532951851383349325,-388
13,13/32,7/16,27/64,1,1/10,2/10,0.08582144024356422889424166095292086136384358240985436791776976624967181634628835208542749856494644049835738892921022124521285028887,0.08582144024356422889424166095292086136384358240985436791776976624967181634628835208542749856494644049835738892921450402206332044694,3381536920260416270158806081953940455883975042182266535009976582259407157410395322075236083413290824963214563105675,-384,13526147681041665080635224327815761823535900168729066140039906329037628629641581288300944333653163299852858252423375,-386,-0.0002258411767221683678668031263702236052878046316756942524689585741149143405849439505200895267767238189212353445184715098812646572635,-0.0001295122821935716476742217111938320037253046316756942524689585741149143405849439505200895267767238189212353445184715098812646572635,-36448646941113952873416771801940990148707715717105540654548216282026598500466618662060456716810013485739617420208303,-396,-20902067181569230586223795196601475009278533578087976460662192042092398113211066219980193432229008939022346105022639,-396,0.08559559906672837368865324179681125787574327777817867366530080767555690200570340813490740903816971667943615358469388903565526022389,0.08569192796148434408428905527146640924293077777817867366530080767555690200570340813490740903816971667943615358469388903565526022389,13490553299245315528094855827918469287099255235874107096516571890295512116735759021044334631327606501112017800359907,-386,13505735506077581836828287586503540233841699155006687764505418103400722684916858941414936213567549178257017099481059,-386,-0.008920354607321215305054944746203748577738553127729002429664767426517796606756631386492164582735586248019510002178765074974168047057,0.04088118705964471634892149568348375142226144687227099757033523257348220339324336861350783541726441375198048999782123571813265611408,-11247355760374610139864663747127091900074518341778719455609720683245379308460611777794127713455346529422636503791651,-389,25772812573441326617715008097193810680266212454585359489663117597064425222482122582490445258690498498672785913414639,-388,-0.0001773105372866000838255961886185458948133671806563050334212833116937320292954611003181088830447231661207500614982941888549811911128,0.0003201168124416410133564392575484462926866328193436949665787166883062679707045388996818911169552768338792499385017058235373129364050,-3577032135092557236094900109644572679605386054905300402916368896091002119741861853383997753475088417248156804530131,-393,25831924996906165298559783224849654116539054925928040348206602191176525051384313365294610203691244521079124987150517,-395,-0.009097665179623361407138278094551298378801920308385307463086050738211528636052092486810273465780309414140260063677059908228443869096,0.04120130390710190338053567210076120162119807969161469253691394926178847136394790751318972653421969058585973993632294088487838029204,-11470920312967743324929471602488179927115028580544176772281405371199652099142743508333960128395396702870565770251297,-389,1623414031847161263313402793930756232520891289147569395351761718291080275221574700813029729911297807511167269404063,-384
13,13/32,7/16,27/64,2,2/10,3/10,0.07751446690371221279820633670385330718264853738490751635581682810240648047489073884336386791847646568181160013750169281466823633499,0.07751446690371221279820633670385330718264853738490751635581682810240648047489073884336386791847646568181160013750586138413602728884,24433804042002267119361621557427949369386832850178286082615040837526016455748229738230034526086741864382768976021471,-387,24433804042002267119361621557427949369386832850178286082615040837526016455748229738230034526086741864382768976022785,-387,-0.0002771604693814670278979297073634346213240539942071868055568297832429376811694015081253749417610655812267511142141394004033081916195,-0.0001241348705614446041462774666102607931990539942071868055568297832429376811694015081253749417610655812267511142141394004033081916195,-22365549633462612304773982844534232407818870038421543231137634021680193707375496623432577540567376844523793960595863,-395,-10017101699175765846503078505371104047424757306844184903977045080783493420672492110140754712028890853457446465368471,-395,0.07723730643410337209486517493701111279569948339070032955025999831916354279372133733523849297671540010058484902328963639780794023092,0.07739033203337814186950329129672180615507448339070032955025999831916354279372133733523849297671540010058484902328963639780794023092,12173219306837440979148204226101824685532800086095404636728450334756014273923976432333492934908356234399578239079359,-386,12197337369280766807886704320877090823589885054424159320622694645148002792902284577901281176622533544635571126735807,-386,-0.005039091132813923969369258026722518288460861888051846440354040279782307548543990551821829500768167224713353054126298730393169805845,0.04448300440167090950955835427796498171153913811194815355964595972021769245145600944817817049923183277528664694587370206271365435530,-6353609601258582651418724849447721276659089455976656050996075633194733509625667715122273075619154088365215023547005,-389,14021756920551040558277998482828194128102568989262247083214303213809729821623208106002359629359004234144393178599265,-387,-0.0003340468083094820083322501604816585843896472766761952238704947899344283169140993664821058967701863876866111859084833484651327648293,0.0004053488856172989419457935864665836031103527233238047761295052100655716830859006335178941032298136123133888140915166639271613626885,-13478005156757513113256034733607651110646218739988886802343474952472926724939922377778223729987629371087839953966843,-394,32709753452122951484270391304020690189821737731036223602329553081893348416794992069369599855518356517073785697817099,-395,-0.005373137990690867224326097153573805779100509164728041664224535069716735865458089918303935397538353612399964240034782202781243845852,0.04488835333685566969812873683080119422089949083527195833577546493028326413454191008169606460246164638760003575996521859032558031529,-6774797324905092221937424626267829770848652928307704718404969847308808343073688662839053587089273078462634980721973,-389,14149529410597855158945791871708242298402027436450706320369818185998199682199725637126137383771624207351943893634739,-387
13,13/32,7/16,27/64,3,3/10,4/10,0.06436481585547335261516292495737669485527748761516077689536249320770898874251424167754593557871441761273749720363885298369084865863,0.06436481585547335261516292495737669485527748761516077689536249320770898874251424167754593557871441761273749720364298348403107987774,20288822985337205296901559771269629779694220546296639270849445342303732729628516351265031234053186391048474389301701,-387,20288822985337205296901559771269629779694220546296639270849445342303732729628516351265031234053186391048474389303003,-387,-0.0003446139880143122289593052214123021298336477735269090767615630216471100052063141143025947357836666357392615469626262826482687550003,-0.0001292216894998959040532540625072728329586477735269090767615630216471100052063141143025947357836666357392615469626262764521216912414,-27808732141781285348690615133124432908374144941343360327179264395098196003404962564029013388286878282379632617963455,-395,-20855168247330659627600378791384959588340954627132963993305944271176292128486083467050069564566947881315404071534461,-396,0.06402020186723166671076038767648563295981883984163386781860093018606187873730792756324334084293075097699823565667829114571357722453,0.06423559416620083038655290295434818178794383984163386781860093018606187873730792756324334084293075097699823565667829114571357722453,1261262195333543769953659207573001519416730864107476507103743284727723796891210898523220484390812668310827345105225,-383,1265505639682863089629130782261284011467277021011900803528845528438493199080994269335700888574192478172029479276873,-383,-0.0005709436336112723223521652274843775888427111036837209415660066868213055222639664205589438594489721262273137977610294491180657680122,0.04910262622073762561160779571001562241115728889631627905843399331317869447773603357944105614055102787377268620223897134398875839313,-719882386858986601459392997634986737660199332753923271417149737016883836159845635095370049302060601157113965120913,-389,3869483965217491906702574748871809797842707616497777610492923554113620347762917804127079110306420317617109164855079,-385,-0.0005397647871400095578850095733239812819843128100216406375298981829749399107954961634049129166377909974989713237607099380383309482560,0.0004845285605147382188021356598303155930156871899783593624701018170250600892045038365950870833622090025010286762392900743539631792619,-21778243059185872596307274330066246048966285335172887885717202783166991075515259794846676462495740581338734533318243,-394,39099181759962752392065646820668348329861496865624306557889625308438543350464785145617265767778651895849825457853243,-395,-0.001110708458040564652927232555324960433327023913705361579095904869796245433059462583963856776086763123726285121521740105909456112302,0.04958715481854164660309998912436253956667297608629463842090409513020375456694053741603614322391323687627371487847826068719736804884,-1400452529475266747890461308471385280383178035807658295795575360611423514701616463498267254190432833081525993656901,-389,15630667051374002535290921925385932015457547509704850958950891324470712252872404023436868526989911714125994183707503,-387
13,13/32,7/16,27/64,4,4/10,5/10,0.04549968078219283856743609828201741962826925850014264599727162899730611338073898801253875538408963439779366854168430173240905456347,0.04549968078219283856743609828201741962826925850014264599727162899730611338073898801253875538408963439779366854168851154343170189662,28684459265822928478957633894627300394621240838316898742209895299960772836922126445803441622257159455976056502383297,-388,28684459265822928478957633894627300394621240838316898742209895299960772836922126445803441622257159455976056502385951,-388,-0.0004348672975403627294838818994930020293186145502889629106883936666551251049611918432516569798414881929252505758202957187201251566022,-0.0001425546130896276242822799173763028105686145502889629106883936666551251049611918432516569798414881929252505758202957187201251566022,-35091750814299533181319216594803367185698113118209454525706621354467339263008632360130770270232373800912586029935789,-395,-11503488508481792382528497667236292740355594404221291202527597953942075280892236165017425928575585358867324281040045,-395,0.04506481348419772848706575226356689806770064394985368308658323533065098827577779616928709840424814620486841796586610989063984048946,0.04535712616955795829404028248359863634895064394985368308658323533065098827577779616928709840424814620486841796586610989063984048946,14205152481149763024489909288014523238285106730990658377540888590080899072003253072989429689256108358258830606603211,-387,14297294131068550901483944472776684734749986812316745264168091790706399489356760605137651791599457507249335621129163,-387,0.001767816112658328223739615078762662050903375499133911835203096212746973744815680264729297141233454867523130315220445673995748851909,0.05436645591147462170175170003970016205090337549913391183520309621274697374481568026472929714123345486752313031522044567399574885191,139311002850098898820731279504222550329215483577763339472477722024980729597387619176414059286348407894426100057047,-385,4284294865399860616983076441693391167904971754252493169852452707997579142715487797100530491007764469345528840078295,-385,-0.0008448706600513099663420331817384355557792970191531237080129627280960537790233675082048721294323425133937182796456644606286165098270,0.0005824278189782495639757501739744550692207029808468762919870372719039462209766324917951278705676574866062817203543355641559717452086,-34088549358073455497400377662233499873896317612194687539950228597670869415376457650701685080142418890910844378342259,-394,11749798160554757824638333951365207772324128468104694760466981181190653740885259179274499037176392202391719830916679,-393,0.0009229453989468308527948158600369218076240784799807881271901334846509199657923127565244250118011123541294120355747808911674850266184,0.05494888378411305867033021625066192180762407847998078812719013348465091996579231275652442501180111235412941203557478089116748502662,290927202625894431282707269400886880699155764591115566367976439615901560603365690156973862940394154805286490182037,-387,17320770074772662851869057132893450145915342712698775330158180700511138226041839574230861471003325834731662921011605,-387
13,13/32,7/16,27/64,5,5/10,6/10,0.01967254728084209976690924217524737342562774805640922187191984031424241187861016189831418310841038701641302035097591400211656865597,0.01967254728084209976690924217524737342562774805640922187191984031424241187861016189831418310841038701641302035098034746926362943071,24804410555475320898184860151506029569660805364152529341889059123624166943227441997327862013968185410901474623176369,-389,24804410555475320898184860151506029569660805364152529341889059123624166943227441997327862013968185410901474623181959,-389,-0.0005545046385735337757255082378885669815878513579639729084947974421458324621434140954726909562182974117723266133656034334884051106120,-0.0001645295181036350917752032528421802628378513579639729084947974421458324621434140954726909562182974117723266133656034334884051106120,-11186480744961975800720031448225586497166879598570616192888075288287508982453740987573286498449698043359652785093167,-393,-3319190063006324495845252734051425302180970781218860412848775059269907105592709380718072547985728480161048588909103,-393,0.01911804264181381864029726981840128691278989669844524896342504287209657941646674780284149215219208960464069373761252725263251742266,0.01950801776319321202602050304136271269403989669844524896342504287209657941646674780284149215219208960464069373761252725263251742266,24105255508341822756642340308089225189762353654042724582541484137171800421977352466582410405797574644913964902472185,-389,24596961177110800271192049733530520712100016425525491813378080963354194958974628380055103681736582019168940508011001,-389,-0.0001325198898064412005503879283434906903575650558884015369637343528622694533973434108467744769455949045718170180747702702264444634398,0.05735983214276186453026931422009400930964243494411159846303626564713773054660265658915322552305440509542818298192522972977355553656,-20886198077195639066152855533735540851495598146673474761782364927918251809547320875829014033117556175685832428947,-386,9040369846053000816697275254310814401799223807123511223831959136311785778296547230971468574777160334118269991236205,-386,-0.001297402983418804050777530921203837906778065617021848643676313043697027001338274759137381122418522173168913071108845966646162510799,0.0007055248623325969862002370231320995932219343829781513563236869563029729986617252408626188775814778268310869288911540581384257442371,-3271697945080857662627436692557321201301189346516216257144719130006210850532495082702058838681220505830882491027523,-390,28466273277275492715488160513421849681986632505493640993497414642614971494195093989451959034969425993533741518224337,-394,-0.001429922920518969743520187221129359847135630672910250180640047396559296454735618169984155599364117077740730089183616633426019054809,0.05806535705238818600866181961480814015286436932708974981935995260344070354526438183001584440063588292225926991081638336657398094519,-901469308394478979792400246214944102658409959571092822520963850801880631901310443329133270713016541592097877682781,-388,36606264933984914848339533176206145647405066591747727895038888257626656954812984656621363663940279808053678601377187,-388
13,13/32,7/16,27/64,6,6/10,7/10,-0.01482196746046911511296648992719450767890996624433341485227173918389828642280432563942983704966508673273895347598658695753281992826,-0.01482196746046911511296648992719450767890996624433341485227173918389828642280432563942983704966508673273895347598192111008627993939,-37376976238090330674942355009042213085712987230062738013679386326929210450251062910457467718642007639971355461365547,-390,-37376976238090330674942355009042213085712987230062738013679386326929210450251062910457467718642007639971355461353781,-390,-0.0007128629699523655524776349874150893035450480003990557762601704356477724481732392969817980138333185968085620383316253966885022228661,-0.0001964815514598369425461660237920424285450480003990557762601704356477724481732392969817980138333185968085620383316253966885022228661,-14381174353532558820572386877827704269951824893835757755987013279913921596070658636148561530199615667225938695831473,-393,-3963784861746020322816496560147745557185751516872450414240934236470553825692367347214093993954690916305410887532465,-393,-0.01553483043133097536721705315252463604495501424473247062853190961954605887097756493641163506349840532954751551431587938092887564662,-0.01501844901101945735373972771307151104495501424473247062853190961954605887097756493641163506349840532954751551431587938092887564662,-19587311517287699571751987440190748507379526141294386361173022055328019744573409058032261358993489075742361742446611,-389,-18936224671757542299652172783724930192529559614437614663145610991375220419537842976385372329908162725699703067873299,-389,-0.009938294335635722122114124103944140345906175429979867895135061374291176283060543964053230667343488738163901462223604476549441796051,0.05375751535185205892570692081793085965409382457002013210486493862570882371693945603594676933265651126183609853777639631655738236509,-12530839519817948069612601996517600484094489631732836327802303665391263253583363129819878590672771091110225485551549,-389,16945231623971569345409105625288289661572497426011392242719738461202200216957739907077831343233350391835581291612689,-387,-0.001970054860596317468868662102450137276499138640013386872982289934555209954371679585196239274971189992869653818295848095568312820101,0.0008603285763617552381883371040928314735008613599866131270177100654447900456283204148037607250288100071303461817041519540008636899704,-4967943284765002422572837807473987178766678407845289035022107348888456942728715760487898226484637666973753861751859,-390,17356120011131453835077963569051774507411146422107791753229254032342422648898035659007346212215370556390839471169129,-393,-0.01190834927808656275054632761874779324740531406999325476811735130884638623743222354924946994231467873103355528051945296867116669672,0.05461784401006833732345879933437720675259468593000674523188264869115361376256777645075053005768532126896644471948054782443565746442,-15014811265407887000452238922741534362071741171500905357886007908026989497359250434045644067065924814552758311385559,-389,34432842049894715482941006623352917420798549345636365234014216395010850027899308140490550437173848558536204264178453,-388
13,13/32,7/16,27/64,7,7/10,8/10,-0.06027551026014403343132657543014139158519499209469716197879681834240596157592051840724978676721865769579432954213480349944253662905,-0.06027551026014403343132657543014139158519499209469716197879681834240596157592051840724978676721865769579432954213002582393378991939,-9499904115044136851682798733326327409883675752117681558909524388839733887342784161264935509087964292511595815842635,-386,-4749952057522068425841399366663163704941837876058840779454762194419866943671392080632467754543982146255797907920941,-385,-0.0009234108530161990183571142072765521181207224814815934952951837235741863904084600532425892738778204220973357901614554199524196688838,-0.0002407368057046057055869859571544818056207224814815934952951837235741863904084600532425892738778204220973357901614554199524196688838,-18628730958009438922538945743199417760125923940608114201776141367115694268220546947218191370654200087063771553672711,-393,-4856582712357420965251224415564087156381636615747557532613552233941711118765044247174068860063251797703334763376135,-393,-0.06119892111406972715145661787533298276581571457617875547409200206598014796632897846049237604109647811789166533229386973465634737261,-0.06051624706493914443514063314938083432831571457617875547409200206598014796632897846049237604109647811789166533229386973465634737261,-19290882151593858513529027432841498334182079933406935525867836127007849102549879728091215859351152780522328773029981,-387,-19075692334682171078948888909194491069673053708756848080620100390867608405992906779380905243105664575223540526542941,-387,-0.03388281179825522991974932190414921139352481007071337877305281445807970049209537262446751039269308016269406295014360160713984959136,0.03726218813796780017058270934585078860647518992928662122694718554192029950790462737553248960730691983730593704985639997907379873092,-21360812166817928579125472859280634238239031048160204317148184905248238175626670402633936949317047501998240856147003,-388,11745639743227392990353989603023468205662943924762168848300140128081965199336307935294527030922511408948759860936163,-387,-0.002984612597242499802264263292553693957045155381839314466987434808607684250566115940362327129576008000231946113491189882004962733350,0.001063588207148444738236377576586931042954844618160685533012565191392315749433884059637672870423991999768053886508810217133390286792,-30105529356898815321513881184129999564400843739622727338981461951653385708921348360324664276200988316443644204271095,-392,5364161168444814656755013426236546901420350812073004822295210143787974894258325054456458459153175098831659825044741,-391,-0.03686742444642943302129756651994509285056996545255269324004024926668738474266148856482983752226908816292600906363479079517634118371,0.03832577639604794820810306824567990714943003454744730675995975073331261525733851143517016247773091183707399093636521079103730713857,-11621203891866542580290545797920125872621650476519267312095231004776409266925587470196507889779934507658864115339341,-387,24161799664619368436663357046877997308232648872185373147743117256463671011871826767634898682219429448793236811767655,-388
13,13/32,7/16,27/64,8,8/10,9/10,-0.1197555225742317754832919153117746664597564142606315978824747727835068812325405259060229432855946299194336017437690451151473148585,-0.1197555225742317754832919153117746664597564142606315978824747727835068812325405259060229432855946299194336017437638169549624446211,-37748862740178714813951173575209016254812388693647075921412913568283410286092489457099957486117710715848218352167949,-387,-37748862740178714813951173575209016254812388693647075921412913568283410286092489457099957486117710715848218352166301,-387,-0.001207067761562172804002169768809998356692336195942457505007835851650565302507261546465946249960740354806673037219716598551692915050,-0.0003000452910338547229510585474965217941923361959424575050078358516505653025072615464659462499607403548066730372197165737671046600140,-6087794101829215565089876090098238159808603151791921333583084975878670441051667136558644432844824641686604886914673,-391,-12106123690511286957605419661011589616452736433916660091419359651236949270152122492374169072547561185692455847703431,-394,-0.1209625903367034429890670133184997038789487504565740553874826086351574465350477874524888895355553702742402747809861474353298666146,-0.1200555678643561355044700456213561491914487504565740553874826086351574465350477874524888895355553702742402747809861474353298666146,-9532337467957432028442012442447877187928296814558410407101972879935756448395396003161483341044816143773099217104655,-385,-9460860457806036729077176744339829171694541207359369801182773043772875086835546888640142520247059054618168738164495,-385,-0.08183491639873965022145379300568086868242471444879656407396705592057846996712307390951806652432073263494852739607184466084831451013,-0.001842764695985450716601498083805868682424714448796564073967055920578469967123073909518066524320732634948527396071843074634666187847,-25795679064196511023795928339337618755096143192535393614318725502427358579887840166421022612093991065772909479015565,-387,-1161738015515451485233165327495354489352685396061356771769846578131492203360262484109396554766750954607095568558361,-388,-0.004535778865272357791540662514883774992833615909001891644765653386764546266917368820221612687852556385133007742312507508699525583700,0.001339841216224532842757662070077162507166384090998108355234346613235453733082631179778387312147443614866992257687492640008003946513,-5719001182557969964917075803301739232305874894656908734492778557712893984725291547149657746859788432017601662013421,-389,27029725134778244252210247357278996842494024375431140760308377258279409297376752209472056377372298371178277531484467,-393,-0.08637069536951339341865413111870917492525833035779845571873270930734301623404044272973967921217328902008153513838435137644101593269,-0.0005029233742595324681841604155841749252583303577984557187327093073430162340404427297396792121732890200815351383843497902273676104074,-3403178674136466680860154276064994568131609069718726642610249554506327530897443094561433345728025899234266543695121,-384,-317059038542171488639521260866579874264225851228748937130057200420184320596475570997335358943328590314129485615375,-388
13,13/32,7/16,27/64,9,9/10,10/10,-0.1973889137075315402614784883162783555001287629597283089514894942473226348845893191369758624658517589896877959056259104760904544693,-0.1973889137075315402614784883162783555001287629597283089514894942473226348845893191369758624658517589896877959056203523834667331975,-31110076804014931617760645277897585695314131130185868493483798647376276501429107042899102648755731987750197615273063,-386,-31110076804014931617760645277897585695314131130185868493483798647376276501429107042899102648755731987750197615272187,-386,-0.001596872421405301141132474276110247687893458867378065072932469020126829888537748482850334718775349564980362148211224098746144050682,-0.0003773401271336709061161282983270445628934588673780650729324690201268298885377484828503347187753495649803621482112240987461440506818,-16107514123024161680653749363524798390563741013646861740198684566349612828424205021717908325587227682487417716935805,-392,-3806197255032110489376149721801918993302478217891553149898421257889520935107924714490112016232483126421668881042557,-392,-0.1989857861307558308061568190682186813130222218271063740244219632674494647731270676198261971846271085546681580538343494810852036554,-0.1977662538328462217640487601387753219380222218271063740244219632674494647731270676198261971846271085546681580538343494810852036554,-15680878356236935735509809525327006641039725225561835665910219117096343903398300302937252783675892369713914613959537,-385,-15584774317919060508579194339174694033835860742370426693902463169531800830558401503525975024000306108730885240359793,-385,-0.1697281590562231026673694329898937039420603803689666212722151736394158738564055103127643487363477193387495406105261984964485128956,-0.07826805029920405969861943298989370394206038036896662127221517363941587385640551031276434873634771933874954061052619849644851289563,-26750519899343721736576420165701828908348196984803844747970640297646969501057834096029223196884019508134569535692281,-386,-12335672811475812531768012390417784731114170647035141578661361089232121462053792225472826903781960318964407550959097,-386,-0.006991212557816143813156703051561913951336882555827085434830677952762424706393997797659780924129399982502074814494159753185858007205,0.001773997374064091858840367260938086048663117444172914565169322047237575293606002202340219075870600017497925185505840246814141992795,-35259878466992972131521296059024086992547800186931229374524316116958252205103117229690957538326411931975934584900257,-391,8947079107233392922860441189028138327613641905139667258180274397383390444937799119850550944624855156656117098919263,-391,-0.1767193717304545683074609504945806178933972629247937067070458515921782985627995081104241296604771193212516154250203580513576648625,-0.07649405280872464601284425127583061789339726292479370670704585159217829856279950811042412966047711932125161542502035805135766486255,-13926195559892620521803516380216449394641005633508982789635387083101312798781344759082472042258434152944911491953703,-385,-6028038285513390037504025755187044122979774405563503531748489262206589897777051497134809361101142585218949199590439,-385
12,3/8,13/32,25/64,0,0/10,1/10,0.08939611203050073720630906788704594567714079101249474453375994623479459285238374869282342305929742162347098648021183848280315705295,0.08939611203050073720630906788704594567714079101249474453375994623479459285238374869282342305929742162347098648021598167285257485031,28179089281274920769921266992066988054432594586500344134490719140397550997876880544906855222245872801973045117790309,-387,28179089281274920769921266992066988054432594586500344134490719140397550997876880544906855222245872801973045117791615,-387,-0.0001896559819024312054916598142371133815619755578770717023663577043407329610892055272146417747283730507850624794669569640317977350901,-0.0001487761762214156369391210616812662135932255578770717023663577043407329610892055272146417747283730507850624794669569640317977350901,-3826087001140671267118596185039052964143335206361378198520193020106389120831012834506488078518620137535724771545901,-393,-3001384866484273102524542077058754482050964227596248047475158886554761230801093853505017238998534714255958725301037,-393,0.08920645604854146258195660005793914235417256545461767283139358853045385989129454316560878128456904857268592400074695217198171452519,0.08924733585433616498823075484023436940495381545461767283139358853045385989129454316560878128456904857268592400074695217198171452519,28119306671864179823435116492991293313623307419675974436160963928179188755056185634398250058455972342377876561309349,-387,28132192642754021960631743455797404553895095824669125922726796979074332766453323788415280615449567717008968619634341,-387,-0.009542473024893684495328546073771251376983127820906464241045144195607088364559056574745449547582160245888157775166730370453320263547,0.03856155239863307942068707892622874862301687217909353575895485580439291163544094342525455045241783975411184222483326962954667973645,-3007940650046305007746068441011073675606163119326618421224170659418717546370500437572703401958020491297293140937807,-387,12155220212428247904631536647347360169323549573318193800168701963964466722096784006716087839300379164951231253263281,-387,-5.019695693439552783319229340062224289769808221583914317666037648196139241735023126281573295251637924124066032024288367966815353049e-5,0.0002205269112634241558676076486159793196023019177841608568233396235180386075826497687371842670474836207587593396797571194184053783490,-16202635740522081560399203913208690161832478302340293671090571203867923225578964453380027479051807233506798349070803,-397,35590974357803720949403941532858510249057091638906767616662824319884369641728320111692778802153016695422520638301975,-396,-0.009592670021391099550284116716476072838630825903122303384221804572089049756976406806008265280534676625129398435486973393546297351653,0.03878207934945952310367706492414892716136917409687769661577819542791095024302359319399173471946532337487060156451302660645370264835,-6047527097965114654931819265932810310594850779000139485729747311366268258623746067555686957847515808670146088682679,-388,24449467693383464043113710130075126130717673892013511418545050306074760391439355541330747883558120316441573569051465,-388
12,3/8,13/32,25/64,1,1/10,2/10,0.08531359439067127748212720109335955041124775737980569024322733048570133621439003300532863398834715565705748771658891568669635030724,0.08531359439067127748212720109335955041124775737980569024322733048570133621439003300532863398834715565705748771659302080761820836986,26892214198543319675695494370842067395056374584766713914796820150066222375552779624018987979047700317859689576234689,-387,26892214198543319675695494370842067395056374584766713914796820150066222375552779624018987979047700317859689576235983,-387,-0.0002264616232914174848926679335868342612994573227064710950322589279281110465551819351191986682366946441180297800378581974100038886848,-0.0001332641999660534144138411723411067222369573227064710950322589279281110465551819351191986682366946441180297800378581974100038886848,-36548781195976638693912860278801875346706090707449715431157342459984466333631833758449948948668195148215503545626165,-396,-21507591507230677323893681414619785309542528034159538621978424205292882323880833320806997159127791532057827353226805,-396,0.08508713276726617315951291713003333626713580005709921914819507155777322516783485107020943532011046101293945793655310720571577318452,0.08518033019081891090543497595075782357182330005709921914819507155777322516783485107020943532011046101293945793655310720571577318452,1676301866264630742960725059265069587861296508931486241336849160813479086820592767423164552961327419332405341063773,-383,1678137948994787229682631836981128575210173090196871399617595183303041221273710658836135586740460805619749052877405,-383,-0.007474170728515452420820737561373010405394956344670642714836825959142082243113627771862105535435816721413707273597638117820438110840,0.04050710364391692849386737279018948959460504365532935728516317404085791775688637222813789446456418327858629272640236267528638605030,-9423914283452035044747063543931953984006481287632832169051544503060461903475281915216458516264994374179083091190307,-389,25536978380409731272988943287749368775634776522469807363972762707057344078853398764216648673733572057828088696270575,-388,-0.0001730447781164850964142474563591869647622790997823865863197683360325462187645682152144512663682118452437219988194852692370274342349,0.0003100849097199959290282335845954028789877209002176134136802316639674537812354317847855487336317881547562780011805147431552666932829,-872743861708730053941277180851214615197409291962996846638646352129860877078520202383091447118786371713043572286701,-391,25022397510032798252218771902773065750552318426159594694153079448631067513535364625410172084550005479346829469004081,-395,-0.007647215540510615158276561880067402448282235444453029301156594295174628461878195987076556801804028566657429272417123981887583665930,0.04081718858751560206393718323712009755171776455554697069884340570482537153812180401292344319819597143334257072758287681121924049521,-9642100291595629281047464742896296812807202882959604303970442020705519256326350532960260928348786518783434896341855,-389,25732465882315068370741943395115552939311651146342190659150451605056070360593613083926680418296166751473531257537105,-388
12,3/8,13/32,25/64,2,2/10,3/10,0.07689166527692204793052662850871505281170478031223909290201460656460155147380555273358598618023795590162413060720317756068389425008,0.07689166527692204793052662850871505281170478031223909290201460656460155147380555273358598618023795590162413060720719385364144626497,24237486973538982015335064186204181492963752056870786596798958638823065454560496330241051472362280242607491051440155,-387,24237486973538982015335064186204181492963752056870786596798958638823065454560496330241051472362280242607491051441421,-387,-0.0002755574531809701285595550769267246542732607063559899777073565514598687564998385961632277907360841388551410598682829023840718037350,-0.0001278504097561539084921136134562656698982607063559899777073565514598687564998385961632277907360841388551410598682829023840718037350,-22236193746328098000615328286946735154416235071454467784116173301288501806104130765817913063119991268400907642566435,-395,-10316928281443429335994445233467754972920165651790249557025595319509119257585096449491746664665596796583548906207011,-395,0.07661610782351370412652384137230956839180651960588310292430725001314168271730571413742275838950187176276898954733690006608159627235,0.07676381486739326769747774695473754690743151960588310292430725001314168271730571413742275838950187176276898954733690006608159627235,6037656710411429012692617706336364413947155855430756231526436512937026898287390182389827524801819924232652144564295,-385,6049296618127816362810256404812196557019743219173343397594584048055758152172848971778247371801404583726381997807687,-385,-0.003715058058568453402681456123824312196841585949090107785171368404245595907683973574560421659011392854774067783640612831769287352684,0.04397541840693616309626568743086318780315841405090989221482863159575440409231602642543957834098860714522593221635938716823071264732,-2342091850298871120625712011588455561797473096780094110661316270564258410385482458562175445450912374387539879648539,-388,27723515336946216577733384619547484812481866707387151087954868160742869477982130405693218268992336332711087971771109,-388,-0.0003264837940114253700457810599489597483743719663984659882061620249249220252536675689048071434962655254643601868409575164597193197607,0.0003902825439618149272419215004758449391256280336015340117938379750750779747463324310951928565037344745356398131590424959325748077572,-6586427635026207331952106289826325853188996040378795415818979611579557452501025562961750490214459232273309038731863,-393,31493970361401410562252383730553853872763787060023826646870675902629532666544403317208835165055433253761657519503013,-395,-0.004041541883957445983893261391842119601465957915488573773377530429170517932937641143465228802507658380238427970481570794351595263086,0.04436570098227554523467363313940788039853404208451142622662246957082948206706235885653477119749234161976157202951842920564840473691,-1273958866837432831331791060394429233345064543706152249491042037831411660244174656833955808937012122985457416821271,-387,13984781000088045330332674077542883508921666829081980132604985004234433220825859181436046881661620962790467483837929,-387
12,3/8,13/32,25/64,3,3/10,4/10,0.06360349626438563013972175174479973866579184790309697513342179122728849642977384806011012519676466268191607676291439240145924119013,0.06360349626438563013972175174479973866579184790309697513342179122728849642977384806011012519676466268191607676291837697014382675941,20048842831373405680025988167786497064031310117061681678650758590504677220820137247474856159724682768386984484787357,-387,20048842831373405680025988167786497064031310117061681678650758590504677220820137247474856159724682768386984484788613,-387,-0.0003398623277642055261524004272009795346941379330486214834144065297703450122983330790754765387843712429703148862239031488309409124677,-0.0001321313470450714310275000861670439878191379330486214834144065297703450122983330790754765387843712429703148862239031426347938487088,-13712647725553948254017604002389045743871917136146709099621180126952978634309332860874817603403942648274063386354235,-394,-21324759674912169518316967085880971286592880544826792572521884277243292247821622786370857511751822109769875813075179,-396,0.06326363393639405093812611925811999936547270997004835365000738469751815141747551498103464865798029143894576187669247982683400346484,0.06347136491756793238413748371811145444359770997004835365000738469751815141747551498103464865798029143894576187669247982683400346484,4985428192736460906885446475444998622794780136883910714474614833911514356002188561155376624236475346665662984219315,-385,5001798227551253670171303769046180986241343403536864876329765142598121516719862995086997682224807642653382905948851,-385,0.0004744321499701744571897311455854527991140122181953219319945128944024938784897914200996379699129410668932728887345363004113096843869,0.04844101799379402461206644012996045279911401221819532193199451289440249387848979142009963796991294106689327288873453709351813384553,598194512412594201542105893886270387162217791753009594923816262819044951933116252256973984799729638236774081092469,-389,30538772658418057950921680713531012229487139009597581874172734140703453157325401033939572204716787169850017287171515,-388,-0.0005297271932125067361550596138510310120592190033798943868084938077697513541267076446165672625113215499846181159525906016933051837231,0.0004654031358893053582949373343911564879407809966201056131915061922302486458732923553834327374886784500153818840474094230912830713125,-5343312422235608557715111080082852997941585066284803338114855128015121466776078711968489639696584770982785012603485,-392,18777924857990995517553591377638748201019921686689826382465419922655838416415151915420067997727954281665666094700173,-394,-5.529507598414154279074503320698446294520678518457245481398091336725747563691622451692929259838048309134522721805459869705455976385e-5,0.04890642116242513923418679402929301553705479321481542754518601908663274252436308377548307070740161951690865477278194619440976960138,-69719581649831955993570200118862353018045275870760627369600855459444340378505356331813765422677414118336403466199,-389,30832177754965654799794099183304005727846857753121195313913286440633250187064193667414374039811453433492174498892821,-388
12,3/8,13/32,25/64,4,4/10,5/10,0.04462461325577442055586043008502248691010382685857201196245463284314933010912525192897228428564765543968122533534022843005344006661,0.04462461325577442055586043008502248691010382685857201196245463284314933010912525192897228428564765543968122533534430182670233168361,28132788608251694940891474155898793453958136502141229940887149679640229509517286330314612232928073111294796074829751,-388,28132788608251694940891474155898793453958136502141229940887149679640229509517286330314612232928073111294796074832319,-388,-0.0004252198016006331561737317841602531103743032195021276789238243352147128173126124711093967855912389826170371154831244712131444384016,-0.0001438625124324061578743715088916984228743032195021276789238243352147128173126124711093967855912389826170371154831244712131444384016,-34313243151355450796976707367105746188035298369261993502610381169629458170438247065574855915374922793680129363789513,-395,-11609029849683036639918816414217933863387548323650409859294912399219141634686870813903869666455918568051323207141065,-395,0.04419939345371904004880023418190471426847952363906988428353080850793461729181263945786288750005641645706418821985913997558856442323,0.04448075074379676174887252269508830801847952363906988428353080850793461729181263945786288750005641645706418821985913997558856442323,27864716395845043154541334690641927199951349866031799993001970936285300762637372165603748070080454207830404353357101,-388,28042093062837733544140867341614068457563182148462281737507443316988528570419660511592048852167638566620660823094573,-388,0.002302228273446079293820368493722502384060819474281699800942389329602223868814079045925214356066974154875382662738828211074208495912,0.05356576023445871094855974837653500238406081947428169980094238932960222386881407904592521435606697415487538266273882900418103265705,2902797206266783353690016249374363345523512805530540140857607956938663979513630508604034871817196519883404284793935,-389,4221196833345446240807482890900097783640699593756142384317606777317138144844625480519796135185433275044338894848325,-385,-0.0008301280042158794836447713711032333713701664558705829620700680657414969023477579069779697129626765171171573540975877715160558248625,0.0005591456181920476942016603610745010036298335441294170379299319342585030976522420930220302870373234828828426459024122532685324301731,-16746858888148308878005459991161134196145719520328106378564528642118060720886194868474472281474941466404559878724569,-393,22560214131394442125184010965929313841742078163502758141607155441965295802447102861644727939981302191357072436938831,-394,0.001472100213751023002026974609801886200190653018411116838872321263860726966466321138947244643104297637758225308641240092573917100551,0.05412490590812993545091003125042688620019065301841111683887232126386072696646632113894724464310429763775822530864124088568074126169,1856118455805806261117493895796755151550753641214801322564750642809825583157095608625593708089446808374285852457617,-389,34122078047542461978514453850608446451259642568501485755319753159316042706320813686720961278613456982024082135571785,-388
12,3/8,13/32,25/64,5,5/10,6/10,0.01878698693670390801634220052647824777960336331238669505031253560210618955356092166844370465467189938161197687246520434768474424390,0.01878698693670390801634220052647824777960336331238669505031253560210618955356092166844370465467189938161197687246955374550844393775,23687839222130864617126944916108549065613453448532493477189444563064304606669381973668446145784831941051645004833235,-389,23687839222130864617126944916108549065613453448532493477189444563064304606669381973668446145784831941051645004838719,-389,-0.0005371663615983839516197024793501973940990756687766179092426385737002537544459599542584667792115149843020247868145567394012991081425,-0.0001633314224159681141976891965743184878490756687766179092426385737002537544459599542584667792115149843020247868145567394012991081425,-21673402683590862733816432480333434733252285927241114914988740156266952967256552107377411520962019268164458337254235,-394,-6590039775334297370430311983797186673087445489479713485581555319982507917752376436926098939064058163262305870003035,-394,0.01824982057465077671383603392817053085425428764361007714106989702840593579911496171418523787546038439730995208565282218327235370750,0.01862365551474268725303097544886144882300428764361007714106989702840593579911496171418523787546038439730995208565282218327235370750,11505272693847637751348831761597712003186898889053533694401988076123282558297942000645390416868632100321987130079063,-388,11740950239862521239149257772258796102952496256092696839028545620124624222043175464518313377978292380863614684018519,-388,-3.318001634490096660319755489140813176718000461283477608746149008268351060788418951959852574649108481941317195118317002023108616108e-5,0.05615033888372543847469624092167109186823281999538716522391253850991731648939211581048040147425350891518058682804881762308659307498,-41835494707784255546135082875220125177601679138823196921839157990996982911228261937096120216055916569298920007205,-389,17699488005009596734358809926341266928579755931697483621902193610339102942020674322949419836226709112202944553879159,-387,-0.001270664895646700355331355204871782385426466550386991865628106721997835911689510441269885672412533367782498519109235622165261675160,0.0006761604183608827189403237196887644895735334496130081343718932780021640883104895587301143275874666322175014808907644026193265798758,-6408543499751965659497830203102244068955389920279726579559372264206501605861581619150715414820289883544222886812931,-391,27281486841868476707763434470263839238385018546220388630149671724792342800402388670824216983694481362735886415763433,-394,-0.001303844963832799322991462320920417079693646554999826641715568212080519422297394630789484198159024452601911691060418990462198801606,0.05682649935392751919469347420251708292030635344500017335828443178791948057770260536921051580184097554739808830893958100953780119839,-821985717505243113068815357279588329262963485955428516553847125281952153451962817623296001958328575546968354258611,-388,35825249274605743695134942556734604103314016684530711911798481854638727201561286953141376577821408877517928366408013,-388
12,3/8,13/32,25/64,6,6/10,7/10,-0.01549110559335998935100401177015118654927464094708574839591146962154498672805955510183559050936371481280826562008907467627809519803,-0.01549110559335998935100401177015118654927464094708574839591146962154498672805955510183559050936371481280826562008455476048720085899,-39064360869028574463907466961662265704118834041759352490311421835586347239823094671360320485792426945402553648632755,-390,-39064360869028574463907466961662265704118834041759352490311421835586347239823094671360320485792426945402553648621357,-390,-0.0006832271073278102461845593764226265686491212900434373116596308800237200711206932349452913865644052414297553121573347971075683991115,-0.0001917106091411264982671456648747750061491212900434373116596308800237200711206932349452913865644052414297553121573347971075683991115,-1722913197854403533720489963608590279064232949615615681196868051102053031759536274964464401965864678344680838149877,-390,-483442086994766487886168529666080031104298142010055987388092397363028940053886617817895567993717597248141410842357,-390,-0.01617433270159729429896149938448885218042376223712918570757110050156870679918024833678088189592812005423802093224414911893680434705,-0.01568281620159162114749822919711092249292376223712918570757110050156870679918024833678088189592812005423802093224414911893680434705,-10196818517294119153404507109220419219621288483042883290169142752606497277742388455603317423957077544214340043332889,-388,-9886950738432460583950890994929381209980261310743210872132808277302946835122514603272432811429031497385142343228697,-388,-0.01023835237603043186061180485518857286998941421290932757217845496323378818744385322497491211475224333834671574936509707265754032592,0.05205800701631824505932532893387392713001058578709067242782154503676621181255614677502508788524775666165328425063490292734245967408,-201705811880610607618356933287795003820395093780561312850471606915809416260217942303997953051876688918378428296111,-383,1025594957514459383267998481087787246637332429546813882668543909182477840082304784411575710794072782953428998100049,-383,-0.001914359589745841850902197267966462622683960549664741702177876247187723651200574007629638914267440472283381645373947761097687104399,0.0008202221354894880900129104590843186273160394503352582978221237528122763487994259923703610857325595277166183546260522389023128956006,-38619959509653941113582720515933655038036997083974554276374946701795694608538289784685817784812245769821062447704241,-393,16547019604468081560298818043746406684234356684061310938440071728011582763810458744203938407171136620237430091208527,-393,-0.01215271204399281806398583058384839486767337476257406927435633121042151183864442723260455102901968381063009739473904557729287508139,0.05287822923002427750181006785365160513232662523742593072564366878957848816135557276739544897098031618936990260526095442270712491861,-3830729882083222673686709690482508045593084193489157049734926333047588411831318772700894838470417808781360083945363,-387,16668066526206274028560913479154458175135915309500553739668850747848906445410835886414609597069912982879924945238125,-387
12,3/8,13/32,25/64,7,7/10,8/10,-0.06030907175353057781984088349892162051367835938540831441336113947607402608754062335541943062049973329552947173108343721328801727884,-0.06030907175353057781984088349892162051367835938540831441336113947607402608754062335541943062049973329552947173107878643487113635164,-38020774702902577396023096213385166776793784878867683652542220136554219626711945138475211510974706396393971574986637,-388,-38020774702902577396023096213385166776793784878867683652542220136554219626711945138475211510974706396393971574983705,-388,-0.0008745708398116308503167899542492733312477347052169970397672258033222634776422072906996833456748307864481713850284227578900931487670,-0.0002305829891035587765591414862316952062477347052169970397672258033222634776422072906996833456748307864481713850284227578900931487670,-35286881945030453507090449450139651561057470660737635358212057298677608703131360519333042543266214695055640610488989,-394,-9303482742212181601832950531978760463217347963716647458633367849574786702848168414968574926622937583912520978023069,-394,-0.06118364259425170337193060169108593290742609409062531145312836527939628956518283064611911396617456408197764311610953386321661056797,-0.06053965474172464189462709674723827665742609409062531145312836527939628956518283064611911396617456408197764311610953386321661056797,-38572132233867052886068902363946304056260829593140850452306353812780454472545103365611911502730745639281747381162717,-388,-38166141620176268079554218187544629685206034205601615021791296228269428459097217050936974292185685157865073293628125,-388,-0.03437659043472350752464445412805183210531485075293094840854809844993058241742413301599629047559612749253676897625854188267796214062,0.03527248553812413298972932516882316789468514924706905159145190155006941758257586698400370952440387250746323102374145970353568618166,-21672106069118253237574757090787761997398359359153808314738079302937076132731336487932409999054854336375931984347879,-388,11118453549883213956709167332013705307561912862191789013332020421817373628635210349255113823887116474187502923447949,-387,-0.002869360231290209206056711109739829421900164054786448786533082886037975796472668852804575563831080203287986603442212696555633519865,0.001007263346235397172856214610475014328099835945213551213466917113962024203527331147195424436168919796712013396557787353013542990207,-28942988700924088108791536105102979763818042517525535668730159078490803296465230888742581151609524787556790166679499,-392,20320356664201296450960353590938677842096801324200612929474844919852733747090035822343223053910246604509759577399403,-393,-0.03724595066783270613424702171362173965221501480771739719508118133596855821389680186880086603942720769582475557970075348871171243891,0.03627974888617851956613139625512826034778498519228260280491881866403144178610319813119913396057279230417524442029924809750193588337,-23481042864072758052369263853162108680288030486897436788617854807211545758453874856523063725065458912153294213042659,-388,11435959123334733867752940734774827372670197118081564837647135154624469803280222878001347886121968715660499338483471,-387
12,3/8,13/32,25/64,8,8/10,9/10,-0.1184369352302642493073565261402350689116914521090082702756997588135728408579661110133292598142997153582127141700924790287678812183,-0.1184369352302642493073565261402350689116914521090082702756997588135728408579661110133292598142997153582127141700873206619835371613,-4666652855824843546840128885244471336473361474918177397308469193265893603076926617822225683547224067759303518785085,-384,-18666611423299374187360515540977885345893445899672709589233876773063574412307706471288902734188896271037214075139527,-386,-0.001128586313392403144879334051297449770954653440960134695032124342597845060932038097187035869150894923781128472004994718021489522518,-0.0002813921469385568802487779447300669584546534409601346950321243425978450609320380971870358691508949237811284720049946932369012674826,-5691976308922044202721452420974585258676385697743929696250541640112627614725101110502197651566011302450012851551295,-391,-11353513080104718314830447025235273251621822580828867452696479766310015493672892143310404143583163698397777250869751,-394,-0.1195655215445661471540087884294475577451461055499684049707318831561706859188981491105162956834506102819938426420948915892466081080,-0.1187183273762933114858323758470500968076461055499684049707318831561706859188981491105162956834506102819938426420948915892466081080,-18844485683096531732194940398609017441183463386526992704064723769550693327729548560747626711304710283808159832160575,-386,-18710961083625189579778442505194534326076213210329287040897954826917123607868183526468178699870391844664697537116479,-386,-0.08186038453745046802070693730570669690291840925389939216509580121453891920523996890462565613188058028979503546010412890243945202726,-0.003321417357384657340317533008831696902918409253899392165095801214538919205239968904625656131880580289795035460104127316225803704981,-25803707030270865240033499000260827227912260261703948658915129764096602590523355965029411689920304541270115412019931,-387,-2093928116743719119701109549791085955980046881092554953127347084213836397454407509255266063828048386084598579598773,-388,-0.004308325520636327026987535627793443389972992056272146567688615449333410789463957940212636698720380706931242555990955420847426421320,0.001264277949136402995681302873183119110027007943727853432311384550666589210536042059787363301279619293068757444009044579152573578680,-21728853614105219614421432528639743977849471544445865426242607286693087219045669147306640600443691753884832863122301,-391,6376331210987194246971487440678533855865073114335728496884369038640087368079307499683378870328448825568939556179075,-391,-0.08616871015631222283917072262832435904289140131017153873278441666387232999470392684483829283060096099672627801609508174568969992488,-0.002057139310022826553159980440824359042891401310171538732784416663872329994703926844838292830600960996726278016095081745689699924875,-13580880206057336390900401970023446656553012966992721300913543944986184936718584556965310818196642871437307117226249,-386,-324221663361464301774435701553526262710141335073333545868302653367231703249394104351438471786622837228771899525385,-386
12,3/8,13/32,25/64,9,9/10,10/10,-0.1935409517281238039491568031172068071833563773709293769041377189115455962198325956334008232433451452044956544803246565428260105736,-0.1935409517281238039491568031172068071833563773709293769041377189115455962198325956334008232433451452044956544803191365193298490366,-30503607116990475651364846513488586344771533130935627272960242266441447657387845704718750529516839056393502537711079,-386,-30503607116990475651364846513488586344771533130935627272960242266441447657387845704718750529516839056393502537710209,-386,-0.001471165927331769382203485034710215631976099361910724274590927231475153964005388854341183822828660080397743885315554754116115712298,-0.0003463639563862145967730536687434187569760993619107242745909272314751539640053888543411838228286600803977438853155547541161157122982,-3709880895017651668567706202021957017221080228694006999915770922541942496085883824352761438462919067746545311930579,-390,-873435824367189420269733631778739005190310902615959512827704520029116472358466659840563626002231175996141237950675,-390,-0.1950121176572745627349061446277471009403324767328401011787286461430207501838379844877420070661738052848933983656374500955338092757,-0.1938873156826910291423840003101201478153324767328401011787286461430207501838379844877420070661738052848933983656374500955338092757,-30735474673215766207649087090066311270260611512828573334101013089567517668316578803251858720429523817266427330525633,-386,-30558196855726737663132945926523404920683166694749554118865938658476068831986884511447725155133226185754495654263233,-386,-0.1674575333459478439911724787964789747016612906224351130317105612280138736319763307954059724508969506867023541262709436127926251836,-0.07734928366022078415001647293710397470166129062243511303171056122801387363197633079540597245089695068670235412627094044036532853903,-13196325533059944152555039949217871346210934438528218859191191819927214153595906571133089929924971511715546716682031,-385,-24381735632533548642364476661647540128802151576903196354529393272868100614051626948283902015348303899404404836457659,-387,-0.006536635252974917719885406576415036012516099993080371774783923920970093317026318501031265160975271220490589106366170246538764559584,0.001661121245727884044125976480225588987483900006919628225216076079029906682973681498968734839024728779509410893633829753461235440416,-16483618735442451338052091640792449647899712930405533191477412477953360750426702395633485647659293824743424641401367,-390,4188896615496486619976702475603949470239936854848939016825234431000764344095728543863258918769294575730308752408041,-390,-0.1739941687080621259238092739226986982141773906155154848064944851489839669490026492964372376118722219071929432326371110834575051792,-0.07568816230535353589313910790707369821417739061551548480649448514898396694900264929643723761187222190719294323263710791103020853462,-27422877254286281133663871963066427510181252991181020961611830347758429649495403612656908773353788035803500122611327,-386,-23858123521194008575016316178034733015490855358098604139902022112929172480235817738973722529451863780786230944087293,-387
11,11/32,3/8,23/64,0,0/10,1/10,0.08893351660380621320896667400486884254115564283869175055637032805117090697508707821047611291461309081934870386413912216503493294939,0.08893351660380621320896667400486884254115564283869175055637032805117090697508707821047611291461309081934870386414318921682923127727,14016635889161294854472305361855925038810842929623854806516263977651872866368405164502916251932221738497719836599511,-386,1752079486145161856809038170231990629851355366202981850814532997206484108296050645562864531491527717312214979575019,-383,-0.0001916510991585376807615055265138862844314998235839662250924341687759773095252206863010516079126749166943298775733806687293409431178,-0.0001520277705261499697934730472276924367752498235839662250924341687759773095252206863010516079126749166943298775733806687293409431178,-30930689214834747221167238771791167214115012389430539905283401268623924331498212547757224867525193312586049060511507,-396,-24535855744185954652116304515132286131419415496546073728575670956197389027760187947536960257609504613459823153028883,-396,0.08874186550459083210934436046348526631531789301510778433127789388239492966556185752417506130670041590265437398656777355371588705935,0.08878148883333690665803400897251084004578664301510778433127789388239492966556185752417506130670041590265437398656777355371588705935,27972860275931947635340846026801235915912069921449629925802144115921764717719142547654052886482011313860622189202143,-387,27985350185090144474202118500140191869515804867580991226759280794246622620099676546890240665924346933243448813030111,-387,-0.008070415269150298272739381565239379487835332982515482170332770198135116348449991837591196016270880616296496544353334659668806808504,0.03826869799612565692745593093476062051216466701748451782966722980186488365155000816240880398372911938370350345564666652999142943321,-20351395356322346960375318872567657620130392358411472858801254018867427944312562638802235676150455265743266500232875,-390,12062907804570336992725160341818526514026093526451603032269896017460777271036502879829722103754712775734653744719659,-387,-4.889031919479499516581584916411835980810837358332544672274618635494492611062546514625120807115565474242522733238853006916969273127e-5,0.0002143235161016880167504639436215261714418916264166745532772538136450550738893745348537487919288443452575747726676114699308303072687,-986304849846792368679577446358178160257798180449271161300296766562537802092096970775827921924302669331590777428491,-393,4323725572849542745019084876064604750475308803112255099223354026878312514571088660186933809826625338688822993200629,-393,-0.008119305639049422891745946678166925582018441356098807617055516384490061274560617302737447224342036271038921771685723437583859051591,0.03848302156293167456804714414214557441798155864390119238294448361550993872543938269726255277565796372896107822831427695896955302898,-20474683590415743847906752825665694803253964080376129900095463763058322965395025102082242216294527435299222372831725,-390,24260932065257859156593788779089888154777377190352588572923440010354146257108589865773542901542391177275709964331909,-388
11,11/32,3/8,23/64,1,1/10,2/10,0.08478909188266340158555092023952482404434693946770535675949285651772141258526142316007250351561068648556150576908993013255450743444,0.08478909188266340158555092023952482404434693946770535675949285651772141258526142316007250351561068648556150576909391470123909300372,835215080936841047108010448789997766663106925957110094949930703392826899405030604613826965901180017392559538757307,-382,3340860323747364188432041795159991066652427703828440379799722813571307597620122418455307863604720069570238155029385,-384,-0.0002270194425834862125993031790601822660591859368599175198350725342091586528731710679609397645142332671770582298178473025104900091335,-0.0001368966638681459666185337832319351957466859368599175198350725342091586528731710679609397645142332671770582298178473025104900091335,-4579850999488790756864346900461506596386276893013356798727664467215201130261606612791300053017584554445558485709485,-393,-2761729637375190831033452568037264940762502947465042377012425452277534944057341977332311601291300016201122650092205,-393,0.08456207243996622853523000103072526189547525353084543923965778398351225393238825209211156375109645321838444753927407417257195651859,0.08465219521890894245665400248603226873141275353084543923965778398351225393238825209211156375109645321838444753927407417257195651859,26655322418076065236005484073591298416161790945724243010461908358711823437685221074378716270383266758006347675042825,-387,26683730564430762066596281532273265345009102630523328079212717753437024123075504049185528115193678033701108412679177,-387,-0.006057182409655996015325677172735246412013457746361471896832888833648311837486056250941950889971520354698747942320240975379987100958,0.04014913898301800305579553864757725358798654225363852810316711116635168816251394374905804911002847964530125205767975981772683706018,-7637284442814630328640166342508457585786779487131245854985431415873385217755064522318327921241633001859867986585081,-389,6327826491955113983614821561963045739503347165141736475389665949581554376448020193344465341017227213125220203107137,-386,-0.0001690110533868699734258295090004574780676295203513447276821221906708150249096821908413057138432209376785479027377428558025259703272,0.0003001668383862726456326602904990542406823704796486552723178778093291849750903178091586942861567790623214520972622571503936210934317,-27276798250224061747926601398688134510023819273420207389347303841389399752324982951510715812908421962800562565369293,-396,12111027841073208322582835072733511327591019274790805429654058048437672793703345661246810794834749312723876207307917,-394,-0.006226193497831038331566011781985948030706087266712816624515011024319126862395738441783256603814741292377295845057984147186013322990,0.04044930585619244804424270403832655196929391273328718337548498897568087313760426155821674339618525870762270415494201664592081083815,-7850384473007666841855960575492658259298753317939146643058083718615626456595003456819277342869084876675401136984213,-389,12750270399884402664952350937821059441916602354051352472659348350536874709915572775965489379953877112313884127923163,-387
11,11/32,3/8,23/64,2,2/10,3/10,0.07625624925044104318569759026416593793737513220043663369449272786841357788436853607967278114850401383002387378709023944459984531106,0.07625624925044104318569759026416593793737513220043663369449272786841357788436853607967278114850401383002387378709412884046553154350,3004649205479679844471228154966706962308919697953500677575934010305133871782943873981122184515886662046260407474727,-384,12018596821918719377884912619866827849235678791814002710303736041220535487131775495924488738063546648185041629899521,-386,-0.0002738991560826837420752029551435806664221008379009459119462686637790203420125232207070342207274958185161349590608800617157063439054,-0.0001313859945193546926891188754011490257971008379009459119462686637790203420125232207070342207274958185161349590608800555195592801465,-22102376950081788757792775524119503204648427274813933816884913036490187402901428694337128394429652388254422816791455,-395,-21204466770620680957463884387636349759118761173887939349236407312257642984310059742113861610950037365508879575693117,-396,0.07598235009413098576817915524954359750532803136253568778254645920463455754235601285896574692777651801150773882803130287876445171415,0.07612486325614906216845170344824354867720303136253568778254645920463455754235601285896574692777651801150773882803130287876445171415,23950856233804509936685007475604725736100009447685870835723756605775481528490125946133957918084164386943772992965505,-387,23995778669747742070024468325276891605826268970110148194977503509526117416540661746292926490420394584425265157081985,-387,-0.002428431207761700109358695370079423935003721559551852772024153227574061000166264598172397108562282573912283345843190475954003250448,0.04348566752906835560429486908304557606499627844044814722797584677242593899983373540182760289143771742608771665415681031715282091069,-3061921967863815572171419711637497878235866355667454481082471160228481948562023306399034177300061540426474252683649,-389,428355635358675387375063218214052944867458903497500396661792840616810550293521347473213592829857537822745289506669,-382,-0.0003192203782531432443964184533284867336121979128475475377691524358054943937579777736524603186197046427173424048536592389761722758566,0.0003754994534461875809622107733560835788878020871524524622308475641945056062420222263475396813802953572826575951463407734161218516612,-12879793481672437325352897892501537830495777225217208591560801143085301869366379161903216102298922662350112163496495,-394,30301044308847459013136266649743385456246116099175474004815794906732794852493937765035248216207419751239410401409955,-395,-0.002747651620120894670239922745221875512365919472399400309793305663379555393924242371824857427181987216629625750696850136268175861910,0.04386116701662059450174188877821562448763408052760059969020669433662044460607575762817514257281801278337037424930315065683864829923,-3464415557169178288402538613481062722352989533891085796474017266029688370484526581867599831809750744439771880692115,-389,27651487593119645090451093470251954563851357675832630550470000732224620547822877090404552893456426822869684733637431,-388
11,11/32,3/8,23/64,3,3/10,4/10,0.06283640575197400071711973342191901806308239526922122943466102197168083901151158100680964107401359274992232748387277037469481527132,0.06283640575197400071711973342191901806308239526922122943466102197168083901151158100680964107401359274992232748387665977056050150375,9903521795193749085321380111061575339867270795252526407859694969080740577413259935540866701842193463484228442227315,-386,1237940224399218635665172513882696917483408849406565800982461871135092572176657491942608337730274182935528555278491,-383,-0.0003351027741156402521353627567252744010212306507705712474217390236968022833467679406503729396080305258181543640780290639496838208186,-0.0001347651649576990644034410839042294791462306507705712474217390236968022833467679406503729396080305258181543640780290639496838208186,-27041221800209278389268939666191099675544070287232882910442058998487510966063828519453857783380952026374053486125417,-395,-10874916586949391707428775233740962770176851482883033661345856433893841612657258980531647226210591112657098887127401,-395,0.06250130297763098678954113860571498389643616461845065818723928294798403672816481306615926813440556222410417311979668413744156131153,0.06270164058724367532815952439749354834956116461845065818723928294798403672816481306615926813440556222410417311979668413744156131153,19701413817658758845184988691814253543648757349045656710938966860081839663884491701049851621465867003330741810320233,-387,19764563447541398941035306303604188196891728481299933621391266471583382987257918793066796806959189885219331519632233,-387,0.001421270791004089431839176443807566633849923073436297785493904660412073134132768098058801498225640483099611891133137070368922511161,0.04785022170192622931488055827974506663384992307343629778549390466041207313413276809805880149822564048309961189113313707036892251116,448007364111180917093886810769163253557870708541535303994112463176776965409688710679278428349727402838017321275633,-387,15083157855985174962913551046530553735558971100656311130958929000012950228525518651273603660142060005786601139540209,-387,-0.0005205208253233045295453134958169312122658071956775313853354800873831058122679447663610295094093363564064091664723413070646547017980,0.0004473079744070368863069947774984984752341928043224686146645199126168941877320552336389704905906636435935908335276587053276394257198,-21001794339575002543603384754398475364483745736539640196302653395130968926471892950945148314607162227796644149038743,-394,36095655074371032100165584325169913457655476403505689237165426040795619612318895085502753816174749050228762046685907,-395,0.0009007499124753448485775610299608502653341158777587664001584245730289673218648233316977719888163041266932027246607955402429735140418,0.04829752972953870625490385497527335026533411587775876640015842457302896732186482333169777198881630412669320272466079633334979767518,1135723316248170321178349754885189471505322761599751526669769064784791530619014062411897192519393113262247823722319,-389,3806039131347661359120555197238719126724862139983096678208665540703981626413253216649598487812125822220462831053941,-385
11,11/32,3/8,23/64,4,4/10,5/10,0.04375390829974051184734366729312115258037328540180985036751364608158342545952316949897969605280290936730062859646305529676036976071,0.04375390829974051184734366729312115258037328540180985036751364608158342545952316949897969605280290936730062859646707158971792177561,3447983531885702960562915153393146167950959732976285426896974696271462062488406468738169094016318711302331635943123,-385,6895967063771405921125830306786292335901919465952570853793949392542924124976812937476338188032637422604663271886879,-386,-0.0004155869381045769837693377012022286893208204990431009064637904215208830234384011732054582538455075513517280414514368216011916815108,-0.0001448969422179354292349024289854318143208204990431009064637904215208830234384011732054582538455075513517280414514368216011916815108,-16767958128985242847657356554817900119338399455230310015400130050284656236756461431746170339673606455822359457612223,-394,-5846251740272337506989381431293846056828044141229346911050364314168398017825797462185783431469452064353489166188991,-394,0.04333832136118118751268786547296140435980246490276674946104985566006254243608476832577423779895740181594890055501362659685336583161,0.04360901135797732376899522898309324029730246490276674946104985566006254243608476832577423779895740181594890055501362659685336583161,27321868909033541938009916092024787042330254504722739197539135397668800141284566680523258239564397270407663010201731,-388,27492520571930555737955371081232555610882500541703145493336670768230013885802089024069760487022591821051895530143875,-388,0.002798920105937370997796554506718078870183287372371279153811661237511449903617157025613240560730131056507023693276487810914832796884,0.05277499069206366871012260431140557887018328737237127915381166123751144990361715702561324056073013105650702369327648781091483279688,1764529077717718147868042953605994303836701892766787900859908821553249530703704952407636435210695589656973001438221,-388,33271048164213658228783698117952782176538467401737224677190555665433905517190496550719308982778444170585947562390541,-388,-0.0008158590253401642400363157736513673683696989848681992448973265864918699973957150665868545383260817939660188560449475918501578401796,0.0005367895546555657204648782265927732566303010151318007551026734135081300026042849334131454616739182060339811439550524081498421598204,-32917997948761612102876650274731833213687973426237202530424752406803016919202739888812053859009353347431790570325333,-394,21658199407307195887946219717124378806004458957414402550114170210887904442355866099603300190682844513457261145537195,-394,0.001983061041488934581524324502720031814313588387503079908914334651019579906221441959026386022404049262541004837231539946434204151313,0.05331178028582750660682339676834503181431358838750307990891433465101957990622144195902638602240404926254100483723154073954102831245,2500370670226415673734653086493969570750785388837515955525999970035744735863482447387472813821949995339000286629359,-389,4201182194325992910803265818856146902484965210813737293824388956894763630938965984559602779376320382755321049781471,-385
11,11/32,3/8,23/64,5,5/10,6/10,0.01791890495649587889766130290471855549215171226698086862297257946864136208318945033648653959630170762857483751161862270487369696231,0.01791890495649587889766130290471855549215171226698086862297257946864136208318945033648653959630170762857483751162288010230579396388,11296652866055269860580124617335595013944546491850522089435803860224487147967796802747401862714739770323113060432869,-388,11296652866055269860580124617335595013944546491850522089435803860224487147967796802747401862714739770323113060435553,-388,-0.0005199680619822450079438999717731491677038848398746683132326836991011353775505288649812163178169583435095535739164817313441917697901,-0.0001619253787081381868986204689044968239538848398746683132326836991011353775505288649812163178169583435095535739164817313441917697901,-20979491635355285950972550161430014413327341818798986113794128898041308496291116202022417617712986359830554632109897,-394,-6533309209816661515923887455716144318889033068484073253341182609342345533846397711848499243525720518645216517144393,-394,0.01739893689405888653883093881398788679319782742710620030973989576954022670563892147150532327848474928506528393770426910220002382749,0.01775697957824248806164914655477157819944782742710620030973989576954022670563892147150532327848474928506528393770426910220002382749,21937696617932312381194839164223796853647091816664434615523470911450786195579765505159481972858444078623989866976331,-389,22389139819877143702785145629582765741749332435510058136996766044841423207849624396021659326086805412716094526346315,-389,5.618046102749175466732083853302644100563188988367903413107734334519073916050144286815229394315122441587495939799760224760978444584e-5,0.05493293481245340771116451322134552644100563188988367903413107734334519073916050144286815229394315122441587495939799760224760978445,35417965976344458684036573724593777878756167448031389353711997662436524927025258965568746709692711837456273895417,-388,34631485405862770711193772928234317775823736405521411277502565774965815274939299526480900933700920358389090566402041,-388,-0.001243642590272088944558183971202260717322336650574880461048671681779057296775088253464599863172235076282675009676681237045356797213,0.0006473344339595991749128891794325049076776633494251195389513283182209427032249117465354001368277649237173249903233187877392314578222,-25089030680576475683180474358371826393651005275225273635058446664744556989030296350953272892896129556631224584194357,-393,26118425987088014828732035272596374465750269670635987429589755273634690600928515668991914510874363834163762120715671,-394,-0.001187462161076911751943351459695601463816704760691201426917594338433866557614586810596447569229083851866800050278684180058688623552,0.05558026927824532144812989072780439853618329523930879857308240566156613344238541318940355243077091614813319994972131581994131137645,-748614262859783296328478976569208630816098479372702066964324293314733225615746667775963101805973676520869251713617,-388,35039585831979133832805836705963318960744345101095042236312365533820259660214382749583141668545994633011499106891183,-388
11,11/32,3/8,23/64,6,6/10,7/10,-0.01612909722003822100653797859111742464454879431959601352520461757456464755829566139127389637423854073015603565090067747916656981000,-0.01612909722003822100653797859111742464454879431959601352520461757456464755829566139127389637423854073015603565089619483939641104456,-20336601235398238496721904700562259624592920162814014193793075319098521421686834476366571948815117773541273861322471,-389,-20336601235398238496721904700562259624592920162814014193793075319098521421686834476366571948815117773541273861316819,-389,-0.0006542262922108072896054626130806553776001526977076801237445371346656176797101797257781632794199693739811655338334130731735524790469,-0.0001868061944902017355463147783028233463501526977076801237445371346656176797101797257781632794199693739811655338334130607812583515291,-26396496301603239972454359699080029524813101776656247445809196842144978160849674222905423974620263683377022133358929,-394,-15074383529631336459749761599962209874209267626318072320102689475158813150816865036868397922168793330027272013390497,-395,-0.01678332351270377564702990532315559955339894701730369364894915470923026523800584111705205965365851010413720118473184881111704257072,-0.01631590341407367539119782925046272845964894701730369364894915470923026523800584111705205965365851010413720118473184881111704257072,-21161491745396714399858621319061215771068851328533663173766683001349949199060117514854487650039505651924337224625767,-389,-20572138477475353474907976847658963930051918234276092826502609561213480667321617273545519464331500531045418564890215,-389,-0.01053321541362609052663292754581949554593726579264505386696626861167630767299117878445241147426981499881977179778619969907109001156,0.05036477640428413367266211639949300445406273420735494613303373138832369232700882121554758852573018500118022820221380109403573414958,-13280954207860897800856965693294020495314516008720591482147509912544529925836902565664333555502804958877466102409569,-389,1984473231961625893237296936914153152647002245699270651872345725322381897545908237399599018326748738393562284570293,-384,-0.001859108145344052743863268599942326992973844069316579683032790181044501616082446639231058273318682199606869796688232966002229546639,0.0007813830970018354237564366002529855070261559306834203169672098189554983839175533607689417266813178003931302033117670339977704533608,-18752663209629136456235053944340491791289221661473828705134215309048072896685424453937149302582246446473697119520919,-392,7881743777235002311377111382068314767859844423215624283484987721845077082627949209825903553466794202459414276519785,-392,-0.01239232364264365583360559403394541628891110986196163354999905879272080928907362542368346974758849719842664159447443276421167257834,0.05114615958495948165952795088792958371108889013803836645000094120727919071092637457631653025241150280157335840552556723578832742166,-3906259303641369048357409242608585788280416998261702393007554629526156412430258230619194597386609801938114955965597,-387,16122090375106835052014732609527300353645637922980150849272904591868985492149002387021426925465040586741800368081763,-387
11,11/32,3/8,23/64,7,7/10,8/10,-0.06030430834615303318708661999895245609670474607049622627486574160057939498286858187958465365628276031419926294692355258813434730847,-0.06030430834615303318708661999895245609670474607049622627486574160057939498286858187958465365628276031419926294691895891340880598337,-4752221462248810244910406840780951750489658940947391427335607215157573955971439234003343320975493778169169462110113,-385,-4752221462248810244910406840780951750489658940947391427335607215157573955971439234003343320975493778169169462109751,-385,-0.0008274998850794355810466403208747796745278349157718216705004924215155709389765886491067106812307679552501931733374423084759424891040,-0.0002204913777205939830127352915779046745278349157718216705004924215155709389765886491067106812307679552501931733374423084759424891040,-4173459916725201948084443397671543334986859813168859139736984817008717018579269864429273963990639802371608130843873,-391,-1112038736793395166779603828783517405318445735132757214080311834700864035680008233585729599140128520072766429033697,-391,-0.06113180823214196346990618855774227483373258098626804794536623402209496592184517052869136433751352826944945612025869786097081309474,-0.06052479972296413246832642705261532170873258098626804794536623402209496592184517052869136433751352826944945612025869786097081309474,-9634863547038626714197832007214815536154037684856095014611012776080269621235163331025631753830071209731834533718399,-386,-9539194134879070425283296831735712113939138877317896205788206604915950610596196045550710391419740413021230019717503,-386,-0.03490744640318629985633203617724591935058612317719424486436287671485390946944076344101177236849096114722295970310059675523925276545,0.03337745981091680282768895991650408064941387682280575513563712328514609053055923655898822763150903885277704029689940483097439555683,-687711709739327381520655271242882189971592852109702239804362460919253150091693222416510061187304347721714410975331,-383,21042222052634425080179143969537491373704189454428273998343416495751042805465785896458164698827738429615735893521313,-388,-0.002757251511141418127041888050593254302371340058087240813598946163592606641259098901019700836929352580035302515745283463621676830813,0.0009535911110988886825026752428637769476286599419127591864010538364073933587409010989802991630706474199646974842547165611629114242228,-27812157728515122810393970611743180594282983135085181736301609669711595620802522586896945299878758329205150817032755,-392,38475164537185390701595925428818750922683167167069281692961821756844899891920985977956190282976516425068249828923189,-394,-0.03766469800709617756421260449517315802795746323528148567796182287844651611069986234203147320542031372725826221884587992144587053583,0.03433105101478415109103031542670184197204253676471851432203817712155348388930013765796852679457968627274173778115412166476777778645,-23745034628174886092057415389082111696436874703765702756049618009081590933600874119265743645021634626978388084418051,-388,10821698278506080758819201925219358593537165465863069374293556808005129885321792321310046388892359801532816152120575,-387
11,11/32,3/8,23/64,8,8/10,9/10,-0.1170956139195260163712333429129577374334554427753337300212059668383455232958365491580485418230871573980160823657879084338173303187,-0.1170956139195260163712333429129577374334554427753337300212059668383455232958365491580485418230871573980160823657828452398518855985,-36910416841822237823862710718434073326828349197933225677247453110690694014823312780724855062984880324427025133322161,-387,-36910416841822237823862710718434073326828349197933225677247453110690694014823312780724855062984880324427025133320565,-387,-0.001054144886379255072607161186251214699337821755854159795119424801845131368513788940581742650453609839540732461427622230103837642450,-0.0002633336507047727680042997818322693868378217558541597951194248018451313685137889405817426504536098395407324614276222053192493874139,-10633068376323318431011497396093771022788755990098403993159543535273713126822170964174067695509001036169706218673081,-392,-10624895116071563287320650969929487170271628501834594647030760408603607212125442117336815510462606406725349796564707,-394,-0.1181497588068147661456134323371239911952932645311878898163253916401906546643503380986302844735407672375568148272129965884796200974,-0.1173589475693212944374647144568749677577932645311878898163253916401906546643503380986302844735407672375568148272129965884796200974,-2327668764304314303239411184438334767700203668138960714104982749164699759684991936429147204967393057871630885217139,-383,-2312088989664366224065384022824080927089583464250264864017584111619731943202792339859718020821976069865050076111731,-383,-0.08187215046618440919447407430468561778044008354166650256161079951794717645551532228587095413904632104716865361459829634531634737545,-0.004721493275243135028366896570310617780440083541666502561610799517947176455515322285870954139046321047168653614598296345316347375453,-3225926979980739240982758316165365906421706427252355487412529275762077771138759869601283702242355188168394867461855,-384,-186036307287364870742175791395421125972974643419259436008364499620163289491061277042582453381502902627921204334303,-384,-0.004090431179345812212549147806788218435777868170592228025340071958312521982879511389559362165471395873617532928691696699550879001514,0.001192567720583413232244553365086781564222131829407771974659928041687478017120488610440637834528604126382467071308303449156650528700,-20629912918337135372163065835598179041903094701630265396522892174334382770804819841359470272750463629914233725429439,-391,24058655086616416300407518170474423576967931307706072763325780574741606785032097283137509630582955856684638949172487,-393,-0.08596258176194554323395803656459883621621795171225873058695087147625969843839483367543031630451771692078618654328999324314393241725,-0.003528925438244399969187528752098836216217951712258730586950871476259698438394833675430316304517716920786186543289991656930284094972,-6774196358484490686115850582455236941581496472403943828318853236698485630619036553577748359776510582994702383102041,-385,-2224747871749119210804789347953143629120564335852256548894905391359094559443195357751758219907735372001322332439239,-388
11,11/32,3/8,23/64,9,9/10,10/10,-0.1897427126457069858662378978179751795306490460425034520274870202750547702367665497878414234217767296337380120862522354010563744364,-0.1897427126457069858662378978179751795306490460425034520274870202750547702367665497878414234217767296337380120862468042055245189470,-14952487078773687531444313659078921164465265209187544080319421300409879328977325705516137394035673747779880972124439,-385,-14952487078773687531444313659078921164465265209187544080319421300409879328977325705516137394035673747779880972124011,-385,-0.001353991443604000110452687315930385519161773940570013897093855349922740502163177998721835298216286475521006359822132618113220037168,-0.0003171053341719109679513330984010886441617739405700138970938553499227405021631779987218352982162864755210063598221326181132200371685,-13657594688191979110540015692486606131413405601808406486953277447930669053541442714296281580031716170195854534811629,-392,-3198614103539552755407974754568851390145019681313165261420634402743298074626693467413498351258310130192109000105965,-392,-0.1910967040911299753802364416097356431748108199830734659245808756249775107389297277865632587199930161092590184460716479601777808225,-0.1900598179780599074306433744405461900498108199830734659245808756249775107389297277865632587199930161092590184460716479601777808225,-30118374074837062063489574002304298161646625748502915135643522701410873966839601812954214788768095379857837882174209,-386,-29954952502628493247693117984746628019988785483296035744202504872895424085447328136949550098801006272205247936555777,-386,-0.1652263030556233788709461609570244706556239995601976788792827934945121490259742347220508825777201397895515782323442330749557520139,-0.07640703128718009245203136603514947065562399956019767887928279349451214902597423472205088257772013978955157823234423307495575201391,-3255123908402512224396318192613940002524416060384096746430622353063227686287184867197583443202628793641334680354251,-383,-1505295160112788421838769745768959421922834519857900456107279263336338541664285369359420786625068755016418127281611,-383,-0.006110548798033608270879584850170847778713037193427212322395383246933789173394553879258795653020349082326370518253866089663583308256,0.001555566494488982336525124012133839721286962806572787677604616753066210826605446120741204346979650917673629481746134009474769711887,-7704572211311714245820005815202831169065106004736815932255892648708048581255512167915095302573058518785467623987701,-389,15690864807618181253860140790006409605462777704603019626153038447829910404821298010622868055927793614757012440690777,-392,-0.1713368519155026268623848659854179746843370367536248912016781767414459381993687886013096782307404888718779487505981015439398078056,-0.07485146473084547039494712184479297468433703675362489120167817674144593819936878860130967823074048887187794875059809837151251116102,-27004062803381431193855850192157862721362336232050277166942160181479080130348840181946114892740241514696895063689623,-386,-23594383017071808349321578683923672840526901517686760526468796210117226831689055900166647090658198828365465062019885,-387
10,5/16,11/32,21/64,0,0/10,1/10,0.08845257793711929015516771500037929183402026709066538291358848339055556002067403125945212569043328480051071044497652984601084163542,0.08845257793711929015516771500037929183402026709066538291358848339055556002067403125945212569043328480051071044498037482789437484399,27881672191723518978829802617600411910870703047870629043565564631863734906737505381844967952754477454805370443998505,-387,27881672191723518978829802617600411910870703047870629043565564631863734906737505381844967952754477454805370443999717,-387,-0.0001935960160175375828739087119258411225224970342533032320485108320660286738914217182663688795071003802337257379094438505548786585646,-0.0001551740262606393268551508917964465912724970342533032320485108320660286738914217182663688795071003802337257379094438505548786585646,-976393142108198488186825370830053575113077068793099059760805847096599436240376094771257603001085771266633060957827,-391,-782613496862872370600113755799040138013362556574595183745542912843873682942138214213819684003059661512924994322051,-391,0.08825898192104490915343299827358376077009152005641207968153997255848953134678260954118575681092618442027698470706900590880055105743,0.08829740391091549424717337212345253518415402005641207968153997255848953134678260954118575681092618442027698470706900590880055105743,13910323810161919307690351799119537012090794088423043594176318535070498764582385770476161532501931287077516510381519,-386,13916379424093753706802358970773715720244707721154845004279672698045096357180666039213022755033666622953492744390095,-386,-0.006625386133822295712836581114267231406855360677444833337591049453614978981560279323222129486022114182708315142897258145558702869629,0.03799279231621449823438326751854526859314463932255516666240895054638502101843972067677787051397788581729168485710274264754812129151,-8353712175947909054183868799069333516356838115427065574374123642257558925759800311919617657793755967160687365000527,-389,23951875812188995479702112474617170165906851038224053178043593480307719934983131833936488553957817883082202674854233,-388,-4.779620069593538290508002658252060438221468718983527889087788088218786043006657304765279550739212461344521761415969478663678901911e-5,0.0002081736580033099954699733791791981456177853128101647211091221191178121395699334269523472044926078753865547823858403052133632109809,-3856929169378017437372537211617922809730190584872519576771899653216069647808517199457087943472053151107831049230851,-395,16798637593748532450596894796093537134250883112562397300951306272229200388567280011465588477052019918162373521958397,-395,-0.006673182372717008570204647133281392636237575364634668616481927334497166841990345896269782281529506307321760360511418596275281437235,0.03820096601241658570431622689015610736376242463536533138351807266550283315800965410373021771847049369267823963948858140372471856277,-1051747092797863939054289554603512795200337262505445433161886021603553205141523598877414453297612051619923330348983,-386,6020778798117972839342037896781317581360024735226219823306056839951048344145375976988788487167495399087291481704521,-386
10,5/16,11/32,21/64,1,1/10,2/10,0.08424814288053779710127732621205364850360777609681060234639230228745816919792321610781474257836226129020512030071407286698501602536,0.08424814288053779710127732621205364850360777609681060234639230228745816919792321610781474257836226129020512030071787977974098949920,1659772923906838855118103308742338791694026652228539750578488382867063611663815809730394835868969609599832776770241,-383,414943230976709713779525827185584697923506663057134937644622095716765902915953952432598708967242402399958194192579,-381,-0.0002275533286882585138216483528487834366084452332845548652983054215424120384513145794617250757636972002830376499412544169473395425118,-0.0001403673827161349230579900677077922256709452332845548652983054215424120384513145794617250757636972002830376499412544169473395425118,-18362486101985180819256847879558755317750054690806917566859467690998726071225409258970909808999573268353322985277323,-395,-11326989278316182655112067825239024844933023499628451696175488908376637129539065522859472790318733118404691858376587,-395,0.08402058955173585174973406182946548518418683086352604748109399686591575715947190152835301750259856408992208265077472045651725030019,0.08410777549793534901594095217408523616074933086352604748109399686591575715947190152835301750259856408992208265077472045651725030019,827644947535553317294987062827467975082980318002210161236078591801457943352809625963424365073000472832046048330025,-382,828503772833651094039623946634499993837281310033161209305418219215095980420287864091454066670075788820184431706409,-382,-0.004669314163215627234352192611780447528800730276416401344368182359746097150020789643406123507862124179070816749650032174003770233438,0.03980649504210783048354331520071955247119926972358359865563181764025390284997921035659387649213787582092918325034996782599622976656,-1471842764735477175559680825958058330500440879103989694927735776515430683736527549019156161576314539757877743094463,-387,12547646114447030819363932749793812572204672517996548397476928574375427944324734976610701831220843315454526183404865,-387,-0.0001652975143246847007556552416291712382337238850695144116403872902306889754579467007596821903561960905823563251836447191838635552673,0.0002904570114492701098189955228361607930162761149304855883596127097693110245420532992403178096438039094176436748163552932084305722505,-13338733944155815461198271857798511419108238284034536685992020275858227842676930972996100292801641101944120297018177,-395,366226846877131617914979015479853983640215817337674369766055676911211658023515068624790142492867494290955837306547,-389,-0.004834611731882620366040310068833202751409454161485915756008569649976786125478736344165805698218320269653173074833677673902163822328,0.04009695210789940902429477293897929724859054583851408424399143035002321387452126365583419430178167973034682692516632232609783617767,-3047894422668807235761666355491804655037588547950688733415983497266237060836129082836586177236044037707196368919077,-388,25278405686591763024037048212014189259804376622810623505538084273036695006003387949105540554234022515137032728372699,-388
10,5/16,11/32,21/64,2,2/10,3/10,0.07560852915092926115069530514777611282782536473697156416905939096180461101497985331413579605860255394871053696806160967774436468308,0.07560852915092926115069530514777611282782536473697156416905939096180461101497985331413579605860255394871053696806528969340847237446,11916510936420749440153735674772960940727311358263894691026823876630820879066680374819298355056671963779509235655565,-386,11916510936420749440153735674772960940727311358263894691026823876630820879066680374819298355056671963779509235656145,-386,-0.0002722682696334975029748134426291473350789070932816921547340183195698241073780833397701963189967967188247468320473520540883547887997,-0.0001346711429382428017851166538413055382039070932816921547340183195698241073780833397701963189967967188247468320473520478922077250408,-21970772064626015096622545075035515859877322614644058956702964022646427016952271068540612554109550857525879748185665,-395,-21734658902131382221506815138048881575858399722389116793068896827241205254935989700297493412483696255455204602846337,-396,0.07533626088106838997227725964566820572712145764368987201432537264223478690760176997436559973960575722988579013601609526455988538407,0.07547385800821839202435342055341356705524645764368987201432537264223478690760176997436559973960575722988579013601609526455988538407,23747198544392381677086599798108726244648786708164443370842518014931379501367549600899344792071665414737116575840527,-387,23790571367244945356155780585967258312604964496469890794228693849262735930350655234632968318544274788094773952526607,-387,-0.001194306316575596300326765747039000087369085935385370815548713099018887298939142626544380829134768390946870059775860980566519368668,0.04302846173031758311632972839358599991263091406461462918445128690098111270106085737345561917086523160905312994022413901943348063133,-752929038177675391085640382570138766629100820297669190398031287065393702485329218119867984134202867063011680818257,-388,27126523451508737994981175198572806773529157998338251793498532958255098232935561810796979239310671532540198200699823,-388,-0.0003127715559630437327951132061697037801854921228981567861941010676225686936082141112954959197666231108776311042451741569099161567290,0.0003614976125218540856212438342355696573145078771018432138058989323774313063917858887045040802333768891223688957548258554823779707888,-25239197257956949572877537581368627654963375995550149219517987261010915212940752043268440130755037010721058669254005,-395,7292790358306767442168083828864684453470006959853569380650184496216850556846496902871854431548976346101122861419171,-393,-0.001507077927563069490384037347068567148804578058283527601742814166641455992547356737839876748901391501824501164021035273791670928093,0.04338995939786386665921313062168143285119542194171647239825718583335854400745264326216012325109860849817549883597896472620832907191,-237527575361157656618394439509561802906891793702737548086441889768268168328409336074058848678689302374980240202623,-386,6838605796223747761099689857834623551036040173845430324453525805073226502141055834962514353088901914786627324814465,-386
10,5/16,11/32,21/64,3,3/10,4/10,0.06206395385621844790229044171094973713409482621714207479209271852528812145829272776857867298846198813199133454480266899924877018877,0.06206395385621844790229044171094973713409482621714207479209271852528812145829272776857867298846198813199133454480639025646773425944,39127108710647365072058798934625996671032445011789534824995116357758610197284950041870122830203189164378049122828939,-388,39127108710647365072058798934625996671032445011789534824995116357758610197284950041870122830203189164378049122831285,-388,-0.0003304333870158898891925032671273846660523528034407499491634358825677619273195599782552289535876078531701368268929425365395556931932,-0.0001370296699673218201889808710397381816773528034407499491634358825677619273195599782552289535876078531701368268929425365395556931932,-26664424166800810939673580766155954484219976332925346732487679548873279367459496540785394746637310343146644228898161,-395,-11057651517731440297737806073532668910612892819394541087162913299948658474225618806209455360569782122904741314395505,-395,0.06173352046897518433765470638434359270241747341370132484292928264272035953097316779032344403487438027882119771791158690543428461814,0.06192692418647849975754469289938875871804247341370132484292928264272035953097316779032344403487438027882119771791158690543428461814,38918792896700890073093219615414726970668096012888770241824538791049438399764990045389706633240709017752833109382181,-388,39040720808308431858232101794152199001124662220437800284574673667836360605416745074702141760703113901112238686721061,-388,0.002227102772267514283164738878137458105777897196639485029307445352278683874329737188645104041588962019268690878316178218998776174402,0.04736716849070971589754462169063745810577789719663948502930744535227868387432973718864510404158896201926869087831617901210560033554,2808074151452541456065411047466221804740455937616927428801786692412090492789560758756566056057742291116406621776829,-389,29861783462025688920744905960450359393131812718305382415356039101121670693785491262192011182025174963420635489457631,-388,-0.0005128686455115279639665794114792949034162953478784545215042609007430928246273501272143235410626336907364861709863021131746920928637,0.0004309751382046193358893680830275410340837046521215454784957390992569071753726498727856764589373663092635138290136979116098961621719,-10346523416771414243800285447361929360692172831658022290678381557532636689850716664736495563128407360965227767461397,-393,17388835907615107196482657335379394850428792422694711708534884255585114788908758235977131735493980830641625966711767,-394,0.001714234089921450897394565831099081171111601848761030507803184451535591049702387061430780500526328328532204707329875560563142470755,0.04779814366574887065523758340922408117111160184876103050780318445153559104970238706143078050052632832853220470732987635366996663189,2161416391460981092028945096886978089829934584507860004976695089380126702088702726418717719944341130576034733579355,-389,15066742023151924228794710768187612001301696437737603900565371522729137555577392365012531273550603132069716735776535,-387
10,5/16,11/32,21/64,4,4/10,5/10,0.04288799816563874144615500549848882164710156947104746449509207872185430156946977712675294289293578009801585912892995080761015018568,0.04288799816563874144615500549848882164710156947104746449509207872185430156946977712675294289293578009801585912893378309978449681600,6759492677893810993966590458133282183042255992973750598492550649755881728812896390443194613739963128633828268979013,-386,6759492677893810993966590458133282183042255992973750598492550649755881728812896390443194613739963128633828268979617,-386,-0.0004060066473131536873000311435483299996215582050481514938174899925117201703170952670186661973525190466291180890304345541815903621729,-0.0001456352558081216080057072223447167183715582050481514938174899925117201703170952670186661973525190466291180890304345541815903621729,-16381415867607275030229217841572362300776035608976616449365688429454998235539671873052502171413019141040138915679385,-394,-5876040961807465130755689973432198276366965714823925992254660224969072803247530076257558371655724337930338036616345,-394,0.04248199151787084040796851023598297211623001126599931300127458872934258139915268185973427669558326105138674103990143143291679119228,0.04274236291028536718903576239510162445998001126599931300127458872934258139915268185973427669558326105138674103990143143291679119228,26782011088357192976520271364807207959306637547905172138302828576846093962897912829245272507522771771317795194540441,-388,26946157571833689660197063115649603246013551000200449173987258673475583757624208263842314706411484140893917254914457,-388,0.003248897020289819336814408489843949436325655633954121030791344838574019870540278105698986371296947886510271967432039758795880425994,0.05200348496442116389362288016953144943632565563395412103079134483857401987054027810569898637129694788651027196743204055190270458713,4096417936797024689991090646797221404629011712058139063582355414230930959756362593456656109386565925222340750741997,-389,32784666188835677329193439611974590449112829345799868986955513944808654098276912768469020935454898522079531050993911,-388,-0.0008023101987028991497651859751675002419070327872887702419335821812495499001153925094578525902093245694017214508379341080040786795861,0.0005156503461356709085806087025668747580929672127112297580664178187504500998846074905421474097906754305982785491620659167805095754495,-32371334574819448993176319524402469772800337220151815697906236285401562724648288950367792972205699820454976866757097,-394,2600660241102164881774733759145537230643285840562974979039731757335858587558026730647264965738356702149512694561475,-391,0.002446586785207132116132092998074886694418622846665350788857762657324469970424885596241133781087623317108550516594105080746271880588,0.05251913534693662287312061838869988669441862284666535078885776265732446997042488559624113378108762331710855051659410587385309604173,3084813685463944589152900429443226318187262357997095039657163055560355336872646041987966417604766743630608992563357,-389,33109748741908434099315996447975991555964109483835890751018291651851524815590894870684777136872378640949477003360335,-388
10,5/16,11/32,21/64,5,5/10,6/10,0.01706856987157489954216734631867808864091407329257867888785240528559888352191704644840351659262526800259429153751278894615828758862,0.01706856987157489954216734631867808864091407329257867888785240528559888352191704644840351659262526800259429153751688613601190403984,21521148666988361985159166909890486531165419736806624717944067217610904412032262612047380731706433556999783322569537,-389,21521148666988361985159166909890486531165419736806624717944067217610904412032262612047380731706433556999783322574703,-389,-0.0005029212515300191684818961363828724322298179745670117430574125993361445046356744026439050806819016146583505197116765344164758015156,-0.0001603253662441734436161019545591419634798179745670117430574125993361445046356744026439050806819016146583505197116765344164758015156,-10145846409771152248660167901135525050114986916606563218711932578827413780328077805326278303229968662309493804340867,-393,-3234376229986373784803663874451642440213838679071065200477499771816205087830334593361430016014718696854012118144643,-393,0.01656564861959013302279898606333769667743425531801166714479499268626273901728137204575961151194336638793594101780316036226932538179,0.01690824450578547344943770848307646620868425531801166714479499268626273901728137204575961151194336638793594101780316036226932538179,20887033265804290315620388538166810991707711319319573269482501150499793840915027030192367135737055877327908538162159,-389,21319000153187588277606455795639964102477576554563824390206293762806788803889597418984412557723018276723938986826735,-389,0.0001356728585566453004588407999933712793805373954992786341481947247619612671255054178875191283460205263929563991748554477776073440766,0.05370895500305472531564133591718087127938053739549927863414819472476196126712550541788751912834602052639295639917485624088443150522,171065050033007675776787133050986730306020681084720218250117373430330938322863762176534925795233858766906660207099,-389,16929924622657876416607307290724239333779691739333709212114096484823576521898247354647484503274521139330754894818943,-387,-0.001216343655169112237156187913991031359465486320522587601064279190044425167588880262353323959625366502442768400999662330111290387845,0.0006190297151715638097517138499249842655345136794774123989357208099555748324111197376466760403746334975572315990003376698887096121555,-24538306681814256682598019780718234203901553637796271899132465767515267043752803053856477931693409365518268989285177,-393,12488198488546440596103470789916243996899341309467454041315161409554506067710466750176409602568137859220463246793927,-393,-0.001080670842996696727116687247664652267584948925023308966916084465282463900463374844465804831279345976049812001824807229317918614267,0.05432798476461051891581238990077284773241505107497669103308391553471753609953662515553419516872065402395018799817519356378890554687,-1362579176064598074632412649319835737641043411589953999236830392347888656278219768945857550721077330886190158766137,-389,8562526369331234113929064954167831926891024097436119993728719022837497265148928366341540777380508284729062942417913,-386
10,5/16,11/32,21/64,6,6/10,7/10,-0.01673613430971976466523319436502248559875998113111578621209911234693929002291887867517549563539132566756660834431053069591685154768,-0.01673613430971976466523319436502248559875998113111578621209911234693929002291887867517549563539132566756660834430623205692989816680,-10550996284404294519076394551284097145371616400525284308525466675336024995405555918052869650344193378783589398722849,-388,-10550996284404294519076394551284097145371616400525284308525466675336024995405555918052869650344193378783589398720139,-388,-0.0006258904595685315731490711280837022453965974099124137324956807043534881649068961374990613690547903826543086470957214623989411114564,-0.0001817628958721478417093614646925889641465974099124137324956807043534881649068961374990613690547903826543086470957214500066469839386,-25253211920571872570680205877133974460785327311975013325026180238933959299796951200217417264271572540062798998842361,-394,-14667412990830538274499562973250749698589547098791611019680420430762404941314652411985635701240825449941122741000177,-395,-0.01736202476974304358926872961206370737540657854102819994459479305129277818782577481267455700444611605022091699140410221920760959281,-0.01691789720513716515605609171075755503165657854102819994459479305129277818782577481267455700444611605022091699140410221920760959281,-21891155441899834709984063414131336216468296014748929030750071764073133428776497280134654792214378037721672687795467,-389,-21331170896216941544694326896122532030958172739270046291941369638968315358172422561020893656502770016944977418632459,-389,-0.01086961455342582696521845421765282165636295288752096724659182516607975618770711145036324463409388785274424106966217746440360654387,0.04872617072493546372806462683703467834363704711247903275340817483392024381229288854963675536590611214725575893033782332870321761727,-13705107839568129411096755841046302832424277183768080072800090178465702099388768355830178911932016804019911031602143,-389,30718542093287718639332516028196329755513599131862256163261594779933711166597670152220697763408272819619051355464209,-388,-0.001804541134168937993116704438100354761030001605811336027339770324027299747618936703567967476760201899060366281840073364168029765507,0.0007439896800689546345993600150246452389699983941886639726602296759727002523810632964320325232397981009396337181599266358319702344926,-9101125241622171658324004082473495890927993260385512507441801001880083824818130230478375823007716440121948275924751,-391,3752279805968703575381022153521726024967403124566837972988479237188488733636569807442630274748988564417389306388721,-391,-0.01267415574580242587180256588231567641739295449333230327393159549010705593532604815393121211085408975180460735150225102684834234966,0.04947016046321207927613139407862182358260704550666769672606840450989294406467395184606878788914591024819539264849774976625848181148,-15980389223365628037360045233210945454823057604354537853045536388538565915974832948281286725924539613574420070331299,-389,31187577105729784442096287983159679833467915575178150736577652664383693688493007395566783476872193239933236003636783,-388
10,5/16,11/32,21/64,7,7/10,8/10,-0.06026214892728068735862254893647492540223776578165187530724700276209851008994821852814527456629944647675146649392586847626976623642,-0.06026214892728068735862254893647492540223776578165187530724700276209851008994821852814527456629944647675146649392146514718202358501,-18995596523526084494197283473151070222766798285987960104106661167931538096646398861921238365366942480031595096591647,-387,-18995596523526084494197283473151070222766798285987960104106661167931538096646398861921238365366942480031595096590259,-387,-0.0007821340858528778909667645823096109472155976059573642369589837986940490666132224733797688511313822650610375062927619611315361461770,-0.0002105093261663491859062825571631265722155976059573642369589837986940490666132224733797688511313822650610375062927619611315361461770,-15778637873759450236102502857850651969173739845384871162185998971462770350735186168363802235547549110446842374991505,-393,-4246778764290722356706505801674758128115713253611052967804053788289851310021404280808539950112048368735868936466065,-393,-0.06104428301404305995136224175669957541195336338760923954420598656079255915656144100152504341743082874181250400021642793018143038568,-0.06047265825253754184275590325572301291195336338760923954420598656079255915656144100152504341743082874181250400021642793018143038568,-19242137740590263231135144019256339271697898838671669339661852542327842488300001505312983376306125254021092719519523,-387,-19061952441431439704022063687350885706605845437976062183082564367906368418442117944297811201078690916654327337903907,-387,-0.03541167833337518266487855419515092301715197671816754361148181823909262803280814739928206664327558027666522762114433182785503765486,0.03151564338749316641043882861734907698284802328183245638851818176090737196719185260071793335672441972333477237885566975835861066742,-22324658705862033150857682841780068227033366070041088910382959180274694913041210889547922784183711136441104414374313,-388,2483559152074728875979470494975363470862266443454346140180924752187481514484948033228353997286744708447489322143947,-385,-0.002647793776630477621411396614784767492611766059793722219069004586222433064290599431926649402664004691530011314213131342440549631222,0.0009020066560350287564048036415628887573882339402062777809309954137775669357094005680733505973359953084699886857868686823440386238140,-26708067019153617624210874150049649124501173121889884653750687096063659592556329013817620667479424800925190595656423,-392,36393852774688017129516438512515515874896801166627241197077549113976768693517831202129679078851434720001060485272677,-394,-0.03805947219549816225294520517394936238476374277796126583055082282531506109709874683120871604593958496819523893535746247632711614508,0.03241765012902069713349888662292563761523625722203873416944917717468493890290125316879128395406041503180476106464253910988653217720,-23993912948456351728137542999012462336913732498878483946696983531612011363168669040990917065546611184586882460636503,-388,10218563610049774375625569417207626871021218587291298505303170565119538426154243983219750601773223666583942390633813,-387
10,5/16,11/32,21/64,8,8/10,9/10,-0.1157329813421678660923306953990621167533493592487474052364713202055834465097362094025483534780004405985224579665205962318692148386,-0.1157329813421678660923306953990621167533493592487474052364713202055834465097362094025483534780004405985224579665156599349956359008,-9120223295942609822313351186172591716527485340808355923620464843633596316033850160769449220292715515413853757018883,-385,-4560111647971304911156675593086295858263742670404177961810232421816798158016925080384724610146357757706926878509247,-384,-0.0009835315593497777139763127148944465689550460062514366278213050559101869791176769469637067139813009502694082929907914483196140487710,-0.0002459073882980570910493622601825325064550460062514366278213050559101869791176769469637067139813009502694082929907914483196140487710,-4960398924268731644428962006950972037162849103296986009713158317408446619818961567388068017740304612644392667396027,-391,-1240223287994781279887119554844879227396519067111714923585881506565488987646332089018203786197820526768356991383483,-391,-0.1167165129024271385080799363518716023848044052549988418642926252614936334888538863495120601919817415487918662595089173507082729753,-0.1159788887295564284816071294213296101973044052549988418642926252614936334888538863495120601919817415487918662595089173507082729753,-36790918116823922344028973809076155230345380299789055943734966909839611782797451100550611733288383419084455280606333,-387,-36558407138983425792247590777916819205909462937328335253559941828227529720939931039130374016799473525439671629216893,-387,-0.08183582384482854835016187094451638007353591418133097519757897690498071442231188991089172870077522339545007999943174819921118397437,-0.006079506374605836787051519382016380073535914181330975197578976904980714422311889910891728700775223395450079999431746612997535652085,-25795965105767852287818222952544469051778133066487135190314233659684056094782408900784334227201752185324770952021965,-387,-3832715965491822672429897802165983120020476551306186176263834556052171021882511358754073378419458776527940024405913,-388,-0.003881461228897345450563327912674688371001934399047647857923076132472071091718315198784539106590761496947150167022072363703399669685,0.001124224492801337304668529387129999128998065600952352142076923867527928908281684801215460893409238503052849832977927685865776840386,-39151964004372002677533623781845220930121739903634414024131793460065854481214229488141424585386448382142317430364191,-392,22679910620926327330805969697511087273417597944858540413732191194872925001916294600237749522880371915979116680466371,-393,-0.08571728513557153352128431903541372469453784858037862305550205303745278551403020510967626780736598489239723016645381748962564001963,-0.004955281819958859761823869816663724694537848580378623055502053037452785514030205109676267807365984892397230166453817489625640019632,-27019464000399215607406756544419109815912176435246513036498741757080619182109198019040874614090236398702786707435149,-387,-1561984359799199235755497775867403211295349310993875986236962238836690922997469129496200984319565875640727978356365,-387
10,5/16,11/32,21/64,9,9/10,10/10,-0.1859939331507094939135910244354724000807449951994537837855651059090027098512795897441449761198157844098609442066173891537578281344,-0.1859939331507094939135910244354724000807449951994537837855651059090027098512795897441449761198157844098609442066120594758994652710,-7328534106496036021217310157548901682292200978605037708382836763760014254814946674394949108336059888435666220720507,-384,-7328534106496036021217310157548901682292200978605037708382836763760014254814946674394949108336059888435666220720297,-384,-0.001245074077275712846738225766801519585429960399749332430380442251827259300620123897449233867478144960850205596865759563008881971094,-0.0002892093147303241891385381905075742729299603997493324303804422518272593006201238974492338674781449608502055968657595630088819710944,-25117909251987341429109322731156034736261857202082071750007446539442850240469266057035332874473365927281752966849745,-393,-5834458732062328234078175723285911027743944130642894082834813241049833169289178450821216262475740375915041050748113,-393,-0.1872390072288947014621021784401889587286749555992031162159455481608299691518997136415942099872939293707111498034804798627342313580,-0.1862831424645303234009566343880649352911749555992031162159455481608299691518997136415942099872939293707111498034804798627342313580,-29510370092158638853283536683508439556502230107611202330901297801363053589225135518405915271930438884618936433344785,-386,-29359718134685037360698596908558101603116673044141013131730476463252159538433175724471306884890455115860118285680913,-386,-0.1629953537470365610854262771941323556097235253419486912968178543545059019554602349778563213805793778612903190612866221587417604248,-0.07547826802904556663199610141288235560972352534194869129681785435450590195546023497785632138057937786129031906128661898631446378023,-25689375753296978701111092516356408931043600486298281531921372214964027079816916948320007024339840816239939747264135,-386,-23791961476588613856932203131398477160926849146951577906474433895379562685773087241601173944069025992420642674076941,-387,-0.005712065150317776971094728648015222683036347735280235801256592176299916804053144552036828399454043822035068183138137990650700159979,0.001457772411060012854106305897883214816963652264719764198743407823700083195946855447963171600545956177964931816861862108487652860164,-28808553785219841349760579140192668354897058172933617419522839793861539520776739679668096574492412830407208963866143,-391,14704424338821003857339745266184264538350709436560831006321472981057345397485587859168059602454421162308138836296643,-392,-0.1687074189737518930054469778270108595427598730772289270980744465308058187595133795298931497800334216833253872444247540028145733359,-0.07402049554158799882896382353013585954275987307722892709807444653080581875951337952989314978003342168332538724442475400281457333594,-26589643071125966477238986050444239517470089993384423269414936858144541596622535162774180284660326121018324881796727,-386,-11666224095959361009247292609958299746715738299347559775629968032738418914269486211036540798378565261721096813309559,-386
9,9/32,5/16,19/64,0,0/10,1/10,0.08795346003102106609620644420346417653340391497504974448780625205690158000190566364659493845580132742124897316109367583814393001934,0.08795346003102106609620644420346417653340391497504974448780625205690158000190566364659493845580132742124897316109741295749937731283,13862171108546504840638020298416354620729996514931561982115220754749844503336930717962573239687860689560751565955089,-386,6931085554273252420319010149208177310364998257465780991057610377374922251668465358981286619843930344780375782977839,-385,-0.0001955558612395682733930984743592038333657223113352765938062775486174353955042809633669467867865922980302609464960921039342724752354,-0.0001581449178617324809037486322876706302407223113352765938062775486174353955042809633669467867865922980302609464960921039342724752354,-7890220294453993544394979525787408794224087463921957813439998394964421093942023747371379232239298618264663113010213,-394,-6380776482320669866483696657166726191632240522098808264217751524635792001482434555366370194370279840520913384573989,-394,0.08775790416972465440395253771423528275863194266371446789399997450828414460640138268322799166901473512321871221459945003848984998261,0.08779531511321617703416350358604619584456944266371446789399997450828414460640138268322799166901473512321871221459945003848984998261,13831349935512334949386516192801517786005284896163130252417532162879914777034864520214683145780402419360068797207083,-386,13837246200421398702940779575191526865666206852504600094322058760996335897234995125465393999897625293906803176509995,-386,-0.005207353010575556648158786328245270145694326221925030461641970768630315783123754360598074971987023685906012746007931285531347821599,0.03773298693607813726625466582019222985430567377807496953835802923136968421687624563940192502801297631409398725399206871446865217840,-3282882489432184465449155591295062648558149056662441746037362765584721834375060883905269287926953038149519241348093,-388,23788086161021163191497348140379272836095756839998900937070609492261142944260725111384316798699697772821529223003139,-388,-4.721939268276395997919939040896853639378942190725961441193762996740393800126971119096833455874184904554843290844780122052957130410e-5,0.0002023866242678014303096304130578283386062105780927403855880623700325960619987302888090316654412581509544515670915522018775439605754,-15241533874800637397694069219255209469560999852703744431127944447163079821716355907850900906722262256604065708558915,-397,32663302240121951176600355237392476883036842398189693707564710978049905952556424042750412974675762759124538363386591,-396,-0.005254572440547603380828043473170840244588115643832290076053908398597719721125024071789043306545765534951561178916379672287774918120,0.03793537359763522146925435398776665975541188435616770992394609160140228027887497592821095669345423446504843882108362112081904924302,-6625302267579530548529519628499669312799553055329089771708582100786745656735620242889519722956170251996474688740037,-389,11957838604452500188589588136018125687883255324390810283545332831414717996551929061354139941049857570239073869085007,-387
9,9/32,5/16,19/64,1,1/10,2/10,0.08369096868741766715408735192925897540343535769830326441811231227561009196689947929729274986488695199647113214183610012445817459657,0.08369096868741766715408735192925897540343535769830326441811231227561009196689947929729274986488695199647113214183975476070390913145,26380736534431098046783182875034963494011559502064599472796423982479922413755643375412391329364370690636226181664269,-387,26380736534431098046783182875034963494011559502064599472796423982479922413755643375412391329364370690636226181665421,-387,-0.0002282686290881895414838528729208825694997176042829848012391981281006456766849964967113695112100789462242822643720608121054786724124,-0.0001434676162843527576239740944632409679372176042829848012391981281006456766849964967113695112100789462242822643720608121054786724124,-36840414977127699959643731241912815854093674771176238303020565308668103927871221596288975936172353330459969651335737,-396,-23154327166230580617252522270543845614381234590578356027510149903472004208221210817036220361121778702597566904787513,-396,0.08346270005821579077488188302659871295112314009402027961687311414750944629021448280058138035367687305024684987746586381122864918130,0.08354750107124700123418499386453511431831064009402027961687311414750944629021448280058138035367687305024684987746586381122864918130,26308782598893059591924658845084183449057437685077199554405082548303030197656099225793256848112940023145325839587163,-387,26335513239220389859889956409844226622035066261704822449135947613508103481151881992974250036597648756500061022656347,-387,-0.003310473971292052191470682123109842794972789408807171772308929948689744853327161162966141256125389093980866194563285632449957536235,0.03947838373925569303634303858001515720502721059119282822769107005131025514667283883703385874387461090601913380543671436755004246377,-1043514527438816637906789997807574796299828393279762055977095520661240223567388301293606919818875883684327970018295,-387,12444220165742334937326189685750597428837994022465020906624368453164745761716407921580483888026860073462431074511881,-387,-0.0001627040861238921131262480812159371662366778969311158791631413731608377564425003990599219977177126622526058527540796852630532338775,0.0002817618423433604114433825416478323650133221030688841208368586268391622435574996009400780022822873377473941472459203209330938298815,-26258912909853892791356186156844280455762217871879190447900420760306602554057916828079282151608154358140230328027425,-396,1421053677813838243938709518137400401627962293530796696673659779387413580306400134468707634313489910634493577980855,-391,-0.003473178100844316314254253564768895195584467305738287651472071321850582609769661562026063253843101756233472047317365906346981827209,0.03976014562502742545744374448210610480441553269426171234852792867814941739023033843797393674615689824376652795268263488675984233393,-4379205921620779545822587535288994001597281611761093515675315949069789767085914347006371863756635196164533196002543,-389,25066072068590039383526196731122544345548146187380385958529300293370384991152507693275843626678752863506299229517193,-388
9,9/32,5/16,19/64,2,2/10,3/10,0.07494882235021078698456177907863419353096753423659353406570255590535100826009071124751906236262192972085627341784036493962913644351,0.07494882235021078698456177907863419353096753423659353406570255590535100826009071124751906236262192972085627341784391171334678506330,11812535850621897852294768967115784760344454399772318753603059405272653929002693652946784151075800275079797136908377,-386,1476566981327737231536846120889473095043056799971539844200382425659081741125336706618348018884475034384974642113617,-383,-0.0002710236835780969705646107427047902239660503027015451445805856025562229241434803044760262293125396199177492369406226030304710207391,-0.0001373382974605201162611315480636769427160503027015451445805856025562229241434803044760262293125396199177492369406225968343239569802,-10935169904346965497121252978275475787162507168137154105606930545712867889721410771496968646614153105657686536744117,-394,-22165112617130728610618229062147470186592856727493710091107660275708989031723733627480596272769559045972150017045203,-396,0.07467779866640531633855393627645064354137648393389198892112197030279478533594723094304303613330939010093852418090151386461337060499,0.07481148405297764054374387959004927635387648393389198892112197030279478533594723094304303613330939010093852418090151386461337060499,23539640686294413204893588410600954213123511495393673334844555880540126426386097444363483084347739399236952170044167,-387,23581780465735134082021613940332400895958909843148644010595932946686113390033643228530160412808535584932621346020103,-387,8.843306831070976483956413401668769306431680448448147492342493471326824420519407961157924427447214084094984955419310173117172227065e-6,0.04258181561334709246658100231183916876930643168044844814749234249347132682442051940796115792442744721408409498495542010327994133337,11150208977743239726377076114870230108205786600506819780199517213542429627302110974952660759585043545685068948065,-389,26844943402413269099957985085419688523421869543242276583108207870940472966542272496429111472130228559478748247134513,-388,-0.0003082241153557272417420083884484885935376534742339618570215828999345082223029928472050251743843699531548106578963442326966773326462,0.0003494016920789424540525739784948707814623465257660381429784171000654917776970071527949748256156300468451893421036557796956167948716,-24872240134399122492283976960319861286728671462968865591056010681253259773730499723026930085821698407586963739330883,-395,14097538699597011353566443678330195037983675690281473166967620564552674227399565120252798904061919440172833761287007,-394,-0.0002993808567278754592232485845438901367312217937855137095292404064631813978824734392438672499569227390707156729409256784535019390061,0.04293121735362925411459877289983110986326877820621448629047075959353681860211752656075613275004307726092928432705907511465332222213,-377478603899956372952455121576881328002233636117353918039500428727143998090693163542190535686870651491191933176517,-389,13532608737491664532112954148368487341821508220728705353910900915892330311611059404802742580966970939720307060751695,-387
9,9/32,5/16,19/64,3,3/10,4/10,0.06128654971564614463812922427253189461191622917692757716810098384029200700447390070703898252176074242742632339309475604305638154622,0.06128654971564614463812922427253189461191622917692757716810098384029200700447390070703898252176074242742632339309839164473833621373,38637008186424443184483331085004368192333640490820702405258206261570434814797749066819191474473825388318912559659667,-388,38637008186424443184483331085004368192333640490820702405258206261570434814797749066819191474473825388318912559661959,-388,-0.0003263848814220758423212653402564190818659887209250840625720201186556860464627831651739709452538164302602875813038080889948524532551,-0.0001383830235716808157045131925818585349909887209250840625720201186556860464627831651739709452538164302602875813038080889948524532551,-26337728758173920627195052742705109923254306465042648278563999821595504991030025665050813814437427777111774852362619,-395,-11166860804602205750589258558923535782952045469035715051936670414775734191834550467705105618273008429625146807234939,-395,0.06096016483399669512036472687279671576442524045600249310552896372163632095801111754186501157650692599716603581179276569294103578913,0.06114816669230183749786794313942879584255024045600249310552896372163632095801111754186501157650692599716603581179276569294103578913,19215622340178932883041995132988154107550917893881385701879453721365310314796822155777725845522078412120421981608533,-387,19274883543265916057778115985994227187492854034696823096618984297094299346942862160522887818667721834765924477819477,-387,0.002990733910694200090879535787481751765011749942124218315418955357157390335126946356263952471547437939802695253194213784016296951920,0.04690667325339041977357301723279425176501174994212421831541895535715739033512694635626395247154743793980269525319421378401629695192,7365057255058747812457880831420201330373334130862037892962237605083652109860880132950708785582785581819732840255,-380,115513564386396281590062044624227001162677701722008103647739935058084512441505043218805336802877908455354484019007,-380,-0.0005081360495170625474357460847063884904380789629793030895154307387011530350792701025463525058021969956992916431237825311510424407644,0.0004178151048689218621647502074078693220619210370206969104845692612988469649207298974536474941978030043007083568762174812412516867535,-320345276346923366565230164638317557018614286888298274102352274668502592204162015058171244861157460636239004271329,-388,33715718862832575189611156425231593192197896867826023847879559077302358156610471467268025012371270332795335340887937,-395,0.002482597823433107419867267829301242180823670979144915225903524618456237300047676253717599965745240944103403610070431252865254511156,0.04732448839600337175931428931367624218082367097914491522590352461845623730004767625371759996574524094410340361007043125286525451116,1565109357153067932526995395242987194797807239848021663875063893455428139280898459559180320521593159792058604829727,-388,29834876560328375721621712516336500908218689720878327107753899088938544066763135211770227550672337602563265464220703,-388
9,9/32,5/16,19/64,4,4/10,5/10,0.04202730385742442744387708734150713497054195968236373972177590948429696822053627622467223753390384954856967030221411893501158434135,0.04202730385742442744387708734150713497054195968236373972177590948429696822053627622467223753390384954856967030221787826135810814676,26495361392127854215444577428116014507638797044670407583003782439312875367771702306057407928761702164029859316272591,-388,26495361392127854215444577428116014507638797044670407583003782439312875367771702306057407928761702164029859316274961,-388,-0.0003974097606162491769892580430635972450868331071688418660604281541103613708752015344892737997309650959430268427150120141134597935472,-0.0001451609594271236614686853807100816200868331071688418660604281541103613708752015344892737997309650959430268427150120141134597935472,-16034551654716515061074479009146339612797180590691397429318478171801082074872188365759435478143900488438583785759749,-394,-5856904215369824358989649175317979435956727949688718035296543835441172326466579647747025877916950358398401735107589,-394,0.04162989409635343091600136517948601819420512657519489785571548133018660684966107469018296373417288445262664345950098512178067940341,0.04188214289845205113329486607975457288170512657519489785571548133018660684966107469018296373417288445262664345950098512178067940341,26244821522236221340616529754646750339276080230341283874524646077411284855428459003331356148406951399759240733801951,-388,26403847264049388036834123098703023690864734038056091987348309082351305655094027358572421250428002133818649999982047,-388,0.003682616352885972947247373417508806464365685278234635924089096185116597329921810386607684460984175692029190366264520054553382676675,0.05122166512286291667855535681594630646436568527823463592408909618511659732992181038660768446098417569202919036626452084766020683782,4643279115371415812702136278764510731366215480657091209518023067177477786066270097506712992904189481295532096286483,-389,16145890932485501010690861237693533537235801450713165828170379364316927031040156341015794162839156389036578175597509,-387,-0.0007929684314868227606713982774562221648413827874962984600990343079339048698512406670980734272023172006834048165309795746747048477308,0.0004992157638488988364040640638523715851586172125037015399009656920660951301487593329019265727976827993165951834690204501098834073048,-31994416180212737505836367738736556059479801881550019230170982213341504900156924350182744700977182682339930866670781,-394,5035546270851101440268931973192228947154529500585383211144589011157750917428163895398806433119678274058120991484113,-392,0.002889647875924415097929563244300631174524302490738337463990061877182692460070569719509611033781858491345785549733540405524913063838,0.05172088093218655060360583277555063117452430249073833746399006187718269246007056971950961103378185849134578554973354119863173722498,3643453552402302365892961996658470971955298151944528379368151779570834773263294309351382019248188694719267092837421,-389,32606503535567928561274424618846842574944847755169980471640809588551073986756108876600073828623524584078359995095575,-388
9,9/32,5/16,19/64,5,5/10,6/10,0.01623622765926922452703846656285129439906775827647202584575289259707299518122945361926851335739616105315839291153811308840110161755,0.01623622765926922452703846656285129439906775827647202584575289259707299518122945361926851335739616105315839291154212938135865363244,2558959771346389663775586063276318916381302654148153368058189411604318599400243990788579334436984895092159149597051,-386,639739942836597415943896515819079729095325663537038342014547352901079649850060997697144833609246223773039787399421,-384,-0.0004872867418807202365615329685394664856986523740531584854869421981780666747598741496801860336880851771039375289609783751724944303431,-0.0001572950197977973029383382740204235169486523740531584854869421981780666747598741496801860336880851771039375289609783751724944303431,-19660877028357136326687983841090181243927212601122998716361928372362648909467375976268023120968417507588623522275925,-394,-6346485089008436851746554651004910886691663251867193834516294292322501560826028496143013567287783823998701406724693,-394,0.01574894091693375693959046947535430838211910590241886736026595039889492850646957946958832732370807587605445538257914258707691238926,0.01607893263992617457498659240778839041336910590241886736026595039889492850646957946958832732370807587605445538257914258707691238926,19857275763061582145998171133273777943352174104200991987287134750263818806934365708028137750948111475347597290069161,-389,20273350512312978312585126551269353089666828491763518384428951377133867831272869254826286703535640554514845199457449,-389,0.0001799641480379911485634378991941048003610426438707692300681105649094289526674954145693303493557452481114816995636719500594830916373,0.05250447904231857381496053262575660480036104264387076923006811056490942895266749541456933034935574524811148169956367274316630725278,226910351235896979022279421163084859358595109072608820066477546448500046235843140336774264813334669353832628519551,-389,517195452140975129299173366189242050835309666359736290661125350826235219200895698521978306040387829982706924186885,-382,-0.001194874108675868048770432207399048155375794943823461259333558082285634319985647902507235374427807624430308835944623755017474340681,0.0005973293062037548204231217171614987196242050561765387406664419177143656800143520974927646255721923755696911640553762449825256593187,-753286992543326131367905225596385850143160796206748042544736542974566469268240194550789837982354383511929405361677,-388,376575568389253802671346431738928923917773778737922627692696791686710719924337892770273688613449913435803187622387,-388,-0.001014909983375244444530200256080919917514752299952692029265447517376205367318152487937905025072062376318827136380951804957991249044,0.05310180837125969617970686029079408008248524770004730797073455248262379463268184751206209497492793762368117286361904898814883291210,-1279663662519487983589424925164948032203813243297949629626509586220493384637173199870865512026606011546597264136603,-389,33477084519746028427756388815418050773015635805739576412306476267925694994949930573729915325635886989267331876549427,-388
9,9/32,5/16,19/64,6,6/10,7/10,-0.01731243462124552164921441226935676848292823575431055608391000598578339333347621833926993133532770880417310785093881705725529755912,-0.01731243462124552164921441226935676848292823575431055608391000598578339333347621833926993133532770880417310785093455965982320055755,-21828628999071691290611831235163103090132323002359045965918122094670205553763860609619998176365575773579133424153841,-389,-21828628999071691290611831235163103090132323002359045965918122094670205553763860609619998176365575773579133424148473,-389,-0.0005996555331526126006496776492513480123842716102571484104943102018104831076583046975451210308046198774322008743712068753118220565495,-0.0001751674861784651635093320758260550436342716102571484104943102018104831076583046975451210308046198774322008743712068629195279290317,-24194694177773032188664916782768600904343297460624831570463509135894332660562886690410174919609528687952332023328689,-394,-14135194369660372308642685209549863169477241200846645746952238982260558638678234818349793828671234434680224131964769,-395,-0.01791209015485288160075055403756563602656250736456770449440431618759387644113452303681505236613232868160530872530789481251307077928,-0.01748760210696923946183728022622530399531250736456770449440431618759387644113452303681505236613232868160530872530789481251307077928,-11292356596350236600252563881263663546109286391601356599893588518050650329626590768858718672310439091677587610759417,-388,-11024745705262129976968427656829807239164941580461566779211090273916814786323238654817296251460529586671740252287225,-388,-0.01120019249649278768848006537062904772162653917004779464130922084852544830841208247737045174665109299734167798309664226389144731841,0.04709531722326271286655838677780845227837346082995220535869077915147455169158791752262954825334890700265832201690335773610855268159,-1765240216590479087536776576171579167192567736514268330900711014438085811079193910634602811866865472604107906183795,-386,7422599924208644205376666648359319251896673582459525900404282762876232753271552921706944689257353066014566180752781,-386,-0.001758215848439811515013478466338810493665265296192480371525006670113820853649582929739108617175006622129277417377552021653082303216,0.0007155412736214038260776775395205645063347347038075196284749933298861791463504170702608913828249933778707225826224480031315059518201,-17734971329235054041738825358460970388153692279281304871284351425574301402932648476037653442972662473017964123019313,-392,28870411977734708297013318928150968653173288564880221608674541136816413194774473884874969483515169902598438674407229,-394,-0.01295840838131238727441067335356942071529180446624027501283422751863926916206166540710956036382609961947095540047419497951300076262,0.04781085853326390476355319383393057928470819553375972498716577248136073083793833459289043963617390038052904459952580581359382339852,-16338793194748186775312996011396672542101492242955609539481854518453250951738589866351225336706877652162622495940255,-389,30141499906921667798548214817797844845813396371630006955935481994143575863123791602163798235909522324887622192844977,-388
9,9/32,5/16,19/64,7,7/10,8/10,-0.06018352975031653264777799438275325379569345994657125544154742531344210082716855084932990814606543574696128543927633719357824627707,-0.06018352975031653264777799438275325379569345994657125544154742531344210082716855084932990814606543574696128543927186724351727408988,-37941628994285816060112989776315025990150160658782118011033530620473501492898184385990566467019883774693096240571201,-388,-37941628994285816060112989776315025990150160658782118011033530620473501492898184385990566467019883774693096240568383,-388,-0.0007401910093474186630549811322687712307676566651235110539054131936354484340533454885081838557112624258260190885146548204948584821807,-0.0001989005946168078714611910779474821682676566651235110539054131936354484340533454885081838557112624258260190885146548081025643546628,-14932485497253106710836121694272997543713244311441894759854759919451317217576189409770739453017755665147325672135911,-393,-16050344881270804780936588246541348255847907813198868163657033976936397832053744351472822153568464915161643969967003,-395,-0.06092372076057344601260590375293706408896111661169476649545283850707754926122189633783809200177669817278730452778875669205838309516,-0.06038243034402384581746625722278569690146111661169476649545283850707754926122189633783809200177669817278730452778875669205838309516,-38408269166648350298824136457163762387216721278713818469571062148890752365794171024068023276944193277506481589462695,-388,-38067022313097369568466538994088425049573450703373592921270030917483919891114373544714326688077132768565265162446503,-388,-0.03588516426958508592123897587972961644454881499716827670819088849780655583311839061259789239301707026402300709329262811247076866159,0.02968336037605636019234744990152038355545118500283172329180911150219344416688160938740210760698292973597699290670737268063605549955,-22623159438541205138422726011238697560674822040706525558795819850933056602282686687254836257490925420282349134014265,-388,37426686382949858014816753833366556090381203376073550349327928152475320226242519609319678353237920777672509818941839,-389,-0.002552277614005759332450625318080620110191064861480078191663347192856712773844890077779379180259706367139155606267186965982066522145,0.0008637335214082505813515215935404736398089351385199218083366528071432872261551099222206208197402936328608443937328131083716982429619,-402259433447895384238379130212081215592497574671395198122932609391157263233034719938674639609812323033829978292491,-386,34849621568062989282383241206426399238529958852128123151846594735208995603992142812119847042639885298478661062554883,-394,-0.03843744198727324125580342032012468967973987985864835489985423569066326860696328069037727157327677663116216269955981507845283518374,0.03054709400114700677581279061737531032026012014135164510014576430933673139303671930962272842672322336883783730044018571465398897740,-24232197237697497231093280612995417939154290152094208542583562315018967577742127535531351845925703476056251113991013,-388,38515737187681247541325306282884172098804220215606758580415158290993165183921878009242057633311474720527132110760247,-389
9,9/32,5/16,19/64,8,8/10,9/10,-0.1143504256352139267149297981499868721118297361204919955343571713134540977602598189958189747954706354720945972413718595103319583325,-0.1143504256352139267149297981499868721118297361204919955343571713134540977602598189958189747954706354720945972413669739722951257077,-36045089435512361936284047807147666280387106100228236964876483241634035277984566438613963913919342143795853517356569,-387,-36045089435512361936284047807147666280387106100228236964876483241634035277984566438613963913919342143795853517355029,-387,-0.0009184847655727048020189095155950540954016833014427921126397157846789391843734006197501069486829850430458847880062279360640019396493,-0.0002272052067221942904715824739690775329016833014427921126397157846789391843734006197501069486829850430458847880062279360640019396493,-18529352921287498365154020066618627443763734713319811293339595457553337865122259024223603004071410890540410748376421,-393,-4583598573117945863603499044611912805286284297191960284709424385692622314991983597250797407505018010551304080954725,-393,-0.1152689104016961262187216359034969652697314194219347876469968870981330369446332196155690817441536205151404820293756428433180130871,-0.1145776308410266263036284523860409105822314194219347876469968870981330369446332196155690817441536205151404820293756428433180130871,-9083652643798541606309584577409983736527168830680857409995237390281376196762616773844629577966677564524828286529627,-385,-9029177040732660628351023385192093701514235856193072680169758214298320974183237705702486755600713932767987983200347,-385,-0.08175316816105377388354324440987877075815194637771471119505485873177837000959975788724207060731349694453709058204616849669045297859,-0.007395903718684432033262482691128770758151946377714711195054858731778370009599757887242070607313496944537090582046168496690452978588,-12884955353826882599304169170855640610284292038909051698712906073840250971023696580996304375344592123944601833584299,-386,-1165653776606163848865549916918647005063100627621125451730102906824660380545211285699206479525256626315067842770603,-386,-0.003694367741691457840740469675908458107893530086811151446782574354637624454522837590526732401553357150440371259630502323439259678798,0.001072349076575556036889764088739979392106469913188848553217425645362375545477162409473267598446642849559628740369497726129916831273,-4658096020796374420407689919323219873410039399835331235023489196646343361556388071274272346282346790732792446427587,-389,21633384939483113905505981742654276533572387799268502751302618017720000460893853311154221833353599326878261852890065,-393,-0.08544753597914278667320968607065051011604547646452586264183743308641599446412259547776880300886685409497746184167667161323653681853,-0.006323554565711321047446746617525510116045476464525862641837433086415994464122595477768803008866854094977461841676670027022888496245,-26934434736934594271606011693455705589593006806140868592448636246086770595999180378740267321994965753228721487599047,-387,-3986571778902337150123635994389403077234439635029496323408301215755525880652531828965075516338336910982686270532493,-388
9,9/32,5/16,19/64,9,9/10,10/10,-0.1822943332353239198542253948356295997065326241449324942469124460020140997962273864620866098168743658944564109153584254168758727631,-0.1822943332353239198542253948356295997065326241449324942469124460020140997962273864620866098168743658944564109153531464978542562127,-1795690611926458285285199960891116992697965039382075360015389611060836626160461135322005650503658239498839336609411,-382,-1795690611926458285285199960891116992697965039382075360015389611060836626160461135322005650503658239498839336609359,-382,-0.001145636990865078185531563324720488683475407104335207865986996380436098276171153437215686113563396894814211988054431120309482130142,-0.0002608617575483190723092027137585746209754071043352078659869963804360982761711534372156861135633968948142119880544311203094821301417,-2888985332024610306819410020851785969075615641328218056095744065225635098330339266988273462315577927841577732713135,-390,-657822501588558233417188109174681537858781185222332929740644594897381308805609885867079111476796064094932346645167,-390,-0.1834399702270984927415298863982651274525080312492677021128994423824501980723985398993022959304377627892706229034102111293733654095,-0.1825551949919627442247616693114731352650080312492677021128994423824501980723985398993022959304377627892706229034102111293733654095,-14455805687109107186119395985018392406095523520748002350287617675641793757337353524547193899978815806020455424727197,-385,-14386081848514636895326197080802806586663617010194908128266003246960436523953023051631626276010727713208989901002909,-385,-0.1607656759969659276368970859040988772129772382173609360323055794873597390531095760501117162463260858246085107446713346364281178208,-0.07456670276036040262011241793534887721297723821736093603230557948735973905310957605011171624632608582460851074467133146400082117621,-12668980323599997350357394241725099097830901788168087673849126085195819073003736622359495845097525803627081197673645,-385,-23504621473667407211183011378978981760357961040465091346404495400378119766386389742229107836860877943825323654083251,-387,-0.005353795840477653312686201289255716029315372583067794982298058765691616106998001897278320390022488730646137690778290510686766225380,0.001381589591488625389334443852345846470684627416932205017701941234308383893001998102721679609977511269353862309221709489313233774620,-6750409500183407506939393750810556829560581521358280789838429751721164164958435434972428096575053855999598904873465,-389,1741996852630685914490304727515499420925015101108343166400554863047655254387762443136416213202088341349240237321735,-389,-0.1661194719356690087410595368881788119922926108004287310146036382530513551601075779473900366363485745552546484354496243540080598850,-0.07318511307064634943930172438817881199229261080042873101460363825305135516010757794739003663634857455525464843544962118158076324045,-26181761850204036297015195405674558842645963116882774123313953474585508332489007087687817656739558572747460642700185,-386,-23069122229547504416694469790354024818548533564434378201032561514158756621065990304250458874615105391501316826265393,-387
8,1/4,9/32,17/64,0,0/10,1/10,0.08743633960846944233276246730687676186300583502815459663194713554547182656355124082229119506969683287661359526017444389208827658870,0.08743633960846944233276246730687676186300583502815459663194713554547182656355124082229119506969683287661359526017797797609673863024,3445167195042964999245483089719851523689859811090073553177507265618428769464496085573864702729724091173892900571137,-384,13780668780171859996981932358879406094759439244360294212710029062473715077857984342295458810918896364695571602285105,-386,-0.0001974400363741436475737675688459663860611447686259489134984845084017539583650182418457491999213240441073266538366910709363086776186,-0.0001610262881689662489424183628752022259048947686259489134984845084017539583650182418457491999213240441073266538366910709363086776186,-15932484683018975981397703322674236316366005319061180949064816492176965905195758190405470353339315407901330179291113,-395,-12994066031034390853749060201567679008731800304503433563287506939935541728813237292587167214569874045672820681930729,-395,0.08723889957203845526632789172316110553553844025952864771844865103707007260518622258044544586977550883250626860633951957813343399894,0.08727531332035731950268085695887124957850719025952864771844865103707007260518622258044544586977550883250626860633951957813343399894,27499101292032759161099107505470156415663526226218032523359896489245663969841087419190204965707014008632855776630589,-387,27510579489927909862628829885030897981635567448006095052041343497242506858645502311386190287468926178846406605707069,-387,-0.003816270408073525824211134229998850404395089630144360138507872846335985466549693019130591097016753295146778737666108463464223148316,0.03748842704916178067717741557468864959560491036985563986149212715366401453345030698086940890298324670485322126233389232964260101282,-4811798728512958473393720739988569536876342598580056402360029111484247647187124286014582504161680090443802040754853,-389,11816953879073239072163769625641788074146554218928158389412894132269561543148927461510077641075344443292413184599895,-387,-4.675996759981564451367703812120195412297496101478668821851637958092883455040770620985819514909331158799882746698668066896791587705e-5,0.0001965672305773966226690903530836320302520250389852133117814836204190711654495922937901418048509066884120011725330133193310320841230,-7546620039623233981524397160977693617522231734306212301399396495206061492965446946885025496939266824316649494239323,-396,31724106699647729951682625594623306304233613736374680048643635101688788545202884985688639116288890569573712651921317,-396,-0.003863030421261763395092839193611385366330564591159146826726389225916914301100100725340449292165846606734777565133095373390632423273,0.03768499432532759922621453385326361463366943540884085317327361077408308569889989927465955070783415339326522243486690462660936757673,-2435378377526662026062773676277453228385894493859116863497378780138182644867835711127386134055679049915650442101931,-388,23757830078682381621076883137385672782798297968370985393280825295991755060119930983479326779826112359033486193883989,-388
8,1/4,9/32,17/64,1,1/10,2/10,0.08311780153787077169357346386114610108724898270315959691916100435287030256054131371212872299256202508654879184632540011300085077840,0.08311780153787077169357346386114610108724898270315959691916100435287030256054131371212872299256202508654879184632891516244553295258,26200065049806965758356063090227344014866002233040353266771883040541183425422866559351222337004821128801016822584277,-387,26200065049806965758356063090227344014866002233040353266771883040541183425422866559351222337004821128801016822585385,-387,-0.0002289024259788975235953797051939866422517194692636688882484292573995197211577280761930784928414363564294587388382147699775004785180,-0.0001464570859661152702703942010435960172517194692636688882484292573995197211577280761930784928414363564294587388382147699775004785180,-18471351924306429621541118199052369027378835507925270121811894886001819127703207777826180547454955940623901917644423,-395,-11818399761905157736752913849004848599561180928476985058222321425816948797543224630867075442424646163434816820151943,-395,0.08288889911177818733225646812621273456218476323389592803091257509547078283938358563593564449972058873011933310748894136827810195732,0.08297134445201834326102468568984188495280976323389592803091257509547078283938358563593564449972058873011933310748894136827810195732,3265988916414600981471509153736672077732963568548446731550350116698042374229981904253775780514403895908201123983327,-384,3269237428221607456477714610984198487689132684811054546480494561253748224349735501009472549835492986827180660404191,-384,-0.001980553544836454853232222039837269455349218315542854035403735807401187405540760421335136054204699841167930527258514667090581650420,0.03916400235540945006925312952266273054465078168445714596459626419259881259445923957866486394579530015883206947274148612601624251072,-2497209057469985444351162517740269638121760573310043246983948821717150823573904433333961752128219850601962597361045,-389,12345122107867609044356166635874383449519392858362344431227160480484147465269462213661871838575544207251019976251035,-387,-0.0001602274856605875556316262802446911126429344254611204415205561821942397087861027056394783528482747589560268384978637679292231506765,0.0002730858658895810349885338225995471686070655745388795584794438178057602912138972943605216471517252410439731615021362382669239130824,-25859212832076506858810053262560507945978814404840069255886117667073489899475024355179452766326550594450963390772151,-396,22036748246894640516552630231205842528050122143151595408950625631758145438348314850392113684362721479282956870493733,-395,-0.002140781068468446207883602253034841427367152741003974476924291989595427114326863126974614407052974600123957365756378887338540455497,0.03943708825927043490326141727821515857263284725899602552307570801040457288567313687302538559294702539987604263424362190576828370564,-2699234205597366762978358863729909795880784949976150436933427574013329485615568099455921595326783323294984455679229,-389,12431203167676237136072136048934002819252354870266103888015340976363744476438514078132996124770495412072937453233345,-387
8,1/4,9/32,17/64,2,2/10,3/10,0.07427745290651276900446785592695080717065777802694563212349946934670214250735614598621341308500084435787259757349922538033474968464,0.07427745290651276900446785592695080717065777802694563212349946934670214250735614598621341308500084435787259757350267698123349896758,5853361319349630488359627731197634826337342264196012035611925940423949970935925094319855627204319708691910881488271,-385,5853361319349630488359627731197634826337342264196012035611925940423949970935925094319855627204319708691910881488543,-385,-0.0002696791902045332054292303322124256929101916400317735505249415620540266161075190124051141293470135880291739782948111948783922423856,-0.0001398684934420996970181804893779530366601916400317735505249415620540266161075190124051141293470135880291739782948111948783922423856,-21761845500882253213962666138198044803495954257137373760289666546688091664237513661268145934987700459992464100181765,-395,-11286731254345672380980768648475869625600796084294528477826468958058276588612462446233297999302070178644136331855621,-395,0.07400777371608086212359539353525962171212258638691385857297452778464811589124862697380829895565383076984342359520613687543990607675,0.07413758441329804298289290749705161389962258638691385857297452778464811589124862697380829895565383076984342359520613687543990607675,5832109517084757205017944881362591259964380692141803155071265866657749968612357812415582165876636262515276633839365,-385,5842339120876976500612498632998817148150639040994916324123175725611296098012568571431647209689923300729251574028037,-385,0.001181582897287576387625447151206050199723401242951499713775332117884941848649968448111330956177357835115632779778045575181413909157,0.04214468811437559027503084265901855019972340124295149971377533211788494184864996844811133095617735783511563277977804557518141390916,93113473280957652619211110919717476890802311822969759764319646226002942750955192681390640127874111080495755751173,-385,3321170524455479536114054626514871591016344179757094983350114443801497704952274257972807487748590620170731326467845,-385,-0.0003037535681659353654916468500285684238738398515698796218792837997193731143617650707726619170437675582000190782481726075324205190926,0.0003374207870575485061769303441852987636261601484301203781207162002806268856382349292273380829562324417999809217518274048598736084253,-24511487948904689859654532434681068099952082179177999087858386496128677500689363104566493264598310348088138099316273,-395,1701767160631530026910590612150922546601344419541783760903927739760676198849481176634742286315998974901957684331165,-391,0.0008778292868301373896926372381281653695995613913816200918960483181655687342882033773386690391335902769156137015298727817645814772975,0.04248210894372464241364893606625316536959956139138162009189604831816556873428820337733866903913359027691561370152987357487140563844,1106823519969843841081113060472002125417564331597723922318790923715095982321054915336126997158705818288632721821943,-389,6695521279346174738290210540278407738585670544314887708998793645332884105586839411347609645398047628283451607120415,-386
8,1/4,9/32,17/64,3,3/10,4/10,0.06050460159846106018170243836266361805332357239696062935795391323103047166592101497239573260392822247114228450529552691566572361344,0.06050460159846106018170243836266361805332357239696062935795391323103047166592101497239573260392822247114228450529904196511040578762,38144042993487072078751782907461224935107390505726318406739145369261164140796964286219911575100330162569564397444467,-388,38144042993487072078751782907461224935107390505726318406739145369261164140796964286219911575100330162569564397446683,-388,-0.0003222329470357160774923487552286699973054665643952245925583986530744201234729133964735511524945625318591211459644060320817228615721,-0.0001395817729356147341362758525492266379304665643952245925583986530744201234729133964735511524945625318591211459644060258855757978132,-26002687131205097303587521994809903761698843685100274769716287518819927784117168500059043347553030481225274764863833,-395,-22527188509134106506619236308851323208411786981630554589667480042685878261831119880643581719130870377651455620895409,-396,0.06018236865119797042876685754795618829039310583256540476539551457795605154244810157592218145143365993928316335933287792500687086576,0.06036501982575281912300939456959315118101810583256540476539551457795605154244810157592218145143365993928316335933287792500687086576,9485224250032797148142031480600274064003184463909171799569429825696696038130466556889417499610798988091402270733853,-386,9514011540879152659677420246276362689945228099157277341174068586394505432824592288485419471128587839931561563584029,-386,0.003735151655469133239327690675017308037487576902333202066355018922398855571720202994945146593522168077189378569802539329213025635345,0.04643938153885309277111174829220480803748757690233320206635501892239885557172020299494514659352216807718937856980253932921302563535,2354759498772286157848502961823521285686301014897781071869315806334550599646144657409088198986442412869653769058085,-388,29276876786409871147988487697810662092877315096708517907721900366376275366454846421236806460689529588202318497150757,-388,-0.0005033116705733276931273402257786007530618926739630964695768309519691525972069328128568526320000194938829653721932703666958678371748,0.0004048200033223680192900238947047976844381073260369035304231690480308474027930671871431473679999805061170346278067296456964262903430,-10153722656075732289679595637089970025088565134743978169314430094121735798457786857531621813498389127158039224629381,-393,32667075132072710876125542712601049137131694824185343057375324289399235152293385657397746306173768292730518763019757,-395,0.003231839937147333703121617958699156503175684228370105596778187970429702974513270182088293961522148583306413197609268417256216187387,0.04684420158992393263348050467744915650317568422837010559677818797042970297451327018208829396152214858330641319760926921036304034853,4074911271335500377852654016544870943124784512964232542489100233674785677981952138899723822791248486151130814517953,-389,29532088340981358536577907090144882040101047560477381383191334836443060408035501245346589459625505662559675311016289,-388
8,1/4,9/32,17/64,4,4/10,5/10,0.04117223474723018810997804628441342810779551164425429078255575657430594704277498389719545060335814708321917316678164388159989639350,0.04117223474723018810997804628441342810779551164425429078255575657430594704277498389719545060335814708321917316678532706969130072943,6489074594519087825913822389670688277093789248922411376061032909909532090511341209081216123522466140953104341722451,-386,12978149189038175651827644779341376554187578497844822752122065819819064181022682418162432247044932281906208683446063,-387,-0.0003888206748971395404134173695517800805715826515200522314223892950745005419176826562560567238363386574776709806576612413258517620369,-0.0001444654850903287273887772862387917993215826515200522314223892950745005419176826562560567238363386574776709806576612413258517620369,-15688002192981376519779626950277931867510110566619903595181277300576710743938486631796214245419786390558870144750879,-394,-5828843457222929169417563977598083859539880823815268027494552127476444701213036314523078873186800600892700123927839,-394,0.04078341407187830121867816479590412849597392899273423855113336727923144650085730124093939387952180842574150218612582341642833438325,0.04102776926259460673347573311713215583972392899273423855113336727923144650085730124093939387952180842574150218612582341642833438325,200868541746283827879179483973697717273691801956926866304088976885542333216780942368687406605440844393134135234843,-381,202072052338624455956108586410032309843614118948571113788754409399324277488377160182980484278945883777829958111515,-381,0.004096047091193462066873291315577876042056214208580451915503490215931100017662906817246640681982206854529200183396076926901711490839,0.05043433130475502675078747588589037604205621420858045191550349021593110001766290681724664068198220685452920018339607772000853565198,5164559131773707994355975718704771586389540271165213390446708443899305275098892300303406127832289068637554355242271,-389,1987213834580969623581593768398697789018174439405401837075920840621414622413762907305360295629697046368840233247785,-384,-0.0007836386734816035784866166735485119722889097248491184155137002686012692895931044163837398411168786959418394128048821254823848917358,0.0004833038224496855802748846387073474027110902751508815844862997313987307104068955836162601588831213040581605871951178993022033632999,-31617982329094650120367981941041023056939904364522875548359598477124476920409644627474660438284648876356391798818989,-394,4875043892967334001514050801127135907393307960311723390655601469881383039195853590727294703374727310085715388534229,-392,0.003312408369508639294421478032532293757267304483731333499989789947329830728069802400862900840865328158587360770591194330512149753426,0.05091763517540793152502755713409479375726730448373133349998978994732983072806980240086290084086532815858736077059119512361897391457,4176497123211786854357581225360485890354864328664901316601021212443061127582634689349975575280402133833086417831641,-389,32100111626994829014268575998292987481255524743560398211610433431333272520446675474478644355963819027490966290596717,-388
8,1/4,9/32,17/64,5,5/10,6/10,0.01542210182318461751285433410091439424578464298222216015314820325933663920457298770524055371731054486421458076957195835854856877494,0.01542210182318461751285433410091439424578464298222216015314820325933663920457298770524055371731054486421458076957588185800769393642,9722588025576750308356377567581466778228960645577083501807994946768559291924581349677579547893241782355026961692807,-388,19445176051153500616712755135162933556457921291154167003615989893537118583849162699355159095786483564710053923390561,-389,-0.0004720425560462201808251314359496280136099309183709990026090478289675146278838585551049841113593762452951955647309060503204328993012,-0.0001538800744837528888739519315550967636099309183709990026090478289675146278838585551049841113593762452951955647309060503204328993012,-9522904943767068571096763804888678505633963328907482639824424850716981261815075787724610599144633499234849410322773,-393,-3104350027934963363487817895905210305501706117624027934935740040782840238366572589275080129775833656264152189833557,-393,0.01495005926668364998114273854600724670092471206385116115053915543036912457668912915013556960595116861891938520484301390925016892617,0.01526822174915561197486684628831681701342471206385116115053915543036912457668912915013556960595116861891938520484301390925016892617,9424997245797342088510844759727342963015138423949154045667446529716455022569494871800124865661219666365172206802129,-388,9625577087490470030246142197285781568094793197000903252487288210961294139398991315773793894846499299735537916581073,-388,0.0002084786464343158581591352013355018279431835578732717549717084450506592754882069711714396339080938710842277470571730442838062201780,0.05130194528455606978920466742789800182794318355787327175497170844505065927548820697117143963390809387108422774705717383739063038132,262863261395867111757750777244406607244657638804163625889958127631626756945169830724849671011116008774339969033127,-389,8085598263956675183631539256144734545336840995956075836427360872722749546599922472049741427443619069326418170463349,-386,-0.001174280948983495845394524152202604144584918531245034024257674187224573715983734267179472843398554016062847752783235549213959167181,0.0005772574734845061088629640985298177304150814687549659757423258127754262840162657328205271566014459839371522472167644755706290878547,-5922435229203928656092747753632800486823773535899019331001389637085573201516654922875834500258829985025347349485385,-391,23290985008283168240476896022979222603247195698710349500350991733573551276222959290725112903583516801716464016115129,-394,-0.0009658023325625051457420208020633913791417349733717622692859657421739144404955272960080332094904601449786200057260630997602710678582,0.05187920278805390105657426337762410862085826502662823773071403425782608555950447270399196679050953985502137999427393690023972893214,-304436395936960554025404025685584571736430067078478382034256955827495598329555338863527071802224403449767674122379,-387,16353157357751244410100849247863630460382659339094156858645373503781596425016393677423272632735310895245514673090421,-387
8,1/4,9/32,17/64,6,6/10,7/10,-0.01785824082154006962202694204485524335449980271082073868289010911827650195992552351208662018354922200031696842490126321165358527813,-0.01785824082154006962202694204485524335449980271082073868289010911827650195992552351208662018354922200031696842489710257325403593569,-22516816496224853065003119140111131123694792784296586794240214834530790648686813076793279856718680514964099740047029,-389,-22516816496224853065003119140111131123694792784296586794240214834530790648686813076793279856718680514964099740041783,-389,-0.0005746111293620919895161494738236931305806801836001590483585424593166566060246914985736106049897736086746335299605652271173054446283,-0.0001679512385481934615213975435868767243306801836001590483585424593166566060246914985736106049897736086746335299605652271173054446283,-724506600948556103811674120558079123972589580531551004675677795553008718754035830241275021071223908861930090001509,-389,-211763703742977474808210371524401339368210217653953245985822872599484501716617361530803904522904804350873554646117,-389,-0.01843285195112953528698632357815769625070548289442089773124865157759315856595021501066023078853899560899160195485974811957111605154,-0.01802619205986088940810510752896336031320548289442089773124865157759315856595021501066023078853899560899160195485974811957111605154,-23241323097460096495813552199620562859580143232427708422561927770550997972364214266545615478798656742964795540865243,-389,-22728580199681143212812570572684179851150242134350969416580002566663076545480065078813023160232833000176207583871195,-389,-0.01152349172076859460928045611038918404691880387993366675433283308225107734357259808854804969888238760717678957987998463696498282402,0.04547333372141516817949212689742331595308119612006633324566716691774892265642740191145195030111761239282321042012001615614184133712,-14529558149946388627641394121051022886782832164565287816733146877834534285097187412179282268500741485480696797906027,-389,28667849232990631669805705452948367032841376689660195861921508721689777711126710734469879946044375138436341910248907,-388,-0.001715113708560500891071769115845065233664033072131385617865078545772137318247361856927700603945173761135559119215703215364661231890,0.0006909611970329129685340200687252472663359669278686143821349214542278626817526381430722993960548262388644408807842968094199270231453,-34600407537777649180464792232979660011337968138626601784846289913313170687081689806275491894355603985954186416799673,-393,27878663543765999033166989222100822985117829521873968452037260390170942004369509105429593553831881942688336873947279,-394,-0.01323860548389877760672791950113659303058283695206505237219791162802321466181995994547575030282756136831234869909568819931387962641,0.04616429497301776325440184124105090696941716304793494762780208837197678533818004005452424969717243863168765130090431259379294453473,-16692083689862450181122588983936878496554063397126400103334473709544272634647479307726044753998523327906604045594727,-389,29103453385264454644550012333706005821515146887887951456508807771350031270748827455569489466373276590442732472223693,-388
8,1/4,9/32,17/64,7,7/10,8/10,-0.06006939313934639704940071304606030084198397179790991367895352090246772210264501953858395325529020355338821662067291141396588738451,-0.06006939313934639704940071304606030084198397179790991367895352090246772210264501953858395325529020355338821662066850808487814473310,-37869673611042924077095237694527072835280020186920755544366254181029091325111040193564028542954054371688971529672921,-388,-37869673611042924077095237694527072835280020186920755544366254181029091325111040193564028542954054371688971529670145,-388,-0.0007009189364401777955736660362037602742410307682197428685938871361240225141135028984410540512957002012960529766735763121087516937505,-0.0001863962704595565545405887962135258992410307682197428685938871361240225141135028984410540512957002012960529766735763121087516937505,-7070108742857245090420120177943025152426457480216411621758505916931245304500384145223805300864944011453481183058795,-392,-1880163072929860757341012086623632920533999814933409948878286335460888787392516733444366966011930540265718943554411,-392,-0.06077031207669606954674730732017910017872500256612965654754740803859174461675852243702500730658590375468426959734428497100888453099,-0.06025578940889645890216837360435878767872500256612965654754740803859174461675852243702500730658590375468426959734428497100888453099,-38311555408044876549244013083551217131132195514633422518018231081771691366489044921662637576275618010682345525251363,-388,-37987183802527665720431533072038344668987873440154952418879076796060999664476341770382180276312295392178047542005027,-388,-0.03633034841227266710320691390899937554631981458706333409974831035565998308986955520314072219410700198527583554244503730468853103132,0.02788340270449485856970568374725062445368018541293666590025168964434001691013044479685927780589299801472416445755496428152511729096,-11451908906060303670924004721757250458712822737657948415934471475271563793425999893616334430816663475391068916571027,-387,17578592098225103954371446992883544083696834312627826895450623499478699321545285888003895755508218812681369691572443,-388,-0.002465802769002229059743376340051542292015373750037385566076031641111843970118630659322467970605913276730933603298960639236375872758,0.0008338098302190619607692045315304889579846262499626144339239683588881560298813693406775320293940867232690663967010393855482123822780,-12436169725863999242722719221503810890940805050866761069731258891057159473800396001599775087626401034202132159808307,-391,33642270819231854654004676204077128372996801925709607008795404882857476751794263641904839929169753523132945109214825,-394,-0.03879615127404335574378897051638490221333518833710071966582434199677182705998818586246319016471291526200676914574399734909478878322,0.02871721262748238011131356854611509778666481166289928033417565800322817294001181413753680983528708473799323085425600423711885953906,-6114584771584455488733793223069602527249115774246662297344129741808446981360895656922250838343025046091402340065251,-386,18104252638259816391087093604648182044728126333029446728754220356081862800158604597665021485186969315788526966046837,-388
8,1/4,9/32,17/64,8,8/10,9/10,-0.1129493005019063256145429031315913868090720860336474595113460106937828025027107846922043054114261721622064243833539130424475511435,-0.1129493005019063256145429031315913868090720860336474595113460106937828025027107846922043054114261721622064243833490655735382782534,-35603432306036280822122188582785879973400974324989278224502954136736723646701165316098747077052810131403372889418439,-387,-35603432306036280822122188582785879973400974324989278224502954136736723646701165316098747077052810131403372889416911,-387,-0.0008586134765955298251176387245696971050669881152012964606559985892103184846322875800063116252475436656256212468176174001605447965526,-0.0002074529959663427478337794716400096050669881152012964606559985892103184846322875800063116252475436656256212468176174001605447965526,-34643039769727869258841671775245844223469674476733244857520026503172072555386338040248630370272990416457044824836229,-394,-8370241774107070312488933468276930318765093825073427508798410922116408399891058484595917735756718679502924853692549,-394,-0.1138079139794113501414334700940761229766390741488487559720020092829931209873430722722106170366737158278320456301691065842305182198,-0.1131567534969631736606037543653163573516390741488487559720020092829931209873430722722106170366737158278320456301691065842305182198,-8968520263630991781926412020620335185827398006109581830899591121064988517115871610387312525707330047042677315732759,-385,-8917206204902451245484937359138860219900891438224523438317351645399639870600487212749648020838664294237055944754455,-385,-0.08166236894263670559533323368561384213822844698702442384303652238745738791358989770236507814725966477068402859380525728531433440243,-0.008634692971247888761837139935613842138228446987024423843036522387457387913589897702365078147259664770684028593805255699100686080145,-12870644668360094197670718475194054612096903550549233136059009019691638053405625670001369154842287148031255459202637,-386,-5443587615313170715638319799885043019938654984992750559189132328034350438837870935450131799500379019397091056425267,-388,-0.003526799545047780446045090383349311245078127872283970208443534295983153758665201277225385406343595644858884377006095685890712878550,0.001034739117480838724143813425244438754921872127716029791556465704016846241334798722774614593656404355141115622993904314109287121450,-17787261123508976045761641012614532728915655021190962123135584256144927306953748825932102624938935855468643747975095,-391,5218662031184865586172085986369672107294056306980828382085058265491003223719365654487765352002595953512456150495305,-391,-0.08518916856044406218321258310216627838330657485930839405148005668344054167225509897959046355360326041554291297081135158326810499898,-0.007599953781007473895859067477166278383306574859308394051480056683440541672255098979590463553603260415542912970811349997054456676699,-26852993179874485558102254629784726472771904947888551296496803292768222457365089402508342804443443318130558018199957,-387,-4791254815545090197565378819372416100485159130688847228062877570096198248134492706869464969099683463005520306520873,-388
8,1/4,9/32,17/64,9,9/10,10/10,-0.1786436175145819173735414174760295956222719075385821931029052432933841935415834865373154055781690953491820451915594329284123846446,-0.1786436175145819173735414174760295956222719075385821931029052432933841935415834865373154055781690953491820451915542428373550741419,-28155667697023528088870677536197563662200091034241964566618720393159685987424801476403912486026192524041650760437277,-386,-28155667697023528088870677536197563662200091034241964566618720393159685987424801476403912486026192524041650760436459,-386,-0.001055503063648421338502091639602567104213524659898353082888318249567034684371503990811052318707116068555819035387008264637597141003,-0.0002316850956364129881595795088652624167135246598983530828883182495670346843715039908110523187071160685558190353870082398530088859671,-21293536386144488428740695509923217947878868242954079075198927927194422779460359234572594513465968734071617913263413,-393,-9347950155651268686542922456501893477829329701917248946551046513568018139660360514164547333978927557602557321095785,-394,-0.1796991205791398334138164373535472017889854321984805461857935615429512282259549905281264578968762114177378642269438435203549715004,-0.1788753026093088356599280687469798189764854321984805461857935615429512282259549905281264578968762114177378642269438435203549715004,-14161011725091812784109796844672257554187137563094914310608364793912245858925509106339770590583510782172984065396951,-385,-14096091563587848596839053178783798938820740709795146754246583924184855877910583539953418724272585775122076447281367,-385,-0.1585382536976601813494087986650804093531833634945243262313932967242896661248404463748778327942781345824153849524170942134851966492,-0.07367229224098882419456260725883040935318336349452432623139329672428966612484044637487783279427813458241538495241709421348519664920,-24986901018243065686666546922837181785478360006341315114681697916011559958759252291942614388029415217163549830227673,-386,-11611344461528106255563708279984652243453137067545138050704567695440809937560055341370567162841527737117111159826137,-386,-0.005037414578235926220016032494390710957288672288818223459611125728724574199777040923064074302934886968509957119483091134204518517465,0.001329849307968528827829807959710851542711327711181776540388874271275425800222959076935925697065113031490042880516908964933834502678,-25405982774458860416718852192903429691015360766422334062274228013318940389063590055603270513783519638228399889224555,-391,13414075052248802036380662353635873527981181039285846227384244355152244853304448941957062875273892049031211926608171,-392,-0.1635756683741215353609010808542953390604720357833425496910044224530142403246174872979419070972130215509253420719001831666459487235,-0.07234244283479486757525654960429533906047203578334254969100442245301424032461748729794190709721302155092534207190018316664594872353,-6445209498856505183155498439309613751652919220167206682753416281664125377944804723694372261514443859837883927752413,-384,-2850437380838900766453069431834012669072336065857370756628947823040707861466360978263803900235686985089412522307293,-384
7,7/32,1/4,15/64,0,0/10,1/10,0.08690140597835228353381987881755819919409981904492866671453436688695975700447111071655336476006205122255064281846867167955861928248,0.08690140597835228353381987881755819919409981904492866671453436688695975700447111071655336476006205122255064281847208521132980883069,27392717894675431326772808924888315359953959623872728938522591193345474674810740655156308616710599822637327580565003,-387,27392717894675431326772808924888315359953959623872728938522591193345474674810740655156308616710599822637327580566079,-387,-0.0001993056536705790883217048509348790161439763396311782819868233030029998354445186397266696035192046765838155411181896044296588233836,-0.0001637564259383890409309458596934239380189763396311782819868233030029998354445186397266696035192046765838155411181896044296588233836,-32166062493305279767439667174291909500393235334983245282904051584677503336971313884929623846422082185654408672186157,-396,-26428750682209561030366957775625094310627311312228100510533855919508303102496147802058614922965735641566591270522669,-396,0.08670210032462486102663736595175363023654959270529748843254754358395675716902659207682669515654284654596682727735218753362752478007,0.08673764955247073791174974097273446519748709270529748843254754358395675716902659207682669515654284654596682727735218753362752478007,27329893553850276494289605891254066935966456531884116623601542021314951513298008222755364157572509673422298456701469,-387,27341099241017158735822795894167257135873063210691006593690831952281884933121388201449854172002229390158565688916509,-387,-0.002452894065790692937672465268938201484699198177418486368242632736869133174975663796930330103235160125119888170259544625832012900335,0.03725906646737747393816676812949929851530080182258151363175736726313086682502433620306966989676483987488011182974045616727481126081,-3092766309740292175621790811457431406119854329179150826720236399093646434824500232226375866382921486214082505066143,-389,23489311485111695794764463711741117236294397414838504824114402568523056599655427384073656768896468084976447494364337,-388,-4.664299313370877522490677931101545747239378213290483457175403427907859721000714390982779035199095162630912445842889597035143445978e-5,0.0001909455281249493721921020974895216519026062178670951654282459657209214027899928560901722096480090483736908755415711040296485655402,-7527741458320499953914144054060113933062050457774034336858669834455647572118655735690035803065984890639241478716685,-396,30816816670118180728104764509056714426582076640562240510832089040608103488640632465053783369820528300388237701235443,-396,-0.002499537096327371323309045832505198387484091959551391202814386771148211772185670940840157893587151076746197294717974234359276667069,0.03745001203290539292077054401124480161251590804044860879718561322885178822781432905915984210641284892325380270528202576564072333293,-1575788418521743186403795259688640352935532159254939029874862682014750845687639434865461568517065495749580504449037,-388,23609689698809377583881545676853372356847815011780384870996230719765017258854730674425007543154707772813318762774515,-388
7,7/32,1/4,15/64,1,1/10,2/10,0.08252888437216978962601840821180913021405157856288958202927297742031712774923599070145780983091343547962644600171291670869388924846,0.08252888437216978962601840821180913021405157856288958202927297742031712774923599070145780983091343547962644600171626679191914590544,13007214453655030200423181458694356511440864685741882551522562828762108208766137531716495199926474655074609485727733,-386,13007214453655030200423181458694356511440864685741882551522562828762108208766137531716495199926474655074609485728261,-386,-0.0002296293864675221364514440686679566764373917187882636052061731346943790096354861652136963126898097297918013981520792001160249603002,-0.0001491581284654871076846033723331178092498917187882636052061731346943790096354861652136963126898097297918013981520792001160249603002,-18530014225341582935483973733945373773357540536120926908163057984684955305357341844024728198520656626770730106342975,-395,-12036361220177360425305994266648223568644534680488644922986821939552812817946484907868233848650674139332056933060159,-395,0.08229925498558858065184534811340179365480168684410131842406680428562274873960050453624411351822362574983464460356251015847772600571,0.08237972624381798935605542086921539228761418684410131842406680428562274873960050453624411351822362574983464460356251015847772600571,25942046039206483926629783777621569830090456370314596404354359319713140985255302276915886230201383955308550093125675,-387,25967411871329578502559856244653537476055806766338052661770462776881238068077592276700512686507751654184798837913643,-387,-0.0006794886895787038995208312002328205658197853401512441987004495833042439693971596547111339049442355671811979742065204286411581158130,0.03886260035220942709909061899507967943418021465984875580129955041669575603060284034528886609505576443281880202579348036446566604533,-856742961829121786930773654428624374292863718462157224693108818201441589015678442408332073635167916195302180590043,-389,24500230718172129869152537548235956728761293178317977039798653284709933196737592656433441864552904909987910967916307,-388,-0.0001584719725564480332955804578223236157645324656612566137673343532630352810635423193842218726139043353803758274420424296510628155906,0.0002650358219376232435628685244164459154854675343387433862326656467369647189364576806157781273860956646196241725579575827412313119272,-12787944744189995553928906300041644841755661443726903894370870670125877245009364958162867783544012054040486182921357,-395,5346786866305400264008419464785337897341794293578943701085911158742538270648141058375697593338764398957245335402205,-393,-0.0008379607055635239424737350184982594159593178058125008124677839365672792504607019740953557775581399025615738016485634902992214348123,0.03912763621757542235231081087993924058404068219418749918753221606343272074953929802590464422244186009743842619835143650970077856519,-528277326607184962111935077537561975141310820019189607217682750828545980665866718246100837712368030021967771844919,-388,24667317835122813355784279326364672975721887105751313588653943923038104287876738897813969810680587775207450267893449,-388
7,7/32,1/4,15/64,2,2/10,3/10,0.07359475119818138368234379642770536901896930444116398653547330375841732187068193727324275762099657502010233078176384683850325354296,0.07359475119818138368234379642770536901896930444116398653547330375841732187068193727324275762099657502010233078176713347318257730870,23198246741862823226112752779672601045200893716914462661133869081487095524793422678677004330038572486773891313838195,-387,23198246741862823226112752779672601045200893716914462661133869081487095524793422678677004330038572486773891313839231,-387,-0.0002685819415041623046974325479731470833759690874148710065442072293594496452683474568820740924150507870230133465987636913683606905095,-0.0001419135941837156765515590013728052865009690874148710065442072293594496452683474568820740924150507870230133465987636913683606905095,-1354581417393492823320936234631839153313405515053574169986928807720402917358860198635960777912883139937927957707985,-391,-715735080624560206416913819187419708013513002584265584641977509201292631204892098524285013101368250305255736212689,-391,0.07332616925644984770220313182025346216996833535374911552892909652905787222541358981636068352858152423307931743516672349032396413105,0.07345283760422504168123546948581132349809333535374911552892909652905787222541358981636068352858152423307931743516672349032396413105,23113585403204058092905504530270272945140615655323721619598177245887770691227652576384491631166829210743079388777131,-387,23153513299395460044961385400711225466428239371152838718005254272278814386573958262397001666971925050914504258030251,-387,0.002303235129929605944825859313848360694560551738831729794928287911370715895589297771939344018466694386127275334857383517031220034693,0.04173864186928746484108135247791086069456055173883172979492828791137071589558929777193934401846669438612727533485738351703122003469,1452033357779836429785839781682762939962796892340618000560635877244943635034170313379057167290389013906424724022849,-388,26313379609004075813433809385820089114749743453835789562718439283475401152612074800706056538038196265403041562846785,-388,-0.0003008834337591545524866952558538592099309317357478599795383720991969192575800202979529489482826674153272597826383295658126243498038,0.0003270783917984224056033716539361798525690682642521400204616279008030807424199797020470510517173325846727402173616704465796697777140,-12139940783483551240949245652844993456407099708942824080860317127394891063129891357078870200624009474858118885284837,-394,26393691792073074349996875668463478199074844275109881647246778910338808114245710320346395120337368686721444530079799,-395,0.002002351638417537829758220950389521015879620003083869815389915812173796638009277473986395070184026970800015552219053282034712798926,0.04206572031883880080926566723945202101587962000308386981538991581217379663800927747398639507018402697080001555221905328203471279893,1262346746628615412803622571535278204285805774242917171250730582795175636905365103020003492294094335238521342385617,-388,26519580362538937235635545223801741751100645859880554716134017583046645916272020070488459078027376488891298122292689,-388
7,7/32,1/4,15/64,3,3/10,4/10,0.05971851643848102551734346717504736659774687671527774343242299176567346571944668993758756950121676353817247308559365048937899314341,0.05971851643848102551734346717504736659774687671527774343242299176567346571944668993758756950121676353817247308559707671085936926986,4706058709497029867171852602643588582260751438913958136710233525182964709052839589858819630418966200902245301987615,-385,4706058709497029867171852602643588582260751438913958136710233525182964709052839589858819630418966200902245301987885,-385,-0.0003185069191980693985506298879019245648930385213643176273328337921218153470945243502094125711587157317232599810144222627767907071058,-0.0001401040153135801928847434857717976117680385213643176273328337921218153470945243502094125711587157317232599810144222627767907071058,-25702014164657860918314169453988754968395929303130276891261521994211821791908650265891471054106631670649856145800117,-395,-11305736764468088349871246594258150967620320644433032933668688466799639633426210491095122189702871324161496269241269,-395,0.05940000951905558244334960522766668226722883819391342580509015797355165037235216558737815693005804780644921310458094040792033093570,0.05957841242339481899990195574875432875160383819391342580509015797355165037235216558737815693005804780644921310458094040792033093570,4680959086271438216931388987851718150492379734978896811705733748831292314026468463614093703154643173465203444919159,-385,4695017950955896957580103897075842894950982273759602166963824892881305598781032141145550837718631510570916697713527,-385,0.004432854890623666730938613304219499017479282422452995040205766659007249852385423104076727375714632701350355407708676293159295730395,0.04599285045013351031881397951515699901747928242245299504020576665900724985238542310407672737571463270135035540770867629315929573040,698653503472285151768331283286710998450129610104748260493187659413997487840063925301785906780667091934197492321631,-386,7248842313704020744100698873073953066422111322326183349451996683678249099678716517034157158473422820644760708549983,-386,-0.0005007615722650372821384699476524502429702622768972364262900713971473295116116285320161436829627345168307056450129656148458651625095,0.0003943411079955692936187951432899325695297377231027635737099286028526704883883714679838563170372654831692943549870343975464289650083,-20204554827062518554171103773535390650853315791677785843849031030848829726612704346262122126820920053890813940648329,-394,31821477438944226953966480495961286958723662479028727685765813290706837444288184498278347934265142331132764172217583,-395,0.003932093287890556939407047386413240180759020145555758613915695261859920340773794572060583692751898184519649762695710108267900702066,0.04638719158859715212182587062860074018075902014555575861391569526185992034077379457206058369275189818451964976269571090137472486321,4957835651016475691495105453889457033451914504005591707756510232993340914032906217111475402609372219194886753137835,-389,14621987283257942829198753765455567409104226015796688558568693281174475048056923298385244247358271544669160089595179,-387
7,7/32,1/4,15/64,4,4/10,5/10,0.04032318821701128740864443171246943794610887636329354160528127251570766920214213832762343205029267532712928018359592542358887808927,0.04032318821701128740864443171246943794610887636329354160528127251570766920214213832762343205029267532712928018359950392157949315467,12710516095880476788814166131406975037246164771404912291921405231433377582381214223709302593530931870518487211230639,-387,12710516095880476788814166131406975037246164771404912291921405231433377582381214223709302593530931870518487211231767,-387,-0.0003808300123949239364615184015340495222363433193249188444243500414917010076205699105718693496457212302281089817821070116291314785494,-0.0001429742233852239892608028596944499128613433193249188444243500414917010076205699105718693496457212302281089817821070116291314785494,-30731195408707131938216396891882058320648408532174570512606526221341137680697166359104549323907084725949423387126729,-395,-11537349090814533793216926537633178461569697246239170760308474053994938991787638530744201723636911203243565780282313,-395,0.03994235820438898979673968125145662865824753304396862276085692247421596819452156841705156270064695409690117120181560697937887712994,0.04018021399385343709482686091225374779887253304396862276085692247421596819452156841705156270064695409690117120181560697937887712994,12590472363743542722930818596310222593952941708676212719945027203264464112085149577741285297482231741023055848420407,-387,12665448326066154347934102246857183586858848358436683187050459039776759503175385100576348205800163265915508460106807,-387,0.004476384326590097177067430473582297181829019936476366640745102544246330788637027826554421944461970874677209622438239967739606594069,0.04965503328410709522966447637201979718182901993647636664074510254424633078863702782655442194446197087467720962243824076084643075521,5644112735159876386754064241346396040955629990931909612563419547001560751935135284523091968136292677240975006838659,-389,15652063433140494983859246604171666974332833529168597881492628399809257461783376323317263086216399577137149163326433,-387,-0.0007767928120367836811239985422320624848944669993153831871861542566062597843254749411776243382469008116355136661436894155876613172975,0.0004703801103394103563730450673870781401055330006846168128138457433937402156745250588223756617530991883644863338563105844123386827025,-489715123091008681602492315054856502599267195287763461776928981438364030600370826392296189342374265749509438988857,-388,296542720356066651203131334329507865284171989328516113102208680349107996585996030507225850815080275725653212372423,-388,0.003699591504548871776441221314284805009434552937160983453558948287640071004311552885376797606215070063041695956294550552151945276772,0.05012541340445094730553973205647230500943455293716098345355894828764007100431155288537679760621507006304169595629455134525876943791,4664682476363616635603686297377168111595617425975275248584015403568094074106317813251833145066442103636264852810513,-389,31600669592944177812894321199602599276030578134856265596300238570245992228466786586385085245440430451052797177050505,-388
7,7/32,1/4,15/64,5,5/10,6/10,0.01462639351049665496795916236667230989343987165702638205873624712000770755484457179083059080573088265927895475938273632485970998704,0.01462639351049665496795916236667230989343987165702638205873624712000770755484457179083059080573088265927895475938655354800439755570,36883791854815564689619525218361451751686126215877315231652413453663604813641926355859611972044649277542642217022507,-390,36883791854815564689619525218361451751686126215877315231652413453663604813641926355859611972044649277542642217032133,-390,-0.0004576765970795013970137936265571971958762762734763224166193449033188440042734283988436993648192988927944387215481902103671531239783,-0.0001496156826304859975726706178291698521262762734763224166193449033188440042734283988436993648192988927944387215481902103671531239783,-18466177140808963536099968723969379306108079468238649912019403695382513108729483556082485176391772592705965618802215,-394,-6036641847382219910633752189476726327670978652940970385225361694941570275022433322794086724062289537632265187012135,-394,0.01416871691296240622005890462115759316631359538355005964211690221668886355057114339198689144091158376648451603783645450300360635207,0.01447677782832091632127295586780065957256359538355005964211690221668886355057114339198689144091158376648451603783645450300360635207,35729655782368255160618241417307955097403327778714117117567060160833403324652872195560214244485154213943456522574869,-390,36506501740500925253199951462324566803857733520466787077159968909598551091146485711229223955825765457995688486116373,-390,0.0002288314873190282385883333643294820550335625345003657062238632012580079835016848607610932602156702790757719622009631913440761589056,0.05009546544270828948431587242682948205503356253450036570622386320125800798350168486076109326021567027907577196220096398445090032005,288525429800784491213399325693611673218294435606238387643337378033271485299365948185653027691045442454210785022103,-389,7895447359139430100112668364234383544239727352045028154463251255464110014652942271472940371865988949242335370506771,-386,-0.001156564074928098747417412057819640065322948274778986627904564648671763783881738648014865499883321704662832673040400819995032704869,0.0005607907163253571671395680752370005596770517252210133720954353513282362161182613519851345001166782953371673269595992047895555501662,-11666161880792114069879956993619051157222611214179897397879659563119687346944880533828066989320187522374631224886961,-392,22626589982240995053133511092026261416212200983784729012523240212899238502582300089511455855186046480950933761615165,-394,-0.0009277326267173426850649929238368376977893857402786209216807014474137558003800537872537722396676514255870607108394383226194276869617,0.05065625619814191882769135473241316230221061425972137907831929855258624419961994621274622776033234857441293928916056167738057231304,-18277263353257031426689574970959671412959393645193688347026003558044523123243530538207479991865263901723755922081,-383,997979060302667064689036041173961535502645614441088207569771960323814708863251201335674677248560538099001592266079,-383
7,7/32,1/4,15/64,6,6/10,7/10,-0.01837381958743417469112514367584780326086028261602040505737686996997548269640445827659868782857474539062396890947105976336575786600,-0.01837381958743417469112514367584780326086028261602040505737686996997548269640445827659868782857474539062396890946701650477618437233,-11583445651768249676788280449901905195233122895629410228002980496867250296362094827444890335073950312768258897891277,-388,-1447930706471031209598535056237738149404140361953676278500372562108406287045261853430611291884243789096032362236091,-385,-0.0005510194334702329944562805341913508023799192747855843463817894935693132394938093061243057744889925078645661909845683916341176713859,-0.0001598711048528141110879076170160578336299192747855843463817894935693132394938093061243057744889925078645661909845683916341176713859,-694760676221692670118264950858493415611898121629319605550146180173422586920012885555721675758526380649695835016125,-389,-201575752449120419220175557183198191494377733651251089675063893285372370873424611372731419428180420304720444476349,-389,-0.01892483902113178136102465626951791382886520189080598940375865946354479593589826758272299360306373789848853510045360652570508879055,-0.01853369069205961512676981923338510132886520189080598940375865946354479593589826758272299360306373789848853510045360652570508879055,-11930825990022439675346792394806828208995452390243855342601071157187560892283783949978281473457589662662489670807729,-388,-11684233527849466222898988759017827985023931328655250461017494873276337179337124453375725744283664363351236264718513,-388,-0.01183916766305308883999147574256652517986822543278280208390403294704381553597545557677262790466721701448950214988725037824026189667,0.04386163824827555472041807015587097482013177456721719791609596705295618446402454442322737209533278298551049785011275041486656226447,-14927582643832670473089383882427876020777304149267290717503499983152345385421005356378075932212105018273559948921113,-389,6912946168170265991658791220424904034590590715320030809790488632363429222626349041729007329294086800901197956796125,-386,-0.001676518131259089614306341663639651184045694756274313493276238010030436580316958564796382321077625994470841638648499030758889572294,0.0006714750711610947744504103505205050659543052437256865067237619899695634196830414352036176789223740055291583613515009692411104277061,-33821787031674031009796269311462683694654891226313629355074416270984263173833674126237105497049588932423340192410837,-393,13546222036282306649177565280632176708550988781823635869151967680876628992659107982525647539105230293571705757258539,-393,-0.01351568585070084996421936815693859823891392018905711557718027095707425211629241414156901022574484300896034378853574955770668099917,0.04453311337582532100479003125712390176108607981094288442281972904292574788370758585843098977425515699103965621146425083884673108140,-34082888808821509013787735148659483012115860031210814432824731671908231709560438296021848151896558945927829988280269,-390,28075104146864114597268072226687095537686928843058869192181310937413738557023297870741470327858673223485855773695501,-388
7,7/32,1/4,15/64,7,7/10,8/10,-0.05992068623454103215723364983717426306330012328181198782589752967749485494900964843517021954449207689139502499742141385439901279032,-0.05992068623454103215723364983717426306330012328181198782589752967749485494900964843517021954449207689139502499741714376725772921050,-9443981001222380493522307139754589141839708458376800577691494045137956923095525709122664817129424126766563896625713,-386,-590248812576398780845144196234661821364981778648550036105718377821122307693470356820166551070589007922910243539065,-382,-0.0006641469009419597586069155120388275843800929378468990159259731271718701272935402165944197172286997128506110832677203184770643221500,-0.0001731448993605954473290491485134369593800929378468990159259731271718701272935402165944197172286997128506110832677203184770643221500,-26796769593580839722325503277938973214795396151924496312451088956115266694795915216187238634170736599536643023420689,-394,-6985990551019807045036531268080695872588021835540302024155362261386832992887742708458155996942809422796100474879249,-394,-0.06058483313639248661761349358712812971018021621965888684182350280466672507630318865176463926172077660424563608068699870796743498695,-0.06009383113299213290278977074777266096018021621965888684182350280466672507630318865176463926172077660424563608068699870796743498695,-19097311765181298624374041212819429123832766816790081906470047363212762972167509865382853037097059452355773527690555,-387,-18942540053337915902585203241089706108271249969744189141300666717475799874024621548644098376976211633009956617391419,-387,-0.03674516180218990328469378818925910253541212544339271029782903533650925450003124251160295265012093806667535891985325482881908682628,0.02611397131657366273245709071699089746458787455660728970217096466349074549996875748839704734987906193332464108014674596428773733486,-23165329488278468769199026251953237748994178858085333891982477739475563929412171636892199375817161211561594660683001,-388,32926171508099300969892096157471585204412499847610459503102946525590869283410503513137538067578454140680335857092111,-389,-0.002387144378780758927269343505971125413171901629015213892860576520984702182610295996352649441677784320021548702888160065778355244198,0.0008109540961872330059572418822124683368280983709847861071394234790152978173897040036473505583222156799784512971118399837908212658737,-1504932441670523408191788135872481123224602886203747985231730880404164292745240196032320944750371534087951080485939,-388,16360047781355949777859251275196796415870554680054653862500551701576461237166411339932043138893010493756939016698273,-393,-0.03913230625554922775734324720426343107358402707240792419068961185749395668264153850795560209179872238669690762274141489459744207048,0.02692492548733946128379444810823656892641597292759207580931038814250604331735846149204439790820127761330309237725858589850938209067,-6167565494241428451296820093961886806477891007654666038790992914125074857397332698184614721500728271101780578884683,-386,33948674588467491086601231338215041687789974087773039925408757080180540525597242141511167894630027974055297694375337,-389
7,7/32,1/4,15/64,8,8/10,9/10,-0.1115309253790470489685581123057873945408977939565212242223890414232993803590520720532883968735351549570576727974342346166040976732,-0.1115309253790470489685581123057873945408977939565212242223890414232993803590520720532883968735351549570576727974294188719677912288,-35156337702998576828983368256268961522435093827437460628345139607641140652332909876438179745218702669720927924484799,-387,-35156337702998576828983368256268961522435093827437460628345139607641140652332909876438179745218702669720927924483281,-387,-0.0008033120127041860561231751492553053201963906677731468132697135558762039922935933278332740298257781639499260225647823065458063046812,-0.0001870958482872032638053078702025709451963906677731468132697135558762039922935933278332740298257781639499260225647823065458063046812,-2025734713741341413663231266505162685593349931310544487064178242491895253185884618517184047030842945021656738368797,-390,-471804913506052122292555390517857644924952087287963044591925558509589669171026813446386793955273321570857679129885,-390,-0.1123342373926607297264542156929577389235941846242943710356587549791755843513456653811216709033609331210075988199966070680646903528,-0.1117180212264247575305904919380749264235941846242943710356587549791755843513456653811216709033609331210075988199966070680646903528,-35409554542502931832690031103533459470047023436450849312874197028419826163904510813263888352106310356987400727599467,-387,-35215313316900146017271178741132341116137951970748885385273095161987640756055922868607917493454359515778519423555947,-387,-0.08152799185568192861041374814806287882335594482281288178765367336709693278995336754852420640658611691558617487985265190943173000647,-0.009833498329089077925294119241812878823355944822812881787653673367096932789953367548524206406586116915586174879852651909431730006468,-1606183220138588993459336789293175281608714809870885673328652850213433030744196962562237991570863107689993012400723,-383,-193729781047501303061586013992280784011340056760960683310923788512268796712998744142660914919253562398384401830483,-383,-0.003374998787311125298656415278616713189058973115473102116706189371570800028072463438852843828997661826518169352263214052728153171725,0.001007785334533326575838137333687974310941026884526897883293810628429199971927536561147156171002338173481830647736785996841023338347,-34043321121396943887476130198898667083454702572338965718979714029784670495876429317224877628810414071007060585977903,-392,20330887165909819839784359265853037963765046003926472424960779570713446657255561377364724624559032795235904404115363,-393,-0.08490299070483869362962928360490224826241491793828598390435986273866773281802583098737705023558377874210434423211586447508458787605,-0.008825712932710111628896861729902248262414917938285983904359862738667732818025830987377050235583778742104344232115864475084587876054,-26762785326755816627748625546098365462165135410090565859906951218615204579692134263911206159629292864194927177437681,-387,-2782006365297941678073137761655561215929873067593217393404378883634398008599517313009129947854164409512521087259121,-387
7,7/32,1/4,15/64,9,9/10,10/10,-0.1750414764701351750385686956276899136573431282047004027962050480981242373052703732725067229658487378034573707890241286654593412224,-0.1750414764701351750385686956276899136573431282047004027962050480981242373052703732725067229658487378034573707890189639538204038763,-13793970681004609199162654681200170548982698789221795277142319467260666368871230592696362093909592462992735955397723,-385,-3448492670251152299790663670300042637245674697305448819285579866815166592217807648174090523477398115748183988849329,-383,-0.0009732878364022796364709087693583883707396579690582386919077152285257415580921672264880473531997995605485802457448929619866350442845,-0.0002025431097511060858353325211894430582396579690582386919077152285257415580921672264880473531997995605485802457448929619866350442845,-39269881201457150365466744243555222937939045756129994494074779727158717584020341543872526665877347640635542416078089,-394,-8172139382220891195724025170046782063873143099481627360694997484193486028175109919312746987007115065365296601576713,-394,-0.1760147643074469493768125326349633410905827861737586414881127633266499788633625404989947703190485373640059510347664390485652132983,-0.1752440195789767864226310999109643176530827861737586414881127633266499788633625404989947703190485373640059510347664390485652132983,-6935334833898938513859948325394351248380775602432064664275034028266036445191680831076001636403036118694021838441877,-384,-6904965945331918772764806716561290008611505402469038837334834049552591060019584382189877326308201327410043061308821,-384,-0.1563140416985823825358548296256538746473720498313265548172007090906875192980338086341489743250915874200491076861024960479316243719,-0.07279494847194096598617221243815387464737204983132655481720070909068751929803380863414897432509158742004910768610249604793162437189,-6159086839591008041131603994695790356541052649981507221732525035549380823792293778120172039918785011312450373070687,-384,-2868267010757634767864487350895470866799577448498127596026029023313044114660763512220788554322599401764541881298783,-384,-0.004752618764925470445171742701650661262167901050696195866194110694973384957580658581286203233112449832999458764254095363065257925219,0.001293331164177319165452570652841526237832098949303804133805889305026615042419341418713796766887550167000541235745904686503918584852,-23969627395160840097986850336077695254469479277008629295229017093989173023565523385301121344394546684635057705645099,-391,26091439382991265412450478467901801109012325828151639344225726463401912575015315836331700021390195695429339825057621,-393,-0.1610666605544573231583193961188084421595399508820227506833948197856609042556144672154351775582040372530485664503565892299531158540,-0.07150161721681417664342681799380844215953995088202275068339481978566090425561446721543517755820403725304856645035658922995311585397,-25385398228797174767526451999353219998504425207311079734707763949744615198323865693824378252125085586082932586550557,-386,-11269228658516553460485233092983770050396107618481544519425595581896918770482478918358782760435670746249340266845469,-386
6,3/16,7/32,13/64,0,0/10,1/10,0.08634886088132744157632867489926324400996434631683654354476578626770575548272711762584147369196888853035608951085237967697890612121,0.08634886088132744157632867489926324400996434631683654354476578626770575548272711762584147369196888853035608951085562189767607686309,27218546811981349634535911398142870205988895974218774273772886620421313135417065281701779792858635464315375072102529,-387,27218546811981349634535911398142870205988895974218774273772886620421313135417065281701779792858635464315375072103551,-387,-0.0002010788388055868495905112266357768277647330567471563668027084364227274844522455538612865045621759863530273109250139246967822155703,-0.0001664047603562164227661948442276347379209830567471563668027084364227274844522455538612865045621759863530273109250139246967822155703,-32452237936973986647734089300588702623539111774755180008782195741300542706319275440317397183903453323267614361415773,-396,-26856167008932568579012064896405335520973825377992123803106987312691166287682235187185394271926181934514497472065629,-396,0.08614778204246501130787735565775777724079336326008938717796307783128302799827487207198018718740671254400306219992898426644508956160,0.08618245612102806857242328806990529921344961326008938717796307783128302799827487207198018718740671254400306219992898426644508956160,27155163534742779358927133321293198357932748592308732398840356698084885600136075111887968588920777012097195155877191,-387,27166093360809946169467450892576538073294041525752356570947820482105413114069146251071249607234326660170699301154119,-387,-0.001117542303970505210383582153856349608817953731502945353198391021007521738400520425892312646773845615058828557068499511356711643098,0.03704443553056339481212313171333115039118204626849705464680160897899247826159947957410768735322615438494117144293150128175011251804,-1409069081144921885073375233471090462718222188519746345287507044498494920382629075828452634102238309526366556906483,-389,23354001253075115032087811593365461754347192192143125882375625095266797543981607478885538560372921963809588585500167,-388,-4.660499173686052699533136363386671258735277447486667487982789071527558958890906174999181177517008502423718597711871900721236877736e-5,0.0001852632625949967882693108749830766467876472255251333251201721092847244104110909382500081882248299149757628140228812809927876312226,-1880402097355460594366975556177115324567622367958791667089614974379940366715190897414083836667793685730049061301033,-394,7474938082029896699781331456266052152317169478635294578789113704300812575608094749566168849517256443937455811318999,-394,-0.001164147345843261172611582632556744641717806505977812028078218911722797327989429487642304458549015700083065743045618800409453877695,0.03722969884329428703562511170338075535828219349402218797192178108827720267201057051235769554145098429991693425695438199269737028345,-1467831709901835631873689258374876243374731693223781098834805985465160442444540563561505276427993232303269825733965,-389,11735398596107054984817533958378122141304516809049731808572289616702571966638257422720970604930786140397515475191469,-387
6,3/16,7/32,13/64,1,1/10,2/10,0.08192447059588962021372270835585416379327042868400979210373254237601219769382116611800640090129112754209694896708927770680949771165,0.08192447059588962021372270835585416379327042868400979210373254237601219769382116611800640090129112754209694896709248820323370200792,12911953992222320513680931676653779697593526357521553568787984859751198588975894258199962475029564968073234344338715,-386,12911953992222320513680931676653779697593526357521553568787984859751198588975894258199962475029564968073234344339221,-386,-0.0002302445173115243745322978575545357114256948695036651493162018161934109793827283898749985001106082027155732633109185794816551029466,-0.0001517737625960704247753775198775337583006948695036651493162018161934109793827283898749985001106082027155732633109185794816551029466,-37159304797366433150350306232048685140982515709032918292215701061897849719198810727262795334365073574457378821965295,-396,-24494861247530891331851472272709939467472912524518301800340152686512051457268105022341705781680299224281320650507759,-396,0.08169422607846440900146879446856024819903223381450612695441634055981878671443843772813140240118051933938137570377996427020544467294,0.08177269683340723662666894686571600991778223381450612695441634055981878671443843772813140240118051933938137570377996427020544467294,25751331217226448796740240544079170230531976130598955891080731535807478114603557669259357227795604111929010906813869,-387,25776066458606393171104185813893841871153739791218603657327934751344953153064732418717046381080379641616389948134829,-387,0.0005928979166805289113627560386683178143915682189968886322993904612162831233466256199649020346174358995439464578355602124337683408674,0.03857333985204096058250533416366831781439156821899688863229939046121628312334662561996490203461743589954394645783556021243376834087,186890939095004622569651737871908373929230112246994814745396572546639111391744084786784334428807102595014352801017,-387,12158935806925984262699774154059251686192465616125986854716596171052718591479818284022899770958800502548791014296825,-387,-0.0001567588814083097551564103327415389178144529938134211619097050303233012975239662561759732854127868547485904780782900283821631395566,0.0002569401727982080026914948262550431134355470061865788380902949696766987024760337438240267145872131452514095219217099778139839242023,-25299412650353001671130383877050889934674587356538017019389098530316717552469572458048570615347944230991399181219685,-396,10366933279434403775196509552707088780065742498482966001677469134894400077760561608013343548260111036828951387341351,-394,0.0004361389954818259536407352971438199122021152251834674703896854308929818258226593637889287492046490447953559797572700167556344798202,0.03883028006462956178776243939870631991220211522518346747038968543089298182582265936378892874920464904479535597975727080986245864096,549912044878853439940086510961466333369123405340166862961459376158701228099369889883027703251166746791437711718389,-389,24479854971428272196778400928122905176940034373753199622237477588218040114969114300388810623124993164690034090712059,-388
6,3/16,7/32,13/64,2,2/10,3/10,0.07290105355061162202910831876552767560897205907672734923550353192063983503857926795274459475542640796885607949145196773366249091401,0.07290105355061162202910831876552767560897205907672734923550353192063983503857926795274459475542640796885607949145511478154076231905,22979582109799079047675947683311093247762840602342263910428045091120022017948407686280840659005912625543664615059845,-387,22979582109799079047675947683311093247762840602342263910428045091120022017948407686280840659005912625543664615060837,-387,-0.0002673938357191725409981726567484484792990575824252718549076557925247672516550252707572818686071055904577019259605870656695516771131,-0.0001438149921058136280086754719950305105490575824252718549076557925247672516550252707572818686071055904577019259605870656695516771131,-5394357028804876229675946642351108076422246556377935875375777271658130018166409262607294421401660922578401714606001,-393,-2901298795564898141808070563684607667611683887750873486107532594816956238158897798548356251686795877470470579523505,-393,0.07263365971466507581266691404930046736404800149430207738059587612811506778692424268198731288681930237839837756549295344839442728835,0.07275723855873318207654287535301140486404800149430207738059587612811506778692424268198731288681930237839837756549295344839442728835,11447647640576165512418785641143259515545276391499483003231894893066782042591858100837418266709661796921842830282395,-386,11467124658095024672979943157745679702967299129248024584059561839721403363979008124028143871412747259871439969980059,-386,0.003348562698258239604429803905137916724390860241376022725291563070615357006189541270774212523707232879125971751606231086570581410513,0.04138644820256732759614428144420041672439086024137602272529156307061535700618954127077421252370723287912597175160623108657058141051,2111041410972585178836345758714096009575728403692132546471105538975205294113334616365426354521000969484346097746491,-388,26091345416389071976582637081479333937230595067139004131972325304158440906121388155125568962294002954458574963950139,-388,-0.0002986249620606481705467270408546652843271879161539377317002290547181145292959639830138082144663513542924918776511278963251214403168,0.0003173884487024683828790618385398659656728120838460622682997709452818854707040360169861917855336486457075081223488721160671726872010,-6024408374022003447530878104126242457338315960702827568656998337474273604451493593616516856433335948420398667975925,-393,25611758842754438201191446805418721256300690262454166767334818275777819415732950398415027097131449266526259309235245,-395,0.003049937701636792766511803823511767065063672325222084993591334015897242476893577287760404309240881524833479873955102644984518359412,0.04170383668583059464639461632351176706506367232522208499359133401589724247689357728776040430924088152483347987395510264498451835941,1922778627496160719195326457657352427414080092352801787851903665422040269798458118724304526092282966550014617103315,-388,26291437304136327876935124619949466202415270147381794706940799247445049094482569152953792038155518656399505387072467,-388
6,3/16,7/32,13/64,3,3/10,4/10,0.05892869937878189434918847875112306943074375999912927638717724756638356802981176840367615163829038439942650477366126597285218705787,0.05892869937878189434918847875112306943074375999912927638717724756638356802981176840367615163829038439942650477366459702151366384748,37150543649091707183854593099236621760471992328931003053596836314551284705479241532230867634491068869540938622662201,-388,37150543649091707183854593099236621760471992328931003053596836314551284705479241532230867634491068869540938622664301,-388,-0.0003146501069838426886396610487791852494593711814265133699828472087033895097420924327191042550703078606019598400527590765681455552636,-0.0001405128478470009397985541571471051713343711814265133699828472087033895097420924327191042550703078606019598400527590765681455552636,-25390787512470641492000205646329488463573876889758234994915186541531930401176629135669840110796248391220923217364159,-395,-11338727631955078527988169601395671528887561996385402994882381257093138036010585549639385769158061847797449498969279,-395,0.05861404927157067798510558564286512441565938881770276301719440035768017852006967597095704738322007653882454493361017161511566160875,0.05878818653116226708483315665345472402503438881770276301719440035768017852006967597095704738322007653882454493361017161511566160875,36952178121507186633698962023148996325893940981929981530876043849461967196758366437352916708121097019415142304617929,-388,37061959839610401796354064993701394382608938684634027404522335281213843867034591512379840233673897670924403903862217,-388,0.005107395280286785675208731958330006012040691899413727051032975098638385761845025431508931797080036768970906913773237334357448526943,0.04554353455234703095070616848176750601204069189941372705103297509863838576184502543150893179708003676897090691377323812746427268808,6439731855401467107150838996898418700522333736787273963408730837264173980440009686986280119589323213004433573814715,-389,14356053045098270219972330584451027329193222050418693643762498845967856731888546465349610697299173571401887145724015,-387,-0.0004981369694911361009771476797330086094003709243656883598050211071888093278888867893227769765551109399832339616995585834491065338719,0.0003839945064277319899802555032503898280996290756343116401949788928111906721111132106772230234448890600167660383004414289431875936459,-10049329130773971096121746499173012179145344024177318393031373099074678816986321274298262154217287989182518803188855,-393,30986555231532923997889592878321158394128239504559245522812486807259448823502861391278454806101155876091991018622501,-395,0.004609258263047177731152851788057446621390320975048038691227953991449576433956138642186154820524925828987672952073678304785753402430,0.04592752910652323478376515647555744662139032097504803869122795399144957643395613864218615482052492582898767295207367909789257756357,5811648724523755243903852660916056937645967539366360598176890520460299520471639110019912523112755694539726876556531,-389,14477094291522530371773931101577981479590231034960835938002829997086640712332035891989973714345002966328071303655229,-387
6,3/16,7/32,13/64,4,4/10,5/10,0.03948054932646500390287748257579269172829828520878193481207323761496157515216548366913984389776752077381220335396210898776078416261,0.03948054932646500390287748257579269172829828520878193481207323761496157515216548366913984389776752077381220335396558596807790660204,24889805587174911464911847241651702275199051412437374591255802396173289942916214538042883918193017029559659678746871,-388,24889805587174911464911847241651702275199051412437374591255802396173289942916214538042883918193017029559659678749063,-388,-0.0003728270961091837469614988763705106635220570186531565812444625663975952216645337300976370890995025212823140076403584615354859223513,-0.0001413136424816983142994290788546415228970570186531565812444625663975952216645337300976370890995025212823140076403584615354859223513,-15042698804303685662176161465238566900172049587027816082547041349660697014739854146400382096708016567878732099820539,-394,-5701674001099725917183305945794024365387366476057921280323968053990522216670707516816356206726284971911508954913787,-394,0.03910772223012844648047275163994342129915122819012877823082877504856397993050094993904220680866801825252988934632348889246091818480,0.03933923568421067926402128555641680997102622819012877823082877504856397993050094993904220680866801825252988934632348889246091818480,24654763418214322712940965249281673361427482703840279653142987304851242249599221637249847647427578111117171634278607,-388,24800716931051071910955237555724346950446254245048754883073757965563287335742417412848158652967294986442925206737103,-388,0.004841131618956067852669289208984649879298405886753301807883600366063773642257135876842449877070716136910731863887349400259213850588,0.04886711359234709411113791713867214987929840588675330180788360036606377364225713587684244987707071613691073186388734940025921385059,95375149023834111185128346156115271559336275975372389824633456763989686570601777640304778970986484540997104465445,-383,962731156282786540412955389447242025617341636929637136109598105876726612554683607388333260776841791825622051223077,-383,-0.0007698389506386558846525020025487047333784225055712566778527958845405070246026795447101683761564298410978860243675800099320863841484,0.0004578436276078025489159756280665296416215774944287433221472041154594929753973204552898316238435701589021139756324200024602077433694,-31061195881769106213907870739787795131457331388508241423919666909743726048343671521494756125188448418679679869435697,-394,36945832861659878367022221120938300638994395215506413747175432311208991605075660174579153120479602614012836445847967,-395,0.004071292612838235159868164693618562333419983381182045130030804481523266617654456332132281500914286295812845839519769018558303640906,0.04932495727543407346820251527955606233341998338118204513003080448152326661765445633213228150091428629581284583951976901855830364091,2566673548134195379483206044621485737612914181118859117323238683984694450103313156617004039547715063840620624976291,-388,31096036355256740986805524116884093946853901941517148297723234589984801649315102891889957301680467168771297643829667,-388
6,3/16,7/32,13/64,5,5/10,6/10,0.01384928166520702214833229863206639427733706495187108254775141559063853541230508816437788717960846958178804723812268227154654167002,0.01384928166520702214833229863206639427733706495187108254775141559063853541230508816437788717960846958178804723812641780468834064122,17462063423619185217063036179978225468674384396278435558611213688407876871456902231702572250786381317505490468494861,-389,17462063423619185217063036179978225468674384396278435558611213688407876871456902231702572250786381317505490468499571,-389,-0.0004435905746988412367994452776363431623456741766529148904576508115639534016489289218844735260502773729219451364701773384509708244748,-0.0001451224451131695325369502367427884748456741766529148904576508115639534016489289218844735260502773729219451364701773384509708244748,-35795678357393265678077238529193189276910066634044911245207199994748051451825529161056196626237145972151442014736101,-395,-11710700506286128394345652585918602769779495801548952550226017887190632457192671854870258607391774991561288519257829,-395,0.01340569109005343356064638923547253158374139077521816765729376477907458201065615924249341365355819220886610210165437236507452888816,0.01370415922054859996668181251428112533374139077521816765729376477907458201065615924249341365355819220886610210165437236507452888816,4225688987177885196711390362514219165599285717480585643278195226888885339418849404884736994120980318353273191344577,-387,4319770932195459778724725809056488131055525377394593605576500609963730112289999363248086415515847367884969189255617,-387,0.0002411427924437912254928766943556203527159580023969093016459565505767692371505779238498493464483970464556562229340626023416087099629,0.04888633752875314076238862864748062035271595800239690930164595655057676923715057792384984934644839704645565622293406260234160870996,9501509802086129667410755490741521857071514121976131626166685659408308194077222345952491163704996286929192871615,-384,1926219774226963224393646724558124430616824359058042807592949101816453550080669408432366518073314369833292750382783,-384,-0.001139182310876172110171592972989561702736423279266810223143668253931569861469631304217770774105783339871178160974813738526752506782,0.0005453634267131881045982472674889539222635767207331897768563317460684301385303686957822292258942166601288218390251862862578357482536,-5745416764411637173040659186512685887347004113482965907181953921215870240165473993114283713302259591372554231886383,-391,22004135033487323286803713416247535986826915741615035082782761326269295807934799379056811981189403439969383739190921,-394,-0.0008980395648166106750980564123009335375204652768699009214977117033548006243190533803679214276573862934155219380407513344618498371042,0.04943170100185055865740621604863656646247953472313009907850228829664519937568094661963207857234261370658447806195924866553815016290,-283076483980091962912461041750093900653419891694978122137330798627854275549357680866113454218119530242402348305707,-387,15581665513385879185264033694048412527382484399273811728275625301220236125236479222671904139635925449118154065310421,-387
6,3/16,7/32,13/64,6,6/10,7/10,-0.01885946069313068795824607652462299327699228819348413935744571027480128584127898890488602648151503795555667782203185044291867830663,-0.01885946069313068795824607652462299327699228819348413935744571027480128584127898890488602648151503795555667782202785635695220280366,-23779218786924591576537222717284411655247088535804825032322791205511966020857093847601079871478615083668905338261913,-389,-23779218786924591576537222717284411655247088535804825032322791205511966020857093847601079871478615083668905338256877,-389,-0.0005283301343540453404335091344563280244278230374667263102407792371360232205769305334541492877038437183528045430307566883514168502928,-0.0001514947967068375606236765615193163056778230374667263102407792371360232205769305334541492877038437183528045430307566883514168502928,-21316881641021462749848903137665390673715846927089030568052970052528287585440746881131498463094539271777916325726427,-394,-6112459692609879559504810086866144026969559027055445908507865781584021813995799098796455108137228236210961176856795,-394,-0.01938779082793948064956604977803684083267011123095086566768648951193730906185591943834017576921888167390948236506060941910297451948,-0.01901095548938277816798328896718479005142011123095086566768648951193730906185591943834017576921888167390948236506060941910297451948,-24445371338779886941467518818239160337626230487475498484866516800587872217748847906658560400467824074189496645077001,-389,-23970233151745275658774230154596273432264365520201166469671591730252069492697731850416347891590398827772966453397513,-389,-0.01214795723361355428180071041409166484096453295551508846965534710269119126864770210069045836634743137152475546502262129989046151812,0.04226241684947701926746991946872083515903546704448491153034465289730880873135229789930954163365256862847524453497737909666295056245,-30633848716312089720410192882038613623759695351240954551747058209115416373396648715560358937338973067938406367538441,-390,13321792084621599659554010194823111560768406287458830980319315673212746406090969456881345791975850015664177832585823,-387,-0.001639745136918671732224109466607013102143334697282885371804128561618818497555931068035243218253723668728374041798135611764112755449,0.0006543436023719289103378030700140806478566653027171146281958714383811815024440689319647567817462763312716259582018644130204754995862,-2067495937452070953956303310209984542335827414291199484177286023567038499705986167674689008983889882020048681050181,-389,26401229491435344046515356640795544328050814935404477196093924300221890790666455599458309424880107099282607655614305,-394,-0.01378770241600696110267123177645063106810786765279797384145947566431000976620363316872570158460115504025312950682075691165457427357,0.04291676049732368326645413443448686893189213234720202615854052433568999023379636683127429841539884495974687049317924427800566196814,-34768840705891162427826375082999627473535697219651602978515686443128935342154764855333977358807680487484788057370003,-390,6764025852178902317427679183073478673234673329560104820357778240084080087030659558402571942397670904657804372930855,-386
6,3/16,7/32,13/64,7,7/10,8/10,-0.05973835977699685199273088046992073440675434773879521970106325717775358285905028979310248180296134770137965316746286089419696312240,-0.05973835977699685199273088046992073440675434773879521970106325717775358285905028979310248180296134770137965316745865425560161243382,-37660979553530762905563979376504219337858872026235493342293876353431499681879543705078045437666763749585451795028829,-388,-37660979553530762905563979376504219337858872026235493342293876353431499681879543705078045437666763749585451795026177,-388,-0.0006296700028498203565576622944269680282666401462169037699073157661340031197966424488816445454570262198645902496113236845156823453907,-0.0001593272866513184809336016636286281845166401462169037699073157661340031197966424488816445454570262198645902496113236721233882178729,-3175713453308460937381360259268613073414840222043732456639939252571770983294339988692891682876659485745493766880241,-391,-12856964579102658928328395878468882329263274212772887759301950197818970946565030977441512088409301168230375499742991,-395,-0.06036802978030141970017500688330522196627098788501212347097057294388758597884693224198412634841837392124424341707208106113826408322,-0.05989768706319342312277801801459184306002098788501212347097057294388758597884693224198412634841837392124424341707208106113826408322,-38057943735481007849735408347864148583948487921590530523019903900470169659714701563175717499035098504442404226706861,-388,-37761424589018315101442786030353404869143480488423210904267387698884761787476217650078246649848709095823485892799917,-388,-0.03713017574464998963194729884549737777131732893178267271258619179663783823663725080148800480972456810603894295032027220165508065781,0.02437582955043666240853426853731512222868267106821732728741380820336216176336274919851199519027543189396105704967972859145174350333,-23408054636222638204941681243835314872242632719656491117038028236472392094506774195375483141366103321440778689333719,-388,30734610783633952792522621918313101777360172763891031194702176428475624906263197554206062938849556472284925446548563,-389,-0.002315391021129581753037124691235388706070246432493682534177697545638663523541881519868362033481715680224086586493102302302240592139,0.0007942033384277954214595260045653925439297535675063174658223024543613364764581184801316379665182843197759134135068976976977594078610,-23355149148575723719216765082705064695324182781358440346441133331207636566064469353942186339127479653070889041997047,-392,8011060444653869261389070241523857267683602586662009102158876110940870633964175948311037431495611794564694839448329,-392,-0.03944556684399611573745625199742612585238757536427635524676388934227650176017913232135636684320628378626302953681337380998885010895,0.02517003296708100218246562300257387414761242463572364475323611065772349823982086767864363315679371621373697046318662619001114989105,-12433875753659420590589633280568515332347631685308770452904321615015514713352322682949646580533484845812705757691475,-387,7933998359459031734442332674442220608452590385369019216677031065764888457286600804887447341199326432585229205832109,-387
6,3/16,7/32,13/64,8,8/10,9/10,-0.1100965856396516572227148360288821709964649896081637648894393879421033153620006389133942216902173800274883919102671772260331585525,-0.1100965856396516572227148360288821709964649896081637648894393879421033153620006389133942216902173800274883919102624439645065648667,-34704210796603440284390558281033666764484939900787313034379307996419788562675207221885959775331069782553657197341857,-387,-34704210796603440284390558281033666764484939900787313034379307996419788562675207221885959775331069782553657197340365,-387,-0.0007518826370791627657777638526153192493132808518340426111964627513565888562360197691361780956765585235203757061387683426480395032021,-0.0001666754544125266936785550208282098743132808518340426111964627513565888562360197691361780956765585235203757061387683426480395032021,-7584175187239575733777721240469556922937591596243148937485835864835315113425243804614620926690400249957119699313019,-392,-1681240905612606035532985229194769938246026272202964785547290827927866926616202993016063722721688612993518081794427,-392,-0.1108484682776403146902655281194125293082782704599978075006358506934599042182366586825303997858939385510087676164035762611823696690,-0.1102632610931546892146204628117953418082782704599978075006358506934599042182366586825303997858939385510087676164035762611823696690,-17470608135745682176534935504374846515119750252884741031160887753831545382446555725145613640149448554751791449381985,-386,-17378374787308573448001102565247325356571183677097042530140812847162667899604299102953325582828685116285469463288929,-386,-0.08134992220042182092706266458531193199224327484524890346241344369170952205901273953404327657174412613241302778999766392323714488832,-0.01099460080334825401345792825718693199224327484524890346241344369170952205901273953404327657174412613241302778999766392323714488832,-12821400554468917580841236681980496804700589157950097716996606657840112295712535441148240404825202373715139956235405,-386,-1732837315921646494593113909156052201656360305014404950831446989771537367460702911628723467563250594844976257883277,-386,-0.003235645207398257147771861289664638728376048348474874991093110089477254701352103948610485740343045090324369749979981477039717829714,0.0009883155718015852158241012347494237716239516515251250089068899105227452986478960513895142596569549096756302500200185725294586803573,-16318836801438749177438346488620373896877733027017488265626790891871620460411386898351085244076660355132582178254991,-391,19938107537469037314442563855434851646114239679384391737024775883161029172635336042618541275996475702913794671132101,-393,-0.08458556747694167540957707195651953947061932319372377845350655378118677676036484348265376231208717122273739753997764559855356875832,-0.01000628516242507146289128094089453947061932319372377845350655378118677676036484348265376231208717122273739753997764401233992043604,-26662728430815993837178049379802565483325862567656155847693558421929294844376549886284029314070372274172260320880675,-387,-6308283359564204858484766795536272681944719354942122767346422361723179359846422749501853102047760004571460903522373,-388
6,3/16,7/32,13/64,9,9/10,10/10,-0.1714875876206440037805000294009865408073278136774830612279064920025573178619135032643641792060837618955852199310280975908870946564,-0.1714875876206440037805000294009865408073278136774830612279064920025573178619135032643641792060837618955852199310230343969216499362,-27027819960133424891798936390411047087313889370727029513865871042614575564528102838182394653718768434503715732435957,-386,-27027819960133424891798936390411047087313889370727029513865871042614575564528102838182394653718768434503715732435159,-386,-0.0008987037648449889116117590703048371409760868637021529512664256994701394189119025287451752649123172695886861142935666671383407828634,-0.0001732344156818119540938967503585480784760868637021529512664256994701394189119025287451752649123172695886861142935666671383407828634,-9065147215653196807195158054695302518579793237527923118616906907855127574536149076933145287280777785748418735513577,-392,-1747400581151624078221406283390743143226331195762024637822683976898251237005549766343245215038174670801821972439017,-392,-0.1723862913863984873938847167092064170108039005411852141791729177020274572808254057931093544709960791651739060453191285963702392534,-0.1716608220354163210328209979134300498233039005411852141791729177020274572808254057931093544709960791651739060453191285963702392534,-27169462885521349755410740204491337495123079073863188624417277783283411235341912847265005349336906746975417630587621,-386,-27055123094070575354521766394113351142970420361861025837008832909520011437644631873525977559699363754165611345345253,-386,-0.1540939920664638376338780072718311964063113867859161081551690331153298413677168173577691355493749445601554881387025616577764922097,-0.07193450732984245778158308539683119640631138678591610815516903311532984136771681735776913554937494456015548813870255848534919556509,-6071612430229969850867310531306889298320629545464322041563084200296355291221317267934364765637062187626828147270561,-384,-22674911228360292840007697875629302751401909329241410022748911355689432243115861735835685872979946963299129289678087,-387,-0.004498447570087442652527564299334359047074912650214881858119130220734323481938829248784428060723198759102745864791347486237313731301,0.001272086801462286605294472443829703452925087349785118141880869779265676518061170751215571939276801240897254135208652612901039288841,-22687725955934861274958389759010953395278417349849348858406595016486542471597417761610515017137080263011884269843775,-391,12831429640593574523272196129939292611869257138548657982688157946806852965715965932154492805765251604519969687573891,-392,-0.1585924397056728776211481176527085242033862994361309900132881633360641648496556466065535636100981433192582340034939029974359186921,-0.07066242045925857384154606687145852420338629943613099001328816333606416484965564660655356361009814331925823400349390299743591869212,-24995441167936962244264531485348048739569881692823764016626878233204172604210572038208090495166370635999530983649325,-386,-11136964515151753392124881193132950675955584553047198531845617872172312056880735238807626148067303298055843107336237,-386
5,5/32,3/16,11/64,0,0/10,1/10,0.08577891831816046839679138412879917639341042678135558331443854885095521103895478041355521692545219594252648126691186146926829670880,0.08577891831816046839679138412879917639341042678135558331443854885095521103895478041355521692545219594252648126691496410316441508998,27038891768737397401767458950262309956841242052491102631319183543045691761349236119437659794310700780484676544974491,-387,27038891768737397401767458950262309956841242052491102631319183543045691761349236119437659794310700780484676544975469,-387,-0.0002027568989644290580797853740214537193969471015150875369543577017675302292608861593027522600094488492772758640851811950478773802682,-0.0001689697123976596798200073512553404381469471015150875369543577017675302292608861593027522600094488492772758640851811950478773802682,-32723061102011036106136682765502692256378070771048630671795789927155374918467048202318956163378785788070604621493299,-396,-27270126202452294693736245516438412099077645491486992653527486589614873802683720206984685216051247088828496568923187,-396,0.08557616141913919591985079073990803273260722967984049577748419114918768080969389425425246466544274709324920540282822873474468212627,0.08560994860581965213583218479241352589666972967984049577748419114918768080969389425425246466544274709324920540282822873474468212627,26974979540004614138935238308051477972783456078791425110560455194565016506903894830948064295491054569546178288397417,-387,26985629803516150721631177779422475721454778580365515262770639867079550123761079813377834118561147708460481244540009,-387,0.0001912605080785322887495389913438665245705600395297111809980171880897171620451642857909510960578332926430302925180360422381436632547,0.03684228032995332963295730266321886652457056003952971118099801718808971716204516428579095109605783329264303029251803683534496782440,241153527181948338894793754617115068205674837557429200386683655998256237027992527223773700862069524709403534672537,-389,23226556125601976516987801734444345540025130743913000364410658380143573976770112999684374385890845764299444677304653,-388,-4.664129355913823368188483866731410515477421782117985467143501657130496634519948230902488324711964111046764747545828083070986674760e-5,0.0001795212075623691418192114099593948792202257821788201453285649834286950336548005176909751167528803588895323525245417191692901332524,-7527467162931276172070939128526611112350203733939564463815402588943127758161395148987986783991180827580246092556077,-396,28973038521371395551012274678612123108101682761859068091054714649771876656642025508706515139391221027417500184598739,-396,0.0001446191616550145145162003238649069116032858217085313263265821715184121956999648034819262128107136515325626450425772471272275045176,0.03702180159038007831532796790198990691160328582170853132632658217151841219569996480348192621281071365153256264504257724712722750452,91172561658372108294518118243009324586768576992928177654977832324231203367455270650357659788612112365452548290341,-388,23339732090653485294464670085502415280774603800651597347992925938556083192301343954988554077921549821319308170147621,-388
5,5/32,3/16,11/64,1,1/10,2/10,0.08130482382527052625990982892775187606208875640766899667172079689270531539721649840849812169680641750908627957417530480068568567897,0.08130482382527052625990982892775187606208875640766899667172079689270531539721649840849812169680641750908627957417837571030883761453,12814292688640283039704906539523105435004089732400290115571384114155037136487537293626948211740515433122041311835199,-386,12814292688640283039704906539523105435004089732400290115571384114155037136487537293626948211740515433122041311835683,-386,-0.0002307431143268786366140088237174670638467349207478224087614268022130410475443687672927547283470319463123078203195319760879002886091,-0.0001543049777243595565711697734244983138467349207478224087614268022130410475443687672927547283470319463123078203195319760879002886091,-18619886838749249067384192428512581828913478216923517227279687857718499301472370241420025915421931535426289916822723,-395,-12451687809904081580467167467433424000234764558685043528153331578598020386587128895179461349371040928107170450490563,-395,0.08107408071082996078557420407429502911542952148692117426295937009049227434967212964120536696845938556277397175385730752347941957955,0.08115051884765985354106027518406675763105452148692117426295937009049227434967212964120536696845938556277397175385730752347941957955,25555851444280865909365498710003414520749891082065776414017952555057461559463277471059466872122819906291477964830877,-387,25579945971808964176610958073495468133996357524193163107816673669389575581455389284945984227711144277511009702951069,-387,0.001836546180914551220129965320318704748847477002579904235754038289617059795897520439752789254859855740060913003370110529750805861630,0.03829612601190379282016658641406870474884747700257990423575403828961705979589752043975278925485985574006091300337011052975080586163,1157817664005756214606104081781664069041528838752282466955225698009619910533680072534650077693642736470070710399699,-388,24143107110702992641257901076612626987462974263970001700871801637992411335764393881822356861160115563818507786154707,-388,-0.0001550922935904900644818628346395845308741553068677739945976769267052363923820788438733637894529361073473542001597103800092318981927,0.0002488079438251652187755023921060209378758446931322260054023230732947636076179211561266362105470638926526457998402896261869151655663,-25030441013516375216934605129960082033594491277728588181784973813006458436413236740428426362828507989796125829275311,-396,20077633831549602718934957305053444121277026095822006320182888084913507940599303374869780733192920240143386211496105,-395,0.001681453836164984180920889102958172952348321695712130241156361362911823403515441595879425465406919632713558803210399647853661798966,0.03854493400688803501366930218889567295234832169571213024115636136291182340351544159587942546540691963271355880321039964785366179897,265010617886095896638643162116397164603050688061740002297793710373180094596959480380758480932301993505946781676173,-386,6074990914316074549964990265646381464961512158823826571356795938428910292607232221108211159155705289076442614526605,-386
5,5/32,3/16,11/64,2,2/10,3/10,0.07219670185713940301668810927980547024836518624461636970463148560617495874946467133802516620859862271487165622808395783802512033648,0.07219670185713940301668810927980547024836518624461636970463148560617495874946467133802516620859862271487165622808700971308449240467,5689389787868503125154070072869697184797748993597870545149107838565063849674297720283563678553514578459533082840311,-385,11378779575737006250308140145739394369595497987195741090298215677130127699348595440567127357107029156919066165681103,-386,-0.0002661754057241632172436494019774630537757006205512958447396143730340915484244233941450415045443779715327182952951117180162218131648,-0.0001455138001317317748972255376128390303382006205512958447396143730340915484244233941450415045443779715327182952951117180162218131648,-21479106530654809327877508271174432900542992504107373483553008605962972118210123379719286573390885182163441036916773,-395,-11742281020316473712562694406857461087783386926406563432938431017328491953846176397303792586004689397028998730840101,-395,0.07193052645130155296172284384808862731177698562406507385989187123314086720104024794388012470405424474333893793279036934362617063101,0.07205118805712135807951249977193201110083948562406507385989187123314086720104024794388012470405424474333893793279036934362617063101,5668414097888201558951103476856398633546038700368091606242637005458703178311252979185835918977664032175740168989713,-385,5677922716568559297762856783455230214576484306915038217535567500164303950654474981130292337387767883943333379730449,-385,0.004249092798172965543130043325171931791462666319620213589504385541295498547033746739139804160011514093598185059019029487467091429307,0.04115444441694347550139725523923443179146266631962021358950438554129549854703374673913980416001151409359818505901902948746709142931,2678764492202661513440452577588026931588402231009272229512970831506112519164004676273974335147375409565469219659415,-388,25945082782809264030451300152791995733542476047476790447400757977029155317976659594267720017098677495401377711955607,-388,-0.0002973981377597778795935320947598397881527890063596197275048503248173836225132755529229005391794052420593403416386629044447026723017,0.0003087825629829199292980027105380117743472109936403802724951496751826163774867244470770994608205947579406596583613370955552973276983,-23998634530420627362702999938318677113831358658560369282917204805961421200672818717961335363630994399051079682302835,-395,24917304238062755017897554066451378100126145312848104611812063716641035881743308323757339475681972244841896431901837,-395,0.003951694606298252908047281074467267784559877313260593861999535216478114924520471186216903620832108851538844717380366421922565099273,0.04146322703404133018618448810571726778455987731326059386199953521647811492452047118621690362083210885153884471738036642192256509927,155704695363622403082313853459934465563628218571272820663249903335181558134579406138980617661092643019360192008837,-384,1633734328517807576055058658071694246410515925130145029909920090025752962292703560772705359487123055067332788458117,-384
5,5/32,3/16,11/64,3,3/10,4/10,0.05813555332391749402213169301457881294054635946119504386586001323285700812805262128913678466712013163427475227465572139542192824854,0.05813555332391749402213169301457881294054635946119504386586001323285700812805262128913678466712013163427475227465892554699153925568,36650518916797100187735216539274877833300775920330034957760924952629332323329308289641816485330333458345490589475667,-388,36650518916797100187735216539274877833300775920330034957760924952629332323329308289641816485330333458345490589477687,-388,-0.0003106363724676358400074585611158368007613573653867275495105369107694652320301135419740574556369570229365831272676582699766024791516,-0.0001408402174896055951876386339002606288863573653867275495105369107694652320301135419740574556369570229365831272676582637804554153927,-25066897966684755494833763117977937198368684334942371236562251200418018617838833689585655925056226001867860431653861,-395,-22730289652641733694390737048862734416365565121135346134253496934840955222259636421557287081763944440652139811411913,-396,0.05782491695122248450668100239398421637416000209580831631634947632208754289602250774716272721148317461133816914738966486663818982998,0.05799471310665526210238728644015731207728500209580831631634947632208754289602250774716272721148317461133816914738966486663818982998,36454683776289031871932448295439998892982140140163512370652264794892467250415759721686398247911455533136515074444717,-388,36561728722984812078990882192153434082943228365375385323747014800461209144454039264625638633171569209943576023748013,-388,0.005752969251309217901009779447382219997678173294918096382394154325368653875308352707264425275032885879714012124999144104331924818508,0.04509746656736049243904994058019471999767817329491809638239415432536865387530835270726442527503288587971401212499914489743874897965,7253712962808086772032750201737048807300942013799758327236805733929910537502490165301340875662577672893670714157989,-389,28430890514061295800581273994539713890290547732253244462121376655588683685673957431816686579515575582043144189203923,-388,-0.0004952844623629874290282658801961395745631083824137380909758635067688598325349988325779502885720978266727816256552076047179081067563,0.0003736614504078813156728811992716338629368916175862619090241364932311401674650011674220497114279021733272183743447923952820918932437,-19983566289924443037909853834823685526624534295848393781788002071300265340584976092781247867779755716027874763263481,-394,15076363043148890114039236148644467471932712795791222471569180059038768640463729080538335098472540488967970492068359,-394,0.005257684733921801014719355173326217141865064912504358291418290818599794042773353874686474986460788053041230499343936326121898926502,0.04547112807279280321198498017332621714186506491250435829141829081859979404277335387468647498646078805304123049934393711922872308764,6629226446869614793398404043171476551705795357958405099215426676139714854154792660725261435676399075186497609528629,-389,28666458721299663775462968672475949735983561349235527774409897090542195641408411699538430787488239642973919737281179,-388
5,5/32,3/16,11/64,4,4/10,5/10,0.03864469050754456009790616960889204249534819771849347324753657379048863533756133196818456490241170378364215161325333543318049365779,0.03864469050754456009790616960889204249534819771849347324753657379048863533756133196818456490241170378364215161325671089582412347125,12181426678688141350351813903901952156705217368540612932076241676228201454358383217658162170019182659440372719763241,-387,12181426678688141350351813903901952156705217368540612932076241676228201454358383217658162170019182659440372719764305,-387,-0.0003647095054051924546078716448456988988783743288599520430070661727226395422539355607178462700106411330080321246489574602325953383316,-0.0001396015979511894567699109247834430395033743288599520430070661727226395422539355607178462700106411330080321246489574602325953383316,-14715173060463983519165159360201309405066212668402933006026393824402796381151543025737870975123480288535967866982007,-394,-5632597020159321917041238917045374510547758922443838233031367495326365817896990093272323785046459167479910107352695,-394,0.03827998100191199396785506590456758383084482338963352120452950761776599579530739640746671863240106265063411948860606548120841893087,0.03850508890982074431657949074358735922146982338963352120452950761776599579530739640746671863240106265063411948860606548120841893087,377077012158799832729957698801954414812498355161525698814223490292445467387493607746619371961682574684421688846817,-382,379294437954369327488269342487511666291242288089341034431006028212117621019903260076007415334396727405597729679841,-382,0.005190538572779621272296511354137449502980510897469473465744708000871702288668465796711715641776307967768718239558831253190440786376,0.04807113848363863983652075451819994950298051089746947346574470800087170228866846579671171564177630796776871823955883204629726494752,6544564256233190204193747890470714130369222119147601855035472734242146863935996253671387570223699542809803270562851,-389,15152794371200534370447884939525311797466458675244986802972045475658088121240096938989621776976935868344944161564937,-387,-0.0007623551537365688157336190250598958784411871255897604486533949587507674163048139552915111031540680176967974330604669474819242935223,0.0004452707671331904682262465450084634965588128744102395513466050412492325836951860447084888968459319823032025669395330773026639615134,-30759242231174707496795450666364436652869430075590339399612742316680555404251648071986949090652251267969383393589681,-394,1122851937641938819057170711721647459159968090814491089925320404258661533355584004342297764570519369821029599383653,-390,0.004428183370839833262597695719580483312039323771879713017091313042120934872363651841420204538622239950071920806498363933939692667320,0.04851640929897504949871219767270548331203932377187971301709131304212093487236365184142020453862223995007192080649836472704651682846,5583337875731267271181994999460071759461748498176431535838124757799775263799676035076947997285325033267429345815637,-389,30586301757200410107528510085824412322475561338748082484905145941903893747695817987237241702024247407854311069824555,-388
5,5/32,3/16,11/64,5,5/10,6/10,0.01309092321627097085379074763666533095348534385647354616155473665384253784490698541374220172595257835547104646421518108153351212650,0.01309092321627097085379074763666533095348534385647354616155473665384253784490698541374220172595257835547104646421882461428370840541,33011752811778120875158938825822635454557243954698417865783373967878189523374505407143884083495024300793186531102073,-390,33011752811778120875158938825822635454557243954698417865783373967878189523374505407143884083495024300793186531111261,-390,-0.0004295633818160861885050308597998747571258980666935891437787401094808976099274489672795422323437714467894575354859150694917475353366,-0.0001406430307484409460673105610327849133758980666935891437787401094808976099274489672795422323437714467894575354859150694917475353366,-34663749697662147699564503311670088981181971513058137985211192107904861746459326086284225150733247842751159351079101,-395,-11349232781372967784993698527002093163082541302069931892311850946992963444494968303025870981922251045491080245506237,-395,0.01266135983400013731439925265790793666510944578977995701777599654436164023497953644646265949360880690868158892873108774123998034806,0.01295028018597727725860990119459006557135944578977995701777599654436164023497953644646265949360880690868158892873108774123998034806,31928510632579429451552512341527534726244263874517068559161383652637368174104190028903259643499601029152149958108133,-390,32657089288506964939872921502659230490861958009407014988732769187653453835427499085718568019344963232176653116711909,-390,0.0002451517934825980606544106353779538840026672106519464675392010712778138658046756582029014871128145172183934335103824717850016436728,0.04767622482859611153035045555725295388400266721065194646753920107127781386580467565820290148711281451721839343351038247178500164367,77275779886868387923715846956591092352261155424371761472325931250068716958536870225462973756342057911345398662303,-387,15028311248936322432921589596893609514794827974181328275270692801289727930142525493941913631999960987506520498095263,-387,-0.001121256228533105636725883126573636750074674219532485303837301080089406294564605415562786547010082388283845784805918812778989685606,0.0005300713210195557300348476168345663749253257804675146961626989199105937054353945844372134529899176117161542151940812120055985694301,-22620029370576554272353525240120934725684240726372755791894338328110118419057323210707466273728660999540877198721909,-393,21387134438751787037867902597023953023436474755031736525815012560566762274329311558280456107993570031250898538002711,-394,-0.0008761044850727161735825255765228313035720070088805388362981000088115924287599297573598850598972678710654523512955368862549296527168,0.04820629619963787585789635625941466869642799299111946116370189999118840757124007024264011494010273212893454764870446311374507034728,-276162194796193257513549627244692167938402823901586848307955830822575154124328578050174242252045822838594902630767,-387,15195398252506873754086674228257252802992273151181398017410555312615079031195818013599312750825038306007782237986449,-387
5,5/32,3/16,11/64,6,6/10,7/10,-0.01931547608555153728513078167184933970185697697897730357281209996640426951842858406272935662391275348919752599819248722866070962167,-0.01931547608555153728513078167184933970185697697897730357281209996640426951842858406272935662391275348919752599818857721201759519958,-24354192269094753663266274735980537930198462570734867259612547591855372298812926198732810883929359623797628755410009,-389,-24354192269094753663266274735980537930198462570734867259612547591855372298812926198732810883929359623797628755405079,-389,-0.0005060956309539197028585208181067140969686461277786733712758227123498374914233377217842080500693676710130595578097251541940369645734,-0.0001432856302021409866370690587683351907186461277786733712758227123498374914233377217842080500693676710130595578097251541940369645734,-2552471447912258269229373723478306361132109730927968685356539213713000014726670568753103369402877432955672969799991,-391,-722654885002118027580466517835785098404522914275428274399523091808069522891133940128080401189015280559800124893495,-391,-0.01982157171696020433887576660891357333007562310675597694408792267875410700985192178451356467398212116021058555600025677970307125434,-0.01945876171529893092088138661166015536132562310675597694408792267875410700985192178451356467398212116021058555600025677970307125434,-24992310131646192884571136044752819744307011738666000678243752676218019512341324559943207928297583620314078419496197,-389,-24534855989771908516163873487536778980974071564104583080920358083872992469688978964742709782209108805660047364992261,-389,-0.01244953701892022467510458748945301433393785803440602837565213119230413436442104088843481068234913997267192673425051866067699374942,0.04067673694887112402065041739335948566606214196559397162434786880769586563557895911156518931765086002732807326574948173587641833115,-31394351024751177307817308325417670137296168820236471641966132552531569869086928440608843273185334134389469987899953,-390,6410980165234113164067298336512342024622587796106295661322700244316561262930103420313880095661219190579471959431005,-386,-0.001602873924172963350529869697736288916702142711936004060149007279975703728352220666103322084906743111447447654602764496666649626937,0.0006375918915299555664108193891777735832978572880639959398509927200242962716477793338966779150932568885525523453972355529025268831346,-32336101525658745116799595595683131793772240431894403580946167056091419518719163558129433418171940839397744792637885,-393,3215667156586775794489604493480396637104883381116371924011710937705233290607177718545536659835908930766897883102097,-391,-0.01405241098311095490364329965545102200064000074634203243580113847227983809277326155453813276725588308411937438885328330605117290657,0.04131432888041884646507007925079897799935999925365796756419886152772016190722673844546186723274411691588062561114671709050223917400,-35436363816372459550980404285754181004809524269272131612988772878996906241951430433268354005537643076159718295383145,-390,13022939540369142203235590267726723763225708977913472008321678602796438223151231266523522676947284731437566312606323,-387
5,5/32,3/16,11/64,7,7/10,8/10,-0.05952336693348449950885713762567096842228105510975518921424394403393278181573228998654855861164122269602229596722325735410547025455,-0.05952336693348449950885713762567096842228105510975518921424394403393278181573228998654855861164122269602229596721909512949227258982,-37525441163894696006689041946495762598577046396626903664126465441222004070479124232059292372710654670178443148793701,-388,-37525441163894696006689041946495762598577046396626903664126465441222004070479124232059292372710654670178443148791077,-388,-0.0005965193824446983421220122783272731891756963185627833994904339141267085909788346352598258860070935858494303341257970112825685670633,-0.0001458866906356930052860318629830349079256963185627833994904339141267085909788346352598258860070935858494303341257969988902744395454,-24068157853035942092532141713850642242832992002160209977451161715121333698753962278302408976693095590499575314472761,-394,-11772371534641275371188331335833014991679514482084035662789178595280617805084695419219052176309399166540843942067825,-395,-0.06011988631638394520186561402295576114270675142831797261373437794805949040671112462180838449764831628187172630134697184035990945222,-0.05966925362366544516325670536969648379895675142831797261373437794805949040671112462180838449764831628187172630134697184035990945222,-37901506130635069928883615599726031495534072764260227568670174983487973514445520252168828113980236607918764723900353,-388,-37617412816222393643527691846105605416286781735918614569095970758530435292157983055510880616829319532028277781270465,-388,-0.03748601004632509793813364457257363749733818459491689350711470207927506588596509234947355656827016875796121502424853459239467785588,0.02266971546772547517244679976336386250266181540508310649288529792072493411403490765052644343172983124203878497575146699381897046640,-5908096000493628830812828785009508358796922779675094430208513850984642205463263235595679914941965624230745324147173,-386,14291716309277103076353460628946047508448138064666752301643880198959999506296735744684126079212074341777217838561389,-388,-0.002245549380948885813300114409028040046250611906692648322982176778911942979318803830708648775752743722249835642065681644870617982690,0.0007785175083895423412876312574758662037493880933073516770178232210880570206811961692913512242472562777501643579343183799139702723461,-22650662559349193145824770499603898259202644880880809421550133737230427009819845065684438407932621808838272852525337,-392,31411355330115930405349930066497234862043332263558208624935841800183240780626282193915422729710969872812743184743325,-394,-0.03973155952731840094645586515225597441858879650160954183009687885818700886528389618018220534402291248021105066631421534502011865729,0.02344823307615943470875653719149402558141120349839045816990312114181299113471610381981779465597708751978894933368578544808670550385,-25048050475005051834592329865560851697195247295660965511808669665299163593107172351421329282189161570503829730123685,-388,29565037598762752857328039711065282847949912006380773027072467259743111453268800992794773562578636913136746662150327,-389
5,5/32,3/16,11/64,8,8/10,9/10,-0.1086475328283416208069130165815051996713769654694681884741670280169897486999138866885137255360257793490536424096060730348462613410,-0.1086475328283416208069130165815051996713769654694681884741670280169897486999138866885137255360257793490536424096014286012839737029,-34247446093802313124838836410088075853580436624541492010792044632427441845800893496765908908190978948446750956714401,-387,-34247446093802313124838836410088075853580436624541492010792044632427441845800893496765908908190978948446750956712937,-387,-0.0007034600231266924069533807583020554570853836347384779861929761791970070003128559258404273081339983462115702137247097138989038346905,-0.0001469055915580358245680791683362351445853836347384779861929761791970070003128559258404273081339983462115702137247097138989038346905,-14191480929358713788188710437850327887069733435648740327241179685526404673414964409023207263194448942337923010062777,-393,-2963648014773618716292415892442245853300395025211589391968138268803326844250855076333585101719374886517636021414329,-393,-0.1093509928523778079156393255777222941909623491042066664603600041961867557002267426143541528441597776952652126233284577065209602826,-0.1087944384189901619297081675119263957534623491042066664603600041961867557002267426143541528441597776952652126233284577065209602826,-34469187983610230354778043949630839838728662077073074202051223205480990523746367675167957122687144532309546714565227,-387,-34293753093746463590282146469456133333125494429210852471395511652410295222818947747822560574396591861909823308728939,-387,-0.08112992697633068856625747099361631149976901783840634763292810064463701203885124410954566586933231058576361736794865563104793164146,-0.01211588703799258765607070341549131149976901783840634763292810064463701203885124410954566586933231058576361736794865404483428331918,-25573455083475307247348017633975313836773992725388643616366085595058084756982763289396970659908331979130282177470217,-387,-7638244098332791868822081941825358084735116101562584466720015863914612829928148444263869735889796852384800169803281,-388,-0.003104075432065787683581378084715799535461147314898856983359814272436054466722498991396283963518401161903424768632597143667559526501,0.0009718138252991186870584229406748254645388526851011430166401857275639455332775010086037160364815988380965752313674029059016169835702,-15655270324266500687281917406871808287478480083519105330903311150698375376638149934454685260290300809593596627790287,-391,19605204155482980563507836289820523081834257482258505258219283374916333147274705902066714445027303947706062676121797,-393,-0.08423400251753584046259023762813679853523016515330520461628791491707306650557374310094194983285071174766704213658124980056490056369,-0.01114407310355410475626089192501179853523016515330520461628791491707306650557374310094194983285071174766704213658124980056490056369,-26551909513144442780154210146067115284272701842557062537071759398040565808826490801627660609726754076381767265026469,-387,-3512790699834495123255158354721919939682593665672528251176114773160406118734063801084870333691068505357607557267877,-387
5,5/32,3/16,11/64,9,9/10,10/10,-0.1679816166225074857050671854043558728866793020259830510662237402916715797405649164072764476779383779149886633381322460155140762696,-0.1679816166225074857050671854043558728866793020259830510662237402916715797405649164072764476779383779149886633381272589598037510189,-26475250796161607202440180517793510667135157074171087412631478274144160000796921550947805784515591140495657828284877,-386,-26475250796161607202440180517793510667135157074171087412631478274144160000796921550947805784515591140495657828284091,-386,-0.0008293224408069102981067294230923549211989393168225781895219652508515806070869722082653453387120744715173101739892279447395089234634,-0.0001457283049992578060305708995327846086989393168225781895219652508515806070869722082653453387120744715173101739892279323472147959456,-33461215182318462227243418248669602080427432239224938365985129840007637811256200775387781193172064812632049872289063,-394,-11759590556817040661669453147210983645094260350906462430927362850545323768570417519267410963845400390044700991060557,-395,-0.1688109390642238907049468430653632668703782413428056292557457055425231603476518886155417930166504523865059735121189794657994806213,-0.1681273449265972488093248280659736184328782413428056292557457055425231603476518886155417930166504523865059735121189794657994806213,-26605958668110882359014729589803052606218207165155345139946625257815289138458823764982194605305795678239384628507777,-386,-26498218746324546821483124198995980813610601367619166285243865709478032033820727967909594646049975528563081029497985,-386,-0.1518790535689982427695051875039575325169155563627637833147148059129393628028043908962077481021673942399805337321520960272003473846,-0.07109074772481795683887164258208253251691555636276378331471480591293936280280439089620774810216739423998053373215209285477305074007,-23937357639312791218122960634559144520424128152031131565335310878248615135096633057786706796793889927827358935364811,-386,-22408944658876750884000761475916632554357145123746302657492779844499628999979860362155445311307764653116769668327829,-387,-0.004260828738975423570217999914165099000777839644573467712098817393414649384123211829951547998364190571546055401245337224115603591296,0.001252991759915285561738100549702088499222160355426532287901182606585350615876788170048452001635809428453944598754662924591925938918,-5372326411996330066241951825408800390032995771525934841309169189637111162669749214602567416170484019886756872486301,-389,25277639213165212334672634045413378275720242815060871992946501187802874497750626676985607557680790919276716285765171,-393,-0.1561398823989231365170160112096265377676933960073372510268136233063540121869276027261592961005315848115265891333974292857818301702,-0.06983775587395320109984071824087653776769339600733725102681362330635401218692760272615929610053158481152658913339742928578183017022,-12304449227573349413170575780151437582408148001725202301400357025156592138299309842582528887126408193625744542695999,-385,-5503495379375577935348901918455446831880732392450978541999869179180087148403992717305371273085942595281624973607487,-385
4,1/8,5/32,9/64,0,0/10,1/10,0.08519180436081178541425680386456388373268102482210839234448725880798228609762649230420774146893742632925331018289772194408266557996,0.08519180436081178541425680386456388373268102482210839234448725880798228609762649230420774146893742632925331018290068499117773160043,26853824026453857474874017112139904680768725832067773644288962635743468721508899628414505773976628875236431720156919,-387,26853824026453857474874017112139904680768725832067773644288962635743468721508899628414505773976628875236431720157853,-387,-0.0002044827175817079775263008729832027008917335090994754757086934912098056550469070145589410304256069727261478688865215098409759767824,-0.0001713042927102140608005610362903926422979835090994754757086934912098056550469070145589410304256069727261478688865215098409759767824,-8250398008535081009264891224908481326565412734365575066788991716948251759207004974080603725448362511931494421993065,-394,-6911726390104911911524730906868783326926333246601848821334246279621509922069575922786336640740064519544714140292713,-394,0.08498732164317323401786969497671099109038304131300891686877856531677248044257958528964880043851181935652716231401268138774369274760,0.08502050006815841477231705084314318103178929131300891686877856531677248044257958528964880043851181935652716231401268138774369274760,26789367791994259196551712715760847632160385990855569425101796441675610591832384567085059769808516523165794063059357,-387,26799826164049080808502652585614451849271661407803669864350166032963125588050441401487178806533894141123661497862557,-387,0.001473583950174869912676331657490409106187926358995925040173688281356126956682233546517353797312089224206781304467038943789377452690,0.03665176444312361063342523302467790910618792635899592504017368828135612695668223354651735379731208922420678130446703894378937745269,464497311485581422549270542954959482015985661322808694025795614665534294525815053831702016339843777123774267574867,-387,11553224397573978839506182792824164466151265020861327642194435096080795024547915344705907475727229743372985428265555,-387,-4.699173389371177329968709587365582980852228844929032839870156900889600773941892095793338719425587046982764054823134471391025063393e-5,0.0001739648713960453620244930303165297170664777115507096716012984309911039922605810790420666128057441295301723594517686583841632812455,-15168049889766209611058675766829380640917237133327234615040891724182302728878171589133005410153949588641010129829669,-397,14038148998557589606028644298248642320231388761566072149746838713141145677562117831635720370530478901453035512922167,-395,0.001426592174785462370986793706743096049816904070546634711774986712347230948942814625559420410117833353736953663918806920597363720456,0.03682572935601535176383957690986809604981690407054663471177498671234723094894281462555942041011783335373695366391880692059736372046,449684749684997314157594465245952246464125337704384112621691460025201164888600436697049394719665750022431474988115,-387,11608060930179703718223108774269661143734383467441604815379736968619938974479436895177874429448938987287971904369747,-387
4,1/8,5/32,9/64,1,1/10,2/10,0.08067021761880859319786753992512658457398263507549598220387101122641970661750181413913710531765410955893778626266176125129508263501,0.08067021761880859319786753992512658457398263507549598220387101122641970661750181413913710531765410955893778626266467353955340234249,6357136828961574558442133235887195754668128571577224907215558091192785452148026276229236362036992300707094966629523,-385,12714273657923149116884266471774391509336257143154449814431116182385570904296052552458472724073984601414189933259505,-386,-0.0002315260820749605154220940253336583428355204086137916853789663922109932484279022495861696545030805180802358437151660508698430260768,-0.0001563535045077875219819130084116612725230204086137916853789663922109932484279022495861696545030805180802358437151660508698430260768,-18683068662875199470787963190628892716231103864843200176896591687605918597647365846657504509177341784165896682959937,-395,-12616994311052976289132793701293656684643485572785912782819910390566776645896304943102200922257483542405112858637377,-395,0.08043869153661994584472382987005354634833461466688219051849204483420871336907391188955093566315102904085755041894804897762622110677,0.08051386411441449251360724294645430318427211466688219051849204483420871336907391188955093566315102904085755041894804897762622110677,12677783289423053034980461297483234915005320714193454775107737830466515681727312206069778498016450585795818059374161,-386,12689631090927291730506976417761011874368610389620075492505048241183195081467246666835917525460747473816602804133457,-386,0.003049940232564643425714510876366550130297515055149007832580655947729734578771261494490754559951228565314819259980288804729896620212,0.03803141672481311897731973548574155013029751505514900783258065594772973457877126149449075455995122856531481925998028959783672078135,3845560446148636776031170437864573243796541270120901578753804819851538556555996147969527619365923184800665480992279,-389,5994056469794988576791590365740801298737031614136048804839659354761899250843002683742627245604696780709758037230275,-386,-0.0001541336462637634068335551470417532038310738061439327080634221252193306393587341888271539434577016612064653012594620955584906079375,0.0002413003714550353069250326901774850774189261938560672919365778747806693606412658111728460565422983387935346987405379106376564558214,-24875724329605859433257509869231832860542261225597845074680509485882198438796651412016247228552749293560083950124595,-396,19471807961627833711233273583614534985550290878987355388150993547921304349484235682203069078075884428283460453114087,-395,0.002895806548329476219861201796371916067091441249005075124517233822510403939412527305663600616493526904108353958720826232068082102839,0.03827271713423955808326452210887191606709144124900507512451723382251040393941252730566360061649352690410835395872082623206808210284,1825609400973403695208051668567656680071244982583812132609997440735458429525441135233015159715608767385426809152077,-388,24128349402818563562431742815273136844238270548600431007772501285151815704703363845411280643822073618021933537124941,-388
4,1/8,5/32,9/64,2,2/10,3/10,0.07148204319465379372817351674450521490988006983045473034838433517052732127812976875491122285432864811612697634778117158471613143585,0.07148204319465379372817351674450521490988006983045473034838433517052732127812976875491122285432864811612697634778410925239282429982,22532287271093492757151377553474487841627157915715823039538866610309844097422466945200676733250826019461188673035805,-387,22532287271093492757151377553474487841627157915715823039538866610309844097422466945200676733250826019461188673036731,-387,-0.0002655173320880381206502446442075911272276868208577762808213835976204613682062882787589193009136127905158282223577972235613846370817,-0.0001464203081758201287579962521024885881651868208577762808213835976204613682062882787589193009136127905158282223577972173652375733228,-83695324513464069722829252763032814883840092550920207542341786566394190074346596098902606149384222319338627510541,-387,-23630863933528694532239105757960871616680133282456099388376145045132414959952300855059386835726118180306541999167999,-396,0.07121652586245206876980165607055824389983988300959695406756295157290685990992348047615230355341503532561114812542484319499309323075,0.07133562288659166043713713652214210620452738300959695406756295157290685990992348047615230355341503532561114812542484319499309323075,22448591946544192771553703433342535950254222714714956504040770431185050081732699679162891551975347757249504331673311,-387,22486133240009155441517942917409889590739924638848472298376698844576969675069230777532021443463392484782623172046559,-387,0.005114711274664731900529407745135502094355034854482931832285254031873528872009228947706097221788329634958383593862058409484650580757,0.04093709009540441838963463235451050209435503485448293183228525403187352887200922894770609722178832963495838359386205840948465058076,403059770674216942884006096409279325871023142485808835090033574873367600884984480482655063712139076763131648533771,-385,3226006955202967911135982711432152081066687378971274042309627373066348876374369854946644941242541901792718151869707,-385,-0.0002975479774440877192943401362578022705115994060285431943552722132693818875742833583327635600977133949124050457286389607094534840764,0.0003016129030393081663818054173310649169884005939714568056447277867306181124257166416672364399022866050875949542713610516828406434414,-12005362945000027188183515250228270886796337998394049408895448192617438860839383649090241653992521171673043322408833,-394,24338746315709127933406078444570910240698148086565759312133668504707924913799549092594107647172954277000157966622975,-395,0.004817163254929140548793904545828383417593435448454388637929981818604146984434945589373333661690616240045978548133418680452961190576,0.04123870304073523018845760083489088341759343544845438863792998181860414698443494558937333366169061624004597854813341947355978535172,6073788685432377414744200046027249932950463343802991319250018315055646134012564079631139180079027581784901560320051,-389,12999101061938571130976089000890609896337857000228277666092165666586645966128498125693843444873919799768010027634701,-387
4,1/8,5/32,9/64,3,3/10,4/10,0.05733947850155064822013815481080184703881209778333880398336840213819591320433469728782236265843848397128437952771660868662772252651,0.05733947850155064822013815481080184703881209778333880398336840213819591320433469728782236265843848397128437952771969228596006104031,9037161948864506676357930408569784681262901675819214032612172034802256122029193354245509250183574193457922656886525,-386,9037161948864506676357930408569784681262901675819214032612172034802256122029193354245509250183574193457922656887011,-386,-0.0003075224871245121944907292905495571122992928490047404672716018866130697395778474819460476389275339048881227198617620388458606611382,-0.0001400380803224801680284723821328090654242928490047404672716018866130697395778474819460476389275339048881227198617620388458606611382,-24815622027695454083645934372378755656579813076202939057559062601656275283271418592463995626942951642254722645474225,-395,-11300416120007785206496605855208296795148953353350736950543702617024194892399345646592776034390585822611505686100913,-395,0.05703195601419876235020419346077353016088780493433406351609680025158284346475684980587631501951095006639625680785638746845679504837,0.05719944042145554172755291448814779773901280493433406351609680025158284346475684980587631501951095006639625680785638746845679504837,4494346968527914038362982287814906673816024559977404419654811299049998191875566597434110216799303600569649093933705,-385,4507545411832976193375668296313875026536985742375448601230697879093390283497698276109195154808749560207740136848009,-385,0.006380380994184319685977936465704310484180071118306124503803766673494755592931848467285972374285256809120985986927136572102831563368,0.04464405750763640255836868353601681048418007111830612450380376667349475559293184846728597237428525680912098598692713736520965572451,8044793966982660220850349315360891193727633137421202962735735148395172000426971218068129317663049926771343589784683,-389,14072523444384648028468365557439885869207872203173801434041307920596908702524527956933840322651282387345442968735515,-387,-0.0004944219191136917097748480807335565481925623729894204522704305049970103364906636649541084819987642243256990688858761061876058689619,0.0003655705112643509173511303891150762643074376270105795477295694950029896635093363350458915180012357756743009311141239185969823860737,-2493595586630519135509485853174771246654808308971100532410279559196235909246412363407353793585045308088708409682733,-391,14749912627258421869264415339680802350102456290588610418797705715159333779031129578433818878286919313150047407089305,-394,0.005885959030050640238443140608176320342237508745316704051533336168497745256441184802331863892286492584795286918041259871085107573551,0.04500962806392074121347976170192632034223750874531670405153333616849774525644118480233186389228649258479528691804126066419193173469,7421395013560939691218707939699381223337279275463444347718207446090789248289026944026291869533829410273555745137055,-389,1773469643872015891970070160046637053406213823640346352927113056202865242672474244070356785321392342731041299957517,-384
4,1/8,5/32,9/64,4,4/10,5/10,0.03781597128581064530133681954294381473461186440236897121502807106162018438471106011764245520652789197007338448690698517235212329537,0.03781597128581064530133681954294381473461186440236897121502807106162018438471106011764245520652789197007338448691026546217685377199,23840402158818987961766800532292952863168486984583774190909337450078404158257561293711123730303211905796129109730489,-388,23840402158818987961766800532292952863168486984583774190909337450078404158257561293711123730303211905796129109732557,-388,-0.0003580049031290490584692171998017828572694770771842985876341237771749057506225555089973892052962621770223040014420987662771142028602,-0.0001363257547756892800575307793611090291444770771842985876341237771749057506225555089973892052962621770223040014420987662771142028602,-14444658085304725792328134361881529804563349196900228583450981752661163133786834233080920872308824155224618205213369,-394,-5500424432025459998059383297091410963394797667658691373486136580220405265882681016315758501103680249982101462741689,-394,0.03745796638245422256742437028366327211171738732518467262739394728444527863408850460864506600123162979305108048546652637749525654557,0.03767964553126232969672252082306146547109238732518467262739394728444527863408850460864506600123162979305108048546652637749525654557,2951838047011594744720286745426609706751975527447802850933737286244934272728807416132963005146126296100170199358175,-385,2969307253401491726599562767218946984102727963103299056252704267030757453554978385323340038028480382682442703723231,-385,0.005524525433680234741501072811956117926013689292778644839595569568058577456135701807362943689075183870880343858100516604841159751982,0.04726802402026411731176779644476861792601368929277864483959556956805857745613570180736294368907518387088034385810051660484115975198,3482838165920120108938454890694472679839930839563857929380286967941636276709098473150629631342577241752818308689761,-388,29799279605404317324099937830644269057358317485715556333261729874539762064998041023913068262909692182421523530854241,-388,-0.0007583649108096297561489711393792376047105888503608039129244152816909284922311246070265471250652256057935170399622400938912602532854,0.0004366813231786208496130337129156842702894111496391960870755847183090715077688753929734528749347743942064829600377599308933280017502,-15299122644402779249092596317041162149291518481652602310753103841656844344894827296970497668010905629857645393997593,-393,17619067086575369047625738083136926754499146914013617010794061983376710505692259296568507452437704473309149867549135,-394,0.004766160492857279826845469821380591258803100442417840926671154286367648963904577200336396564009958265086826818138276163965663928197,0.04770470537345606331988746200888059125880310044241784092667115428636764896390457720033639656400995826508682681813827616396566392820,375592570545146209435777660624707997054044203180069118316366650256843995748627674048787739079947922207653747006461,-385,3759322193444177630923397494872819490517447989727335032461713295483141386448949537893993857303960547246939488951293,-385
4,1/8,5/32,9/64,5,5/10,6/10,0.01235145329943763828288013783485896327085275414687738611546805462783479199095395001285685573612359558658156199759400266010172314512,0.01235145329943763828288013783485896327085275414687738611546805462783479199095395001285685573612359558658156199759757084770362411570,31147010524090806944365664131392814923816885534714016116350293726453759059076330252194963821949494838683301020054481,-390,31147010524090806944365664131392814923816885534714016116350293726453759059076330252194963821949494838683301020063479,-390,-0.0004176737952864980508196433919008335926498883991012979582137636336266132819205996218155978603664265868126624417807007653001191466635,-0.0001341194429504296459812005894716343738998883991012979582137636336266132819205996218155978603664265868126624417807007653001191466635,-4213039480307250028362682011949587963465625396695510981762778554608118129506249745893172802008319424952970428353421,-392,-1352851231280590019589053765242978951422344763968637607861829117195844355587180168669667858598711117807089249749901,-392,0.01193377950369639288117403032400061014695286574777608815725429099420817870903335039104125787575716899976889955581508569118749542332,0.01221733385694195598778540136434484842820286574777608815725429099420817870903335039104125787575716899976889955581508569118749542332,235107426975525352572499670879687558478901841524545749033792644733851055523486768575604907948534419577265590388229,-383,240693732167323505839558097233495942450096428235313587570070132882996815545882786313060853604178330748332746491397,-383,0.0002410656646855718019930390968269711466675867730375293092756262202726411902058185989348907416350005270374003534127758564851763197784,0.04646630763216247619423547073745197114666758677303752930927562622027264119020581859893489074163500052703740035341277664959200048092,303951066037723325678249575087399805916027628354568696507512457757393969700741956079693473423326151494444489012611,-389,14646925929968303746529756160640900861063330075870319526925482063290877449293121528306976700626647060067351646674273,-387,-0.001109468534597524726625348035426458517384555066362227033295139331641762440150392798692303753850930944744382457021258507897272405802,0.0005215712622506746036449423393294008576154449336377729667048606683582375598496072013076962461490690552556175429787415168873158492331,-22382226470357182422185769965997931762638741779897260388396345517105437349601791922791054525192038089445344556785765,-393,21044177005631867554486162431676943932002489087683831923524800199273002468180967462283026208951977581966554112900919,-394,-0.0008684029181151721185975055480965576832169682933246977240195131113691212499445741997574130122159304177069821036084831966730376968081,0.04698787894261636999184560968627844231678303170667530227598048688863087875005542580024258698778406958229301789639151680332696230319,-273734537284328474861314026368556163688549415999495572681677229026950027100706563859898712064166971628555059871009,-387,14811333578019231042733403069060065416908425504645092517067882009609223842014149390692274696347957299281048024105695,-387
4,1/8,5/32,9/64,6,6/10,7/10,-0.01974219894975676340007426689376230645244651279756298956434046538787533441204590778072534610718358421517226707379895047214951016222,-0.01974219894975676340007426689376230645244651279756298956434046538787533441204590778072534610718358421517226707379511817997516353189,-24892231851160594280735629817533026709853637874313685189923142409718878549605346356831262146995643745149178774443083,-389,-24892231851160594280735629817533026709853637874313685189923142409718878549605346356831262146995643745149178774438251,-389,-0.0004871337753710739436799039943746034961576008945781635644039133896404665974531959539158675020560161666256008016807401896376256980018,-0.0001324398288515275000834217174580995899076008945781635644039133896404665974531959539158675020560161666256008016807401896376256980018,-9827352594249775040528705710793081934846634161703282032291700169233637743424414331415755156732159863050016500250927,-393,-2671818218013343171436080376063986100138195245553768657189816694219369585055542277138344822135228182655363136387375,-393,-0.02022933272558258469464063500709442947985411369214115312874437877751580100949910373464121360923960038179786787547777377216231489399,-0.01987463877815354354927122449226288651110411369214115312874437877751580100949910373464121360923960038179786787547777377216231489399,-25506441388874579874766191802360299554607074244619281564233443951230378118416102971566868046308908374867336227345005,-389,-25059220489213053574952866963134320617286753341961654483705435672173191938824587030130287496361590868287607548826221,-389,-0.01274312291245329359154071042510415378981848428139814698468147152456534194145999002990740157779762793901690031052394474117601120928,0.03910514423439857384582196047333334621018151571860185301531852847543465805854000997009259842220237206098309968947605565537740087129,-32134694909305672751550318585127976802902347306813358770887626328844513962906473601895992249702580568175183030712453,-390,24653138166954759192004547701617092746468646995796498644340887322280954871494807205955537192085158938307676233056735,-388,-0.001576977006534850726890002431276084527755995156009346660076300819845065269020121928710268431360363994286245597303790317524756097703,0.0006322399572850758777385604959700092222440048439906533399236991801549347309798780712897315686396360057137544026962096824752439022967,-7953415396231399101206400792922138008035521898706166345107057739282908575510083673295989080583541622913284514862473,-391,3188674907463006795943174377335971043701877192258249180238813009573292706073010576473029256242174560186108423613047,-391,-0.01432009996446287940707712475213219144257447943740749364475777234441040721048011195861767000915799193330314590782773525697747334727,0.03973738423715838481220693286505530855742552056259250635524222765558959278951988804138232999084200806669685409217226553612935081387,-18055701361048151550828547281065045286012227647997345700927605692682705110003829621484113596747639517569054807937445,-389,12525861279528183870686669196959675159103734202392921078237126497598738476045234739560362974995331336103755433970583,-387
4,1/8,5/32,9/64,7,7/10,8/10,-0.05927666216146328161534403427475944806162253261506337698520232463143376626641365650352678145483078058610276776140108859041245148874,-0.05927666216146328161534403427475944806162253261506337698520232463143376626641365650352678145483078058610276776139701836619085651629,-37369910556600934170084213520159632286990512373891572529893289524793830241299778508816666621441617741287888982379627,-388,-37369910556600934170084213520159632286990512373891572529893289524793830241299778508816666621441617741287888982377061,-388,-0.0005679868682236060081107429127495284267391519454074246591331206044499066574086557875906648920166563905358735797946842656533865646941,-0.0001295042989440202759636453251640792079891519454074246591331206044499066574086557875906648920166563905358735797946842532610924371763,-5729234457911607925095425421513566857639668423034913030623565033719632854072515942484707078410032904824081407171199,-392,-10450389379997716325382900563931162492301323039638500444283897692738265063298151597258412447794746237956623594345463,-395,-0.05984464903014163497434124130646649601961168456047080164433544523588367292382231229111744634684743697663864134119373625687974526507,-0.05940616645995255454042121548096600773836168456047080164433544523588367292382231229111744634684743697663864134119373625687974526507,-37727987710507096992401436547955582827505752517930825217953297479868505899602676114733021414850997116978159781145871,-388,-37451554223345479001877508491863991882048855592539177690968222335051149332183429958659187367681261877133159393389839,-388,-0.03783198971587236992168453100994845487609486053554700086040498702906969138369110748159898525296319207917340681187362561037249198419,0.02101500406342554815959903832598904512390513946445299913959501297093030861630889251840101474703680792082659318812637597584115633809,-23850500691307765323223744067033135453774847626336127895511828422344798127770567133844014696462222715820179608111075,-388,6624266562594788862545589136746441749386815260387010136593964394672394923883104230474799473697580514908935225310223,-387,-0.002193186479648440532509413844470203155872227353481191402624555672187846363471008081916666716990801105830184159501647245327862291931,0.0007794216069173017366489494978149530941277726465188085973754443278121536365289919180833332830091988941698158404983528042413142181398,-22122482498804850749067832719705861045153787661252883490499085124996759506755241283653697702314543035866747475718367,-392,15723916792503943735589616236177243988916819209226746585840983387817258988541244798623931701158369538277797950398019,-393,-0.04002517625190948196411549560515107990696708788902819226302954270125753774716211556351565196995399318500359097137527136862505897398,0.02179442572673152140616953857453642009303291211097180773697045729874246225283788443648434803004600681499640902862472863137494102602,-1577072242689518565180412002623904727892456683594449402861023666286857662965004643340242832996385576798049966683759,-384,858744097531534657167153888177571640663101793963069589756488558634169137603464183767381958633852978193499986135441,-384
4,1/8,5/32,9/64,8,8/10,9/10,-0.1071849849270129937502070608057912972818414097168927265051673540558171088825292602432132987981131893501142793343106658662666252999,-0.1071849849270129937502070608057912972818414097168927265051673540558171088825292602432132987981131893501142793343061292952324235770,-16893213761018459343761267033476021985502551236121491240165558518317136602947522853359532397766712849661780838643631,-386,-4223303440254614835940316758369005496375637809030372810041389629579284150736880713339883099441678212415445209660729,-384,-0.0006617202829896076257664003721174457270485169725795857671485866836552686450648552437543482356527240544576367931203397430560406886923,-0.0001239630750954337093371191373762347895485169725795857671485866836552686450648552437543482356527240544576367931203397430560406886923,-13349430625605851120660152640113819274404856659833684407256883267802980402072699279457565191519355353439072407618639,-393,-2500809652753609299365767929361849498267832319795914023084846103373186616612940341229911470614990496981187939370063,-393,-0.1078467052109120960777463894158237820713899266894723122723159407394723775275941154869676470337659134045719161274287365802679174761,-0.1073089480011989327577712517052524930088899266894723122723159407394723775275941154869676470337659134045719161274287365802679174761,-8498753093962174359570401972726293752270109806288113605710135244540223344900199248117912463164916986464953223618729,-385,-8456375668143626626456591312974242564375694121160055753323945654133070160464064385009930390313258151675031757004969,-385,-0.08086968928158121285953127800637933972627838421444352660943816016675036580495066716990448949657129055220974589439377334457432199505,-0.01320049380931841311969363152200433972627838421444352660943816016675036580495066716990448949657129055220974589439377175836067367277,-12745711992693436596373980731286819160985233079744223070296573016759409067007473444745160439857263180294470712947065,-386,-8322015021923697226858406909292807580025229661668129315008959691517407450131925681311711652233893257123415381231075,-388,-0.003002324395903548446099462517022896015253894791468168436924629394330490177640520267141659057753632266455825129013050010726835882303,0.0009804612494449371131256198804380414847461052085318315630753706056695098223594797328583409422463677335441748709869499892731641176971,-15142093369725174714150319468431818968776995646168148575018306390222957549937720491873052818899909993702465025627387,-391,4944913948922122915015320280367089552745486955355716784662913888094229969541994795240601199578960575248507724868357,-391,-0.08387201378298614671129041612154676699153227900591169504636278956108085598259118743704614855432492281866557102340682117425739143422,-0.01222003245437209060090833604342176699153227900591169504636278956108085598259118743704614855432492281866557102340682117425739143422,-26437804854250426544238393347707529989399289028924147769471866477102791151996436123515416397911039755292167945037889,-387,-3851950355898485999384709018766557711085761254574140015522971433557776180859206462670288534127992572511853502769217,-387
4,1/8,5/32,9/64,9,9/10,10/10,-0.1645232183045071437429182425181536372314312738785323479430090023609208488824125360916142806515287415051250854861408092532535206558,-0.1645232183045071437429182425181536372314312738785323479430090023609208488824125360916142806515287415051250854861359237152166880310,-12965089734169904164086203504490873369614381286938028980121606427379586702604664550342404875726067468712931253493659,-385,-6482544867084952082043101752245436684807190643469014490060803213689793351302332275171202437863033734356465626746637,-384,-0.0007693221778418247192598037291624752420708014323912874681869221582219202780741017727024271064871276171179918544240115746017294052040,-0.0001154151923792979284620933104613033670708014323912874681869221582219202780741017727024271064871276171179918544240115746017294052040,-31040345311587607657394775740054701891852100041814636383136309962264653428459074316172473574355951801111378267831903,-394,-4656732288294049642053821121227775565178965180455615455320318331554199175073678413924606459728612846716982051569247,-394,-0.1652925404832584631639509744852311515360020753109236354111959245191427691604866378643167077580158691222430773405623757043009495202,-0.1646386334959769469696074075906999015360020753109236354111959245191427691604866378643167077580158691222430773405623757043009495202,-26051430817356541084083484821192011724450190273464181695437856635782869010125930039487888776856339033718336683755315,-386,-25948369828697613296087300278260866431573862472812427396292540278008207693275277977233672444931073671788967862716211,-386,-0.1496701488808761119448228386020440536510525340147467304487713609271678494176167653841981966883332447197259601432579094703391534367,-0.07026340664150516982903914719579405365105253401474673044877136092716784941761676538419819668833324471972596014325790629791185679218,-23589216534478259164762055042247578156109576580248481584618216946944437081663891214380302458584282858610220060058155,-386,-22148153470946973645390524579591967412215526902870908810226302522572340446647464884745005851685272020287934302667861,-387,-0.004071297591803835318559255687296089123774445117276091687519939308727735108847884949185224934163999799268854353003588306737798647142,0.001268468976991476877457055958211723376225554882723908312480060691272264891152115050814775065836000200731145646996411841969730883072,-20533413496271441959091680804705684765031067076098732014807759185297674634124298480064395710493654324049658337594519,-391,25589873915572397059889996405289620793117323789977804069669236100187861905538395870571260870523244434234798408322471,-393,-0.1537414465563534598264914921775237365248269791320228221362913002358955845264646503333834216224972445189948144962614932167127131573,-0.06899493758084018038847269334939873652482697913202282213629130023589558452646465033338342162249724451899481449626149321671271315732,-24230885719424358767926581259156850953003797335956815647798575882976125240455082079391102470939816236619994580797071,-386,-10874155832320460428721960501117438395674534449746004123101243892762316725711907187124877303889066482618285091079823,-386
3,3/32,1/8,7/64,0,0/10,1/10,0.08458775694656547562354804968852052866371201099534762116071843504756869758100284486661371708745322132644593222909908452407606613694,0.08458775694656547562354804968852052866371201099534762116071843504756869758100284486661371708745322132644593222910189529466089321845,26663418586781464185339674147443819827030716055971531944646117157514680581998438227873582844113727778929474000065501,-387,26663418586781464185339674147443819827030716055971531944646117157514680581998438227873582844113727778929474000066387,-387,-0.0002061088911295020604922602201491256335069293892464982660290322636911910289513967193196401471361468748141611369980594322769155686261,-0.0001735519851512482798609117294340987780381793892464982660290322636911910289513967193196401471361468748141611369980594322769155686261,-33264041186986538184406124186651856278289082199056429517696077736963903560346512643565775490899007529922151983611661,-396,-28009662031159490030001824018202832284340320179271553851637445799292298334791655870065992680775437674779843360980749,-396,0.08438164805537913014419498145350171308879883160610112289468940278387750655205144814729407694031707445163177109210242897142782761565,0.08441420496147107076254794597395611982708008160610112289468940278387750655205144814729407694031707445163177109210242897142782761565,3324806219540026643126354187807163235249079392259565836470811226175684130631178263799647143911877329362677742505843,-384,3326089026955596720539031158574090869808738927793295669375939370933392215577626076246475186215266909020886559428467,-384,0.002729513894101660290827376480691467575683869954091428600996506227616084306015859797635840320387114057029251524960796724518552807855,0.03647205056835530284987889015256646757568386995409142860099650622761608430601585979763584032038711405702925152496079672451855280785,215096646737076886247834736576801333315255804732963833656176719752005355474292982928857405168486744253611749942685,-385,2874143924979096860397581208576611460211381171220414347201339994630803978472810150419187302601097579846060499543453,-385,-4.740073652195796372261272113272732259181292008452702693884612476984786840006387935192541977828543124091466499246897992162776702805e-5,0.0001683446660344640863883830483680050992831870799154729730611538752301521315999361206480745802217145687590853350075310216274089989117,-30600136526263906825905077745623550500588294193257929477367917226934616162694234942228341757218739090546558563416161,-398,3396156198000595534163559221415523308112082633281106660864162683265255791396352129832196732732538140185297413090365,-393,0.002682113122450469471125410570090356464029557034006901574057660102846236437615795918283914900608828625788336859968327101746667175840,0.03664039526951899979224662639040285646402955703400690157405766010284623643761579591828391490060882862578833685996832789485349133698,3381780411847178965637753862272921795451077319497553091675914100516044554735977504781315896848986751332261930302611,-389,11549640651583444752138694464137058027665164487060090018709469820994781650796795614820092998316394554559462850649893,-387
3,3/32,1/8,7/64,1,1/10,2/10,0.08002093519556623315502835954787851883509144539371395424277286481192593916104694142082241081493671682275953975515474638407776206601,0.08002093519556623315502835954787851883509144539371395424277286481192593916104694142082241081493671682275953975515750639582584283454,394123173052122723248073391847573181394169069228743863306842413978709432420463512716814354286949368650043297423649,-381,12611941537667927143938348539122341804613410215319803625818957247318701837454832406938059337182379796801385517557203,-386,-0.0002322110148519143664242166932636388332646667934163337553169434631240297646362533216108237209636860177437021500616286874952279289728,-0.0001582945728181087148339886125141271145146667934163337553169434631240297646362533216108237209636860177437021500616286874952279289728,-18738339524743537267772825954749975359691282834205314132743487812925685824924624878187332800786277401324779013537677,-395,-12773629417543140723269122253382614765248669399241404408427095063012293708158948519294326497645982331849696780091277,-395,0.07978872418060063195088252682487550011901427860029762048745592134880190939641068809921158709397303080501583760509449627734274985676,0.07986264062286181127791598696510377160338927860029762048745592134880190939641068809921158709397303080501583760509449627734274985676,25150686436531488929549614609490022441488931248618546415351130852809762889040632328006816830485594157611500403239923,-387,25173986085459412310301271936811326846789162924248766843623250547105911728227589591161507786609424015011328870919155,-387,0.004222499927050579035696181099194905360457058441883392876388810438876217803010047697279638895078869434675681246022743778006874582791,0.03778908112879018827718177680231990536045705844188339287638881043887621780301004769727963889507886943467568124602274377800687458279,1330999746319377212919678796389291972611468410480493272389636299757329373054955326687114674770281163948421870399109,-387,11911724870341157435503654623605800350622862596964400257268710460057547752515065020500943108308339113863173025181317,-387,-0.0001533525230912907406362563546230740053690691776554719359592526259496776490983361835680127879913036403750121913388835723464654343691,0.0002339167724242891293344229285190158383809308223445280640407473740503223509016638164319872120086963596249878086611164338496816293898,-1546853648659395895986497931758717851206716845093948971280496579151578992954286970072753480501651627907513619416271,-392,37751972317193984078049962600830078844365612899079521591647514599007309026388903835200740765791046210216836452561681,-396,0.004069147370080610654018347882236626276962989264227920940429557812926540153911711513711626107087565794300669054683860106522056128279,0.03802299793509315504755777659317412627696298926422792094042955781292654015391171151371162610708756579430066905468386010652205612828,2565321118239336320932660520167894492021832381974603272444623598511388992259548434170667481857161325314578683544765,-388,23970918403904559732719732865496862784232213005483841357384411988823763872705180980182153885385097277823051023795389,-388
3,3/32,1/8,7/64,2,2/10,3/10,0.07075742943469403848742373944967325665593397669405036196087055089788073948835218479634854880619934341714990841816421113549379048176,0.07075742943469403848742373944967325665593397669405036196087055089788073948835218479634854880619934341714990841816699652666024440678,22303877384214076934976164158659948713828170675908300096065256671436045452004396476285527139721039106322046763715547,-387,22303877384214076934976164158659948713828170675908300096065256671436045452004396476285527139721039106322046763716425,-387,-0.0002647893999660065156453580936759452929012170380629661481093758020973616228270155048978003520573287433310601547469111982958493251340,-0.0001471612736617809269623191437095146288387170380629661481093758020973616228270155048978003520573287433310601547469111920997022613751,-2670907796019242197184819323755641151309345049379476754893049826846060687031728829542888168949271123833938111749381,-392,-23750448810765499416068103987594363476653754412348166215834899079512593436281495591281520461762314858473536203116623,-396,0.07049264003461434513405676532625793148022025965598739581276117509578337786552516929145074845414201467381884826341868995604563657529,0.07061026816114594439818303633570312190990775965598739581276117509578337786552516929145074845414201467381884826341868995604563657529,22220411515552639700439293687423665851360658534665245119519094471788706229919234280423429309315280343809890483871401,-387,22257489788916386484804001010428097549151926420271628911880708526729772243564579850147687995195253625006436352171689,-387,0.005943325269003856790359911694942935188021131963375354786982786352671092591496403156226922939364062079735254840743204960122868838662,0.04073393470837314785748332478088043518802113196337535478698278635267109259149640315622692293936406207973525484074320496012286883866,936715756305911401088370676816101311850086630830251859377706410304777711232311751198702594655776911428668951766365,-386,6419994991131387661749467913487914517004371653578799867862358805892605376176941540572807032611871802257798373975389,-386,-0.0002979649894966200973254193043780596236799168995984840996399818988033356307249086669198597447013715941432102556217727205873008994232,0.0002947930501052837771016608500408856888200831004015159003600181011966643692750913330801402552986284058567897443782272918049932280946,-24044376806306695147965754598537293088759824388344859679284105021035958053133194635731441688053004298942322356416995,-395,11894208088988077637518122679144521039420956872614663692927423887187722158791485983572081601970765302892470249899791,-394,0.005645360238125227762366257565430598220591215063776870687342804453867756960771494489307063194662690485592044585121431880159038241222,0.04102872779986044056525322045605559822059121506377687068734280445386775696077149448930706319466269048559204458512143188015903824122,222438519083489236976433550305640310067698215232883529342326299264199648413306012887290237414920781750094326818569,-384,1616614187000283507310697235336648680832479876063170646465039000270175169466570677893191037329671341157285501757193,-384
3,3/32,1/8,7/64,3,3/10,4/10,0.05654087203429483177570887691751409571234582456381779953090285743458277658892664827426064422311494728358123255901875087529715201953,0.05654087203429483177570887691751409571234582456381779953090285743458277658892664827426064422311494728358123255902172343967410797369,35645180643917316556462679734484845787944989510245869165189599946767825403492970129088957506897776934561471582417543,-388,35645180643917316556462679734484845787944989510245869165189599946767825403492970129088957506897776934561471582419417,-388,-0.0003043762759428409491587670113691244893641747511563795437799796802383349794439166397822151397002291741932547430383840106586357231568,-0.0001390467917811383823786170746930990987391747511563795437799796802383349794439166397822151397002291741932547430383840044624886593979,-6140434386296471006293308626366750010603799690917387429018028345289643013155364406361114219709190562549761756224221,-393,-22440847570326271948011267568499974584001516559340182033092175774586544798890526324654365729947569832120254070707943,-396,0.05623649575812461715110687784666621145735664981266141998712287775434444160948273163447842908341471810938797781598185299811946474324,0.05640182524274106706877349190229975637923164981266141998712287775434444160948273163447842908341471810938797781598185299811946474324,35453292069202208174016634370435208544157240336104915496209768990743924756870182311634642387027488569912408672126809,-388,35557521083239073220165140190021069068182614019985731890945851205381946015333986690388806691269545399474134695364441,-388,0.006988965361747630731535459095487820241391592302500002561204472976220076421712901103767547325586303763436002989487180290037625393610,0.04418418595138538707919170909548782024139159230250000256120447297622007642171290110376754732558630376343600298948718029003762539361,8605601765311454031963371055700032725348556406491513020074014237035222922560087163921393912546293829570765941533,-379,54404549019972903729608225060256056512897268165272572164985885373595546216703075127785452640196093188402022345501,-379,-0.0004934976774493312317965616056591094177119035651590740756731392625093220066955302916814973730518244754486324464314597892003316673566,0.0003576729562737549800338159730762421447880964348409259243268607374906779933044697083185026269481755245513675535685402231919624601612,-4977868427459797311069742231874083102245474475226167976103809370441065656902485290078159097961337697923109827032789,-392,28862529616652749499438407022624703731666454972974096010339920426328045636715744530397692847235587201203289419565401,-395,0.006495467630183364744249667333883886604929688737340928485531333713710754415017370812086049952534479287987370543055720203422234665826,0.04454185896177407681471475522450888660492968873734092848553133371371075441501737081208604995253447928798737054305572099652905882697,8189902586014870439142146711630651487739150962146229907786450976225667093827763030963314439119185714213836420750629,-389,28080617644972018227876087520926317250125588724444821287431735655208241505369294001386095247190953714984355726986899,-388
3,3/32,1/8,7/64,4,4/10,5/10,0.03699473802878660636817921030230704315028871457659501615572955686425805511694118829861047273297681914864692505045584439135014570944,0.03699473802878660636817921030230704315028871457659501615572955686425805511694118829861047273297681914864692505045899778408301040360,11661335176353922764775003926164016293382649570044577825911274498263964067132871109260298505939070629571361869230307,-387,11661335176353922764775003926164016293382649570044577825911274498263964067132871109260298505939070629571361869231301,-387,-0.0003514683123910101321694463622336518259971587562724006645914374783060685237418475297585405093059612034297919905276239523907283488166,-0.0001327463005679630632680863272910248728721587562724006645914374783060685237418475297585405093059612034297919905276239523907283488166,-14180921981610897147343210242589822061758426823476231714353548836427105648933600594280596915481508076268104818365633,-394,-5356001850907980384326947061382272457259116833197441452475217884432998618803069074089317852175461472113873256715457,-394,0.03664326971616822256056653188059463155866655582032261549113811938595198659319934076885193222367085794521713305992979557389678964046,0.03686199172844601698035435603449477804304155582032261549113811938595198659319934076885193222367085794521713305992979557389678964046,5775273361650457899530847680702972577773485821793138554865689306431288826509868007369858096142341633970412936316245,-386,5809745705982687999886069693492402721394251468342557735237660321829315458327156735998370430235568958302581831058773,-386,0.005843049701948724358202665065752802674314803401180860384230603953554330883414128743288282621942639475727324170453566478866267125791,0.04645866531151633676779433987044030267431480340118086038423060395355433088341412874328828262194263947572732417045356647886626712579,230227880562024552079929545167709556269907547674323904058634950373504200478654820042741457986899377932653762190995,-384,1830564618480583949175477722503168936859250687258359992823734474130569705333646537780628475218418423290909902773907,-384,-0.0007545684922508378347816382536465253405653164673920761240979279639661565069028216308420243321248378701443175164260185384078759271138,0.0004287707514020432883439148774569902844346835326079238759020720360338434930971783691579756678751621298556824835739814863767123279218,-30445068705046069183171612938504547717181259189461249170751563356543112569464464562868870544122279180692033033122669,-394,4324973517715462779558020798833302255401235003017375443735661461984417782795680548022547449663852935067854319211301,-392,0.005088481163313656733001686678439285146249486933788784260132675989588174376511307112446258289817801605583006654027547469551214353000,0.04688743610930260984655759488156428514624948693378878426013267598958817437651130711244625828981780160558300665402754746955121435300,1603970930616970324209202248740626463567977546398823417374790850437911685788664095880427961322871441285022337670961,-387,14779672384894333482201715816507875397906098339489274731154407377558699549473170654434823060995711066625200921452337,-387
3,3/32,1/8,7/64,5,5/10,6/10,0.01163098551158474509093532538291753516191965691526600130638250100007173959024351950344376370289554103905830366059049851152220057704,0.01163098551158474509093532538291753516191965691526600130638250100007173959024351950344376370289554103905830366059393821581858744287,29330186444648738422704201769574870849396364670175723333630117823957878301847731143665530892372330797760589174857475,-390,29330186444648738422704201769574870849396364670175723333630117823957878301847731143665530892372330797760589174866149,-390,-0.0004064021415590193791038364366304841709984679418876613388116501285819938781343238906446121266736614963915929407119736062417896359785,-0.0001270913559867128932571977571260896397484679418876613388116501285819938781343238906446121266736614963915929407119736062417896359785,-8198686566367471550363726394329967213183670645127840610025812112245786864865197895287125591966910818474054754983949,-393,-2563919050801478662036636783198078290335530128084300371419690458411977824933621404281862138236073668540185029337101,-393,0.01122458336957097836094502482732953145967118897337833996757085087148974571210919561279915157622187954266671071988024460872107484376,0.01150389415605277954856459174474896505342118897337833996757085087148974571210919561279915157622187954266671071988024460872107484376,14152675311353027585456850107239107250048681184568230381396375374029180262023059984355198894670728834448134743605753,-389,14504848282222651448972328963740260755377733437281734140893398539262587746712244953087270264563915432874064444735993,-389,0.0002294608641876509874507698681890839590329613821812892938849222902519128061131928410438475874477216426333918857050790712325268409075,0.04525738067631559879476278158693908395903296138218128929388492229025191280611319284104384758744772164263339188570507907123252684091,144659494280829700082789839288623253406460218550784367779091146822697895304912513606467160380117377194822483602311,-388,28531705501452335840667182095212662841629491631575526314116456533537003442966637293501191836210233517069225231149959,-388,-0.001098903104152539458445100684505287188018931680448694598648484735215608280889420410050527275662792821598744568348446105717781681062,0.0005149219406895482052650166555826034369810683195513054013515152647843917191105795899494727243372071784012554316515538942822183189379,-5542270325639102400215734710056748764455093670591393661454904259600161280325260929240717904112290870671692831077265,-391,2596986559706758258923683029485318673225406832876842076445776527013474192492837695202656286164858051090497885752431,-391,-0.0008694422936250758755970968533035079164859702982674053047635624449636954747762275690066796882150711789653526826433676293153729610099,0.04577230267066533440463056427950899208351402970173259469523643755503630452522377243099332031178492882103464731735663316379145120013,-1096248660506325371595463591456157095712417734044946860269836921513515291385715049707546993333385280026985993926103,-389,28856328855244785208886197270157935881488449862434465163904325174543123097985354427706674791013614431829891343549717,-388
3,3/32,1/8,7/64,6,6/10,7/10,-0.02013998276657528340725032442810375912478719623878665709185181115168976710509312119659906756481697338916212828313594369460159139712,-0.02013998276657528340725032442810375912478719623878665709185181115168976710509312119659906756481697338916212828313229223078315350680,-25393783224444074977600170719500770557815522783725955260818401952036028758839221148408172651695612495313009557296511,-389,-25393783224444074977600170719500770557815522783725955260818401952036028758839221148408172651695612495313009557291907,-389,-0.0004696475002762415141256144974232417925195075812038942178585205161050134723105672694638606806665905962874494058463750008229104633727,-0.0001207669320225793097557118866444331987695075812038942178585205161050134723105672694638606806665905962874494058463750008229104633727,-37898350010379563063557480386767336946699678605673054198767959108032269100957734702579427922888651482836233919832265,-395,-9745324859132356237536433096868579770070016554939640226179703548389083393320449237775455895835257268233547196833993,-395,-0.02060963026730627227226240304448452044855670381999055130971033166779478057740368846606292824548356398544957768898049285198463576767,-0.02026074969814311536611957219579067279230670381999055130971033166779478057740368846606292824548356398544957768898049285198463576767,-6496486235982407576116443557111678855358306749284684494991555398508357543347104118039524353752063078252464283482561,-387,-6386513481198660847453539902184159223224336264299436473015097384761302744253280612181573237012633437962906827651521,-387,-0.01302868596894664047606750933638465083959218654569345602166170996922075152478649336396097742413295975422970672661496116866285154330,0.03754887802142652393929198773392784916040781345430654397833829003077924847521350663603902257586704024577029327338503883133714845670,-8213701844469013398551319130065229490928367337371149355935863155803957024305948475450121645422925784645908075005317,-388,23672017991486533901417269208131701565221441154761520830283904100936446797701558205517655961024992818232118619781755,-388,-0.001554920606802834499989754663863333999880238465265699211838392531554266266056771797539841520404477985897384372981832579994185301155,0.0006311031361763250786912374626015097501197615347343007881616074684457337339432282024601584795955220141026156270181674695749912089166,-7842174897170783817611123762793342422076569018988673996998805560816882779364729551413946837343395346403229166830493,-391,12731765597277977378369533217151771284019060961128422135107020909658112186165669303793789307954333051424832987197837,-393,-0.01458360660667229483633682408935931296447242501095915523350010250077501779084326516150081894453743774012709109959679394693374288474,0.03817998118852566887826278528564068703552757498904084476649989749922498220915673483849918105546256225987290890040320724272649335697,-36775894904440398446673269796425499615022709846062144053964413610702290026061536464515943474744031617529520226293731,-390,3008735710737026116300865621232459003489346975820948303742048507016595992288509977251666593186715428440651623293249,-385
3,3/32,1/8,7/64,7,7/10,8/10,-0.05899920011461378490396943743670852045557104561272586545758927632617186227136370315406486833749784326349928673924212790299016913573,-0.05899920011461378490396943743670852045557104561272586545758927632617186227136370315406486833749784326349928673923819092071503323487,-37194989575973283534712341394199260509033951297980806634730080713150642111196044800829339967432361061642115914430811,-388,-37194989575973283534712341394199260509033951297980806634730080713150642111196044800829339967432361061642115914428329,-388,-0.0005426444447387395269060924112861228256669658817452177793961959848810893026093631325656783195118758127243172117035668556202674673107,-0.0001115799025122170644635751307075095444169658817452177793961959848810893026093631325656783195118758127243172117035668432279733397929,-21894430488611692946935907301676885630081319472550903237255953523030204528940642092016835799873911178760978027076167,-394,-9003974676847551880683336072360691647222887526560498951547968893199355162852525278565606358278519081543740555965581,-395,-0.05954184455980727178176199396695216281248801149447108323698547231105295157397306628663054665700971907622360395094372609398075086736,-0.05911078001667125461754654844845851046873801149447108323698547231105295157397306628663054665700971907622360395094372609398075086736,-37537090052644528564006973884739314458916732782338985121458240127415187661884107693028163627814143242949021906921963,-388,-37265333127849467706781421018313225800615119239182489909143014079661563468482464795057073166097659672827910676703723,-388,-0.03815417676219758614321017807732147856879747788804281472311192260221388641080820536308256133316165211958347932895744937701058890024,0.01939773043863433376531338149299102143120252211195718527688807739778611358919179463691743866683834788041652067104255141609623526090,-24053617747239032598165090246521291088186000513441803394491074347096527051226727423254071301627623969846442810637281,-388,24457903838049914183124591950482723932944986390275231658383850964397177502896739431674296970670643185737108601505855,-389,-0.002151253312763653106772205107486826400962920486006203034820488539030841523361674923206466844547745651021251101415122828747011630364,0.0007898291408534745054609568187827048490370795139937969651795114609691584766383250767935331554522543489787488985848772208221648797069,-2712438283504883529883672210093039420372369964269689717949089460309128981877903122638704223949897617781844779497323,-389,15933876583424783549245217813862917919574929720165139720166591917489506049851037954070704009767128408318531463579985,-393,-0.04030543010952203791735365622557978934476039837404901775793241114124472793416988028628902817770939777060473043037257141265077636946,0.02018755961404860693814561135254521065523960162595098224206758885875527206583011971371097182229060222939526956962742858734922363054,-12704918455389855607506302855935304651871005716572007825282144876379092758170723153707014545133874516641779611327435,-387,6363442792022609214690944196113688328414517843230071921272901077563614894840990987371231831152860305087351215629365,-387
3,3/32,1/8,7/64,8,8/10,9/10,-0.1057101266484286265667056074345444247091417990896866086609130533464270062810223794401177307761361397182452060110781820661527189093,-0.1057101266484286265667056074345444247091417990896866086609130533464270062810223794401177307761361397182452060110737597025011963906,-16660764260892119620541176965665244010428397047574779480507651223272677684860532777010705924934549286857906083397943,-386,-8330382130446059810270588482832622005214198523787389740253825611636338842430266388505352962467274643428953041698623,-385,-0.0006254330164077751180722734342096627858826544572478925807225743613412640782100880332636892304822256892018011951844060401523158514611,-9.893564577884402411127299170477997338265445724789258072257436134126407821008803326368923048222568920180119518440604015231585146114e-5,-25234755162039137473028293141828850545487618505750984427227216856822032041456525698450833818476918819027941880449699,-394,-3991821238294836776307822942215600970798472402632720978857433621325906675259272500651766828403828425472449995295395,-394,-0.1063355596657458963865508091066691265575244535469345012416356277077682703592324674733814200066183654074470072062603760570186845752,-0.1058090622932979758890439521883341656200244535469345012416356277077682703592324674733814200066183654074470072062603760570186845752,-16759337523387178664794573205226189263828088491162654575249525109353238049984155010275809795042350910564116836777765,-386,-16676357312460865163199249929557597395764198146597778235008295503122382705349081630460846588603625582075524985782053,-386,-0.08057090634593991440710422424816071304017906676687280224846774471563787171276084441277075858231154513349960406927125081391554329219,-0.01424884336648760241445896057628571304017906676687280224846774471563787171276084441277075858231154513349960406927125081391554329219,-3174655351091843774580385000853896581145412862374040627324731389447136325797202285790336050213157628040009336214581,-384,-561433014617798881598795979902669831890223195912958406222736427536803637476705693150684877098477541970923253126197,-384,-0.002922773928861776146150937088285195517718065699462620272228868196419563217479682554030143866967000815339893104578572776256728355462,0.001006785190707827207587847701753866982281934300537379727771131803580436782520317445969856133032999184660106895421427322881624664681,-14740884026326008383402410668119068785556254948210590687301826359666038077894729355331850722102029974804948533075717,-391,10155355218613249302537825330772444393451517388910336052085901119847149544485429476748061070085370557022598089228791,-392,-0.08349368034392328788799770741798887730789713246633542252069661291205743493024052696680090244927854594883949717384982259878874144622,-0.01324205810665817787212856679298887730789713246633542252069661291205743493024052696680090244927854594883949717384982259878874144622,-3289818510271045321563926254236426619203799346352856791706610742320413995052725774233941843562726769036447249412851,-384,-521763655571561270022547679666490157807074963916606481381942041849013962796588568902062053960309531414279476556531,-384
3,3/32,1/8,7/64,9,9/10,10/10,-0.1611120376397796421440315560422037318932362805391509520368648638153163794777081365620999211676666243585553798715640554668105717800,-0.1611120376397796421440315560422037318932362805391509520368648638153163794777081365620999211676666243585553798715593222052839780942,-6348137505396338025530605427798398028373714813111935624895118621566557816325180742896937897111409678044670928934159,-384,-12696275010792676051061210855596796056747429626223871249790237243133115632650361485793875794222819356089341857867945,-385,-0.0007186951764141252027032249934590102218298700872575273881511763853431669209779203338560316438380049864530022449101771270242051863062,-8.189776080494474108790097307326803432987008725752738815117638534316692097792033385603164383800498645300224491017711463191105878843e-5,-3624708069681687629554280577418882353254196008993504379830127351955544799419273496845609112688364150286671871720381,-391,-6608765089192479948703419941297735596709085838421127494476412141843434789818812539924103381576117015700613115919311,-395,-0.1618307328171032620485077092735777811775661506264084794250160402006595463986860568959559528115046293450083821164718602130470049551,-0.1611939353996750921833465287773619608650661506264084794250160402006595463986860568959559528115046293450083821164718602130470049551,-6376455537226562126011343112178402123247608327882143705818295884062110335686064487029926793430381562861131266784297,-384,-6351364441439209375255713402197690736843950312981530863098776539624292480353226290018565138089600851538897780079657,-384,-0.1474681867955880629352514501227846618293433473376399263101164723587828073027242107368607980164426358546555205464844908770289679658,-0.06945217493629776113547728020090966182934334733763992631011647235878280730272421073686079801644263585465552054648449087702896796579,-23242169639563277501607030025242754581256110743133018015416672485844476974473013193202805356532109233707703271404737,-386,-10946220108772310915283762491011896939937177700627960603333424832289871933548270201662246827396095118178657028781249,-386,-0.003928058974391154555966974166375379274105957143389624917043546978137871584342225475001123890587612317614409997820351634230422283578,0.001317555211305313201258062454718370725894042856610375082956453021862128415657774524998876109412387682385590002179648365769577716422,-9905497859120845744115698027103156453737691784049306739605439588595949888811184327487465532644250785613198907309349,-390,3322516390396402441317160705082948192383663913702002078596736390277339315757067663919646375969594619012719436464859,-390,-0.1513962458427387936330526833223631661034493044810295512271600193369206788870664362118619219070302481722699305443048405284923298465,-0.06813461965223287179238495871298816610344930448102955122716001933692067888706643621186192190703024817226993054430484052849232984652,-23861263267225823440564618709990806336125151183618924632483418078819668039458326594113195992672467673359156635884691,-386,-10738562822905042682751082388890108201402764002038760527579723189209594029378839092224844888547902688939733631229075,-386
2,1/16,3/32,5/64,0,0/10,1/10,0.08396702565553157792050092129544339788018971191746238625639372008646335040339220362171224118375203406174974911679361462104491966737,0.08396702565553157792050092129544339788018971191746238625639372008646335040339220362171224118375203406174974911679631752910166083379,26467754121376555528281937150829166664257137384910424029883001252436393928385680222242662423123876624609902151752909,-387,26467754121376555528281937150829166664257137384910424029883001252436393928385680222242662423123876624609902151753761,-387,-0.0002077028143548093722983779290293301140935894547811744897306700170169054384002511530098495576087649439602960270044179623163001811627,-0.0001756416612055661900285215952967251336248394547811744897306700170169054384002511530098495576087649439602960270044179623163001811627,-8380321360093973578029448011853279856423958693389772556068202759044742463441509036665900970993182696703955985753293,-394,-7086729034922740565348019304437609991732144771222526146507362812228538120938163928572421734590939608438079850538189,-394,0.08375932284111992512934173535154437782468987246268121176666305006944644496499195246870239162614326911778945308979054684874298906260,0.08379138399438285514933320771501636268797112246268121176666305006944644496499195246870239162614326911778945308979054684874298906260,26402282860732903401766159654552103377134277653393343267810841222102156965082333097924268784224945364845729638688429,-387,26412389050809139575552578183697707374441277558110221208341289676745058387123561151520131665885431928865152509847213,-387,0.003898339173654070865315152496002924994447928857905523120826875127224198146777859702994973521269264810375664775888800062501126819317,0.03636311291706745959441061148037792499444792885790552312082687512722419814677785970299497352126926481037566477588880006250112681932,2457638148415440543395044834066303999608449915784112866038847798421510266026899404833188995143567138442426880275645,-388,22924473607655746707655761919992907381065804282416128597247149154500637592553929531799165242217848110444260155110589,-388,-4.849667052175405702522254952779916449003132543777603874924672592332453926476240211955856279321644411288026289095721140504636412711e-5,0.0001632948047726220843664719962180504448849686745622239612507532740766754607352375978804414372067835558871197371090427901439904018126,-31307630385605096834359851578906943562993598118446839474561585653514503834565253677637245567031772009060951809881453,-398,26354249357270557267272203990366125754913726261163126299215240672637171996860314074404022476601486815159699695395493,-396,0.003849842469367326004969969113879300634645397532467747082077628401300873607513097300875414958476048366262784512997842623387675862050,0.03652640775560507248209704430919180063464539753246774708207762840130087360751309730087541495847604836626278451299784341649450002319,4854128538660928072719778148741692506025439121706896637292724140484507185632157661184743495239305955072948532377407,-389,719606872359191214113715474499006452947450951402872370783486495877113217538329471167142361872404136386541617511901,-383
2,1/16,3/32,5/64,1,1/10,2/10,0.07935726914072529433681771336270458476740238591668485305832313391643642400601094244244815187263739449488068372809323460165852915067,0.07935726914072529433681771336270458476740238591668485305832313391643642400601094244244815187263739449488068372809589309573311729323,12507342441647209745649857377545782632256276730590396488872330780606201186173386642122800809280197942187938203772401,-386,3126835610411802436412464344386445658064069182647599122218082695151550296543346660530700202320049485546984550943205,-384,-0.0002329727629957070787946965106447521653892852068486419486549963849107924973312329145195140665035072180012595569591731413463820457418,-0.0001599513368490826435896839507540050950767852068486419486549963849107924973312329145195140665035072180012595569591731413463820457418,-18799809026351089156298158398068562068813122933985467549708144963319220281808601410617607234019381218728721876831473,-395,-12907322502449428310015984088083816304929923466165640802235051663858938495730836560944036031167136386115137462390001,-395,0.07912429637761590042030140082232045271920060070983621110966813753152563150867970952792863780613388727687942417113539052146502926344,0.07919731780398989853094964544168995955513810070983621110966813753152563150867970952792863780613388727687942417113539052146502926344,3117656016156174954176010025810023858430269636408745739646607465923879605313192220630811751897051704574733952982679,-384,3120533206850632790979819960577050866695064507011378721414585660401106652432905671733537069117467912219994983210647,-384,0.005304666843368447834760044584352355597736421889741987759320594803562893984831726466572662357884541032323013060814703903587486976057,0.03761862925217557650259146548278985559773642188974198775932059480356289398483172646657266235788454103232301306081470390358748697606,1672116126657695391151142307044872383333109296259929344872208814864993342758563977246763169645263841743507931983059,-387,11857995703152709432555171278302292571705292916654570060389694933399312791372540632966231577985560057874965210524883,-387,-0.0001541646068505973715541858877441361189250795008771234097755582957576500514510716285225799221980075535397978281508325264949664321412,0.0002280717205178485557230214868286177873249204991228765902244417042423499485489283714774200778019924464602021718491674797011806316178,-24880721077829453467447615728944618808397234753682532873326915431436456138853154653165907303979727952901630207376501,-396,9202158945348217522013337773867533120577544046116813332534025143978689521378547738195057884910145111236683492184291,-394,0.005150502181266047330500468243269596431936342388864864349545036507805243933380654838050082435686533478783215232663871308934902842568,0.03784670102794522819101987742295709643193634238886486434954503650780524393338065483805008243568653347878321523266387210204172700371,6494083803545218498691712565118425004090942961830911045429429599122615061071683277071467982641900191621920012840403,-389,11929887587329497497120506020955303847910027686188773051046751788218961552352756127467811978993123954236518732581749,-387
2,1/16,3/32,5/64,2,2/10,3/10,0.07002321685080066388797439169051374270812586248759653292023192140560200163570672368234064269996352646669700851621523331658726619605,0.07002321685080066388797439169051374270812586248759653292023192140560200163570672368234064269996352646669700851621797429377156709721,22072441793973776555995429473447870414929697810418877090144614026246984911571413259665805217776132752434837815068433,-387,22072441793973776555995429473447870414929697810418877090144614026246984911571413259665805217776132752434837815069297,-387,-0.0002641949930272112163605951106180174423307206964643957256558608880852485866661296429173466279321198500976932701791777300174311491591,-0.0001475436951828832883278690611947996688932206964643957256558608880852485866661296429173466279321198500976932701791777238212840854002,-5329824129185061159105692616354648108956064255969092288487943573398349182177248358215942819484438336525313292022807,-393,-23812168056155773339615370574320176677489914587195203673643100576421251368137583662049052399196729585919556314308791,-396,0.06975902185765976583389218055015634538298264179113213719457606051751675304904059403942329607203140661659931524603742404282574858455,0.06987567315573146743736813865905832292204514179113213719457606051751675304904059403942329607203140661659931524603742404282574858455,1374322705744964003719347384934275622608635262373088355948827219709639742499029567758112408505974647720892755064287,-383,1376620853329683326691646129385238774771598151840044236620330264874503873788027513219671764839690354990917774718431,-383,0.006719325552955810276139437190695237419531291432113392611658925631908331603882326353671666805298207066919542916856137424457158325975,0.04056044487541595503436392449538273741953129143211339261165892563190833160388232635367166680529820706691954291685613821756398248712,8472157026341011099706336279407164750157965779497137921932576719640017228144460353387696385089689079709634865029833,-389,25570606404954498570966500169600571240170383772665133071528611498837161596445805486934651884201471607592796448960869,-388,-0.0003001772633637617448818037604725337848040501032092210670495726730219141243462634831065168483920044280758446568856365923854822222231,0.0002898472189713768554378201866710209026959498967907789329504273269780858756537365168934831516079955719241553431143634200068119052947,-24222896928922988060869463559990179983147910218560583328216386345143480154096512508796284786364399899134071724317645,-395,5847327701973963933303340276450156749206693313097285541884073814257325603082367315580074264624976748672349993433357,-393,0.006419148243662566091724757415513230978477241328904171544609352958886417479536062870565149956906202638843698259970500200064675600343,0.04085029214031681432933462069676323097847724132890417154460935295888641747953606287056514995690620263884369825997050099317149976148,8093674203915749357505945243109090581543584427218862830930097308623032156216899724203513031534776865254991408833113,-389,25753335424596604970756882387326252441771940566256056232962037992719762118802030776163649906854986364004144179007789,-388
2,1/16,3/32,5/64,3,3/10,4/10,0.05574012752252815679632286278353157521658936007764435553998883351049617906900757067524171842958792961579868912285624637502836429543,0.05574012752252815679632286278353157521658936007764435553998883351049617906900757067524171842958792961579868912285913645629560749098,8785091400121891541082372398879595527154109801281734656001075370116580878566888020167205428236134649013629617638499,-386,17570182800243783082164744797759191054308219602563469312002150740233161757133776040334410856472269298027259235277909,-387,-0.0003014569947019076099173287339011922740921879710443365902043900369854783790044776017277060338234392899519198653566900408842026891135,-0.0001376149986746490358860353417197957897171879710443365902043900369854783790044776017277060338234392899519198653566900346880556253546,-760192663884225365554441798386637927385674040289508785628518009917177112475143730387386910147479106033505901038265,-390,-22209769596908910003740457301535503539123739876367539924041877697624743951354916431850310226756318883734044655398463,-396,0.05543867052759887551096230199015162317687217210660001894978444347351070069000309307351401239576449032584676925750100018511754696238,0.05560251252408088143588005950129053919249717210660001894978444347351070069000309307351401239576449032584676925750100018511754696238,8737579358593291539860374919111511580203410065313694028943538601938357483421770867079111171225823164994189784971419,-386,8763402172035746099531689475914983838468279382508665808249757616485894040167313654528109184781411971246078803507355,-386,0.007539861533528351025587740945520571437426458663868173246219497944134527479576618270408015895822566326238504877943534817775850486947,0.04375695104311981125355404953927057143742645866386817324621949794413452747957661827040801589582256632623850487794353561088267464809,9506741467649294959689933519573197783539408349918842803314205108574162299349206052536196057108686747992093220695591,-389,6896446624545346695048438448532688373767046074005262842557432200764981623208382907036355563279739113039506485677509,-386,-0.0004950581792088342465132717938457654270595312539857783672721914192799024186540648315239019322757589481523769254831013659673357968078,0.0003525208181001943901508803515399767604404687460142216327278085807200975813459351684760980677242410518476230745168986464249583307100,-39012570889524511039239046836498802896045713384185243608562402469770520880998291806318640321120974798403928547117,-385,28446776236322632589651059611016702376872883092282868959248209492625139262237352790876848358511680050158999869541377,-395,0.007044803304752055532449880185305177104116927409882394878947306524854625060922553438884113963546807378086127952460433451808514690139,0.04410947191078746689032951885718017710411692740988239487894730652485462506092255343888411396354680737808612795246043424491533885128,8882540270919065497332660078794347540220807799065482950741546047208538091959585010223886792062745578966705405328215,-389,6952006742194143997541281760759814045219609565883177315347921437661427082491646283382438285218457934668838902124395,-386
2,1/16,3/32,5/64,4,4/10,5/10,0.03618132372140725640905487590626643455994994275402085853496906521849778916170163841806616410654662591722505005994734033199903330949,0.03618132372140725640905487590626643455994994275402085853496906521849778916170163841806616410654662591722505005995045565560433826891,22809867863434292399196393811145553238588790219119042405775102310845363994366802480596444585611217252982697895091027,-388,22809867863434292399196393811145553238588790219119042405775102310845363994366802480596444585611217252982697895092991,-388,-0.0003453092706856961254234835959681164802466539120423393642879586386809092504606104013213678361154967731410448013145229788009574882815,-0.0001286687557219676332752630568750989021216539120423393642879586386809092504606104013213678361154967731410448013145229788009574882815,-870776193486736462822530368828240002691907962288279528949451170817261725375144070366057113017273387730912484308235,-390,-324467655055317522497631793028383367646016330427015340810275044263116129293888239340395458121849901921292520830219,-390,0.03583601445049418660818816025081955831407828884197851917068110657981687991124102801674479627043112914408400525863437461844731622035,0.03605265496591266245122284490887009542345328884197851917068110657981687991124102801674479627043112914408400525863437461844731622035,11296086907459632309995690874731408465979716397373593605857360973953724630280666891624700003426261373240293459302643,-387,11364375474906903341035682666182066851316833285156036941197775560006592132252506550258438010792565468535878810147059,-387,0.006097000135369483676638986460248490077245271173401204659719573582531652413511387861303487038913156763099061804450791452247327447801,0.04569303318511683150836506067899849007724527117340120465971957358253165241351138786130348703891315676309906180445079224535415160894,7687489187623883980381310711674484849973439823878143406668408205836694171712366426544183780078909973339929986227141,-389,28806354827072511389023889169296185010885967467892554454674690743840851799699021161059518955635757648197770000870883,-388,-0.0007541833613798983203884115637987853080731717129179331640776338184194191233422892399003138185125725113680924032169741332531499511868,0.0004247511466816038084510812340527771919268282870820668359223661815805808766577107600996861814874274886319075967830258915314383038488,-30429529577787771277419813361818446070946327438941683198257250963399027458386273357928144799028882933778501394679009,-394,535553514031174835122056897113823491082335827359252688486121785269153106605441871128415126785256040055892721502681,-389,0.005342816733971818478241732428187986019172099460483271495641939764112233290169098621403173220400584251730969401233816550671941590510,0.04611778437181620219482498438131298601917209946048327149564193976411223329016909862140317322040058425173096940123381734377876575165,6736566337861046576180368288679598713610454393886786045020684391003520097125492110162263477568849213236586713441693,-389,29074131609316583582475704245572126604750091730334395679768843997588905586257893733597059407798589752437098913723087,-388
2,1/16,3/32,5/64,5,5/10,6/10,0.01092961219627437137606788934650601713324136648793537515953815139619124891238721186490711663896072822657941761995676612055026657940,0.01092961219627437137606788934650601713324136648793537515953815139619124891238721186490711663896072822657941761996013682455295142603,13780756719417326524337079218741707459038060114030569613198791840445935940353221361756382313499651916746665231724739,-389,13780756719417326524337079218741707459038060114030569613198791840445935940353221361756382313499651916746665231728989,-389,-0.0003959010326745507011090161953703742117840873241793860171360209818166004083051444369622073479382490263103746340752742016009146007403,-0.0001194253412670101208512427960173468680340873241793860171360209818166004083051444369622073479382490263103746340752742016009146007403,-31947356042448117563644959699517092231639221516620542513455572116671135357595828611039528448864754370964938996299231,-395,-9637064778975760561611864343003382177094753129053426682751282715554294856777608103816145519192842343469975884772831,-395,0.01053371116314507332407240903217812339020727916375598914240213041437464850408206742794490929102247920026904298588317725855840027446,0.01081018685546210860610311066944618979645727916375598914240213041437464850408206742794490929102247920026904298588317725855840027446,26563158561361400066815217691068095338186351085268464778267956490377104481088111641373536958937270982845613276542065,-390,27260355165638409839118823432569969672692952663176502137145746657899594586125603908312752483559536786814956560331889,-390,0.0001495864214452422881867123799259599792221972036790964976702491774706226665286887735561031277169791766514494501531138266010435072983,0.04411154509010561478383795749711345997922219720367909649767024917747062266652868877355610312771697917665144945015311382660104350730,23576020418727650590213673950903030235426978353926006278744235741611661138677264349791225476946504324110359397191,-386,6952333491891503598266914495349543026494568140426579726848971593381476072553394952325163438936635104344511255085895,-386,-0.001094244309407246231474285174727324906265493857908509385448604866868834908160421283657483111055547403193146387459665101112473037144,0.0005147813646353949537497710691691594687345061420914906145513951331311650918395787163425168889444525968068536125403349236721152178920,-5518773895633115357832093106104002777508334016717322197701908434335371842183253508509307627003171569063447401445481,-391,20770220563611891502871462925505207170794074217663285770680693990190163859672434605124814148046311281055161964969145,-394,-0.0009446579288892655230693435009781227395432966542294128877783556893982122416317325101013799833385682265416969373065518693415476507006,0.04462632649566827131736949927245937726045670334577058711222164431060178775836826748989862001666143177345830306269344892376527651044,-1191085362162176494512922896162246596790623845270634755481848506746698557642159974319905284510638302650806922662883,-389,28133868689674309627688329095230926040170408055318663875705934859170500043623843956001183067597472753633445899785743,-388
2,1/16,3/32,5/64,6,6/10,7/10,-0.02050920036453166088422273718249001666068692828580506238835526851739765881424435578734374811519797048290747767737841658466151056566,-0.02050920036453166088422273718249001666068692828580506238835526851739765881424435578734374811519797048290747767737477305191131428675,-25859316475083917248082834584537439461713731470297581749698192606718166745569158113745406814635841498328419418565245,-389,-25859316475083917248082834584537439461713731470297581749698192606718166745569158113745406814635841498328419418560651,-389,-0.0004535994786877621578790961569961683212583496930643075957237170319993987385923386493994283701794026666688082729093224724983239969864,-0.0001083151816331577635177193946060316025083496930643075957237170319993987385923386493994283701794026666688082729093224724983239969864,-36603349954429972601178948917011461230984856147443355778837045968082717006722313221573195610470989308469905674432911,-395,-8740527017724468602263944332923634763483360851250736860942486312713166050928300508639674761069818409146722121118095,-395,-0.02096279984367417039298829745844370451319527797886936998407898554939705755283669443674317648537737314957628595028591710490032451042,-0.02061751554571007129685399245813852873194527797886936998407898554939705755283669443674317648537737314957628595028591710490032451042,-13215621909347630111986886769634224383636695791400262715517295865451928204322962488427304599033477672275396558182309,-388,-12997943604581243707997845418418333015533818624199616632929174337209956377634091045085390265380026386346902765033381,-388,-0.01338035644744393649757380323078151856936274785406504392651413811084690371728255443786353813990942563426023023244671070138552889154,0.03608327798997181233703618212078098143063725214593495607348586188915309628271744556213646186009057436573976976755329009172129526960,-16870812404868889814765887787306597474881890695169328289659369909485852695789220087007449411507627720231585308625009,-389,2843507085894187757294357188271908305182043583399757516247619226581850279193998055115917675518940722196862386166649,-385,-0.001541438842930600676033254240369549224224452831135369024084368221699691289178191475849907095194356603260679628962941796673497750917,0.0006388663175059457539584678665640445257755471688646309759156317783003087108218085241500929048056433967393203710370582281110905041184,-31096720814343508078387021135641153681606084148866081176579628912842782639581277445492612134783019056111200619023991,-393,25776757351461885282296626188876704559852495532257850461507526032313025218518747978690059668842978353008077135242003,-394,-0.01492179533584927226225346936690302091858720068520041295059850633254659500646074591371344523510378223752090986140965254762820315253,0.03672214435295249317964106188309697908141279931479958704940149366745340499353925408628655476489621776247909013859034784892520892804,-37628715026205648938833728797109383925068888948775166184805249619956495190872243659125715743364060477983355022359217,-390,5787704637359706678941659046377931535370032667461662852011380738407388436231968957300108421838107307054305344126037,-386
2,1/16,3/32,5/64,7,7/10,8/10,-0.05869193458904066431146817366052040488784306578264278419689485125157727072352008650085195434841155358017030595508235838750939761208,-0.05869193458904066431146817366052040488784306578264278419689485125157727072352008650085195434841155358017030595507851657805316104807,-4625159940711519434040485521655043639222528422692572601000989848858745012565732522705446445344977727384261732139903,-385,-18500639762846077736161942086620174556890113690770290404003959395434980050262930090821785781379910909537046928558401,-387,-0.0005191933930491222254102304582656932827326497726548733576268490907726611891501731873725128724204635987969946431716437415135859316433,-9.338287438548372118819505024567375148264977265487335762684909077266118915017318737251287242046359879699464317164372912129180412550e-5,-20948235561009754376894165962275440576328943689361748964586753950006980073476409395472260372549107998209426013533361,-394,-7535559874916263685001904171069315586592057381728644053968761025959329909074796664623571259747945061996794775300449,-395,-0.05921112798254453388776486823774361770182571555529765755452170034234993191267025968822446722083201717896730059825208000985004076497,-0.05878531746297140068176990459180855910807571555529765755452170034234993191267025968822446722083201717896730059825208000985004076497,-37328595706619620211461614455352255484698127994286428759225621961806017769097294437958886232089653950684881849398799,-388,-37060151086928251455364202610625475529887716962235765216033514595918068760517141671074882612217850320732178105480719,-388,-0.03853216505193177543209461125703634711105449941550796717871019323784072921972899735786081547471711060847690131265933137242404689146,0.01789740100686412372066112604765115288894550058449203282128980676215927078027100264213918452528288939152309868734067021378960143082,-24291913698187369847388231280848199006014652941804463209928390108820719164709203533665436477497753812834100025382291,-388,5641548042974535952181040963452403249025147051859827384731210063860422264903902328927622319412426838243068997719351,-387,-0.002120381718813981826185292546605826228261934244507656417910464071382047999600317296638835869506167917431717687019553556718395140584,0.0008103388689418044288167292429449550217380657554923435820895359286179520003996827033611641304938320825682823129804464432816048594163,-334189174493720352787811634471887281769951613510115667158812907951836211401431502326216564696670755870306007122965,-386,127715908540897087625425031612196097392036286803068557055093938958040146270774303350394884822407434725793658698731,-386,-0.04065254679075464069728432503777303271431643366001562359662065730922277721932931465449965134422327852590861899967888492914244203205,0.01870773989581481158848227652472696728568356633998437640337934269077722278067068534550034865577672147409138100032111665707120629023,-25628670408776493646484871132595263057255937570226033318989187921184802626943005361456969180669538878421015329924583,-388,5896979866363451321404587683606552905889958712656518219054171032054871865759488844871745311249792728747501953142029,-387
2,1/16,3/32,5/64,8,8/10,9/10,-0.1042241097554888544998190001405852747518352057896513063816581178490348770619332636357763345400132213842425314486959062656911612877,-0.1042241097554888544998190001405852747518352057896513063816581178490348770619332636357763345400132213842425314486915283160217917928,-32853112147195761077821121491514301813182465452683487409333062663273319901046901940609094135716094418511895647437007,-387,-32853112147195761077821121491514301813182465452683487409333062663273319901046901940609094135716094418511895647435627,-387,-0.0005922102348818395191130568839187991856850124250597711599729795748242881486872433557077649346023282644009198665111872084464714053378,-7.407301594916013044094346533969762318501242505977115997297957482428814868724335570776493460232826440091986651118719605417727781994e-5,-2986786732080956247927052945219412153159153134889291448094921866704516400466421298004403576241749514300934006093937,-391,-5977344887632761949415383235598398934291519625332742039979513334491438989581096573704434869217707011667729107879695,-395,-0.1048163199912801887207049852624191130000202182147110775416310974238591652106205069914840994746155496486434513152049043010262419053,-0.1042981827705285199284870153680099333125202182147110775416310974238591652106205069914840994746155496486434513152049043010262419053,-8259946579559377042578830309885466921166918347803409687121257605102387695249854657811357490059989020573617433409129,-385,-8219115287594097306796816598331751361776695208405093202320174374192244619919146934897266620853805941846864250861161,-385,-0.08031800120362011732262240126823630200846026874198337580874829241810545643108335513670962460392399134012912597566432935918973506252,-0.01517861533203093351524935439323630200846026874198337580874829241810545643108335513670962460392399134012912597566432777297608674024,-25317523048856472817782766754139309728194301289553136470411952199707461117958981033084485197720057964894545980389275,-387,-9569086325845937405618963930276925618062312188247174329960109482206515592134182078170566947629349335232998638284597,-388,-0.002860888588755107054414220718841048616606329314123164194026559286458549751114743371759114542387687703820521962242229794321721345803,0.001046394335291632881460718246002701383393670685876835805973440713541450248885256628240885457612312296179478037757770255247455164268,-28857535974738684201365156670564731260297493103732326569505569721527520007859770541269985504454732980182730003929097,-392,21109778474512896550600523248122927679674139920802066492018265481404065934902465782355304036148283777757622573813743,-393,-0.08317888986513480051887088102028047562506659805610654000277485170456400618219809850846873914631167904394964793790655826126627922704,-0.01413222092397972449195437711403047562506659805610654000277485170456400618219809850846873914631167904394964793790655667505263090476,-26219321071002042858976143016202666533099467357010421567391812490881084512073827623384020325434453901626513158558299,-387,-8909405702647437068611267346556666222030756499790809968718916211160861743930022500702267535099344404975559201760437,-388
2,1/16,3/32,5/64,9,9/10,10/10,-0.1577477106583830507258486900259721704840403193770958586485802439313461234954364649198176683112707137321633842088637348072993685668,-0.1577477106583830507258486900259721704840403193770958586485802439313461234954364649198176683112707137321633842088589761663544017245,-24862305091314609586722453063143474811566067072136324064588204637198231443734257853879725808007528032853181739195709,-386,-24862305091314609586722453063143474811566067072136324064588204637198231443734257853879725808007528032853181739194959,-386,-0.0006735644189864418190953533706559400899806121964384851954154521695971795307154506696129392397205284970583471290932419359831284051762,-4.867239816283320086572576140301040248061219643848519541545216959717953071545066961293923972052849705834712909324193598312840517616e-5,-27176744356428418823587415568181830997156141523223716931422348340649343769215656899747947915279955731425012792307627,-394,-1963817097221461039833953540567828038364475271222429641674893778618471518830769543038142884760107732215263011942315,-394,-0.1584212750782789872467169716345431496365209315735343438439956961009433030261519155894306075509912422292217313379545931846454219397,-0.1577963830556363892249414875494601418240209315735343438439956961009433030261519155894306075509912422292217313379545931846454219397,-24968464249100251761251470874682361394855088683761202020674590755637492245294439193399896530055966519498443550824949,-386,-24869976251707287255409924974685641583884547869864751368552979620787360545643007867651688253146746044112764754926069,-386,-0.1453285360416861457473479067525450558551517387485597826070439408160247259277390418943386462821060927934260192351378833452946348943,-0.06860222934619507023160083644004505585515173874855978260704394081602472592773904189433864628210609279342601923513788017286733824976,-11452471755254911830887503423215876746490034906805039118556757684703044720448399968274836938028121063236144362772629,-385,-21624523726282026717466115134876174903932461569264377435157299822393172888025032057089622107445498014628224654729811,-387,-0.003819010258971657918239239468836885000396781173248308403323924005152809076974627241297046886457700085582766627253081054115062432565,0.001388927461143638624405261263584989999603218826751691596676075994847190923025372758702953113542299914417233372746918995454114077507,-19261013233676204805311960001596442525404192854570560382267063624741692790681410033774807514705064557166101046724119,-391,28019982556325939883819873671164135814486877749083682349613235581340687084771949730753794294764130840542829554558885,-393,-0.1491475463952452526499716829645460033555485199218080910103678648211775350047136691356356931685637928790087858623909598390454584003,-0.06721330179046398262281103843329600335554851992180809101036786482117753500471366913563569316856379287900878586239095983904545840033,-11753425094484973032938235210975989070681257977746540339326594205986797398310296347340143931672947994549773172930221,-385,-5296677867255987974727624989455890910725993468519900009814234601961517435073868238349072891669891819953277254432429,-385
1,1/32,1/16,3/64,0,0/10,1/10,0.08332987147189265246232676329387917664880478378113929103716682110296112224247462399443691543390872613074671100387279539309119057670,0.08332987147189265246232676329387917664880478378113929103716682110296112224247462399443691543390872613074671100387542216289281227364,3283364112080269834225019653254452601313501612359525862346138658260983005849299365524426631164721146990417523328787,-384,6566728224160539668450039306508905202627003224719051724692277316521966011698598731048853262329442293980835046657781,-385,-0.0002092381862969410842254356793734853895066098486899333196603582885478193155330754249497260948535059659737408422734680001013899710544,-0.0001775960882885079892787681273791616590378598486899333196603582885478193155330754249497260948535059659737408422734680001013899710544,-33769080066025123886721789382030879844553985535969986822265159243311873323050812434277182696810433641712853363467673,-396,-28662342333231975604917914897484092121498324221582551298418524990977011859385913659901800757182697069182735212094873,-396,0.08312063328553886795924051959963600131789192393244935771750646281441330292694154856948718933905522016477297016160064013968746388695,0.08315227538366098789190880318136970493117317393244935771750646281441330292694154856948718933905522016477297016160064013968746388695,26200957662120285395771481297464382210067070841651292354278995430661570631402600971190274139300014277770696912978979,-387,26210931759290482929384224357185931731327759038605901642242262780744061983314242146547858632276943740656265513845795,-387,0.004956743314633266134349865963284033349500595991876453488850684878571873229578644510107464645708138090386495505397127265244243388614,0.03634754601656843821534351830703403334950059599187645348885068487857187322957864451010746464570813809038649550539712726524424338861,1562445046376934895132770529293224532928549326750462694400170313092347547502722622509863236056801487509278704848773,-387,11457329866948504580319204559471133423009304531606651363998841766153693699204365389548603791133661653328986997837701,-387,-5.015638621598826287664112063635137834127087850204263825603652999087702220516234165281866862449934138715917665152037288059442713274e-5,0.0001586957349884842332976347544552013560337291214979573617439634700091229777948376583471813313755006586128408233484796302174791047467,-16189540273939449281363448412203236152580271910212451966181531030039762252631573934060339992878650141210588832476293,-397,12806001322716430167187486044975121596271238381946194179650409499388262918760021896002771640249870864910803766441183,-395,0.004906586873733908927375914538005958338346825113374410850594648348580996207373482168454645977083638748999336328745606511300604540308,0.03650624180624029139273846336613095833834682511337441085059464834858099620737348216845464597708363874899933632874560730440742870145,6186539724864361463574231329012426075474191962155848400236333364422032884642179441949455198525090970049857504719847,-389,5753676663426220585730080940642196641499743110480156215865481999425497611124056982841191626752310449806666594031229,-386
1,1/32,1/16,3/64,1,1/10,2/10,0.07867952109893364259123373613840192818912575550312128364811979463600896316778474750464421943397789138327742622790421497944006254496,0.07867952109893364259123373613840192818912575550312128364811979463600896316778474750464421943397789138327742622790681002496871779629,24801047822956268399025925003407355434518915232415703539085487643132750292981761538742221732384418951553727312551479,-387,24801047822956268399025925003407355434518915232415703539085487643132750292981761538742221732384418951553727312552297,-387,-0.0002338404864825867081089826454983147211077543525741231547805530979309809692389794544222765040770586845489528487288912294377186227870,-0.0001612928114649554446368428101406487054827543525741231547805530979309809692389794544222765040770586845489528487288912294377186227870,-37739660481965182688968605574280421368211302251608604864974154656052800026020248840093683691427583635496514077435777,-396,-26031146421354745559686278048640899034957886299678531411622473712895042615027903254861039289273172676236203491698561,-396,0.07844568061233736904540313746316423358520550115054716049333924153807798219854576805022194292990083269872847337917662048585599445046,0.07851822828758237398431850935800065936645550115054716049333924153807798219854576805022194292990083269872847337917662048585599445046,6181834387135398558927922082069042477511258106063896038688207651190436835578880017571882795324626353093325617410495,-385,6187551435034473956869876902240630688770089554796647558844479222930162997122426458784113460037162831515699797864895,-385,0.006179505647080100198572865599506230984514337473524029105107469322704888067362714181130829705574584428161710376865410343385324674285,0.03763525564215526642400621520888123098451433747352402910510746932270488806736271418113082970557458442816171037686541034338532467429,1947879358375238270819223348888264748204999461168770715047915977658211543364758904809084986780401328299200984447649,-387,11863236608120736739458890910294057913320343754528992342422032785125511112092155800728283251627665771713293578992289,-387,-0.0001570138945527604774363988574071999271615343449634683763574485524318491387832654833645702350001146675921613046391357724922592343362,0.0002242172574522966060064083401636008540884656550365316236425514475681508612167345166354297649998853324078386953608642337038878294227,-12670284689588014486103947661126876217680340793639211435622845644883330394185861436539709706213039573548420943877417,-395,36186561607573369206347452143752700801513625656845202523608234755314594656059703015308408989918426554493503500899759,-396,0.006022491703641999500841573954165681447977803128560560728750020770273038928579448697766259470574469760569549072226274285870300507039,0.03785947294849290325030751633697818144797780312856056072875002077027303892857944869776625947057446976056954907222627507897712466818,7593544173588365052198347338807139990675155985866786097612501746983844077526329239412377766080277955025482034386991,-389,2983478375417493075593332811599381949346049172029234787393835979685977486102665120474891198039134338071548914889091,-385
1,1/32,1/16,3/64,2,2/10,3/10,0.06927976572289213738522747809800620209112103930925029267178684819540081681564843533909719455196009892532048179377365539325764845119,0.06927976572289213738522747809800620209112103930925029267178684819540081681564843533909719455196009892532048179377632023218682988287,21838094066385230749613274114952454968938505122108071828320196863871487322564891299649438975069665699645473236255889,-387,21838094066385230749613274114952454968938505122108071828320196863871487322564891299649438975069665699645473236256729,-387,-0.0002636520740667890622196058331705100452068381962393203765341316217378860202958596008236887504291011457473967015045286666571068943321,-0.0001476513939439371442337791024423606311443381962393203765341316217378860202958596008236887504291011457473967015045286604609598305732,-10637742751817603901333033612336595466152291157106127599099543571632052645441850925411244575736312807561565151015839,-394,-23829549625693362746608912070723765202778269303843945530404535113709823569335236763384048632326335081009945289084539,-396,0.06901611364871166148528625623509631216310170111301097229525271657366293079535257573827350580153099777957308509227045674196007153424,0.06913211432906188707871531502530322134278920111301097229525271657366293079535257573827350580153099777957308509227045674196007153424,21754986701100819803259264922487156240370095238993233878496477287159712085656956169355781051695631715944052794661581,-387,21791551977308384316373648450933241691515923923323947950161879898785922649021454085284837080210747366332721400715981,-387,0.007456867233478917779950678102751764836317907074733500372094497575363920665104893773348861169130699812887359633724106636151045485796,0.04040223637092997044566112732150176483631790707473350037209449757536392066510489377334886116913069981288735963372410663615104548580,587631057878454552226646663326123770539911645488634896950907296913044954065979931382022344350140170856382381823473,-385,3183858335671154184319905317139430734750930804130351259761332104289458926408527490568424256844381808355278672500209,-385,-0.0003036214793694119480117510093848842652766012078502187154568154537443078401436701622192907329770788812530480894433295599649393376579,0.0002862038136215966615215589271385532347233987921497812845431845462556921598563298377807092670229211187469519105566704524273547898600,-1531301812668419598137354957152834221691453030883297233778038849973500932036859659896585639545052806130946304657225,-391,23095305088511758974226604631502227261295729488982002253953951424379072634123746728089604481476735540152714351315825,-395,0.007153245706815781339746658721784849321041305866883281656637682121619612824961223611129570436153620931634311544280776481355988027283,0.04068844023184529159937495462022234932104130586688328165663768212161961282496122361112957043615362093163431154428077727446281218842,9019271413257203920350148572048428495361462609386644324394697820938034207986469208837606089895497151306113682591037,-389,25651298786188713599416317536739728667413449550030826829887326688407287828252309085010896594676832653681306386081439,-388
1,1/32,1/16,3/64,3,3/10,4/10,0.05493763463890156561222771509716046251049029222583777363812818444263611221107078386167567034690307541302238195817615799443161484261,0.05493763463890156561222771509716046251049029222583777363812818444263611221107078386167567034690307541302238195817897510987103521325,17317224163658043725791396486726476255774546372621759565513733096382726765287145051252327955716755107121199263902965,-387,17317224163658043725791396486726476255774546372621759565513733096382726765287145051252327955716755107121199263903853,-387,-0.0002987074976367213026870628164400030185485938128617245675602216930178613046198119666683468439277065110903498996856571407699882971665,-0.0001358080846379808577959080503572393466735938128617245675602216930178613046198119666683468439277065110903498996856571345738412334076,-12052146864938579992545707616473102968677923252687732496623627538718159698028722464654255795388530713264018900166071,-394,-21918150624977664581848595657581908679762834137072417221306453525571017690164188984002405648349591761471801327261403,-396,0.05463892714103747063409742022124169972631669841297604907056796274961825090645097189500732350297536890193203205849190918832004243544,0.05480182655449095842987503910628198292944169841297604907056796274961825090645097189500732350297536890193203205849190918832004243544,34446133532408078475699886822469883971707119760620487998944704442239382982830908634238902864126188262278265377082059,-388,34548830551580612112809326366141199486725149608195365313079755428914791045183768919041426814874020780993532159281867,-388,0.008041739260056623027029342713941213818863662359828075857807069709500059975745350364591860075428469595352185847970515753539823032854,0.04335394929510132293433219915925371381886366235982807585780706970950005997574535036459186007542846959535218584797051654664664719399,10139541124945274073296224145409849060960663887579253125794856888161881923897721937156981808707678038488639829899087,-389,3416465157527508780946942456158879889165356489877750609000997244738854247716552905798682938732230181982077865078645,-385,-0.0004986294895136812309820079626667750462341927113640425076194837117807293823609463129513092986908196376601860960857955302467316975798,0.0003496474158307104763489341912638890162658072886359574923805162882192706176390536870486907013091803623398139039142044945378565574558,-10059265144587818935380194184920594525554551209990089042692598148361807862263059024402157896203991227684843480078591,-393,14107453076597730624875639916763784721394196707135432223687642973257288923493275871874868124011836343717955321351683,-394,0.007543109720065985847649817546989770803879469648464033350187585997719330593384404051640550776737649957691999751884720173723914825203,0.04370359676140898935907865055480227080387946964846403335018758599771933059338440405164055077673764995769199975188472096683073898634,9510836989763948796110477561652032058480591829850194111206768320171178639519170936676393516251913737952349310503359,-389,861004695198881346420358242080331661622221642066354225787906186600844508364236268362976094883344806972819058545959,-383
1,1/32,1/16,3/64,4,4/10,5/10,0.03537604776857624129546329189574515505732958704916081411996337672220290347904543160230669982258630198521096225654755775971328272370,0.03537604776857624129546329189574515505732958704916081411996337672220290347904543160230669982258630198521096225655059694506346821365,2787774506762776298159058687813784368450557438495927074173267135338088906027984424580299525253292907068913405404739,-385,5575549013525552596318117375627568736901114876991854148346534270676177812055968849160599050506585814137826810809957,-386,-0.0003396027805804471742035528773495224578248225490862363074730972575532346658223832131702400881375470974112105504436656007716884950205,-0.0001240330064531583362864038104244736296998225490862363074730972575532346658223832131702400881375470974112105504436656007716884950205,-27404351210994840108626387632802148132006448435090896752616970737783189428209495318263643555482949451543815908749583,-395,-10008881743513151882871147656917839315776452842385735660826607438127314648221659588055666383867097940508785602195727,-395,0.03503644498776842044581650695891687283387976450007457781249027946464966881322304838913645973444875488779975170610541035128745056414,0.03525201476235045663462012014479944119325476450007457781249027946464966881322304838913645973444875488779975170610541035128745056414,22088099560122969533424446379653331859366778695768483650683299428582180778354306034712931186244756554391738326042099,-388,22224001665624357549686918130916280633906336403936063345358946782327940904996326360866241608906757713460465211131379,-388,0.006289043267647508889921913157892285412902132734854562671353329259473662533051644349662958162759046233461972879321605248056756258942,0.04496933994993451646018863679070478541290213273485456267135332925947366253305164434966295816275904623346197287932160524805675625894,3964814748819842055342059101877072452211211331251601022591013075306499603696960276452592232923871881343603165153797,-388,28350115381681433874540403052543707093555340736547357429746230420160892812486863513191248161691146291032833150732805,-388,-0.0007573640437606763388523731159088276167490548651510195805793875637398165841978851307435662815449978829790505924383207083331635682716,0.0004247709070347673897137966228607036332509451348489804194206124362601834158021148692564337184550021170209494075616793040591305592462,-15278931325534488891393526323044931835469783618634869553525910721555803312143132159657060070851910012699358792255265,-393,34277019465793552322002717928603628260836792927390268389044802772010265713182435279518712851850016249822575195054973,-395,0.005531679189326033883698267001211973421153077869703543090773941695733845948853759218919391881214048350482922286883283796185945039601,0.04539411089153008251727370645433697342115307786970354309077394169573384594885375921891939188121404835048292228688328458929276920074,6974696246217304851160664087958239653965909311203787903889315379501573552033440147245406858089146877801108361253783,-389,7154476154511545713490432161665930361178238529714990324658578404331079246886717152913273445627850199382691510428275,-386
1,1/32,1/16,3/64,5,5/10,6/10,0.01024740475920709945212369000893474473261281948812274616505245745464263346617866047826258791458143743104238811688358909613145791132,0.01024740475920709945212369000893474473261281948812274616505245745464263346617866047826258791458143743104238811688688604119949577189,12920585786215693082146634952874585152538816908449363818963571199867611564680153457198073500562637831344780085393027,-389,201884152909620204408541171138665393008419014194521309671305799997931430698127397768719898446291216114762188834331,-383,-0.0003863004425546283101869681498389087542227839722939445780703959755355083020454371190799257252348220590514974987743022443953347867136,-0.0001110097990966356093270638605933032854727839722939445780703959755355083020454371190799257252348220590514974987743022443953347867136,-31172633459112743405047650949813763522107363147131949430206699939461155241383933921058252580905358528767862645863227,-395,-8957970005741859921023182721147584393310013590611123261227878092917477506887265970772796830568490114274909923193659,-395,0.009861104316197723791050257740138316447140035515828801586982061479107125164133223359182662189346615371990890618110935262308671417301,0.01013639496056521119368309026729896097839003551582880158698206147910712516413322335918266218934661537199089061811093526230867141730,24867026775687363624890495057762079747360735248152571723649042464758267608373597541318834203936973932110501619829673,-390,25561235010898702349756331201518718740437739362590412530597911771200346376963541290853739504205019623173532078967721,-390,-5.024672203341732732361033352547991818094796914517049061189860185274571760770540000246567040565296104147346145781531180979073916373e-6,0.04303659899095388292241900615414745200818190520308548295093881013981472542823922945999975343295943470389585265385421846881902092608,-3167714644654752860137601302333509169128943081237682433170890271433339992798832811174533055226914854944670731569,-388,27131653441812948584456523000795719394085586485425182841552073012721242009334697293581114964022180635472234905613007,-388,-0.001095577076335291439700664572061312552290193277687799256299602961620235936060463922276745666553577718350597890504071042610316086801,0.0005212076025095600019807204682218905727098067223122007437003970383797640639395360777232543334464222816494021094959290069588604232699,-5525495648050035284814728371929169497990105330855012936329681306982225039809028107623856044221975335903882763101245,-391,10514752094049072082815968478756304373342116878873946729126981296100590802844834827399277920337817717218456637304589,-393,-0.001100601798560841769944078690741008981608288074602316305360792821805510507821234462276992233594143014454745236649853168621413281573,0.04355780664348565152191077970769649101839171192539768369463920717819448949217876553772300776640585698554525476335014683137858671843,-693854702186515133325461932442267006821587545390882900538246505036058011539116892480822649545728937107158206245305,-388,27460239476287588056908005300405641216156223073842762277901156629616232013493787928154008509995492544399539865654855,-388
1,1/32,1/16,3/64,6,6/10,7/10,-0.02085024296809398550886401722044834645700007171856601039234807081332602807699683502087186046422988934126473436821483112529112842175,-0.02085024296809398550886401722044834645700007171856601039234807081332602807699683502087186046422988934126473436821122248924119523301,-13144662442002714156039592477965890668483606203134148241309945845147478073318232175588779015704468822209695050259337,-388,-6572331221001357078019796238982945334241803101567074120654972922573739036659116087794389507852234411104847525128531,-387,-0.0004386335202979534133729124228319812366977009873251133101572051687847454113282640699045505595135451651412888829274824230510245680608,-9.545017328484381692675592106196170544770098732511331015720516878474541132826406990455055951354516514128888292748242305102456806082e-5,-35395667322319429561149774954785669302621709533729743551525472557038041449814994901873908722119534948396355305802063,-395,-7702381197755070170336521310657677445452756325847957388612518701129986180270551647751686950735544830779706983778639,-395,-0.02128887648884668627312339376223784722494777270589112370250527598211077348832509909077641102374343450640602325114050904443277448267,-0.02094569314092408197490430902255278863119777270589112370250527598211077348832509909077641102374343450640602325114050904443277448267,-6710595546622511013242417016875753160911549588232991243226136869983268188534138591385364764302390004066403643452053,-387,-6602418647411744157373293805877025580806722497165132392381223003516428742714115250412889234499168973530697900124821,-387,-0.01381652381269979185971433955856053467546228076010252781191725795316370159078908151196362633367771567621857971728449622019088012924,0.03472787871259478025523011844925196532453771923989747218808274204683629840921091848803637366632228432378142028271550496946935611247,-34841520440360260721564363760010662021505890719337975664809626907920703399638865633552073540329364809817623572595011,-390,1368348092221295461092502022687373906833300792900861978115111358099268373775768718533963257925453214084502261934843,-384,-0.001535331544712534103586026844708592807340348172166526551327470558123774825838141906491057825449438420074335681805444624539726785313,0.0006542818538012225888234885361507821926596518278334734486725294418762251741618580935089421745505615799256643181945554250294497247579,-7743378308900246549338022123766563922673932951197136733534474843112440720416584126968571829621100787663656352496573,-391,13199369040724090463997046792822078539868388087219920272022615218774547506103063848434950922736924530769048050274573,-393,-0.01535185539379211403421749591987068998280262893226905436324472851128747641662722341845468415912715409629291539908994104300731295484,0.03538216060277579091497073650200431001719737106773094563675527148871252358337277658154531584087284590370708460091005975009951120630,-19356604843275164317918117643163389897463167413399571799154054639490238667662036370287875888970328664027239605514129,-389,2788256222624792670547581898922735177090571152763133006253162461568860872980906125336481552980370731004978226009351,-385
1,1/32,1/16,3/64,7,7/10,8/10,-0.05835581751020266486033952237957199439580117664576644403017658883853985091603724696366629317903968755140152507995050881426872859613,-0.05835581751020266486033952237957199439580117664576644403017658883853985091603724696366629317903968755140152507994663210811222894194,-36789380530122733615458135965119881847620157944372215162488917341281292801031329163344098806257362908914690232694091,-388,-36789380530122733615458135965119881847620157944372215162488917341281292801031329163344098806257362908914690232691647,-388,-0.0004974962122264886764635096016441926994294223178089467379491980459940726722950149461337818236083817810504722070552754091480465319632,-7.502037953376285972192387013784504317942231780894673794919804599407267229501494613378182360838178105047220705527540914804653196317e-5,-10036402604457415526015977524935151970164197264736373436052056038904588868748655680586261591000263122323153338545141,-393,-1513448171133537162332813600116507615629268295435461736174814013646307123560535811801174082426380642261802060133365,-393,-0.05885331372288390088768949610017370662648059896357539076812578688453392358833226190980007500264806933245199728700384482938581858950,-0.05843083788928168036917498213075231990773059896357539076812578688453392358833226190980007500264806933245199728700384482938581858950,-9275754527949678794411223550431364489650137494123699364002894808241064952025772503218370020496218362656513621335433,-386,-9209168946295992331195569362793042524673952927751250679524586284685135323429807636987956223831108746211651459063177,-386,-0.03899619771101482266444361153840705107129327590170487816364035252458921738240543662536934138911658695195296607961190329986000036855,0.01654563574419386630993688162565544892870672409829512183635964747541078261759456337463065861088341304804703392038809749324682379259,-24584454781523683990834675913734766626143684565002280152065338063698711597527364901501925385477862946869259955029141,-388,20861799747712406423179334143845485205270022042539546141221566640852453599316906634088682595900867287718473804379863,-389,-0.002100231065245466815977178465780115734604469170854693158911983522770555080970832806121518672509502380707693970077921718253475773537,0.0008405812975490646933030263071691030153955308291453068410880164772294449190291671938784813274904976192923060299220783065311124814989,-21184849266345487677508397753900939335513657348548496257154926397182665182952277612205631934363876229494315581115319,-392,33915483642471995911827794658945162826536917313779112168344275307621197896583205461253688452160595542800677489332517,-394,-0.04109642881445906695488377599661880743089774507255957132255233604735977246337626943149086006162608933266066004968982432414500500109,0.01738621707994170847770289392525619256910225492744042867744766395264022753662373056850913993837391066733933995031017646896181916005,-1619281742797000777410918852829199670955325064228155847150279547672956936564035778199616741631925001179310899229525,-384,21921658659703127231215454470764760344943126465323008169016228842704981660710512202611041329501275513743634393568609,-389
1,1/32,1/16,3/64,8,8/10,9/10,-0.1027280534040413364667267867096068524049479632763606379826432922132318728178421439046279155619475063742684832647184172777700691481,-0.1027280534040413364667267867096068524049479632763606379826432922132318728178421439046279155619475063742684832647140647075190728097,-32381531174156637699902999904842744798351304496139355629990769330900633093484304412431346472218972984505397732085179,-387,-32381531174156637699902999904842744798351304496139355629990769330900633093484304412431346472218972984505397732083807,-387,-0.0005625555379513824435828083094857327369255288895544383957804725990483026749745499570281827979925310527046031481732285774672589268151,-4.873760394487167549709015457850617442552888955443839578047259904830267497454995702818279799253105270460314817322857746725892681507e-5,-22697796395188634269992659398388332386490552490999154858486198712477725866648637423726084288877634357226799169896091,-394,-1966447997576451862501159389746838185145242904172298942642447295807118845364188567438186031802883914069500651994779,-394,-0.1032906089429022136120825232570076242043734921659150763784237648122801754928166938616560983599400374269730864128894689009279470197,-0.1027767910070767134404509486262703195168734921659150763784237648122801754928166938616560983599400374269730864128894689009279470197,-16279428854390368116068038247672003128516761402537428575484363949404531965870431125907633553367290911029998905709317,-386,-16198447024425508201540015636811894679879995419364315545917064154965963802270173388051698349791840347972649997554437,-386,-0.08014555595906056393864087974302398199671875390202751341231990772406069181888730704244686474379982436378429034312183815568614350207,-0.01595730538570858468296461021177398199671875390202751341231990772406069181888730704244686474379982436378429034312183815568614350207,-3157895692512384818431978046937194360922326260755733571793065321167127295637470631646047072030622086316897079154119,-384,-628749845685448648787212673853264811432586485944745506122777360760943167226963137784238026307318809723204693415367,-384,-0.002821316123014216240697727257279576247534526075284067202361777632211803530297287876539839601735054854728830389081855929622118517179,0.001104079067876196536964549964400111252465473924715932797638222367788196469702712123460160398264945145271169610918144119947057992892,-3557296491551801506363279365612117450663590460177685961542131132258349901463269116303348971405929639980452180228817,-389,22273500300168876416706826028426398310382562216371025297109535017166460366253299338490187333272135164703797055869681,-393,-0.08296687214392041989989772717852621449425327997731158061468168535627249534918459491898670434553487921851312073220369329220143785811,-0.01485322625598674842544094006915121449425327997731158061468168535627249534918459491898670434553487921851312073220369329220143785811,-6538122420620441789990563016398140465028061674465273118165111226042777743813606694749083671922904200491589503501115,-385,-1170493825949678065092762346359994601948306339039091092696123212418703564951038213339468541195253916100268095652667,-385
1,1/32,1/16,3/64,9,9/10,10/10,-0.1544298653035756207041361295168718152786383589895364312312290879756811393304541607695058452894798554079005134088682493962707736895,-0.1544298653035756207041361295168718152786383589895364312312290879756811393304541607695058452894798554079005134088635668935809263166,-12169693019199702799112460869536989579584527875062113058540406337739472977896156400227545303196509561311760267230251,-385,-6084846509599851399556230434768494789792263937531056529270203168869736488948078200113772651598254780655880133614941,-384,-0.0006334719500801244906774792914160599038371628567757793839962569663595206469660102704377100338099635593192609197456004866822453045562,-1.583946230587998104012348697270052883716285677577938399625696635952064696601027043771003380996355931926091974560047428995117703841e-5,-3194888409894292402431213849647380938877000057102727546089866323566575300668587438302356504798671143766980684155253,-391,-1278170300260023907919165934261879028874546001519685645977740328147296936119259387975252798453614773297423451199311,-395,-0.1550633372545652398965865370462029142449755218463122106152253449420406599774201710399435553232898189672197743286115044677972684616,-0.1544457047649720059834033247659294767449755218463122106152253449420406599774201710399435553232898189672197743286115044677972684616,-1527451643834496618706267290084446007466583902231779479044946160520250046024993052353598096729522109714726346015603,-382,-1521367654038984830870043555660228630355684119623978683830318461207734958916186753074481216969413917463014638076787,-382,-0.1432426456572558012917628526475750951504232085852051136371248453274417055096074478264663966668275553968016869555334912740376245886,-0.06772261089422509345561172960070009515042320858520511363712484532744170550960744782646639666682755539680168695553348810161032794405,-22576190447100527283514498626189715766424453140269459631649099239805809149804233950047565963897818506985511324576999,-386,-21347253872722155161245810200319755107731388618024243069718079992363698694586860621986294187665624231791704145582541,-387,-0.003740287905165014283551144003796104621802445528310847038029281438375426397327582552045881187105783403159332412439076192775437007231,0.001479454139408635480509830117297645378197554471689152961970718561624573602672417447954118812894216596840667587560923856793739502841,-9431990221799118017883967538984291504485006208979011920961381802787334212108572151505686496460640278181577826247915,-390,29846252118149384643824971377784042872126824220508990169860365063174321805935968138736030831824610014992906911144105,-393,-0.1469829336351803917171482556845743247722256541135159606751541267658171319069350303785122778539333387999610193679725631047255287096,-0.06624315668205688183326764045019932477222565411351596067515412676581713190693503037851227785393333879996101936797256310472552870957,-23165689847430465239582604155430338461965200732313472822550591221167961734995634089959095410276701289922488371490613,-386,-10440453080220542433142664953216835242416768790806570103315600275437855761249941179466847812609089584603091554774837,-386
0,0/1,1/32,1/64,0,0/10,1/10,0.08267656652930331462316209022574471654737678700722083216161240019297910471749579656774567673311093650629081421905116505666324304305,0.08267656652930331462316209022574471654737678700722083216161240019297910471749579656774567673311093650629081421905370299850055869228,26060980693473836841468682464420034916540069129491519765534826060292634832765103958275865875206621025540035771923339,-387,26060980693473836841468682464420034916540069129491519765534826060292634832765103958275865875206621025540035771924139,-387,-0.0002107136990422120763902133123423804435730737769956798022459802077917200829612790826251684349146996108353894872207266165939390336741,-0.0001794147140491120555885648147608985099793237769956798022459802077917200829612790826251684349146996108353894872207266165939390336741,-34007213978937105094605966512086314275386266836079470150950506088512662562492194481627489958103636281768468193854643,-396,-28955851467519823207089316703110326909930756210906588927252837635754337579898258554683587632670205527388821475935411,-396,0.08246585283020425912791106889853264616239746323022515235936641998518738463453451748512050829819623689545542473183170534767098960228,0.08249715181531104598643433342585350797880371323022515235936641998518738463453451748512050829819623689545542473183170534767098960228,3249320044206663418767919719048957099465800971606541110802296707101163578236253256994936987039894105122629234444551,-384,3250553287011781893088094822052341512192332271936508249751770319758062756873384438375711347584326131289440917113095,-384,0.005942316851120595276563745019212021457253081308451064191734776046657970675462647988493777277856428725878490960645156602649203877270,0.03638706761715762728473482656218077145725308130845106419173477604665797067546264798849377727785642872587849096064515660264920387727,936556821555172100403662133067391085805317200878862253232462727430117122793306468926136840122558477343995765600439,-386,5734893854879478911810163207611712566045762005697540396968832323242332727560825316937206305902593765755177505009847,-386,-5.239536804994425797914877054572456391745833490512042908676635454876312288491752031797844498074836890159108281061477261397381103812e-5,0.0001545718708598389330684600818407500454575416650948795709132336454512368771150824796820215550192516310984089171893852320331364867811,-33824483189821816403795225675819890067634109557062289762435038352532155757817440047386369754087165417398313184981479,-398,24946449667717778957036667748170884906775039498577726432029867102291372612250297605398099401592118327414915300311943,-396,0.005889921456581617829448061319390784198023122973545943762648009692109207552577730468175798832875680356976899877834541791309310917739,0.03654163951450649940693982157329703419802312297354594376264800969210920755257773046817579883287568035697689987783454258441613507888,7426391095312182472710218126558463675817548661452283086404352020730010142059900180777983200034871144129904733912383,-389,719906953288499219342790172117326013352139329953327176847874777923499228790498005759037236192427089533446162129909,-383
0,0/1,1/32,1/64,1,1/10,2/10,0.07798800145602276912416944202409139237212282978022729312286637226123060532451143313396291085318998464383195846245225871867510918198,0.07798800145602276912416944202409139237212282978022729312286637226123060532451143313396291085318998464383195846245482838478539127682,24583069732917046527433522738732488063193143712428588402206868048550672068655552766006633844926031871822487038019099,-387,24583069732917046527433522738732488063193143712428588402206868048550672068655552766006633844926031871822487038019909,-387,-0.0002347086789648239052554541032437553410192576611249963028048452819830124121336783436922324870343651484178160652809862443306824249848,-0.0001624224241020493925249152581814994816442576611249963028048452819830124121336783436922324870343651484178160652809862443306824249848,-37879778602678493494138541596470991273881175365015337183349743305048596097894657954895398845520465444210040643182889,-396,-26213455302256075450290076502743834233989960389685525509240363288563143357841643927202927355225506159935457102061865,-396,0.07775329277694425838119237189110825714829107211910229682006152697924759291237775479027067836615561949541414239717255597522794909625,0.07782557903203440656936614279564927277329107211910229682006152697924759291237775479027067836615561949541414239717255597522794909625,24509085790297854178952938532307961581872249433343846493814883688599599203786431592249596193929780672859418588535871,-387,24531871578065663545944519800431985588443977179492430188152387356561097004900188975150198202561451094996208812219455,-387,0.006895697151828708468539830002984673064161358387829331699276124196205565027291628127996113174645011662695677660067161749440489093775,0.03779065425629370134936105803032842306416135838782933169927612419620556502729162812799611317464501166269567766006716174944048909377,4347268830477032527818436194397478732766325482065791161519898160284624387713192786607329265501624915177072953182927,-388,23824441490756573121373284199186307969158086473449499288395178920365397263874246106799291056922094446116153951832783,-388,-0.0001612372760469932632463412583364640963524120461646790826413941934491408902334952677563406352113024572526237398211742583085023682758,0.0002216974986871738860441012083993757473975879538353209173586058065508591097665047322436593647886975427473762601788257478876446954831,-13011091762981674392059153158990964208210582781111182143037947560130129561944625920557400936336769675952949747468963,-395,35779896184820459021457095163544383384255631800247215239451466812645900816293455556629236415291055390333844524722875,-396,0.006734459841903037564251911882313003889683946341664652616634730002756424137058132860239772539433709205443053920245987131755457027482,0.03801235178885955287644673610106300388968394634166465261663473000275642413705813286023977253943370920544305392024598792486228118862,8491239309441064670445866216934184474777991335840697178795592460329623367439562226057919591068892252491290154481779,-389,11982103365793366950416695964522336402126759835668613217276952088704295690364305850570694393410686453536345494023709,-387
0,0/1,1/32,1/64,2,2/10,3/10,0.06852743993943842817150051865336967084247991810795471690963707701211283172369882477278060136072392166598245006331105345372108493533,0.06852743993943842817150051865336967084247991810795471690963707701211283172369882477278060136072392166598245006331366753381352005403,21600948904934427696806186313345470812901929714955978081354515736076131759022941985320865672400789517800494597012369,-387,21600948904934427696806186313345470812901929714955978081354515736076131759022941985320865672400789517800494597013193,-387,-0.0002631305809377188475551991978720747683794756255154582361613831871353179513475794767482827574053230715220193426420363339273373399773,-0.0001475175972604809126566141167716109011919756255154582361613831871353179513475794767482827574053230715220193426420363277311902762184,-10616701727302530115349274401061428725860318473420147384477789969160070288569016730033542553407167768433123298560147,-394,-23807956096346907328513046297372311930528151505723796837070365966112462428315557710923382065010362077760563403498059,-396,0.06826430935838702248622370342575821619128794248243925867347569382497751377235124529603231860331859859446043072067032145831984535582,0.06837992234229163409656552056633743982410044248243925867347569382497751377235124529603231860331859859446043072067032145831984535582,21518005922654040764405175239718259324492050868432436851957528609383668884278075872178596046076201979717265107390363,-387,21554448990719586059305029137164834592651712027496307618612867070106968181458058831605601016931160194259714210467739,-387,0.008110987730293164145629812689921514465720535391570175385539897733773712667302999416000802529152690638976542639220619441639560665792,0.04030405335125196922985832831492151446572053539157017538553989773377371266730299941600080252915269063897654263922062023474638482693,10226854041852507091622461845769160603170158120965042574132307566617698264154059216455369878637272232094129120732803,-389,12704484479086750137357867868682475324306707164128560420014780143139887340001852274633325630762472249676247358273953,-387,-0.0003085599759795840328448277183107134934282869791774433349273141573509658601325777106061536006081885057464640446784307333512194172873,0.0002841393129930694157368678383299115065717130208225566650726858426490341398674222893938463993918114942535359553215692790410747102305,-6224835627779533684694955574985389914401946669524395457607151408525347135986686201792502297899502054088268650975187,-393,22928709573001608143440240882568812984870283112801235524126344696469761760944567784404894932765318535127008442826933,-395,0.007802427703381876813501003648368613472292248412392732050612583576422746807170421705394648928544502133230078594542188063889046617579,0.04058819271517674194487917747649361347229224841239273205061258357642274680717042170539464892854450213323007859454218885699587077872,9837801750898324988607024797229588665061602111815948161319989138932376565321050798365763859058033866630093106517381,-389,25588099533821555962197363781811512034286930586227790340917733086547188445178004250321101816167433293949934081772227,-388
0,0/1,1/32,1/64,3,3/10,4/10,0.05413377873522150339439849365061632719774391651654281823360989359174442042103196786551434540139599841297235370850280299590758756694,0.05413377873522150339439849365061632719774391651654281823360989359174442042103196786551434540139599841297235370850559473192863478108,17063835881275562964573460070868458129843075029005750801378350558311906960119957916766010510931001965009437463290577,-387,17063835881275562964573460070868458129843075029005750801378350558311906960119957916766010510931001965009437463291457,-387,-0.0002961252769267205348472669815862638612826302230963758733121567676639397037292007620881620621610180377802804977357943453247757510045,-0.0001336369334779349355261400437200529237826302230963758733121567676639397037292007620881620621610180377802804977357943453247757510045,-2986990079072172446205545688931236469379691815588149539590055030906485406477690386842009301460308392567298653580879,-392,-1347984199926975782690711751340909348581915068216854794714250049650628223634220582128559916387248654902380675886671,-392,0.05383765345806740918410799460955130357083628629344644236029773682408048071730276710342618333923498037519207321076840441945498240286,0.05400014180197094213431558566637503403958628629344644236029773682408048071730276710342618333923498037519207321076840441945498240286,33940984882465771487759694066703037674393538885737456944709305106958559279873377504598865140016358495914035905323565,-388,34043422750199033606228130126753785731356160800047733489910078058754248958724459726904516327592177048656858989748781,-388,0.008458403757160003830959754015059825238749609176831116408943590624229941023079519164234989536773759704513570963199120065685140752046,0.04301166313545912091927762510880982523874960917683111640894359062422994102307951916423498953677375970451357096319912085879196491319,10664898472039194072387920506516164578205498240522633603979401680641333448738506244875958649080545928351894165247925,-389,27115933078089476428137240679177618506527400768821474958388459015187110018432219040602668201757298411734070264720347,-388,-0.0005044127941718182223403835922865085896763019983003695085875374922423161481466879827385195019626250210435758451867604322391395300568,0.0003492548754448795994257544844957179728236980016996304914124625077576838518533120172614804980373749789564241548132395925454487249789,-20351873066494601878476665206625534758442378420853148842107936797237662298365956257168063700780460744637765486451385,-394,1761451874099216386713303885991833261021984941035443981816345662031955062439749059663432184011205280506938719001769,-391,0.007953990930701123695680417976789429930323307178530746900356053131987624874932831181496470034811134683469995118012359459953883436740,0.04336091804319106243164233203928942993032330717853074690035605313198762487493283118149647003481113468346999511801236025306070759788,10028902398001637329861755387717045725392130715731944144926538709385454602796689061268851315188327212377233057451743,-389,1708507161419167418336768020654539569372573155376276233436499824757012834424758012396618743523757108165612692047991,-384
0,0/1,1/32,1/64,4,4/10,5/10,0.03457921582477327643081979155262867675347255892118385424809092297439997967883904498851242425255161934322157423791748113760455507821,0.03457921582477327643081979155262867675347255892118385424809092297439997967883904498851242425255161934322157423792045370198151103236,2724980952388357340084331344255647831414289941426560069135271121729712147540342297178150804806254579963911239052061,-385,10899923809553429360337325377022591325657159765706240276541084486918848590161369188712603219225018319855644956209181,-387,-0.0003342425258709088093308386475243317720886992623562471558025421191606478760800197328762451037309929323746685727814389228196413691248,-0.0001189600556629418288064775139488923189636992623562471558025421191606478760800197328762451037309929323746685727814389166234943053659,-13485901901275229112033689387366339424030182300260499103880286783932495905259303135181969063495061633899765909297901,-394,-19199036827052712326229960071674375740593601382075727031767746097303308788422763212789392018960778396321226153290675,-396,0.03424497329867499394604572084562558521575885965882760709228838085523933180275902525563617914882062641084690566513752802606621484048,0.03446025576933770827745654609815854420013385965882760709228838085523933180275902525563617914882062641084690566513752802606621484048,21589130401756089602299744887891907291857467499171124942761021922605152629341379086182457871328550142112223214674981,-388,21724851381644527726649694441990880927034006209813532556187343785878705432829644638380778176380347258670042978165797,-388,0.006400020685183329632007417777840553587028056166549273930983644214613430837727608181906775672441963323371790970883351086212114930212,0.04430762818934999232503109941846555358702805616654927393098364421461343083772760818190677567244196332337179097088335108621211493021,63043413673661598668681839390529834055335839517439407030603823182487325823165257279953312303246436614374159345829,-382,436452360116077774267378800487684570773611556358898802826154532488682033281435262055694244385996991180473132705957,-382,-0.0007633938806479961807491897145061395207400904976251190757896782951036865192211512840181120692431730055874354238312608065882165336635,0.0004281064445008125891325355967731573542599095023748809242103217048963134807788487159818879307568269944125645761687392058040775938543,-30801152425555940378174023823991162084872931554762295966062955914435876329883812830096229837532773927497049171685185,-394,34546181691263850203204057083725453875682647298242982818547198648055961746307826129204480938836777738967832622014847,-395,0.005636626767246050678568170308817812503787965668924154855193965919509744318506456897888663603198790317784355547052089511301662490444,0.04473573467114008768685369276975531250378796566892415485519396591950974431850645689788866360319879031778435554705209030440848665158,7107020889913339864976871209466266590237926060816340073028058958411685362624364821079578226957264362648033035281157,-389,28202843115400337196723007921189331814761301432151837823118671587023872934870846143105810930756159931014754972725635,-388
0,0/1,1/32,1/64,5,5/10,6/10,0.009584414012207835025916215149369648966786174406633178043717627124256480215080527669315495318514391209829285841754239568045348323678,0.009584414012207835025916215149369648966786174406633178043717627124256480215080527669315495318514391209829285841757510340588188866615,24169288979060683994917662136279406840701922859864928608197050668121662244617188632409264259448224202193932707321855,-390,24169288979060683994917662136279406840701922859864928608197050668121662244617188632409264259448224202193932707330103,-390,-0.0003771330959390034703633737587088180853862479410517742688106454759127712607048575306807086374480335040689072706007042265749195101082,-0.0001023295469204604895881366752737594916362479410517742688106454759127712607048575306807086374480335040689072706007042265749195101082,-3804108949261836376046983413253416661868179616379364621204105384977429917252610062068782216460327064407573257722593,-392,-1032189297109561295100674328284597700746649534314216948675015236176890587388747390101975557893878422889735422417633,-392,0.009207280915814084204666377271703311350149926465581403774906981648343708954375670138634786681066357705760378571155170430326790024611,0.009482084465742121887214542593053409006399926465581403774906981648343708954375670138634786681066357705760378571155170430326790024611,11609130870299237796455440263580321113791917242685902479155941880004255172805287339423913150649066579768488274809009,-389,11955620827965021489568764655006833931583151973342328432806218710473117008731731611464006387004881936513280847499441,-389,-0.0002266075473272303351788684970392112105363667970990356716567106985249746000456411743750216377746347508744507934372405084907318490164,0.04202608438097005093007992056546078878946363320290096432834328930147502539995435882562497836222536524912554920656275949150926815098,-142860671742996557968049030561144844061648528422588829090453792968503350262747036517802926832353517154413396417023,-388,26494592595026867006387554066820503434212270133003037210556044473123252485300796378890963921539373275358596328531457,-388,-0.001099946705021136212951221451689461199644497864227419367337872255035970669576493134736428745448947970639455528250346618631553178030,0.0005312189295140004196700668478710856753555021357725806326621277449640293304235068652635712545510520293605444717496534309376233320409,-2773766840764575966938218661157610417386405735687291247467975232857598181395757274056225554892616017603161648586535,-390,10716718874804575554277873678008112363541769340096056957425186416215693729719302283547119732663165275523262006757065,-393,-0.001326554304189564549186999509885898972680864661326455038994582953560945269622134309111450383223582721513906321687587523675697107617,0.04255730336232524935080689697448910102731913533867354496100541704643905473037786569088854961677641727848609367831241247632430289238,-836302414616495827561122736304745206462988868695462736605453614443543856875337339292767830553271903374494841967049,-388,26829490092546865270317256659712454703627689331232090086123587561890633875618175559512719928182861572037989299646007,-388
0,0/1,1/32,1/64,6,6/10,7/10,-0.02116351924420537920112927041595483214612506334671198929970291595285708130335684078472921450939516211609152704919454075157974169436,-0.02116351924420537920112927041595483214612506334671198929970291595285708130335684078472921450939516211609152704919101935728046623106,-26684323724726213016957807590692122385342084858047535149361100538438410369027398965123483093448176029433776073293695,-389,-26684323724726213016957807590692122385342084858047535149361100538438410369027398965123483093448176029433776073289255,-389,-0.0004249496747962523983485364680421392225687859232148157752186875841897231984683284955060695145895071899203591680714273935207516061433,-8.197980437954294361838338424086969131878592321481577521868758418972319846832849550606951458950718992035916807142739352075160614331e-5,-34291445185490443981374984167000286807330314814744770656968174256390704213824808825947029100034788187569583703837267,-395,-6615385620770730657288299863049744737257162238359227020306858379758837697479581224757613560803950348389674624862803,-395,-0.02158846891945637895036427100295449089994384926992680507492160353704680450182516928023528402398466930601188621726420721249726714602,-0.02124549904813017479386118968123818230619384926992680507492160353704680450182516928023528402398466930601188621726420721249726714602,-6805031889080718964541077399051051772633035690556765859542074635532228083053785580512756656288431058285520560075647,-387,-6696922281119345257370104849537392355759051570705689206065331229921936249550946675684549900829558278837458329416575,-387,-0.01429176575798530275544405593851141934563334324909743408130874268462136650452091715595438965322523882922499097906610009386096891885,0.03343834372175868456640958175680108065436665675090256591869125731537863349547908284404561034677476117077500902093389990613903108115,-4504993943628442721161833324059870636090633118024622328577343429919860795850866483590312596449595749008021521471217,-387,10540302612175232966350040526223317454865988569142798598205482280652504443669739055905118620233045832371037827721487,-387,-0.001536260138358669118809832178876931601547956113574060959027642163540504239185291170804614567644003792644880626510668616489094583701,0.0006769654888429401946781744129199433984520438864259390409723578364594957608147088291953854323559962073551193734893314082954936713344,-30992246523331645736393873719316542101646339913257444203006700222302469276462066128447458273787865106303322998720707,-393,27313969547401981167970030388634162769675642461879450503459394856900580474697534943856826752056698498469120505769595,-394,-0.01582802593272375994517101763398991344718129936267149504033638484816187074370620832675900422086924262186987160557676935474935813347,0.03411530924698141283200488568632258655281870063732850495966361515183812925629379167324099577913075737813012839442323143835746602767,-19956991228091971062973380635913184331757167532608379360362914958325124300920802589158912689310495627378557504397393,-389,2688423252682951006043790986672156582003628557464764187776291105414996106390731982024106029895895388735239066111483,-385
0,0/1,1/32,1/64,7,7/10,8/10,-0.05799179796053735099373015455477042296815571720112155168258174848768098052386262689268374899152336824040888967385552747647894573540,-0.05799179796053735099373015455477042296815571720112155168258174848768098052386262689268374899152336824040888967385170787401378568332,-36559890921298390817960005205537479627228321941247383443311603968894786196242502047028159306284631601756512246536855,-388,-36559890921298390817960005205537479627228321941247383443311603968894786196242502047028159306284631601756512246534447,-388,-0.0004779027490973879689468074551155123770311370076614362019484194928285613399841807289424732185121875157177300413517431676901082832689,-5.611134663803964984845406919021940828113700766143620194841949282856133998418072894247321851218751571773004135174316769010828326888e-5,-9641127465579129272252358804017086019151308296997174574012147033080950687062317451818741402570670911697566483972397,-393,-1131980609495079327971403643564279562251100177459332547003515898763496106308187601185495523532299958628488247083309,-393,-0.05846970071008948631356342612884345487643685420878298788453016798050954186384680762162622221003555575612661971520536019853717936170,-0.05804790930672064329269214450500312284518685420878298788453016798050954186384680762162622221003555575612661971520536019853717936170,-9215294038721106483679162589278591544309890298282028943098879676036441127534141206727138894030929346721456727494779,-386,-9148816328764606179990088157611877687908976988548354240439857175065986711160316887513536360096565914081221698359419,-386,-0.03945820873578523117287023612126089533081882693795292090443062828366599241721292489610592481370158876725623578916941707362785804315,0.01525267357264201325194971016780160466918117306204707909556937171633400758278707510389407518629841123274376421083058292637214195685,-6218930340424145794795039549861350478655909506653976703710123650964972338600240671889267129945635275269653342864647,-386,2403943754483291699597286971276054340543494195316235132378809563712682994330530648516906680521948433312466230950649,-386,-0.002091151872724888671202562831425315182769492266945193093838319707635025574005385096751773395174527502777290463922868400029769645130,0.0008808821771648825965691580548051535672305077330548069061616802923649744259946149032482266048254724972227095360771316743239951199768,-21093268235957243589028336911023089895833709585887401429209393151384104858920688726633005977153883718936376652709013,-392,35541529603014823414772923135625110732017100160578406179815803204935257364541147696187246736399680553423866129092015,-394,-0.04154936066126081254690263675175847613858831920489811399826894799130101799121830999285769820887611627003352625309228656417951090985,0.01613355580255758855134870602167902386141168079510188600173105200869898200878169000714230179112388372996647374690771502203413741243,-13097025329849820417675233087370624007496752758642030873553078985008217039596943718127330555184963926804479683647475,-387,10171111451236003346101011727455262699242004612824170469014936474122883544753459730103582169359307761993935287111707,-388
0,0/1,1/32,1/64,8,8/10,9/10,-0.1012230445071942484510457524127706605945858657297515381645446513705574714173925387045188510200998771560458378487532515032446378139,-0.1012230445071942484510457524127706605945858657297515381645446513705574714173925387045188510200998771560458378487489877609579475232,-31907128215123055447242818745468009821226086511528526105015476976843352267029576347419361793686176338314021346116447,-387,-31907128215123055447242818745468009821226086511528526105015476976843352267029576347419361793686176338314021346115103,-387,-0.0005349933883705608712541534093483539863348676705445943017625998816660426093592294378945138820710996391415691848146347807828306842035,-2.427524786682000179166332756124461133486767054459430176259988166604260935922943789451388207109963914156918481463478078283068420350e-5,-10792864155446741792547954867730346270403508465470445755835031665415915903951497175011385354002527978088352226695479,-393,-489724655036136229922934341920010334008872550404359371149225963481732668307148452015179532375589267408350777661751,-393,-0.1017580378964743040240728340600340536434207334002961324663072512522235140267517681424133649021709767951874070335657516865794152988,-0.1012473197541515737510644875024168661434207334002961324663072512522235140267517681424133649021709767951874070335657516865794152988,-32075766717838598114750139479227649093613902198901072443596434487082674557952183850289975290851218157110417560477219,-387,-31914780162571307748836605655609157370782214277529023596543648492055555735048510182471038372870792601478511116197411,-387,-0.07993886112538375799386174878410878825187463709467657771632166525225354453244229668463545235030443959133522397474896315872718309980,-0.01670167856221296732155950269035878825187463709467657771632166525225354453244229668463545235030443959133522397474896315872718309980,-12599006005580354337276520485694642979698615376548557284450704460956554417819699363286314129642754208035738769468131,-386,-2632318568794016699514370207087810166512255532458917497672433344398389726350205376237690110043230062704048385600227,-386,-0.002789552689079870208834685834413026707016722983987811808710198100684410250989368896215122575309301238656973002011685860529632812010,0.001165476356675639078284225908751035792983277016012188191289801899315589749010631103784877424690698761343026997988314238608720208132,-14068988459557622791011738938113999975222097865379139010234997432576627085547936306170840432120494477290188856139295,-391,11756059296636107038701068796966859564887025907804692787675906301629308704958865379221684342729247362398538389963715,-392,-0.08272841388358522553743898070006478370889136007866438952503186335293795478343166558085057492561374082999219697676064921753352195210,-0.01553620213641573090853273070006478370889136007866438952503186335293795478343166558085057492561374082999219697676064763131987362982,-3259665476458912118862119251915526182902304725906334769267470867119530250332739008568613932869776946931038545589237,-384,-9794520525559836404327305307935214932503931135463141897262647882727539162989357773068193815421989781573896848490319,-388
0,0/1,1/32,1/64,9,9/10,10/10,-0.1511581222347857337732017774743541747585008346008364705061287052332094884254775878539217201753425042631917287847190123822303377203,-0.1511581222347857337732017774743541747585008346008364705061287052332094884254775878539217201753425042631917287847143933280864232387,-11911866537860763171705720055232652153122985591932820350401621927092220699213547564053774178857129543887648877011725,-385,-11911866537860763171705720055232652153122985591932820350401621927092220699213547564053774178857129543887648877011361,-385,-0.0005960508411545878688326131418424806471960557201639916769286904810628768362200128167541450322691351489547527188974971654674527813908,1.457013459445541328880676477373029030394427983600832307130951893712316377998718324585496773086485104524728110250283453254721860925e-5,-24049253311016153771894762885976841577083875714190241175167468295505522158481752353776564881470489207360815564991331,-394,587870754378786567033779451782022172688778623783245324129285798608369347985981226122166329526310120323299255112861,-394,-0.1517541730768498163438073188541116944681968903210004621830573957142723652616976006706758652076116394121464815036141975669515960124,-0.1511435520992817836581400424716654054056968903210004621830573957142723652616976006706758652076116394121464815036141975669515960124,-23917675471611026857582283497464327649612835507173981642216759347447359146820347152995018364786879345810933795233497,-386,-23821436705443890544884584940006104476177525208566702086932846261300028153199842209187478344985170779298402010898137,-386,-0.1411625350601644186991236751820945715739724478600976894344084027572234169640037090704618931311481422485369425836537525387429883116,-0.06686174334116735744652968104146957157397244786009768943440840275722341696400370907046189313114814224853694258365374936631569166709,-1390521770284837835998863837423441196024235534978439597057819821981448119271043642659152225358464961766100705703297,-382,-21075894603443308222607490279817704765832667757319023662577135699506679885739176305937720888473136783498884015894559,-387,-0.003669212142502131621032066022837978258927732658523525405968439563192490898564106699809068071426702961499433626494132369369396107189,0.001567141371690028597922020280872959241072267341476474594031560436807509101435893300190931928573297038500566373505867680199780402883,-4626378226392155295704701416333442159007372084575458159429150248743062338410160874742286192566822083357653796292643,-389,31615239187433805056294304105807528748997133534581147204746052996042700571586048435952416411587411731063706190577105,-393,-0.1448317473081679357258154168030770810829001805186212148403768423204159078625678157702709612025748452100363762101478825287919119354,-0.06529460186397594344294798516245208108290018051862121484037684232041590786256781577027096120257484521003637621014787935636461529085,-5706661404871072438468231883748797724300955097750515498580949769973392946548289810882684059578481664681432310827589,-384,-20581906457883925086746854859807559147249326904291000894562902327248474518197762595842934665026814455104191151624743,-387
