local_q_slab_index,e_lo,e_hi,q_lo,q_hi,x_panel_index,x_lo,x_hi,hq_mid_lower,hq_mid_upper,hq_xx_lower,hq_xx_upper,midpoint_derivative_contribution_lower,midpoint_derivative_contribution_upper,remainder_derivative_contribution_lower,remainder_derivative_contribution_upper,q_derivative_integral_contribution_lower,q_derivative_integral_contribution_upper
0,15/1601,1/100,99/101,793/808,0,0/10,1/10,0.4291173240767397205969891803772702772471053580189894846987451746777572011405974815737219206638766597,0.4350985148486002488342291797942430274359087403083178594697481836588863825687361494224112151271377907,-2.071716535225384874167705413464877707350544363670666211996182784316882889855620712349334508486149569,-1.928161454941281013904902977843606911938169059594279999696456250063987437109292685744654926246503295,0.04291173240767397205969891803772702772471053580189894846987451746777572011405974811783894977927320387,0.04350985148486002488342291797942430274359087403083178594697481836588863825687361500812985865790454922,-0.00008632152230105770309032105889436990447293934848627775883317428267987012041065086338071853438441535577,-0.00008034006062255337557937095741015028799742371081642833332068567708599947654622052808401915476677275868,0.04282541088537291435660859697883265782023759645341267071104134318509584999364909725201314138989147478,0.04342951142423747150784354702201415245559345032001535761365413268880263878032739451504923111152037311
0,15/1601,1/100,99/101,793/808,1,1/10,2/10,0.4091624140595031720684415172182808462053189300826655524740146266632325554802707113265785589109664386,0.4151352691856209622866789074994259080691120016920279190727594619844904873436629117498253382093608750,-2.295076865140098543498887495886324374686348056634999941604409166361783789557367266214041244185448470,-1.903515271488946778438543156716305101460052871020509420936210417162121365917484643300934635477901377,0.04091624140595031720684415172182808462053189300826655524740146266632325554802707106676911874590587371,0.04151352691856209622866789074994259080691120016920279190727594619844904873436629122769352353708870362,-0.00009562820271417077264578697899526351561193116902645833090018371526507432456489030316626177575429704130,-0.00007931313631203944910160596486317937922750220295918789253900876738175505691322852622150209068379835049,0.04082061320323614643419836474283282110491996183924009691650127895105818122346218073747900220360132991,0.04143421378225005677956628478507941142768369796624360401473693743106729367745306273673279093426090336
0,15/1601,1/100,99/101,793/808,2,2/10,3/10,0.3682562783617095387472397032591879019250894140066693816372990630008335621185422780938282167934426129,0.3742108540489645763533708513159677847638275516490813323073882277179901267366878079384349499513174906,-2.644714088722920549969505317923601138956423387550261451913028583096454669755536064943432226802670710,-1.975099832633221237509825000898721749270717731937843068072624148580351831971187113351585896693784447,0.03682562783617095387472397032591879019250894140066693816372990630008335621185422774349408453415349114,0.03742108540489645763533708513159677847638275516490813323073882277179901267366878082019898985320805712,-0.0001101964203634550229153960549134833807898509744812608938297095242956856112398140031500389775015532409,-0.00008229582635971755156290937503744673955294657216407679450302600619084799299879946254224666109403386398,0.03671543141580749885180857427100530681171909042618567726990019677578767060061441370353900879195553113,0.03733878957853674008377417575655933173682980859274405643623579676560816468066998140836018544837410810
0,15/1601,1/100,99/101,793/808,3,3/10,4/10,0.3042869981679927626302325705292633933393968135607612388837339468898301406238826432600367286614127557,0.3102099041760849364258231221655170378490798523396685407995733976970255037549611824227610923976789263,-3.155881892601669466135460164731599425294803814256239462758484057120595233639027593437679595552404230,-2.160142586561616570257784514231385435639385010366167390270310953729434998615613763166072768737721505,0.03042869981679927626302325705292633933393968135607612388837339468898301406238826427988155686450773646,0.03102099041760849364258231221655170378490798523396685407995733976970255037549611827522047781236327770,-0.0001314950788584028944223108401971499760539501589273433109482701690466914680682928168771070632246782279,-0.00009000594110673402376074102142630772648497437543192364126126295640539312494231723952107619808053229775,0.03029720473794087336860094621272918935788573119714878057742512451993632259431997143186172638500148328,0.03093098447650175961882157119512539605842301085853493043869607681329715725055380104650927255216560613
0,15/1601,1/100,99/101,793/808,4,4/10,5/10,0.2137439833013663287174261687799944920117330297252350441339552621101406801289095763022910153287064137,0.2196521434219097801855656974095309515955980477240953396883799116309166231200304712656205186185834634,-3.896222503209328300423309613321780360180511154786821318650303360295559819823274240221395405170787439,-2.491876308217384263626894504266644868915678435283518297437303561562280539704547851896887766862912701,0.02137439833013663287174261687799944920117330297252350441339552621101406801289095759728473296027525629,0.02196521434219097801855656974095309515955980477240953396883799116309166231200304714632867300541557739,-0.0001623426043003886791843045672217408483408546314494508882770959733456483258259697607751813778616255130,-0.0001038281795090576776511206043444435362048199348034799290598876483984283558210228264674500490411041253,0.02121205572583624419255831231077770835283244834107405352511843023766841968706498780459469452771185149,0.02186138616268192034090544913660865162335498483760605403977810351469323395618202433234405011083444339
0,15/1601,1/100,99/101,793/808,5,5/10,6/10,0.09125877021341317910685278028970870053915990436149950409909895610257154087923572098738480319800457426,0.09720365148329207774811536352903901841979584147185128301421365371177961102895114841060413399494218969,-4.978616819649670133870610199533653680281185429330344749219886838678543160997067553855866088703534534,-3.021831053270878157892275292998548070716938170514533693929997065778202705845127644146463778313581705,0.009125877021341317910685278028970870053915990436149950409909895610257154087923572075677422318983687873,0.009720365148329207774811536352903901841979584147185128301421365371177961102895114847649287114013295984,-0.0002074423674854029222446087583139022366783827262220976978841619516116059650415444822232888451533334375,-0.0001259096272196199232455114705416061696132057571047722372470832110740917794102136508682634588834311151,0.008918434653855914988440669270656967817237607709927852712025733658645548122882027585218041330681508166,0.009594455521109587851566024882362295672366378390080356064174282160103869323484901200641691847230886557
0,15/1601,1/100,99/101,793/808,6,6/10,7/10,-0.07119803827037882029233622550181407501974173915745089259101258028420432935622904796100323370568043874,-0.06513086016370564497462825244995759451524835238870757189392990560142630803817939814602210295796918732,-6.608401040711854092970726028877115228600863800862896521979576125439866843285799619021687611044563182,-3.838110449621738932938385195558167312610943956959202238357951262746254138906726965374566750752035119,-0.007119803827037882029233622550181407501974173915745089259101258028420432935622904807630852370976428651,-0.006513086016370564497462825244995759451524835238870757189392990560142630803817939806366118152648072463,-0.0002753500433629939205404469178698798011917026583692873550824823385599944518035749855631017294396638065,-0.0001599212687342391222057660498149236380254559982066334265982479692810939224544469558123652182074316726,-0.007395153870400875949774069468051287303165876574114376614183740366980427387426479800915290484618135835,-0.006673007285104803619668591294810683089550291237077390615991238529423724726272386759347326696648088231
0,15/1601,1/100,99/101,793/808,7,7/10,8/10,-0.2856845811315622364894638439941666554104546223499468065438194679536811317317555890255011426067019973,-0.2793891008119455399119619551276706004609780217251287900147032883073590963838217608046951348340672819,-9.115547732690805429364502471275701734998138781169539631791661374870119518171488690785405985668218503,-5.073801958808044928551551258281453667875317891128294638488063708431544420363996398136676454900615002,-0.02856845811315622364894638439941666554104546223499468065438194679536811317317555892890560911874650779,-0.02793891008119455399119619551276706004609780217251287900147032883073590963838217605411401862533042013,-0.0003798144888621168928901876029698209056249224492153974846579858906195883132571453636067912606461169457,-0.0002114084149503352053563146357617272361614715787970122766036693211846476841818331818555591879522217594,-0.02894827260201834054183657200238648644667038468421007813903993268598770148643270429971898100464786522,-0.02815031849614488919655251014852878728225927375130989127807399815192055732256400922155641656277216091
0,15/1601,1/100,99/101,793/808,8,8/10,9/10,-0.5707170296425300238204588038369055979359481315765801231844909496524026336777567721213029377025330746,-0.5640555430950199298601844214792399435725515966749459987361059777075821400279763761975719932517469481,-13.13979809076087285833064504717065474335010561507171490137388312213837950075560287563963469313202780,-7.022617484968128860554256269026895276025791801156527703280524125124480712754317869208482830075761092,-0.05707170296425300238204588038369055979359481315765801231844909496524026336777567725166353605736776955,-0.05640555430950199298601844214792399435725515966749459987361059777075821400279763755386846217998392466,-0.0005474915871150363690971102102987772809729210672946547875572451300890991458648167887526554822941501642,-0.0002926090618736720358564273445427873031677413250481886543033551718801866963647632423870065816527264255,-0.05761919455136803875114299059398933707456773422495266710600634009532936251364049408365567529119336263,-0.05669816337137566502187486949246678166042290099254278852791395294263840069916240074272086983116915034
0,15/1601,1/100,99/101,793/808,9,9/10,10/10,-0.9557074751390200342365105196081092455975791193075352031488642850911862717690350389728650574073974709,-0.9485230837602843429636296393702858880075049239797518752526171996848173281906059336855113855340528764,-19.96982477403582282504213923172550843613937645475662836501169520000518108193075803621502665116061713,-10.21027360716415139969656035806663704232591848991407241063505074978315402067053057324885894843881797,-0.09557074751390200342365105196081092455975791193075352031488642850911862717690350397635299031496867127,-0.09485230837602843429636296393702858880075049239797518752526171996848173281906059323677366426302374734,-0.0008320760322514926177100891346552295181724740189481928485421539666668825450804482545288598962862693458,-0.0004254280669651729749873566815861098767635799370797530171097937812409647508612721045035374129935477621,-0.09640282354615349604136114109546615407793038594970171316342858247578550972198395234206909414376436525,-0.09527773644299360727135032061861469867751407233505494054237151374972269756992186528671309122765618857
1,7/801,15/1601,793/808,397/404,0,0/10,1/10,0.4291660793433077895870191985264695274158062243012193654687603738713670719451916142819590906094562915,0.4351514695383258764894191349531503498020429448704614289007890983848516335774171161151279546691670871,-2.070913556794213151295709908957684059381455360892782555054788099603483417772516193526307394544976495,-1.927285116810287437597204562245382618377348607397615357401600590452766848174009449403559322189156882,0.04291660793433077895870191985264695274158062243012193654687603738713670719451916138866266677383116706,0.04351514695383258764894191349531503498020429448704614289007890983848516335774171166422378518306932483,-0.00008628806486642554797065457953990350247422730670386593979394950415014514240718817514378326779330567705,-0.00008030354653376197656655019009355760909905619197490063989173335793553195200725039318534109920900090418,0.04283031986946435341073126527310704923910639512341807060708208788298656205211197315419328228741882810,0.04343484340729882567237536330522147737110523829507124225018717648054963140573446132830502226669214564
1,7/801,15/1601,793/808,397/404,1,1/10,2/10,0.4092196218704139379704006695772043151760997946463415221469225576747326573824972878395206265415707841,0.4151966483552952712241602022106463293844793537455455394075313431509570106978731460568362242636381406,-2.294502970172954199202125126931766176166977374220208829286922122825725977655351106743646597148108075,-1.902683268542480450395426952266864061505260377668578656496679025788019565757156789126411110290174362,0.04092196218704139379704006695772043151760997946463415221469225576747326573824972873124107293800446229,0.04151966483552952712241602022106463293844793537455455394075313431509570106978731465839461214251643019,-0.00009560429042387309163342188028882359067362405725917536788695508845107191573563962991093212459996043909,-0.00007927846952260335209980945634445266922938584906952411068736162607450081523988153236448185913072743417,0.04082635789661752070540664507743160792693635540737497684680530067902219382251408904908243128030400833,0.04144038636600692377031621076472018026921854952548502983006577268902120025454743316399336750571241602
1,7/801,15/1601,793/808,397/404,2,2/10,3/10,0.3683290346228301364990138252360418372919735801242728633539196291045087301662762247177667218062404964,0.3742877279275641409542329138869762830598657613154340364612656407530846702016454034890887753570282611,-2.644560602375243841156180482477973542886134905573121108378002248152937360777683509277783071858245529,-1.974447178471947254577946053404778209085570876535674781266866014522284371790175474313410058619532635,0.03683290346228301364990138252360418372919735801242728633539196291045087301662762237953244017735697143,0.03742877279275641409542329138869762830598657613154340364612656407530846702016454037526437239377913417,-0.0001101900250989684933815075201032488976202556210655467128490834270063723900324034800106872457781524002,-0.00008226863243633113560741441889186575871189878652231978255278608393842851549125731082849069265928141550,0.03672271343718404515651987500350093483157710239136173962254287948344450062659521888961270457185286336,0.03734650416032008295981587696980576254727467734502108386357377799137003850467328306752441625480067011
1,7/801,15/1601,793/808,397/404,3,3/10,4/10,0.3043793619457898282692158905323893809879993204789646492918812516712563451012533110106383253017824072,0.3103063103818555824606925125066767915541495489359993920331212575318273566389239502032352820456067483,-3.156441805022304492865589097781984783631234711036663594078137938210248103641138197836842084245648639,-2.159863032931184401972757011674910361002733939885119143159285103080340424300836021424839916375861731,0.03043793619457898282692158905323893809879993204789646492918812516712563451012533105494171652854470161,0.03103063103818555824606925125066767915541495489359993920331212575318273566389239505985677049167513692,-0.0001315184085425960205360662124075826993179681129598609830865890807587603376517140920507967260865564243,-0.00008999429303879935008219820881978793170844724749521329763163687929501418434586816702951306863975179550,0.03030641778603638680638552284083135539948196393493660394610153608636687417247361693946953277037861361,0.03094063674514675889598705304184789122370650764610472590568048887388772147954652691856504537037552972
1,7/801,15/1601,793/808,397/404,4,4/10,5/10,0.2138546557085227760376973891003099578418513177132162398205955234282009638693720860794399178874098263,0.2197665398140393445641117310421252185418410787960944994364900884095495255485960371018583494107091190,-3.897964741812267992508049657500786047791108907513980318041280021748906761948418508532417540657141951,-2.492272558418507123703891778499643018073762853495294418995164840316613249205391549331688313572437834,0.02138546557085227760376973891003099578418513177132162398205955234282009638693720856841074950162652054,0.02197665398140393445641117310421252185418410787960944994364900884095495255485960373654132979914721996,-0.0001624151975755111663545020690625327519912962044797491799183866675728711150811841052098977581469762448,-0.0001038446899341044634876621574374851257530734522289706007914652016798588853835579805965538473588371286,0.02122305037327676643741523684096846303219383556684187480214116567524722527185602445650902687717110670,0.02187280929146982999292351094677503672843103442738047934285754363927509366947604576919973674466855729
1,7/801,15/1601,793/808,397/404,5,5/10,6/10,0.09137687820518436250378661236471418309062269101282011414500483176587544421655782802769650825597105345,0.09732536012769117256360025203468131458227642180035468142954240572973047330794679791868065098817782656,-4.982270147104775162455252959810636159512679484482020151644039321449238609133842758853704266798185520,-3.023419876112735584383872999026526733032145244258917061195258670134752984163069803030444272896899968,0.009137687820518436250378661236471418309062269101282011414500483176587544421655782789591903396558951315,0.009732536012769117256360025203468131458227642180035468142954240572973047330794679798456938813336859671,-0.0002075945894626989651023022066587765066463616451867508396518349717270516087139101157243713162034620677,-0.0001259758281713639826826613749594386138763393851774548775498024445889480410067945743026592970558195384,0.008930093231055737285276359029812641802415907456095260574848648204860492812941872658167481432478001047,0.009606560184597753273677363828508692844351302794858013265404438128384099289787885236508417731004309536
1,7/801,15/1601,793/808,397/404,6,6/10,7/10,-0.07109902188170471866147532215537710854183784250927474096768562341207375969237298970056548040279404445,-0.06502877339143238988680463147757431726157000479011034256731459486291135485408364544895808816172450807,-6.615614824061985494229200254623565638656406447625965998463217814047152602151852143696534934607002643,-3.841917173759575913949919933879387377754862640667850944193540644397630261359379175691341885699511672,-0.007109902188170471866147532215537710854183784250927474096768562341207375969237298979939858612058019968,-0.006502877339143238988680463147757431726157000479011034256731459486291135485408364535012498244393835285,-0.0002756506176692493955928833439426485682773502686510819166026340755852980250896605070992280616003860231,-0.0001600798822399823297479133305783078074064526100278271226747308601832345942233074644904578966843717842,-0.007385552805839721261740415559480359422461134519578556013371196416792673994326959492186644263126434910,-0.006662957221383221318428376478335739533563453089038861379406190346474370079631671997701310984764396947
1,7/801,15/1601,793/808,397/404,7,7/10,8/10,-0.2856591843947826074004864063960651285891699334056186433026578394389143872486223071627452822004645334,-0.2793610262307409305512806299094111714451839663122654581492742708247842806299370096970558167254969194,-9.129248341113684922856001334207509458724585366474738621691678035999737921342742297864516034900659170,-5.081233840186468440275626098427310561574241904991404229693990380470247634132077022329216198703804783,-0.02856591843947826074004864063960651285891699334056186433026578394389143872486223074263002307812276140,-0.02793610262307409305512806299094111714451839663122654581492742708247842806299370093017233938543522985,-0.0003803853475464035384523333889253128941135243902697807759038199181666557467226142638509649444813840881,-0.0002117180766744361850114844207678046067322600793746418429039162658529269847555032080420303403789130027,-0.02894630378702466427850097402853182575303051773083164510616960386205809447158484501523183592469979465,-0.02814782069974852924013954741170892175125065671060118765783134334833135504774920411659462785004842140
1,7/801,15/1601,793/808,397/404,8,8/10,9/10,-0.5708695449738804885203775773886832647020380839526580122441720988418390147102028594666442434661913529,-0.5642056679647986802914010738323674099472560899751337458563299461837142940610332350782031896062243885,-13.16596022730187597034096694809617819848030604840937672474679091516893507096939028232118903409228809,-7.036682387839353001223421773774652314832184261759659629947682174374290847920503959716349086153677372,-0.05708695449738804885203775773886832647020380839526580122441720988418390147102028598619766663373359739,-0.05642056679647986802914010738323674099472560899751337458563299461837142940610332344193158181543166870,-0.0005485816761375781654308736228373407582700127520170573635311162881320389612903912643522611734169660143,-0.0002931950994933063750509759072406105131180076775733191512478200905989287853300209966015439693621524947,-0.05763553617352562701746863136170566722847382114728285858794832617231594043231067730717306129129888150,-0.05671376189597317440419108329047735150784361667508669373688081470897035819143334437418865591644345971
1,7/801,15/1601,793/808,397/404,9,9/10,10/10,-0.9562358606308466586185573342580112771826389727678756719527739020191257246759920667115743258634603922,-0.9490488593424126730372599287170293030438474648058542747838624586362644584849518622420802943377923478,-20.02169380549930195535084644884700779635524525751756932932128327673024527137405918300809345761504215,-10.23704322613178328839093017560116476578227658653824307771344622984764279299679964138447509577375316,-0.09562358606308466586185573342580112771826389727678756719527739020191257246759920682929040173480388759,-0.09490488593424126730372599287170293030438474648058542747838624586362644584849518606607506028532138642,-0.0008342372418958042481396186020352919915148018857298987220550534698637602196405858030943331001543441172,-0.0004265434677554909703496220906500485319075948577724267949047269262436517830415333155783943287719087143,-0.09645782330498047010999535202783641970977869916251746591733244367177633268723979273224735207063799272,-0.09533142940199675827407561496235297883629234133835785427329097278987009763153671928642363920893476015
2,13/1603,7/801,397/404,795/808,0,0/10,1/10,0.4292147613655611303622562839100970494605544491492594050886121594007691952285173233868701394020451291,0.4352043526626006290633295858636617877459328864213857914958740422042015507436935160146765515415701840,-2.070110054032290833570433512269815603441163402035390547636394600283652077333714257774561833767421838,-1.926408226154307291293758659797779783688562560710656673602179172006938687951913156978803288943742650,0.04292147613655611303622562839100970494605544491492594050886121594007691952285173227279827679501374275,0.04352043526626006290633295858636617877459328864213857914958740422042015507436935166735639229934778855,-0.00008625458558467878473210139634457565014338180841814127281818310834515216988890476111431942406902147606,-0.00008026700942309613713723994415824082432035677336294402806675746550028911199799638095053020011365529449,0.04283522155097143425149352699466512929591206310650779923604303283173176735296282744669604280391085619,0.04344016825683696676919571864220793795027293186877563512152064675491986596237135531832071915393591255
2,13/1603,7/801,397/404,795/808,1,1/10,2/10,0.4092767618308229630416426084874614048521393931288730397680476960821248402367516097623034136251842449,0.4152579612955420961761706627220358715132051445832473035779757520609834030587775735824500180799910167,-2.293928473872174171180443152670522162109100501719146265962503856417619283196224740491711483458676995,-1.901850469911729008720030584888202256125087537371042023486821211891649605051350363821159723784427328,0.04092767618308229630416426084874614048521393931288730397680476960821248402367516088398610935925134628,0.04152579612955420961761706627220358715132051445832473035779757520609834030587775739777824409511356376,-0.00009558035307800725713251846469460509008787918757163109441510432735073413679984269796420744268958896754,-0.00007924376957965537536333460770367509400521198072379341764528421716215206687713959797950841540737092315,0.04083209583000428904703174238405153539512606012531567288238966528086174988687531814007995043055959922,0.04144655235997455424225373166449991205731530247760093694015229098893618823900061781202418495469276152
2,13/1603,7/801,397/404,795/808,2,2/10,3/10,0.3684017354663006898529543043219109037278521297976781423934884683862903369537613207164472477850131729,0.3743645478944824391280557120427463766255689211042634976870584240544079944124803827320976982476702220,-2.644406297942504685696611966796506754898152168606378349079938336760697490907170197652633305139852072,-1.973793304181775334906591751494591868458794833848512348807741854485571115269332644365121794354203293,0.03684017354663006898529543043219109037278521297976781423934884683862903369537613197940049277523423907,0.03743645478944824391280557120427463766255689211042634976870584240544079944124803831274301211188148429,-0.0001101835957476043619040254986165211147874230070252657645449974306983623954544654252958096247221491143,-0.00008224138767424063895444132297894132785244978474368801453365591060356546313622219300251667218707612361,0.03672998995088246462339140493357456925799778997274254847480384940793067129992166649194792525768564077,0.03735421340177400327385112988129569633470444232568266175417218649483723397811181614110285943598672818
2,13/1603,7/801,397/404,795/808,3,3/10,4/10,0.3044716927923195258931029502931762355788856498926480639543465730743814378360477569428089959361198288,0.3104026849919122144750433433405561439782227742469471085090682297653663631029898970489403596164656322,-3.157000668552070892005927993861112460759500109102955633277343532909757237065505094159086613801715028,-2.159581729009469085291601086395233440143991577213574913160437075257850823790627829717770393966013236,0.03044716927923195258931029502931762355788856498926480639543465730743814378360477565474765730649752079,0.03104026849919122144750433433405561439782227742469471085090682297653663631029898973124953081972287128,-0.0001315416945230029538335803330775463525316458378792898180532226472045732182110627129381652337539718216,-0.00008998257204206121188715004526646806000599964905056562138168487813574378432460949231122212442993788293,0.03031562758470894963547671469624007720535691915138551657738143466023357056539371293537504508590851282,0.03095028592714916023561718428878914633781627777564414522952513809840089252597438024537275568212796955
2,13/1603,7/801,397/404,795/808,4,4/10,5/10,0.2139653312976191432335686177533178556545965685841535306315915249280986680657754036897456654043484295,0.2198809405096432716503424304554796122402278183061644722335542940042347134203434109922268917373177587,-3.899705979020686852502220290599230296046172986062103190300605105305592925353736351880614377121326180,-2.492666540530615515728179073509559424565403929483303753760763549563621413293012171440736163413763276,0.02139653312976191432335686177533178556545965685841535306315915249280986680657754032285245053880130384,0.02198809405096432716503424304554796122402278183061644722335542940042347134203434113216705774632716095,-0.0001624877491258619521875925121083012623352572077525876329291918793877330385564056821409866905040747560,-0.0001038611058554423131553407947295649760235584970618043230733651478984842255538755065139892988699491341,0.02123404538063605237116926926322348430312439965066276543022996061342213376802113463247537170514838281,0.02188423294510888485187890225081839624799922333355464290028206425252498711648046563723507302376027688
2,13/1603,7/801,397/404,795/808,5,5/10,6/10,0.09149504122953466435200683134573909856414209955914868617173588897081260467794039824117893167112938686,0.09744712463714281946374258379468111783526404135818944446666727848646941506727543256671658549919453956,-4.985922688651018301562529107721803087424599612735829878956594662367564964730522679778315379822681267,-3.025006446098722471666143395880373357031469530103601644882611685493663163290024413674405481526622351,0.009149504122953466435200683134573909856414209955914868617173588897081260467794039801056835166296169132,0.009744712463714281946374258379468111783526404135818944446666727848646941506727543263260532264438530971,-0.0002077467786937924292317720461550751286426916505306595782898581109319818735304384457704465303773691663,-0.0001260419352541134363194226414950155565429778970876500685367754868955692984704176831131217236665824267,0.008941757344259674005968911088418834727771518305384209038883730786149278594263601342932250421195530562,0.009618670528460168510054835737973096226983426238731294378129952361751372208257125581949055697085758666
2,13/1603,7/801,397/404,795/808,6,6/10,7/10,-0.07099988712879843393604073927506712120428201032339509488549354737483983385654082136397313286965370261,-0.06492656814542133399294605221009649587719426162138159297287724681034943907696038211520434907598058083,-6.622831006590615631062511801140890887590298959325700522271819272059693788001943406787851161896781605,-3.845723868161621842194281851692355579443505391914983102938325643780338497296689531918324865144869064,-0.007099988712879843393604073927506712120428201032339509488549354737483983385654082147927842287373755037,-0.006492656814542133399294605221009649587719426162138159297287724681034943907696038204931561193078981068,-0.0002759512919412756512942713250475371203162624566385708550946591363358205745000809766513911095322658553,-0.0001602384945067342434247617438205148158101460579964576292890969018241807707206953961392427462495296582,-0.007375940004821119044898345252554249240744463488978080343644013873819803960154163131271058263214458486,-0.006652895309048867642719366964830164403529572220134616926576821582859124678416733595923246349860481808
2,13/1603,7/801,397/404,795/808,7,7/10,8/10,-0.2856336181112881030341832561109267051769803042666465966694940990982648040503360722959452407872635442,-0.2793327827264678682085243022143297488340413165904997351180897781689598950793895174337488739234642509,-9.142962048018187605679552175566363375010298863208752427737877205689616226727952018023906651188232977,-5.088670905045180132867641597980951028522724856841816012854479669980273705635418457774247073536986764,-0.02856336181112881030341832561109267051769803042666465966694940990982648040503360726912776636584081651,-0.02793327827264678682085243022143297488340413165904997351180897781689598950793895169725277139071288598,-0.0003809567520007578169033146739819318072920957859670313511557448835704006761136646692666654632697590281,-0.0002120279543768825055361517332492062928551135357017423338689366529158447377348091011258616254591331165,-0.02894431856312956812032164028507460232499012621263169101810515479339688108114727196052892946382309988,-0.02814530622702366932638858195468218117625924519475171584567791446981183424567376078525236116302854536
2,13/1603,7/801,397/404,795/808,8,8/10,9/10,-0.5710219257070764469959486496270791567822841095405924917610265789594344730250236397959788996079458224,-0.5643556593315063475699158762360292163040297619869306392503365078310815004813842585862673384138127483,-13.19216384078171039830554110361382836525319220654759108897472625857769900396620623443307528405100782,-7.050766565139877494654073215833751023205950667436482856147010898170828272144709516278615324169848253,-0.05710219257070764469959486496270791567822841095405924917610265789594344730250236403230887967694719837,-0.05643556593315063475699158762360292163040297619869306392503365078310815004813842576638250183811419662,-0.0005496734933659045999293975459839095152188830086061496287072802607740707918319252625216449433615562617,-0.0002937819402141615622772530506597396259669146111431867856727921207571178446726962279822127987982462794,-0.05765186606407354929952426250869182519344729396266539880480993815671751809433428931439124346028726452,-0.05672934787336479631926884067426266125636989080983625071070644290386526789281112197531875155588073590
2,13/1603,7/801,397/404,795/808,9,9/10,10/10,-0.9567644401208804824081955431514921657624416094532487384831057919929902917647893549072862062550508416,-0.9495748297534366834647769044613409133875072406996832416016149039785993127214150662784940020931841053,-20.07368620305131828433416816469957771508503961169261661525199768070525975621535602395620085608315224,-10.26387136730807273263547002342062799391024733619827119628959055614633673240389688750688595091511648,-0.09567644401208804824081955431514921657624416094532487384831057919929902917647893562250609491588662446,-0.09495748297534366834647769044613409133875072406996832416016149039785993127214150649607192591893687022,-0.0008364035917938049285139236735291490714618766504871923589688332366960524898423065047977588777094657554,-0.0004276613069711696971931445843091928330795936390082612998453996065060973638501623677746978525077603948,-0.09651284760388185316933347798867836564770603759581206620727941243599508166632124216848431450934032157,-0.09538514428231483804367083503044328417183031770897658546000689000436602863599166883862359158305128892
3,3/401,13/1603,795/808,199/202,0,0/10,1/10,0.4292633701402457062101856488679013412810487284059697293445168044914783295143176873433679894366088816,0.4352571642160500334706465163895446584357574089902356747473813690293468458347052009817587564015749474,-2.069306027786774479855475153187049462121486518573852966745876586492892575808728980280175359982384650,-1.925530783693355983682506851479827269292424117895522942902622997771210167774926204876516187076089577,0.04292633701402457062101856488679013412810487284059697293445168044914783295143176869480355665654642606,0.04352571642160500334706465163895446584357574089902356747473813690293468458347052015088686535631011086,-0.00008622108449111560332731146471612706092172860494057720694774485777053719065869704117410782188592200927,-0.00008023044932055649932010445214499280288718433824564678928760929157380042365728859128543546947056684920,0.04284011592953345501769125342207400706718314423565639572750393559137729576077307165272862625650359899,0.04344548597228444684774454718680947304068855656077792068545052761136088415981323158212199434076217053
3,3/401,13/1603,795/808,199/202,1,1/10,2/10,0.4093338339293526346891956632647011977474386545486136747556652496875657354360265575278401735891676264,0.4153192079927728608164952717880252334992305577030990039961155272945601952543923148090722575231086605,-2.293353377234524745050525024354570527454867167153730430286648194091660137572346160177676847160660138,-1.901016875960711231980839931695908760433813400375172132872876182937217690451760679540154202925627017,0.04093338339293526346891956632647011977474386545486136747556652496875657354360265568689528021372599249,0.04153192079927728608164952717880252334992305577030990039961155272945601952543923150726272061038717411,-0.00009555639071810519771043854268144043864395279863140543459527700808715250573218109039209733915127153358,-0.00007920903649836296799920166382066286501807555834896550553636984095571740376882336114304578135403429173,0.04083782700221715827120912778378867933609991265622996204097124796066942103787047456034159080856181780,0.04145271176277892311365032551498186048490498021196093489407518288850030212167040818910178070109118129
3,3/401,13/1603,795/808,199/202,2,2/10,3/10,0.3684743808656789820654925804256707606340485011679629717486495962372764328889522794692795597640585052,0.3744413139208965425070857790815976265668632071339843981419105088669569518868309189500478889298973476,-2.644251176251447900872374694471819822108839568852228430833027040216486764200107551359521536288778449,-1.973138209561632508657747181358121374584842309802581545757673305858759396603256984216479503642834247,0.03684743808656789820654925804256707606340485011679629717486495962372764328889522790739471368929138843,0.03744413139208965425070857790815976265668632071339843981419105088669569518868309196089352603818050491,-0.0001101771323438103292030156122696591592545349820355095179513761266756869485083378150998285420045096854,-0.00008221409206506802119407279922325505727436842957510756440656972107744830819180237382347950763340744534,0.03673726095422408787734624243029741690415031513476078765691358349705195634038689008045550269151041223,0.03736191730002458622951450510893650759941195228382333224978448116561824688049128960868978840631281892
3,3/401,13/1603,795/808,199/202,3,3/10,4/10,0.3045639906625329455367803134414391062736818966994808021145130369216694072836639504044668276772890243,0.3104990279585978592861089074109094410846951762328397029808741252058599356859262523292492992706259339,-3.157558483392298675076574141957052614385342368117195673585727641663454012362937619418934687727899630,-2.159298673599579589644899264162763558739765123170956138729266486098757701636405763377470715452527985,0.03045639906625329455367803134414391062736818966994808021145130369216694072836639500091344048061444034,0.03104990279585978592861089074109094410846951762328397029808741252058599356859262525269155107061982444,-0.0001315649368080124447948572559148771922660559320048831530660719850693105838484557346819196473649119152,-0.00008997077806664914956853746934011514828082354679878983911371943692078157090151690619552160100908896198,0.03032483412944528210888317408822903343510213373794319705838523170709763014451793926571676507430272553,0.03095993201779313677904235327175082896018869407648518045897369308366521199769110836283952481617172729
3,3/401,13/1603,795/808,199/202,4,4/10,5/10,0.2140760100090043606530892148560445705826645832741583696141927493786318671255153916754783342975000779,0.2199953454464270942468293052525509620925370951140689155632537323059946036615999182016801140890113983,-3.901446213912383506204361884272018306863723767312135975283035335734814931397445256931832667113111566,-2.493058251350336543132919650431447788353973146006327470352422978127261807455009128545119527948911699,0.02140760100090043606530892148560445705826645832741583696141927493786318671255153914119233857167369973,0.02199953454464270942468293052525509620925370951140689155632537323059946036615999183993463255245837088,-0.0001625602589130159794251817451780007627859884903046723323034598056556172888082268864035018369282443699,-0.0001038774271395973559638716521013103245147488810835969779313509574219692419772920463267635275684604777,0.02124504074198742008588373974042645629548046983711116462911581513220756942374331222570513635425109198,0.02189565711750311206871905887315378588473896063032329457839402227317749112418269981162432058802801161
3,3/401,13/1603,795/808,199/202,5,5/10,6/10,0.09161325923092339985086703033096125009012463387603140261005315822272543453906244511584972047306415431,0.09756894495325152717341903808720440319350857980003184573663928690553356608158117260805647219221196338,-4.989574439681999697773798889455747394643249957936024898729973287515323253422307023894482477101090242,-3.026590757339431900286957050954629837453194394777915205638663105312373880332657722899007183521836247,0.009161325923092339985086703033096125009012463387603140261005315822272543453906244501701661475527799909,0.009756894495325152717341903808720440319350857980003184573663928690553356608158117273983394648259350368,-0.0002078989349867499874072416203939894747768020815806677041137488869798051355592627934213632624060974245,-0.0001261079482224763291786232104564429098938830997824131335682776293880155783471940708972743401747387094,0.008953426988105589997679461412702135534235661306022472556891566935292738318346981707765542454174899592,0.009630786547102676388163280598263997409456974880220771440095651061165341029810923205402521223345224672
3,3/401,13/1603,795/808,199/202,6,6/10,7/10,-0.07090063402252726796488865007262415072748586009548988531208778429787784252909112718290512105677558876,-0.06482424443925183786196430527587482838100317704290724274862880487017351844914089242137383687203449026,-6.630049581797000989008865060732717691342353645091326340558611461083689426087073379497600187071301475,-3.849530526028758805024476542236342462821234239616826244055419307490213013763312410668209691911219714,-0.007090063402252726796488865007262415072748586009548988531208778429787784252909112729821041106085943652,-0.006482424443925183786196430527587482838100317704290724274862880487017351844914089232254073115424833503,-0.0002762520659082083745420360441971965704725980685454719308566088108784870594202947251766175410454348195,-0.0001603971052511982835426865225931809359508847599840344268356424711454255422401380160905863190911062879,-0.007366315468160935171030901051459611643221184078094460462065387240666271312329407458600948959758998715,-0.006642821549176382069739117050180663774051202464274758701698522958162777387154227242424968206627706535
3,3/401,13/1603,795/808,199/202,7,7/10,8/10,-0.2856078821879438271024829987498126848462776959394356186102917595634081227646072147475941715427366661,-0.2793043702079198047140440792826076317703269077299197694461663994008424510776359305197782130347896307,-9.156688859986755642196828294005970186969307624315901475996325938130230543431926427301632381068787013,-5.096113147858393942825061678027957239065646283499941882242087763574007387290981074204652913845265548,-0.02856078821879438271024829987498126848462776959394356186102917595634081227646072149452603829783089766,-0.02793043702079198047140440792826076317703269077299197694461663994008424510776359302562232644540265501,-0.0003815287024994481517582011789169154244570544843464958948331802474220929393096636028877375962969959577,-0.0002123380478274330809510442365844982182944019284791642450934203234822503078037908766635848922524903074,-0.02894231692129383086200650105389818390908482407829005775586235620376290521577038511543022745726599483,-0.02814277506861941355235545216484526139532709270147114118971006026356649541556738387937928006452241663
3,3/401,13/1603,795/808,199/202,8,8/10,9/10,-0.5711741716284516123033063364961178187624153202688500404072143936568311321316255690732967239021834416,-0.5645055169820460184543025524629315648489352490464595613461272213391603478376447840796321849689242630,-13.21840898969737760086895463065696155588737505844362006680038798233198188416426101748333486215797010,-7.064870030418422845154588606608212060903655352813858963227704977961217842680653948242100120066844022,-0.05711741716284516123033063364961178187624153202688500404072143936568311321316255697321840953540911431,-0.05645055169820460184543025524629315648489352490464595613461272213391603478376447830254123906458719406,-0.0005507670412373907333695397762773733981619739607684841694500161659304992451735108782322442974404980198,-0.0002943695846007676185481078586086755025376523063672441234678210407483840767783605790765506751664960356,-0.05766818420408255196370017342588915527440350598765348821017145553161361245833606786792283811914730487,-0.05674492128280536946397836310490183198743117721101320025808054317466441886054283885999804786398796864
3,3/401,13/1603,795/808,199/202,9,9/10,10/10,-0.9572932136045428100051382246939606167991752262889815852390773502250151980229755149823520409214171292,-0.9501009949886570693957024455438450785221727404314440604851540471230924763909052202995255879678789711,-20.12580226913795419952304160302749871148649137184467445435997312312074174144234106577933259925250541,-10.29075815418916797133138866599383810117330616274144566169796173597632391601086107133964016410703735,-0.09572932136045428100051382246939606167991752262889815852390773502250151980229755157730168866637063710,-0.09501009949886570693957024455438450785221727404314440604851540471230924763909052187181958964833004874,-0.0008385750945474147583134600667928124463119371404935281022649988801300309058934308810626960227055557204,-0.0004287815897578819988054745277497432542155544234475602359040817389990134965004525418979056718597522232,-0.09656789645500169575882728253618887412622945976939168662617273390263155070819098256749260558579840588,-0.09543888108862358893837571908213425110643282846659196628441948645130826113559097439467153223915809397
4,11/1605,3/401,199/202,797/808,0,0/10,1/10,0.4293119056641595804628661148109433001762793383004326980403680329973843646444402567542639210583061341,0.4353099041933495837069048137225750337168578177390574432875050937153871760378968565698965901099200101,-2.068501478904736195259665534761143093509413186681930320085396868592674054051207672183012862823709712,-1.924652790147851288731421570557410157367750797148200754953992182503769454684954899944178625340444695,0.04293119056641595804628661148109433001762793383004326980403680329973843646444402558318216010256353520,0.04353099041933495837069048137225750337168578177390574432875050937153871760378968569652290129810646310,-0.00008618756162103067480248606394838096222955888277841376333689153619136141891880032005761365778004045809,-0.00008019386625616047036380923210655875655698961654784169812308300760432372727853978692183400038069502730,0.04284500300479492737148412541714594905539837494726485604069991176354707504552522525630403263873835642,0.04345079655307879790032667214015094461512879215735790263062742636393439387651114592993391977612448230
4,11/1605,3/401,199/202,797/808,1,1/10,2/10,0.4093908381546752033408934720196330541837913176671347335154564021299457610907543462736856745420509524,0.4153803884334466158231940737682354841937624958075683584565206676922426398264111716224721314877684344,-2.292777681256645111666227467108468100000607920143238127673125696472906745651654248523044888792776833,-1.900182487054624660515208808128434176751013703723392746563993148254265375546193162265227816813535632,0.04093908381546752033408934720196330541837913176671347335154564021299457610907543456147983030901432509,0.04153803884334466158231940737682354841937624958075683584565206676922426398264111718860270800685315150,-0.00009553240338569354631942614446285283750002533000596825531971357068637111440215226075148880475540392805,-0.00007917427029394269418813370033868475736462557098847469777349971451059439064775804785702527428154184527,0.04084355141208182678776992105750045258087910643670750509622592664230820499467328224577816423668771246,0.04145886457305071888813127367648486366201162400976836114787856705471366959199335916635478174017505352
4,11/1605,3/401,199/202,797/808,2,2/10,3/10,0.3685469707945645726274821423263383137794174923398585199724561573153282100918145217816055234599812454,0.3745180259780228898598803935651469560311590233619250569689221694720115225332470485421661513340895760,-2.644095238128632450006279722531861427098832390566918115353065066309367095966086315129925408746574304,-1.972481894412953152542184015787640156479324102775262927634259563787247618024081504182329050647064301,0.03685469707945645726274821423263383137794174923398585199724561573153282100918145213862731005888366244,0.03745180259780228898598803935651469560311590233619250569689221694720115225332470492010535227859972776,-0.0001101706349220263520835949884388275594624513496069549214730443777628902956652535969510490105007473336,-0.00008218674560053971468925766732448500651997183761563595531809414849113531741767006218833427399784574934,0.03674452644453443091066461924419500381847929788437889707577257135376993071351619853601394769996808330,0.03736961585220174927129878168919021059659593049857686974157412279871001693590703490012699023823971914
4,11/1605,3/401,199/202,797/808,3,3/10,4/10,0.3046562555114023336369560016985676261711732697994514676500637678391953356019807763147436008903392521,0.3105953392342741131794156044278765846012087967579998486729202469482193275910530176118573451242668591,-3.158115249743648133623040336564863746632718426626790551536199289842360902691734788673876853555159235,-2.159013865508959437240837509948224373149887764536654941913974670814072085412641167525461258503749229,0.03046562555114023336369560016985676261711732697994514676500637678391953356019807759852999151643854013,0.03105953392342741131794156044278765846012087967579998486729202469482193275910530178095235565598391695,-0.0001315881354059853389009600140235359894430299344427829396473416370767650376121556167403859733817427001,-0.00008995891106287330988503489624784268221457865685569395591308227795058633689219338135531406107623750723,0.03033403741573424802479464015583322662767429704550236382535903514684276852258592198101747190463659309,0.03096957501236453800805652554653981577790630101894429091137894241687134642221310843112583183039935657
4,11/1605,3/401,199/202,797/808,4,4/10,5/10,0.2141866917830080384691109091412259326444863816056743652461377445557957941452672392594371613023220048,0.2201097545620745971785808462562042565818188425848857896263398037894274525995000893352875359081846019,-3.903185445563479264808990392131690465482532082640140630971146733484911883326519170808351863330304246,-2.493447687679424164148641449452053026393631785347909890774962499319650890739669995133278869797615829,0.02141866917830080384691109091412259326444863816056743652461377445557957941452672387982160012859866138,0.02201097545620745971785808462562042565818188425848857896263398037894274525995000895329537473437569124,-0.0001626327268984783027003745996721537693951055034433391929571311138952046618052716327436440048633373972,-0.0001038936536533093401728600603938355427664013243894962454489567708049854537808195824078362006802560661,0.02125603645140232554421071631445043949505353265712409733165664334168437475272145222828937092217701843,0.02190708180255415037768522456522659011541548293409908271718502360813775980616918940100075043208340434
4,11/1605,3/401,199/202,797/808,5,5/10,6/10,0.09173153215373070194657207912003958612741532441574193224242262051332306287798014016354417804828768343,0.09769082101754033788065659104808483459272064937698833847713371877296996902705641246684251420234469553,-4.993225395583981169961234346911942947908889845369056596597812014611292581048317042075927666873781109,-3.028172803949056964990575640763080748545759655957036002264736685084950391600630418579624646581941593,0.009173153215373070194657207912003958612741532441574193224242262051332306287798013996587796661271537298,0.009769082101754033788065659104808483459272064937698833847713371877296996902705641253273125134753546568,-0.0002080510581493325487483847644546642894962037435570440248582421672754705242103465442056907781118599610,-0.0001261738668312107068746073183651283645227399856648765000943640285452062663166929332001415425040163357,0.008965102157223737645908823147549294323245328698017149199384019884056835763587667439770589788963006487,0.009642908234922823081191051786443355094749324952033957347619007848751790636388948326764808458557967826
4,11/1605,3/401,199/202,797/808,6,6/10,7/10,-0.07080126257389121259287674536084065220454621964639186747263824108003705280432785623719997002347839181,-0.06472180228663733871911250037926183343368466305109152887954988695038487243437536920279534079327650820,-6.637270543163051846769947801060031482571448817745226699243732253665084499109336113374963170532971803,-3.853337140558935479946477122316144246851218265271666582403481509532737687716171210818365352035756272,-0.007080126257389121259287674536084065220454621964639186747263824108003705280432785630308870716866916196,-0.006472180228663733871911250037926183343368466305109152887954988695038487243437536907101786650289496789,-0.0002765529392984604936154144917108346451071437007393844458018221772360451874628890059964330348887039070,-0.0001605557141899556449977698800965060102854674277196527742668117295638640703215071327415465592145650544,-0.007356679196687581752903089027794899865561765665378571193065646285239750467895674639908594064383240345,-0.006632735942853689516909019918022689353653933732828805662221800424602351313759044033923641981615828588
4,11/1605,3/401,199/202,797/808,7,7/10,8/10,-0.2855819765317158182081970192028116627817978580350959119138213048975419307357570045948994904784957592,-0.2792757885839899897085447259302221413503484279394181445600587108123179410005928089453705139389942306,-9.170428783597619044884470239110828003829082866250201921313921547564752746756299065187736923596204498,-5.103560563078699893708375052860426278072336941886802425292387150220993599310093223305560379946285683,-0.02855819765317158182081970192028116627817978580350959119138213048975419307357570050561206504948311503,-0.02792757885839899897085447259302221413503484279394181445600587108123179410005928084182606167774680694,-0.0003821011993165674602035195932962845001595451194270917467214133978151980311148457957843307181756705275,-0.0002126483567949458289045156272025177615863473725786167677205161312592080666379205495633796003645715953,-0.02894029885248814928102322151357745077833933092293668293810354388756939110469054631220626670554164628,-0.02814022721519394479975898822022473189662119016652043122372638721249100216669720138032219246075511636
4,11/1605,3/401,199/202,797/808,8,8/10,9/10,-0.5713262825242164387968265019837898543024612720781912339554941063017227818712199628806849030831925072,-0.5646552407031931861691617732955494382916229077582944046127286802727996145632551803349100926719258668,-13.24469573261671200316077331200839518319006065368506891436916271660896800376562618350510429452430482,-7.078992797205783207844636129350096969413923028560260553486148145659234247768728609571308658417822087,-0.05713262825242164387968265019837898543024612720781912339554941063017227818712199638031272231158632893,-0.05646552407031931861691617732955494382916229077582944046127286802727996145632551796760227212200181653,-0.0005518623221923630001316988880003497992995858605702112047653817798587070001569010932937212378300051691,-0.0002949580332169076336601931720562540403922467928566775230619228394024680936570303566250709541451627498,-0.05768449057461400687981434908637933522954571306838933460031479241003098518727889752611153096199022906,-0.05676048210353622625057637050161119786955453756868611798433479086668242954998254828767968419092397396
4,11/1605,3/401,199/202,797/808,9,9/10,10/10,-0.9578221810770894130683537666552289304812521892595464268019581417432165289983780481433558377714723781,-0.9506273550432029538979977872247498132530862321941219958749312370830307041012853090210746425641398774,-20.17804230699369599901181768300826929361348073604437092478215647614157493956251704583486112155797526,-10.31770371056222080413239398938005992515655245061289035385864571122799916586969083617190210617404298,-0.09578221810770894130683537666552289304812521892595464268019581417432165289983780491975756320945247005,-0.09506273550432029538979977872247498132530862321941219958749312370830307041012853079668548482410875549,-0.0008407517627914039999588257367920112205672283640018487885325898531725656224817715472085691818602235070,-0.0004299043212734258668388497495575024968815230187755370980774435713011666319112371156892747912406831662,-0.09662296987050034530679420240231490426869244728995649146872840402749421852231957648652685123129120345,-0.09549263982559372125663862847203248382219014623818773668557056727960423704203976791134524809745583288
5,5/803,11/1605,797/808,399/404,0,0/10,1/10,0.4293603679341529008574627302035097931961120661718150843671717172356463245877698448874013015122052159,0.4353625725892247293152624719159176806468756420401624696596476995983663833099820753039417055987247061,-2.067696408233161254635648902988914756760585437498668373068584190831670570906531615896840236533919306,-1.923774246238612570133136208877263393902809115089019919920072269252496167811611719202429314795233426,0.04293603679341529008574627302035097931961120661718150843671717172356463245877698439649589814795344337,0.04353625725892247293152624719159176806468756420401624696596476995983663833099820755674966541794877867,-0.00008615401700971505227648537095787144819835772656244451554452434128465294045443881773809425296530600243,-0.00008015726025994219042221400870321930807928371312870916333000301121885400699215048779117936110439560039,0.04284988277640557503346978764939310787141284889061906392117264738227997951832254553242978558977587711,0.04345609999866253074110403318288854875660828049088753780263476694861778432400605712493817484230919756
5,5/803,11/1605,797/808,399/404,1,1/10,2/10,0.4094477744955127807097714517531586875738383499713986210052173439201490783671891001148478057800189603,0.4154415026040700415042707230689117936133345866575505557071824637151983627488868331468084532670174597,-2.292201386935043344043142443545478870562420712723863861542790850636674163885790121272701870239693588,-1.899345025877409683591350522464885664863772512903739203716047678897385847228992011228069513120413476,0.04094477744955127807097714517531586875738383499713986210052173439201490783671890994559604343281112588,0.04154415026040700415042707230689117936133345866575505557071824637151983627488868338056958247189251613,-0.00009550839112229347266846426848106161960676752969682766089761628544319475682857458880674644773320959448,-0.00007913937607822540348297293843603690270265718803765580015483531995405774363454133324866504844378212430,0.04084926905842898459830868090683480713777706746744303443962411810657171307989033534842451590219236929,0.04146501088432877874694409936845514245863080147771739977056341105156577853125414206302096807132622220
5,5/803,11/1605,797/808,399/404,2,2/10,3/10,0.3686195052265988224832356438015026319629748282805976117045094394171719174657871036128945213393631036,0.3745946840371173171662620484123221983122051260593324581621263193486523178467886295032175258441799417,-2.643938484400425102029920634387122229217764165095541076220117732372319129921737403319703046475061856,-1.971824358539683448543917313018330420259512072345419623276123705103952077033586759660461746639170006,0.03686195052265988224832356438015026319629748282805976117045094394171719174657871029540071498874554021,0.03745946840371173171662620484123221983122051260593324581621263193486523178467886300303274230057061029,-0.0001101641035166843792512466930994634262174068402123142115091715721821799637467390589603290940966257893,-0.00008215934827248681035599655470909710084414633634772581763650515437933133654306611441618953287550354997,0.03675178641914319786907231768705079977008007598784744695894177236953501178283197120143699428626631778,0.03737730905543924490627020828652312273037636626958551999857612678048590044813579694163639593921580459
5,5/803,11/1605,797/808,399/404,3,3/10,4/10,0.3047484872939211525417941060378636397268908422587530391156099624780959712199668672105240014870126573,0.3106916187713212069709628436040304255640587634129538306846858765077763906075907816105792848155572945,-3.158670967806100173088529333076757982494153912020995407339710419216347109392953549216112472122367614,-2.158727303549398154313742585116346781593392134041912466940490453764216438956816991684330656778988467,0.03047484872939211525417941060378636397268908422587530391156099624780959712199668666834141043254864961,0.03106916187713212069709628436040304255640587634129538306846858765077763906075907818082454962511296049,-0.0001316112903252541738786887222115315826039230796675414753058212674673477962247063985161247583251059350,-0.00008994697098122492309640594104651444923305800558507968612252043557350901828986737402482541043876258757,0.03034323743906686108030072188157483239008516114620776243625517498034224932577198026544986172317571910,0.03097921490615089577399987841935652810717281833571030338234606721520413004246921083665555823358876563
5,5/803,11/1605,797/808,399/404,4,4/10,5/10,0.2142973765599405495178021859598360995909223041958447279089169372447474164912747223726295703625255843,0.2202241677942479063356495830636845294075270250458923348462810469503386434116997512674655633663186087,-3.904923673048405059499148412233603633273664313384939763128733726561371689846546088103015602968117452,-2.493834846324783160295254311339478964030118143831024535282295753576256868508449884691027860516382673,0.02142973765599405495178021859598360995909223041958447279089169372447474164912747221749633589269532738,0.02202241677942479063356495830636845294075270250458923348462810469503386434116997514651317748018909191,-0.0001627051530436835441457978505097334847197360130577058234636972386067238204102727543106288065748986207,-0.0001039097852635326316789689296391449568345882559929593556367623230656773695211854112221131672309910159,0.02126703250295037140763442074547387647437249440652676696742799648586801782871719946215619556822682298,0.02191850699416125800188598937672930798391811424859627412899134237196818697164878976012802968214134043
5,5/803,11/1605,797/808,399/404,5,5/10,6/10,0.09184985994225757818406437320852352523092206038297582059597988693618928500569119797188767018168984479,0.09781275277145089117581579785762719139886705557050619460769140033574725539611958778900531974764909736,-4.996875551735870666013164913648241190813846795466633241503814014990125386853736169078865113567929349,-3.029752580045431145879884941865188952389327540226944553686528941690602905958295688695902437858785257,0.009184985994225757818406437320852352523092206038297582059597988693618928500569119784011019589130830449,0.009781275277145089117581579785762719139886705557050619460769140033574725539611958788783842546543525259,-0.0002082031479889946110838818714020100496172436164777763850626589172912552244522390078081639183304568105,-0.0001262396908352262977449952059110495396828886475094560230702720392371084544149289862287223150014864899,0.008976782846236763207322555449450342473474962421819805674535329776327673276116880770025786563438738936,0.009655035586309862819836584579851669600203816909541163437698867994337617085197029810276456615744082146
5,5/803,11/1605,797/808,399/404,6,6/10,7/10,-0.07070177279402301132345647015389870397662047880910985860502390315801031698762388775369590304581549496,-0.06461924170142540493001397825579837707859103711524760890704849835981706406422245097334930123878612422,-6.644493884153306500396341819905090509189801622927112917341355703341434997933012316659502638990782536,-3.857143704947210452095395224695018757670729243727542419654408879937323474901598552867914184810166596,-0.007070177279402301132345647015389870397662047880910985860502390315801031698762388781958464019100626511,-0.006461924170142540493001397825579837707859103711524760890704849835981706406422245089098837980729766153,-0.0002768539118397211041831809091627121045495750676219630382225564876392264582472088476668053564268730062,-0.0001607143210394671021706414676956257815696137184886476008189337033307218114542332720691086052256965754,-0.007347031191242022236528827924552582502211622948532948898724946803440258157009597636831850000782740003,-0.006622638491182007595172039293275463489428717430013408491523783539312428217876478354733499599120426581
5,5/803,11/1605,797/808,399/404,7,7/10,8/10,-0.2855559010496712785939668334174985740504465002429851008045128038677023441687028344053457050847363948,-0.2792470377636716938338439091564651593601559981946607634494323874959045274869022600691570035630437490,-9.184181825424761877632221831434447574828611601138985674244170664298030331168884865087007579590137526,-5.111013145137040013904550301354487283182366827991683870626500746868733719571165181471937317897079837,-0.02855559010496712785939668334174985740504465002429851008045128038677023441687028348665668651010717859,-0.02792470377636716938338439091564651593601559981946607634494323874959045274869022598056020549822806684,-0.0003826742427260317449013425763097686489511921500474577364268404443457512637987035375003349277725519044,-0.0002129588810473766672460229292231036367992652844996534946094375311195305716487985479376762858190590777,-0.02893826434769315960429802591805962605399584217434596781687812083111598568066898702621604447366694206,-0.02813766265741454605063041384486961957281486510396572983955267628070998332033902452232081267668549121
5,5/803,11/1605,797/808,399/404,8,8/10,9/10,-0.5714782581804582228555470097287739501713821038277717520181850255959906105613635966187879087244714084,-0.5648048302815958479931345444180226311493024332645175533366373306030733178662565643676624517714237331,-13.27102412817840995338088012936254366945958123986453802302796263720846586757692153965124289395484134,-7.093134879014755334601092947697908958860992787115504348332861989911176351323985552003088292456972519,-0.05714782581804582228555470097287739501713821038277717520181850255959906105613635974094527544667606502,-0.05648048302815958479931345444180226311493024332645175533366373306030733178662565637087750803195160316,-0.0005529593386741004147242033387234393195608158849943557509594984432170194111490384004532069894960859948,-0.0002955472866256148056083788728207462066192080327964793478472025829129656813051660626805244569963104297,-0.05770078515671992270027890431160083433669902626777153095277800100281608046728539819184454681295883441,-0.05677603031478519960492183331462300932154945135924823468151093564322029746793082240936451181844817767
5,5/803,11/1605,797/808,399/404,9,9/10,10/10,-0.9583513425336101365469725128163835280558161848578656628152807831480135196155360809044453614785722545,-0.9511539099120314894890759289301892324352870885910599335118702799227230172241535421335336604736533290,-20.23040662064361190178249896521384958071422482183273766629973939433248768711107511893668696872427853,-10.34470816050626759163397605339809794132346868384633066795117935657362607928852034279506176302832557,-0.09583513425336101365469725128163835280558161848578656628152807831480135196155360814315552586400984157,-0.09511539099120314894890759289301892324352870885910599335118702799227230172241535408157589175698379260,-0.0008429336091934838292409374568839103991964260342430307360958224747638536536296281334752519995357852444,-0.0004310295066877611496514156688915874142218111951602637778312991398572344199703550117217029169402223756,-0.09667806786255449748393818873852226320477804452002959701762390078956520561518323639399509090341668615,-0.09554642049789091009855900856191051065775052005426625712901832713212953614238570903049739208241406217
6,9/1607,5/803,399/404,799/808,0,0/10,1/10,0.4294087569471278838206904984997946617979564187477327873358455295066686724123418839095864528220850303,0.4354151693984508637810457275581621807283069526928295426313611522345053351774416803205508482906867492,-2.066890816618945727850486669147544048914025681433430164110875062918751459757033263254509731128860284,-1.922895152686860005183004177953747579178866406245482751359025068526997052065095546328420862754628292,0.04294087569471278838206904984997946617979564187477327873358455295066686724123418835142540299509404093,0.04354151693984508637810457275581621807283069526928295426313611522345053351774416805841057968714498298,-0.00008612045069245607199377027788114766870475107005972625683795312762161464415654305299559043288716666749,-0.00008012063136195250021595850741473948246578610026022844797329271118862487716937898054142448679152692428,0.04285475524402033231007527957209831851109089080471355247674659982304525259707764526329773201408757690,0.04346139630848313387788861424840147859036490916902272581516282251226190864057478911017007907426533752
6,9/1607,5/803,399/404,799/808,1,1/10,2/10,0.4095046429406373379792805753651054930555714272589888698625103354481983291401889614189614222253478700,0.4155025504911974503486205278897182362979852081664745940210839006595603588090802755986153936179700001,-2.291624495266092381252454056979823961628501255955663247124899536774696912388738643335830071645038764,-1.898503408897948565064763590829275027146764474741036808346446414694064267451247175390824149610444014,0.04095046429406373379792805753651054930555714272589888698625103354481983291401889610236289993542032491,0.04155025504911974503486205278897182362979852081664745940210839006595603588090802761257252907794961613,-0.00009548435396942051588551891904082599840118755233148596863020414736561237134953077716598861758130530610,-0.00007910430870408119021103181628455312613111518644754320034776860061225267781046863173073821520142019124,0.04085497994009431328204253861746972330715595517356740101762082939745422054266936529920174549102547356,0.04147115074041566384465102097268727050366740563019991620176062146534378320309755903051572160111467500
6,9/1607,5/803,399/404,799/808,2,2/10,3/10,0.3686919841354649191755140791231390355327978532334003904425589016675791391204785960391445421517987709,0.3746712880694750876238429779587947425950168942820765611209667078872378327635500671808893048030014553,-2.643780915892994102482822818214929230925040012643799801086617273815173544578726681006053090297377648,-1.971165601748285825562965751170649608433914314008262608518495060249750944889049021985081259380090931,0.03686919841354649191755140791231390355327978532334003904425589016675791391204785951167022221191279888,0.03746712880694750876238429779587947425950168942820765611209667078872378327635500677079992019645276166,-0.0001101575381622080876034509507589553846218766671934916583786090530756322310241136121059769913359892345,-0.00008213190007284524273179023963211040035141309641701094202160396084373962270371037535702029825794251493,0.03675904087538428382994795696155494816865790865614654738587728111368228168102374587202481211692285493,0.03738499690687466351965250755624736385915027633179064517007506682788004365365129643520778227683534253
6,9/1607,5/803,399/404,799/808,3,3/10,4/10,0.3048406859651041399823387435461839322032973355556975519875435985432549164771261493106195712557075448,0.3107878665221380710383187687628395014604529847385797741283820449512835539628723496738485758340440614,-3.159225637778946664422602251691719767374054033499706930157724770060655319054357729881015552591768785,-2.158438986537042694683836238986512337604255393836540825273372314671591743057083612736502382651903198,0.03048406859651041399823387435461839322032973355556975519875435985432549164771261487835096740941813836,0.03107878665221380710383187687628395014604529847385797741283820449512835539628723498715147872696163718,-0.0001316344015741227776842750938204883236405855847291544554232385320858606382939315726981415817966077144,-0.00008993495777237677894515984329110468073351064140985586771972384644464965596071181663661365919777868312,0.03035243419493629122054959926079790489668914797084060074333112132223963100941868330179215763552050896,0.03098885169444143032488671703299284546531178783244812154511848064868370574032652319753954241247101032
6,9/1607,5/803,399/404,799/808,4,4/10,5/10,0.2144080642800931121901248786094159905957040688854266720680152079311188976565075797268494645211484472,0.2203385850805875777761236097670984492095102419377570988292352884829744174227606800415019285044501699,-3.906660895439888400604882322182652277036163905907473005132850631657666795243854459610911226257230261,-2.494219724098493073627224247133834175244281873482438235479757419942671578685223059354098052423862434,0.02144080642800931121901248786094159905957040688854266720680152079311188976565075793974057787951945965,0.02203385850805875777761236097670984492095102419377570988292352884829744174227606803709456142304040206,-0.0001627775373099953500252034300909438448765068294128113752138687763190694498018272698985663374300714636,-0.0001039258218374372114011343436305764239685117447284349264783232258309446491118842934667967233212072875,0.02127802889069931586898728443085065521469390005912985583158765201679282031584893065697311756841931589,0.02192993268622132056621122663307926849698251244904727495644520562246649709316418374787449971103031863
6,9/1607,5/803,399/404,799/808,5,5/10,6/10,0.09196824254072596774448647494640784653886605706099421853589498597535592659922036534308245182250608627,0.09793474015634348818396118322140075133492367856352603522498808410832150025806962820617346146550332468,-5.000524903509206769394262734463377514849749647569405236612871196291638535455634391161225774426184851,-3.031330079750068665267346697565056476425987033494693755305506565831927499093099683634634183695477157,0.009196824254072596774448647494640784653886605706099421853589498597535592659922036517836060895952916089,0.009793474015634348818396118322140075133492367856352603522498808410832150025806962840383967290107563514,-0.0002083552043128836153914276139359740631187395686487252181922029665121516056439847671549379901552377141,-0.0001263054199895861943861394457318773531844161263956122398043961069096636457955458192509636833363710228,0.008988469049759713159057219880704810590767866137450696635397295631023441054278051742445030762648832106,0.009667168595644762624009978876408197780307951729956991282694412303922486380011417029369095749920038760
6,9/1607,5/803,399/404,799/808,6,6/10,7/10,-0.07060216469418822075010235452275959990204095457166460034520797307162010793046026107003355100548101476,-0.06451656269759779024864110032716525796750227806522586996745255072522797916775359721900728054701990935,-6.651719598214905573438350729096912197799673503030208420194706144573050161776263150943975667112122785,-3.860950212385795565729348560483814037919759502107079698594914196326675113768337834931313638741628977,-0.007060216469418822075010235452275959990204095457166460034520797307162010793046026118533884100956486253,-0.006451656269759779024864110032716525796750227806522586996745255072522797916775359712017417482923375412,-0.0002771549832589543988932646137123713415749863959595920175081127560238770900740109660282920452270748793,-0.0001608729255160748152387228566868255849133233125877949874414547581802781297403474088224365901514365785,-0.007337371452677776473903500065988331331779081853126052052028910063185887883120037084562176146183561132,-0.006612529195275853840102832889403351381663551119110381984186709830703076046515707120839854073074811990
6,9/1607,5/803,399/404,799/808,7,7/10,8/10,-0.2855296556489788029491531122924066490878619796425869909932738648527014431118534522843282565294132340,-0.2792181176560584319879843987718034523963896132584895892082914918080151688970715343524937728229494609,-9.197947992037888360603399808165121914765038182050743193632527331420407974924037227407770674281361209,-5.118470888442684190251159393500123538744574945586977651675495930887967413917521450413366971918605051,-0.02855296556489788029491531122924066490878619796425869909932738648527014431118534525478832051101763147,-0.02792181176560584319879843987718034523963896132584895892082914918080151688970715339571613499518048400,-0.0003832478330015786816918083253402134131152099242521142997346886388091836656218348858521238480247721850,-0.0002132696203517785079271316413958384807810239560661240688198123304536653089132300590488541284237442296,-0.02893621339789945897660711955458087832190140788851081339906207512407932797680718015042080377903165859,-0.02813508138595762170672557151857618372041998528191508298964896151125518219862038343366000300678530967
6,9/1607,5/803,399/404,799/808,8,8/10,9/10,-0.5716300983831412040254542566289602285710723254308388359153255786394172413315267026119398436352324364,-0.5649542855037746032817278714463751114782797453235504330944266784167535810074203188946780541769606293,-13.29739423509205844838832822393611309694656006742200085629443832523097617559235379585700060500619484,-7.107296289340067435028232078774368520212627620839897556891268243820360224100928161249455146348265126,-0.05716300983831412040254542566289602285710723254308388359153255786394172413315267034026046893775216783,-0.05649542855037746032817278714463751114782797453235504330944266784167535810074203183675681570154344681,-0.0005540580931288357686828470093306713790394400028092500356789349302179573406496814106425174576774437941,-0.0002961373453891694764595096699489320216755261508683290648704695101591816760042053383169905529411540996,-0.05771706793144295617122827267222669423614667254589313362721149279415968147380235175913907853857845789,-0.05679156589576662980463229681458644316950350068322337237431313735183453977674623711742116125244267703
6,9/1607,5/803,399/404,799/808,9,9/10,10/10,-0.9588806979690285039442958356390146964111706897447980346564566626156248380584756877293075164034004235,-0.9516806595899274589241280088236319323866270401714749528695280653573339698852886163276513001325440962,-20.28289551490553653566190882778583277535034613948674699440197736675360755719866182444284850296752914,-10.37177162839311351469410893225595061035685929977982443286758349748205785841821187337993142648538012,-0.09588806979690285039442958356390146964111706897447980346564566626156248380584756885199723621456896653,-0.09516806595899274589241280088236319323866270401714749528695280653573339698852886155369864543902548544,-0.0008451206464543973556525795344910763656395977558119477914334157236147336482166109125858242025000940157,-0.0004321571511830463964455878721773312754315358041574926847028159790617524107674254918099598727860574003,-0.09673319044335724775008216309839254600675666673029175125707908198517721745406417984076691274119588854,-0.09560022311017579228885838875454052451409423982130498797165562251479514939929628701925606160552459536
7,1/201,9/1607,799/808,100/101,0,0/10,1/10,0.4294570727000387986772424539894474343407061329697318606774446498390230583444356875671690705776455610,0.4354676946158533128541242205333004199807053147159430680564018521775680336826341814611400662944226634,-2.066084704908894106838741450753072051726991202288588868112136513343420424067442016827146164634280919,-1.922015510214213808089969576581382469431217042183512031011606565060351420123329772592986853348276625,0.04294570727000387986772424539894474343407061329697318606774446498390230583444356870400591734161193998,0.04354676946158533128541242205333004199807053147159430680564018521775680336826341818564724891655672843,-0.00008608686270453725445161422711471133548862463342869120283800568805597585100281008441229515059338169423,-0.00008008397959225890867041539902422426955963404342431300129215027354418130917180540666872577163885765656,0.04285962040729934261327263117183003209858198866354449486490645929584632998344075859835994713446293900,0.04346668548199307237674200665430581772851089742816999380434803494421262205909161279892530880410648283
7,1/201,9/1607,799/808,100/101,1,1/10,2/10,0.4095614434788707039093547971602216662434149047896093144517172612334022198160283994062657680329865035,0.4155635320814307895022787019662049678302394300532043861608485274709372270665788300385434486929100387,-2.291047007246026019312810986934868420090845606592596184793767858111824966349241091166985216952631110,-1.897660986285424452476474814411140486057097143711399747477870266685729217940285611534266380574586622,0.04095614434788707039093547971602216662434149047896093144517172612334022198160283987473783965810788020,0.04155635320814307895022787019662049678302394300532043861608485274709372270665788304338758715640546596,-0.00009546029196858441747136712445561951750378523360802484103307366075465937359788504582802227551087340067,-0.00007906920776189268551985311726713085358571238098797498947824459444523871741417856662735778265433685519,0.04086068405591848597346411259156654710683770524535290660413865246258556260800495480098431745973294992,0.04147728400038118626470801707935336592943823062433246362660660815264848398924370450391359565819498165
7,1/201,9/1607,799/808,100/101,2,2/10,3/10,0.3687644074948879019164265581472264455461904904509323059617760929025859340908180415695733679398818323,0.3747478380464309215860596959685101736634842863453039077088182496193154624048818736889978854639239852,-2.643622533432302856003086088208174234537235129035764109668478407415237562724885322046748952575278622,-1.970505623847743383924830011138489970627801801935775151492069999771436689800962408462529870225271519,0.03687644074948879019164265581472264455461904904509323059617760929025859340908180406471310479072110501,0.03747478380464309215860596959685101736634842863453039077088182496193154624048818744796627312062132270,-0.0001101509388930126190001285870086739264390514637098235045695199336423015651135368888451754786045539389,-0.00008210440099365597433020125046410374877615840841399063131216958332380986207504009982583868460382468735,0.03676628981059577757264252722771397062817999758138340709160808935661629184396826713430140177716221756,0.03739267940364943618427576834638691361757227022611640013956965537860773637841314739022171772991863442
7,1/201,9/1607,799/808,100/101,3,3/10,4/10,0.3049328514799873685055794378530419274966591635689824694897473682915566729275684450364921189270440262,0.3108840824391424003204609700861149559668584375050227153658946690284824890772428359792491472326360611,-3.159779259860780813545715043964963804035951688641890156314718308387099864525260381559517086305093912,-2.158148913292408835504167449154873066306232853517010669595368394490382304934533490111702208860939499,0.03049328514799873685055794378530419274966591635689824694897473682915566729275684447070484332010901754,0.03108840824391424003204609700861149559668584375050227153658946690284824890772428362428040958133991417,-0.0001316574691608658672310714601652068251681646536934120898464465961827958276885525166073034772521087626,-0.00008992287138718370147934031038145304442942636889654211123314034977043259603893889478027842022745394451,0.03036162767883787098332687232513898592449775170320483485912829023297287146506829195384016196338350733,0.03099848537252705633056675669823004255225641738160572942535632655307781631168534475987072093897383084
7,1/201,9/1607,799/808,100/101,4,4/10,5/10,0.2145187548837378733760606108118739698989593131988178626836732407389627248436697917624673277106145074,0.2204530063587126868892618181407385529352280589616858599248624500716287019335856383951666473756588058,-3.908397111808940361541684023241698827083000901151590062762306352737170862626121467209476634351683536,-2.494602317817832112470187469054289847119121490704593474769417895070032980320336115800267297001721258,0.02145187548837378733760606108118739698989593131988178626836732407389627248436697914330236419846606567,0.02204530063587126868892618181407385529352280589616858599248624500716287019335856386587215959564218864,-0.0001628498796587058483975701676350707844617917042146495859484294313640487859427550618550725966354399331,-0.0001039417632424096713529244778772620769632967287793580614487257456279180408466806707799421746712922540,0.02128902560871508148920849091355232620543413961566713668241889464253222369842422408067515796341042140,0.02194135887262885901757325733619659321655950916738922793103751926153495215251188322108738324778444242
7,1/201,9/1607,799/808,100/101,5,5/10,6/10,0.09208667989327879866814328001524774637417021454241966796142204409660484481004673931377047424387412848,0.09805678311349715589030665120215923293179909790845510050145173188985859645809278001759465305046121053,-5.004173446268143255909587619570811591309435477217112136042704769683636555535010260541396086952497713,-3.032905297188204829756859603716322685621662192761686780751390885083892780662514210574375806948891244,0.009208667989327879866814328001524774637417021454241966796142204409660484481004673918199299995349258818,0.009805678311349715589030665120215923293179909790845510050145173188985859645809278021526086448603352099,-0.0002085072269278393023295661508154504829712264782173796723351126987368181898139587616630285336516076724,-0.0001263710540495085345732024834881801119009025913650702825313079535451621991942714245229610590070365134,0.009000160762400040564484761850709324154445794976024587123807091710923666291190715150359202354336016444,0.009679307257300207054457462636727743181279007199480439767613865235440697446615006609614641483792986435
7,1/201,9/1607,799/808,100/101,6,6/10,7/10,-0.07050243828578527175622752149035405506419141954533625291804396260218405349130612281269452414174833434,-0.06441376528927048782893209745760157998377382638132750341849999049183097995699906251338170696560250567,-6.658947678777566413639659516178923117050527356229620777716094921797266719127897726803144924869540038,-3.864756656064099309188891392300835098457523067468572894320771650276038785160200681515774839093810749,-0.007050243828578527175622752149035405506419141954533625291804396260218405349130612287858326128693910450,-0.006441376528927048782893209745760157998377382638132750341849999049183097995699906239807641696151865791,-0.0002774561532823986005683191465074551298771053065095675324048372884082194466303290733736022972771230984,-0.0001610315273360041378828704746792014624357301278111905372633654854281682827150083607984591984411600823,-0.007327699981860925776191071295542860636296247261043192824209233548626624795760941363805707220705048007,-0.006602408056263052920776080220439359460813112765943940879113364534611266278414914599319211497226018643
7,1/201,9/1607,799/808,100/101,7,7/10,8/10,-0.2855032402369086072741549650969836206301682496817737324240889363312641105886036569939624333588288558,-0.2791890281703441866442197812837149440891689072217105097381854670953003373907752207468349746936700821,-9.211727290002388876821056387513909487411178131192836678924724676338906169907876162950355987013881404,-5.125933787383205957145316606006261708213175179356251946545078629262713725063704259845094158777910360,-0.02855032402369086072741549650969836206301682496817737324240889363312641105886036572575173819395919364,-0.02791890281703441866442197812837149440891689072217105097381854670953003373907752204173912889677162313,-0.0003838219704167662032008773494797462286421324221330348616218635281807877570794948418085850247567089282,-0.0002135805744743002482143881919169275711755489658065104977727116095526130718776543428383194676403564388,-0.02893414599410762693061637385917810829165895739031040810403075716130719881593986059020957661237522981,-0.02813248339150871891263636632028842198009243968797756147159125831908264681095517636244295072969945522
7,1/201,9/1607,799/808,100/101,8,8/10,9/10,-0.5717818029181066665783146182654133524903474415918643753472960270572460516406203731481840159974899342,-0.5651036061561227519256465443845193227768196017148427958971104837243925558191651274860445891441097567,-13.32380611213816362754685793995576747211218804852298830026327235655117978288772294799246883853682285,-7.121477041658307952216663346400766339582314270601378114747661125307694650453473435022570015867186510,-0.05717818029181066665783146182654133524903474415918643753472960270572460516406203739388488617397791761,-0.05651036061561227519256465443845193227768196017148427958971104837243925558191651265636022691114389746,-0.0005551585880057568178144524141648236446713411686884578458443030148562991576203217914955658642954380314,-0.0002967282100690961646756943061000319308159297612750574214478192135544872771022280578914424809509407575,-0.05773333887981642347564591424070615889370608532787489538057390572058090432168235921729530909297513493,-0.05680708882568137135724034874455196420849788993275933701115886758599374285901874066432036077425495771
7,1/201,9/1607,799/808,100/101,9,9/10,10/10,-0.9594102473781013218136943486938600120893197325568747241450744086400674002682115283965864352397915001,-0.9522076040715028752405703689607421028182081403364251786270169152703540016221217079925925610913427513,-20.33550929539226192445591087592237133852672632009724152681150318052375470126607510500030179764432453,-10.39889423888822010571503593821457772574907125861371532642450052852715361410898034985552948015560586,-0.09594102473781013218136943486938600120893197325568747241450744086400674002682115299779161267243699838,-0.09522076040715028752405703689607421028182081403364251786270169152703540016221217069383727667682904289,-0.0008473128873080109135189962864967654724386135966707183969504792991884897792194197995392730383590569045,-0.0004332872599536758377381264974256074052395446357755714719343541886886314005878741786098035912227109125,-0.09678833762511814309488843115588276668137058685235819081145792016319522980604057284057036946232749820,-0.09565404766710396336179516339349981768706035866941808933463604571572403156280004477001068423763797833
8,7/1609,1/201,100/101,801/808,0,0/10,1/10,0.4295053151898919517822754968824370799378581246865742618957903828653182119746253229408482316370616241,0.4355201482363073227991754386461770649537063772811263008779806089196650198763315680705042340352719756,-2.065278073949716934448484398933147544754965211930106068808280010256686785977260744721697909689890558,-1.921135319542693452719636080929668924277289276812975262323551644259263477632300374902195614450124658,0.04295053151898919517822754968824370799378581246865742618957903828653182119746253221501833858947723823,0.04355201482363073227991754386461770649537063772811263008779806089196650198763315687293916054871796772,-0.00008605325308123820560202018328888114769812355049708775286701166709402861608238586478790599544854222468,-0.00008004730498094556052998483670540287184488705320054063593014798517746931156801251514288830246015757521,0.04286447826590795697262552950495482684608768891816033843671202661943779258138014631973115387643062466,0.04347196751864978671938755902791230362352575067491208945186791290678903267606514441248907163435561740
8,7/1609,1/201,100/101,801/808,1,1/10,2/10,0.4096181760990845628633686783493747594851439021068979872438058097742362217178162420433012938433662462,0.4156244473614196431699897363153326031441469711084953382203417604030498162568014826287485866885227396,-2.290468923870934909108855499475417508451104069483567003737068489508786386050224949363774232315545868,-1.896817758416761510234129148389677838672345460058336070933641771530435668787157654570820217215333807,0.04096181760990845628633686783493747594851439021068979872438058097742362217178162416479688709722216253,0.04156244473614196431699897363153326031441469711084953382203417604030498162568014832876359581404304411,-0.00009543620516128895454620231247814239618546266956181529182237785372953276608542603998715974082600829539,-0.00007903407326736506292642204784956990994468106083576400295556840714710148619946490174564476703788580830,0.04086638140474716733179066552245933355232892754112798343255820312369408940569619811786052461061431520,0.04148341066287459925407255158368369040447001605001376981907860763315788013948068343255157545568328939
8,7/1609,1/201,100/101,801/808,2,2/10,3/10,0.3688367752786346865841994556983848373315452417045063893702474767529391818451943967802841162058962286,0.3748243339393590264316577149419059582673129325400129562560724155438462057531113513080953029646403206,-2.643463337844103620369257240579271629904503549511939086432380426848736410857386650837811531187794069,-1.969844424649564302705288115274191503577709044324146454633901389257001636478516978339151251006483189,0.03688367752786346865841994556983848373315452417045063893702474767529391818451943962531742190443700674,0.03748243339393590264316577149419059582673129325400129562560724155438462057531113519669826744165480222,-0.0001101443057435043175153857183574696512460209812296641286013491844520306837857244441750936790811680115,-0.00008207685102706517927938700480309131264907121018017276894307922455237506818660487352917427758133307366,0.03677353322211996434090455985148101408190850318922097480842339849084188750073371515939389740985341655,0.03740035654290883746388638448938750451408222204382112285666416232983224550712453034684785807562640217
8,7/1609,1/201,100/101,801/808,3,3/10,4/10,0.3050249837936283048690101391027942404054562479909155287519353011080239740623899532634454203111998598,0.3109802664747707192861914577680056033552607538129942299960433631712559242441350754326432028698101723,-3.160331834249487548788831983965954804575895592223919629382884722713973287855782713026205785341884140,-2.157857082640392545071008950128288043742506603276803801740898622162336666283870729266545057880424453,0.03050249837936283048690101391027942404054562479909155287519353011080239740623899529998904717304367791,0.03109802664747707192861914577680056033552607538129942299960433631712559242441350756961981514505732529,-0.0001316804930937286478662013326652481168573289830093299845576201967797488869939909469848763853036640592,-0.00008991071177668302271129203958867866848927110846986682507253744259009736109516127983257201795755564254,0.03037081788626910183903481257761417592368829581608222289063590991402264851924500432031718009461803023,0.03100811593570038890590785373721188166703680427282955617453179887453549506331834631102091818365538893
8,7/1609,1/201,100/101,801/808,4,4/10,5/10,0.2146294483111279914613745324193412800142666587123777758684638157261656847820036683340551657096820939,0.2205674315662209176185318410989343762986415611071936136843567160299793173309141231702117848489095694,-3.910132809712547967917544356587177707133820598283041845555210933333196515008577016567992650587683291,-2.494982624305301025387713417600502001255235167608403167763045970160630467415848757330880824811854646,0.02146294483111279914613745324193412800142666587123777758684638157261656847820036681363889542741097835,0.02205674315662209176185318410989343762986415611071936136843567160299793173309141235655442077200541903,-0.0001629222004046894986632310148577990711305758582617934102314671222222165214586907096935351880839263003,-0.0001039576093460542093911547257333542500523014653170167986567935820900262694756603642093090992240474597,0.02130002263070810964747422222707632893029609001297598417661491445039435195674167608335512988145493637,0.02195278554727603755246202938416008337981185464540234456977887802090790546361575202065667841485553062
8,7/1609,1/201,100/101,801/808,5,5/10,6/10,0.09220517194398004526288616806692535738545472394132754412555817103896052548307299748713865753953373796,0.09817888158410971165862311923703725083223083092802928056383021605723823402816500965230934509902154949,-5.007821175369433701040974686734400367017613443461273731052747408345726767679251783443560341883571094,-3.034478226488836357099023631212439794224041436748409605869910676843461771604839184840813615919036179,0.009220517194398004526288616806692535738545472394132754412555817103896052548307299728947244610396142750,0.009817888158410971165862311923703725083223083092802928056383021605723823402816500981703118796199847487,-0.0002086592156403930708767072786139333486257338934775530721271978086810719486533021584375782317137500567,-0.0001264365927703681815457926513005183247593350598645170669112462782018109071502016317765128832495727766,0.009011857978757611455411909528078602389919738500655201340428619295214980599653997563045707873953750762,0.009691451565640602984316519272403206758463748032938410989471775327522012495666299359192209573992726763
8,7/1609,1/201,100/101,801/808,6,6/10,7/10,-0.07040259358034553048323493933132830102264888204511422373275434914293777795709382658924417423560740552,-0.06431084949069378399973465495139123978226996310826109628223355801076670456846020065508497616984260076,-6.666178119253557576750721796755880489985683534941030985253722190950221956262767009855177996049550240,-3.868563029168770232769493534855433034260287769580262932418336919409408833679862611068603969335992211,-0.007040259358034553048323493933132830102264888204511422373275434914293777795709382667160509566709586821,-0.006431084949069378399973465495139123978226996310826109628223355801076670456846020052330750187946106046,-0.0002777574216355648990312800748648283537494034806225429577189050912895925815109486264772063490398401852,-0.0001611901262153654263653955639523097097608453237325109555174307049753920347366609411765898561886412647,-0.007318016779670117947354774007997658456014291685133965330994340005583370377220331294152471674696229898,-0.006592275075284743826338861059091433687987841634558620583740786506052062491582680986815515177826309717
8,7/1609,1/201,100/101,801/808,7,7/10,8/10,-0.2854766547208327578016471126587313504563023100537890401327382480879364068642216495922911190146702354,-0.2791597692158236312333932119276433717575934375539599851273698177654112176786209490329159093800180097,-9.225519725879305880645387698814731493263916565963407947563748150334432506728510252592756934701390535,-5.133401836324458220761067924371430794928529950584744167427823340242617209575584312782117199386725146,-0.02854766547208327578016471126587313504563023100537890401327382480879364068642216499876235418858148563,-0.02791597692158236312333932119276433717575934375539599851273698177654112176786209487693609607992549291,-0.0003843966552449710783602244874506138122193298569151419978151561729306013544470212622295692792443691166,-0.0002138917431801857591983778301821429497886887479410310069761593058434423837323160116214710961149445536,-0.02893206212732824685852493575332374885784956086229404601108898098172424204086918626613948105729388367,-0.02812986866476254888253769902294648012554803250333702951971314108238456415159441087002635985395553335
8,7/1609,1/201,100/101,801/808,8,8/10,9/10,-0.5719333715710730414877299252288733318287528772643378782926983413559022220460926254016338030517340229,-0.5652527920249063932453250129538640799751453720320349218083158355069012326562413746194740895607978717,-13.35025981816817903408160270651070785555304941560651511415020817710108565840024455440664948906164018,-7.135677149427854253051499151975548794063805869557626326236587083828791430056798329647953142021997614,-0.05719333715710730414877299252288733318287528772643378782926983413559022220460926261922986487940232648,-0.05652527920249063932453250129538640799751453720320349218083158355069012326562413735652542952377455493,-0.0005562608257570074597534001127712794939813770589836047964229253407125452357666768590883774295192131217,-0.0002973198812261605938771457979989811997526585778982344302598577951595329762523665952114259359708517336,-0.05774959798286431160852639263565861267685666478541739262569275947630276744037593949376091507732562635,-0.05682259908371679991840964709338538919726719578110172661109144134584965624187650391827773112820321869
8,7/1609,1/201,100/101,801/808,9,9/10,10/10,-0.9599399907554182834851807361705076596601674423943673889440134386036649659920164349966960479541644497,-0.9527347433511965810574175849511642563897477192385027325976717197149389078528437384974537443840200728,-20.38824826851373499588564120858878919912986235989937336177588993454449375281191558576040054418618930,-10.42607611695159606476638940717244335873487930831311412624538634062362690951837210091848937767375561,-0.09599399907554182834851807361705076596601674423943673889440134386036649659920164360509158422772167722,-0.09527347433511965810574175849511642563897477192385027325976717197149389078528437366525691043186785086,-0.0008495103445214056248285683836911995499637442649958072234073287472726872397004964858395326992127736999,-0.0004344198382063165026985995586321851399472866378463797552602244308593177878965988349741003701693990122,-0.09684350942006323397334664200074196551598048850443254611780867260763918383890214019079373416261421193,-0.09570789417332597460844035805374861077892205856169665301502739640235320857318097237874865169059176740
9,3/805,7/1609,801/808,401/404,0,0/10,1/10,0.4295534844137456705780275719616820332545641456378641490483240870847565355707670585586693165456120500,0.4355725302547380485738978704193392674739911541674625692165369675469370491826815331979456096673294664,-2.064470924588028435090652922623878284795371826383569606344559335156712174399923940885289640282923642,-1.920254581394716894768924654227367275818847664983637826697741391656113187239457171267900699196328634,0.04295534844137456705780275719616820332545641456378641490483240870847565355707670577680044708033228082,0.04355725302547380485738978704193392674739911541674625692165369675469370491826815339886104554096187082,-0.00008601962185783451812877720510932826186647382609931540026435663896486300726666349787868489228579893858,-0.00008001060755811320394870519392614030315911865270765157611240589131900471613497738161934774715059025639,0.04286932881951673253967397999105887506358994073768709950456805206951079054981004222075436142705775511,0.04347724241791569165344108184800778644423999676403860534554129086337470020213317606073855942481612492
9,3/805,7/1609,801/808,401/404,1,1/10,2/10,0.4096748407902004527560219737132065512312340116470212995751155275088721816779232651865047718865087530,0.4156852963178612349421190021460229569010120968172135451738213836605077835689354427300389220714981109,-2.289890246136762561364970313087790728253361166061390164343188414514147545408306405414324881104813979,-1.895973725670092693864501465659935128758599038543064331062676407055389573851953482329752290990736313,0.04096748407902004527560219737132065512312340116470212995751155275088721816779232642640624518538379709,0.04156852963178612349421190021460229569010120968172135451738213836605077835689354433889262935234058124,-0.00009541209358903177339020709637865794701055671525255792351429951727142281439201276725087671544563993044,-0.00007899890523625386224435422773583063036494162660596101379427818362730789891049806128570316398268306086,0.04087207198543101350221199027494199717611284444944957203399725323361579535340031365336436618178662463,0.04148953072654986963196754598686646505973626805511539350358786018242347045798304629935535700386032036
9,3/805,7/1609,801/808,401/404,2,2/10,3/10,0.3689090874605140906457739445047305940309658891963075294667052485288013955468142886257386693996581556,0.3749007757196731263655668346103000959811271577235911669068357651988377957936228520148490263812057171,-2.643303329953931212153014692585920363391315952914431203542994632229476418112425673340451000138501975,-1.969182003967786229819291176033703179883762795979712922308109984328607353678788327036451545231516271,0.03689090874605140906457739445047305940309658891963075294667052485288013955468142880986287722381319944,0.03749007757196731263655668346103000959811271577235911669068357651988377957936228524101814492523503381,-0.0001101376387480804671730422788577466818079714980381013001476247763428948507546844035452132665111981981,-0.00008204925016532442624247046566807096582849011649915470509617124934702530640328284643754663763995717705,0.03678077110730332859740435217161531272128861742159265164652290007653724470392674438958810179153090725,0.03740802832180198821031421299536193863228422565585996198558740527053675427295900242366429866808944002
9,3/805,7/1609,801/808,401/404,3,3/10,4/10,0.3051170828611058693965342381327699024362403055044497763588970961519085096177647471001514406300483493,0.3110764185814784468709552847697460113726107794427750655086024247117943102210020278458059751996930206,-3.160883361142233926427058527187938740263043386268868649252522416719456514551398489389420981402275750,-2.157563493410281322574330871847084706288449407616019957128274791879867142068728282201916333627315148,0.03051170828611058693965342381327699024362403055044497763588970961519085096177647465730415434685221881,0.03110764185814784468709552847697460113726107794427750655086024247117943102210020282411383980708376415,-0.0001317034733809264136011274386328307808442934744278695270521884340299773547729749376433414240672586452,-0.00008989847889209505510726378632696186276201872531733416488034478299499446425286367786228021745263363613,0.03038000481272966052605229637464415946277973707601710810883752118116087360700349969160662406018420256,0.03101774337925574963198826469064763927449905921896017238597989768818443655784733915139911717909915943
9,3/805,7/1609,801/808,401/404,4,4/10,5/10,0.2147401445024977193767035855311218198922116305696515576723507453090747533968207871756315476083199486,0.2206818606406886517443094737863744401774993011067609302222723896141392198538262659010634520183739987,-3.911867527687131423567382879285277104230239146241040516979722730419432818577809036875829174659558583,-2.495360640388646943117356287577644462821701732694940979699175456694175200095127071477259321034323813,0.02147401445024977193767035855311218198922116305696515576723507453090747533968207867144103875919845575,0.02206818606406886517443094737863744401774993011067609302222723896141392198538262660987296634539463092,-0.0001629944803202971426486409533035532126762599644267100215408217804341430341074087104820423982515458470,-0.0001039733600161936226298898453157351859509042388622892074874656440289239666706302940210018251995717207,0.02131101996992947479502171759980862877654490309253844574569425275047333230557466995375241573569166942,0.02196421270405267155180105753332170883179902587181380381473977331738499801871199634184713034700860523
9,3/805,7/1609,801/808,401/404,5,5/10,6/10,0.09232371863681478569784092200757729930864829911442160410863368080422711473874372093108555784139416900,0.09830103550929782794249487518645321338701951816901832138647982326281360227712939842698403881456365186,-5.011468086162416138223704406172492614766787802206671589259371152792315037885441719482984303669536424,-3.036048861784761687362613263024466809986922737547078226149412419102104704441146396847654414515190181,0.009232371863681478569784092200757729930864829911442160410863368080422711473874372083225245212360801377,0.009830103550929782794249487518645321338701951816901832138647982326281360227712939862465025025013596232,-0.0002088111702567673390926543502571871922819494917586113162191404646996797932452267392040343281606890302,-0.0001265020359076984036401088859593527837494551140644615927562255174625876960183810990553381681355176885,0.009023560693424711230691437850500542738582880419683549094644227615723031680629145330637561151583237160,0.009703601515022084390609378632685968554952496702837370545891756808818772531694558769844133843713114691
9,3/805,7/1609,801/808,401/404,6,6/10,7/10,-0.07030263058953335906635447226052651508825890480886693794218045348772873212985970750422386845906607787,-0.06420781531625231180276540835677065528420010021896215986491367455267975352060889841736581077648802000,-6.673410913037673398038242202014347824971350229032217503891424711379990451252293636969871520115680988,-3.872369324883740398954183046955063512753571296763149242966668750306412519006850994880782370856609699,-0.007030263058953335906635447226052651508825890480886693794218045348772873212985970757011260560425684802,-0.006420781531625231180276540835677065528420010021896215986491367455267975352060889830206052077240417224,-0.0002780587880432363915849267584172644927071395928763423959954760296408329354688455693985659767136864681,-0.0001613487218701558499564242936231276463647321373651312184569445312627671882919521237887594341074901979,-0.007308321846996572298220373984469916001533030073763036190213521378413706148454816328468849572926582838,-0.006582130253495387030232965129300193174784742159261347204948311986530742540352841946273475127145864044
9,3/805,7/1609,801/808,401/404,7,7/10,8/10,-0.2854498990082253999742216237879290598364255003661521166605534741581511587913640498262477071036706043,-0.2791303407018923535892276974806239182071228757190748179045547626055329182798937439598719788899121724,-9.239325306225299708310136009323126714690802134992253638828723073297315445406937635680612416377464628,-5.140875029610548917998357013070599097007723509056843458711928225192465904124101764405794722531074109,-0.02854498990082253999742216237879290598364255003661521166605534741581511587913640500898026556844336849,-0.02791303407018923535892276974806239182071228757190748179045547626055329182798937434327620817283860112,-0.0003849718877593874878462556670551302797787834222913439016178634613873881435586224030899847878820364332,-0.0002142031262337728715832648755446082957086551462107018107796636760496860793385042387038235583863853749,-0.02892996178858192748526841804584803626342133345890655556767321087720250402269502742030634249947425119,-0.02812723719642300823050603462360700011642094271811818360123513993660297790732787857889149717754416914
9,3/805,7/1609,801/808,401/404,8,8/10,9/10,-0.5720848041276360088230963760896130121816998423687048080194277669166003442518135949968547643529557530,-0.5654018428962645253223534506526510318979540541904809125941905301232352935802874115673071825986818444,-13.37675541210453364320289586733218147278994402028013385580034969323631494792407103903052034292443026,-7.149896626088801232826181093175606231069192823069096262274407453119125007946695514474462430725928843,-0.05720848041276360088230963760896130121816998423687048080194277669166003442518135959192970843856265351,-0.05654018428962645253223534506526510318979540541904809125941905301232352935802874106448648625660110623,-0.0005573648088376889018001206611388408946995810008450055773250145705515131228301696292782933510491130928,-0.0002979123594203667180344242122156502596278830342945456775947669772132968753311123111154590307336588022,-0.05776584522160128978410975827010014211286956523771548637926779126221154754801152924385725518327109385,-0.05683809664904681925026976927748075344942328845334263693701381998953682623335985332206734635686726428
9,3/805,7/1609,801/808,401/404,9,9/10,10/10,-0.9604699280954015720214414409381278756067179014838213744692952687373707091187668885491369481645499407,-0.9532620774232738471283852846052618106576350984825658364056596945734964502295516647992983767344733969,-20.44111274147926163203187163091407543724850625907484204519393419838912109767569821489529002436955851,-10.45331738783869137348070719875485396370121375771906707970901871202144681904896485176394192597677228,-0.09604699280954015720214414409381278756067179014838213744692952687373707091187668893398017939068391826,-0.09532620774232738471283852846052618106576350984825658364056596945734964502295516629544137366691318327,-0.0008517130308949692346679946512880864765520210941281184185497472582662133790698207623197867401822267798,-0.0004355548911599454738950294666147855818208839065716277949878757796675602841270401995363809300371742569,-0.09689870584043512643681213874510087403722381124251025586547927413200328429094650982190037131388605064,-0.09576176263348733018673355792714096664758439375482821143555384523701720530708220642239719258545114978
10,5/1611,3/805,401/404,803/808,0,0/10,1/10,0.4296015803687102875746399477510634379105403073277711176001806880501820112457349492847377412259978202,0.4356248406661205419352324555852536296530161407006092153647376389775783162024710379970372569637992919,-2.063663257670344147202170103573369965672210481711250200187017338556796040725083505105860391451996092,-1.919373296493099793371714671165936088444994240722622615408301371684419389146333656445051257089833761,0.04296015803687102875746399477510634379105403073277711176001806880501820112457349484940728954837085783,0.04356248406661205419352324555852536296530161407006092153647376389775783162024710382605922055445623725,-0.00008598596906959767280009042098222374856967543673796875834112572243986650169687847970645234182803527442,-0.00007997388735387915805715477796524733701854142669677594230867922382018414121443056846192124170426687968,0.04287417206780143108466390435412412004248435529603914300167694308257833462287661631397852630055140952,0.04348251017925817503546609078056011562828307264336414559416508467393764747903267326248747902274659784
10,5/1611,3/805,401/404,803/808,1,1/10,2/10,0.4097314375411897629221881500190400830650309916949322828293800968382441696945716927164530710465900809,0.4157460789375004300469278950880115458449090170893454781601102210603442987231515972322438818741478419,-2.289310975039301358702724628356531630351098355563429533013119877544464512640659767845856202705701417,-1.895128888424760761983057978162216450835689578650367021104530950539156714439082463041182570199292427,0.04097314375411897629221881500190400830650309916949322828293800968382441696945716921893431738850639197,0.04157460789375004300469278950880115458449090170893454781601102210603442987231515974957988304549109225,-0.00009538795729330422327928019284818881793129576481514289720887999489768602136002749069547579851864842957,-0.00007896370368436503174929408242342568545148706577709862587935545627246486310162843544666619683535910034,0.04087775579682567206893953480905581948857180340467808538572912968892673094809714172386341763893991896,0.04149564419006567797294349542637772889903941464315744919013166664976196500921353131722175140233655050
10,5/1611,3/805,401/404,803/808,2,2/10,3/10,0.3689813440143768580051911555701732600172115320158517078400234161557860762258895076707198106802333313,0.3749771633588264921511076052367223816043559858352483670083980234721971520375064090687610302069901825,-2.643142510587096724042092333384637277902580046297717022341034357968841254383093273890243441169605768,-1.968518361618980654822928205235984786233339387820740452881584059406764758025660267006085241484097907,0.03689813440143768580051911555701732600172115320158517078400234161557860762258895071436099135187071701,0.03749771633588264921511076052367223816043559858352483670083980234721971520375064095958709273685163437,-0.0001101309379411290301684205138910265532459408352624048759308764315820350522659622202488579422987068019,-0.00008202159840079086061762200855149936609305580782586418553673266914194853158440251053980466855300692385,0.03678800346349655677035069504312629944847521236632276590807146518399657257032298845666365194619209983,0.03741569473748185835449313851512073879434254277569897251530306967807776667216623851004584550349477013
10,5/1611,3/805,401/404,803/808,3,3/10,4/10,0.3052091486375204952955680687843947339548755968375949620182730306192273457008459094189512410512315560,0.3111725387117399613818923185209661998573320209937976347912879157968940935629221383634412964246397086,-3.161433840735459554425967799515169707274879153334508585509964927948152960829920027790999761673699851,-2.157268144435765509665292443023881081946312207749974253954596398341433957281120043356143305866691181,0.03052091486375204952955680687843947339548755968375949620182730306192273457008459091553962924704684753,0.03111725387117399613818923185209661998573320209937976347912879157968940935629221388246624564409750996,-0.0001317264100306441481010819916464654044697866313889378577295818719978397067012466684636084721757021502,-0.00008988617268482356290272051845932837841442967532291559391477484993089308155338000124302000028401190031,0.03038918845372140538145572488679300799101777305237055834409772118992489486338334422777267981436603694,0.03102736769848917257528651133363729160731877242405684788521401672975851627473883390104132236326540940
10,5/1611,3/805,401/404,803/808,4,4/10,5/10,0.2148508433980624876987563341599383003322094687115127634311675498983395365638964015407656301328527829,0.2207962935196710582259981052778038638840011861307214920231241404505600762041518416911942557167091917,-3.913601133019380562450638977344791533676826737414320500675977725473897149786574745727508992808229453,-2.495736362900887188215568560075640439854709728809991778688065003140886547751787522063913612953513551,0.02148508433980624876987563341599383003322094687115127634311675498983395365638964012113219444068989321,0.02207962935196710582259981052778038638840011861307214920231241404505600762041518420865266785878538126,-0.0001630667138758075234354432907226996472365344473922633541948324052280790479077739484805808419290014619,-0.0001039890151208702995089820233364850183272795720337496574453360417975369394896578127326455514380280069,0.02132201762593044124644019012527113038598441242375901298892192258460587460848186616004009750456422090,0.02197564033684623552309082850444390137007283904103839954486707800325847068092552639707822276497765976
10,5/1611,3/805,401/404,803/808,5,5/10,6/10,0.09244231991568925978240052600588511022403921897878690930894798278538990972291348317050988821363915339,0.09842324483009709718931045051232774398411483621375439680687244747994328518957474603103385939670044847,-5.015114173988997768430844955466770142912825862698543488096435347017928136612466594090052531574408818,-3.037617197212621277965383958667087226217378733581309911199459866991428321881049278996462661798658413,0.009244231991568925978240052600588511022403921897878690930894798278538990972291348300578804535066222801,0.009842324483009709718931045051232774398411483621375439680687244747994328518957474609692259654189121862,-0.0002089630905828749070179518731444487559547010776124393120040181394590803390255194424066908896243413748,-0.0001265673832171925532485576649444619677590574472325545796333108277913095134117103857772214611758753387,0.009035268900986051071222100727444062266449220820266251618890780139079910633265828844531086033351604793,0.009715757099792517165682487386288312430652426174142885101053933920203019005545764239100333081943931832
10,5/1611,3/805,401/404,803/808,6,6/10,7/10,-0.07020254932514617613791627215279743724303548383269828511493330436458425075575881440778528679460071359,-0.06410466278046510429327502375499790208927846268286371845161361026933904549897037750736278198313548605,-6.680646053507208652066583155507548882197260807485325343550098848523630597572170751579175376324007659,-3.876175536390268864453107594953060109914630081408692454383316749925099990800756970267704226367717657,-0.007020254932514617613791627215279743724303548383269828511493330436458425075575881447367402393979148374,-0.006410466278046510429327502375499790208927846268286371845161361026933904549897037739205749197905163828,-0.0002783602522294670271694409648128145367582192003118885559812541186884846082321737826967170900147902102,-0.0001615073140162612026855461497897108379131095867253621855993048645802124996166982060862527295748503049,-0.007298615184744084640961068180092558261061767583581717067474584555146909683808055237270700109249179070,-0.006571973592062771632013048525289501046840955855011734030760665891514117049513735939887066458538583769
10,5/1611,3/805,401/404,803/808,7,7/10,8/10,-0.2854229730066629874779199320456654062436282065294495147872780428343739869198504003249169385403189831,-0.2791007425380470794560453703529056336980672653584173884853514675710278643302597804030999820940229198,-9.253144037592614290687929956579445560525085752879825521353371055091698267678634056582272681441566244,-5.148353361563816609786187659706619099105942841304596554732164693507014913584052613192521064076179979,-0.02854229730066629874779199320456654062436282065294495147872780428343739869198504005884718871210820637,-0.02791007425380470794560453703529056336980672653584173884853514675710278643302597798759900849324967586,-0.0003855476682330255954453304148574768983552119063699927300563904606288207611532764207510953477402733612,-0.0002145147233984923587410911524877757957960809517210248564471735288961256213993355243060384640543650458,-0.02892784496889932434323732361942401752271803255931494420878419474406621945313831649298193379246535492,-0.02812458897720320030434562818777833916560280748756276370498232028599891205442531348204921293838947318
10,5/1611,3/805,401/404,803/808,8,8/10,9/10,-0.5722361003732686005621465767746741653034955759340556419305468797814308493547794132721663159289865161,-0.5655507585562091447684922290487201816586951302404824046211198474242841782501518082145235959863804759,-13.40329295294065965625449013491632815850531472894665095408533420692224544536532221688397309443395662,-7.164135485062889833914349361140743730206982444576667589639810446531837426592754165857988999570030168,-0.05722361003732686005621465767746741653034955759340556419305468797814308493547794141946086359616572982,-0.05655507585562091447684922290487201816586951302404824046211198474242841782501518076874136988248543147,-0.0005584705397058608190106037556215136732710547803727771230868889252884268935568884285614228526073978477,-0.0002985056452109537430797645567141976554252909351906944829016587686054932261080314216940964715820484101,-0.05778208057703272087522526143308893020362061237377834131614157690343151182903482985728789010981557972,-0.05685358150083186821992898746158621582129480395923893494501364351103391105112321212660575224466392129
10,5/1611,3/805,401/404,803/808,9,9/10,10/10,-0.9610000593923054624021102173482405237757683496523663062861848805602727384114525597098079139941744868,-0.9537896062818259701475251311002777740746520611339972265772830458135068672942386805281385962599256430,-20.49410302229971728407509035547852139960197102742677418951834817441195160806821827790616453738198276,-10.48061817710129471970344465327239362840677526810501744008147791038819932481066348829804803701912222,-0.09610000593923054624021102173482405237757683496523663062861848805602727384114525612911376054787529705,-0.09537896062818259701475251311002777740746520611339972265772830458135068672942386786832539561945840788,-0.0008539209592624882201697954314782717249834154594761155912299311739338313170028424322625577908665033123,-0.0004366924240458872799876435272196830678502823028377090600033949129328416385337776424493929312017858212,-0.09695392689849303446038081716630232410256025042471274621984841922996110515814809862623554396603896473,-0.09581565305222848429474015663724746047531548841623743171773169949428352836795764540473510220761879798
11,1/403,5/1611,803/808,201/202,0,0/10,1/10,0.4296496030519481242552585253862735191835870291254815791965360359271392413931783671784484619389952654,0.4356770794654797394736520877070483420129343017022081564672736238169431485045669276281246159450621904,-2.062855074043078557533221220820725478897485716561233417224030611675756813907285043416984481526387714,-1.918491465561054732134867066990919093064892308426102469575648386303093641770276689600077435330934323,0.04296496030519481242552585253862735191835870291254815791965360359271392413931783663877836161967060236,0.04356770794654797394736520877070483420129343017022081564672736238169431485045669280234570388162068113,-0.00008595229475179493989721755086753022828739523819005139238433460881982320057947021054319750436351000649,-0.00007993714439837728050561946112462162887770384618442093623231868276262890174042819493294816785438977295,0.04287900801044301748562863498775982169007130767435810652726926898389410093873836642617614107951988079,0.04348777080214959666685958930958021257241572632403639471049504369893168594871626465798750903028967548
11,1/403,5/1611,803/808,201/202,1,1/10,2/10,0.4097879663410737319067640159588129510620986417591966472485103227847976669764501451989047081655446140,0.4158067952071297375282340297195177929610190079339430947060259804308694748829295146960630942317423872,-2.288731111574188574810420447505609332352299948366044474627448398127473553656160143402820282906081090,-1.894283247061319279751652539918368489364961804166666849949480342030497187097516842522665646105889552,0.04097879663410737319067640159588129510620986417591966472485103227847976669764501445400173367136369124,0.04158067952071297375282340297195177929610190079339430947060259804308694748829295154867279399740316291,-0.00009536379631559119061710085197940038884801249784858518644281034992197806473567333971407838317116739083,-0.00007892846862755496998965218916326535372354007517361111874789501425127071612906320124089296252727601558,0.04088343283779178200005930074390189471736185167807107953840822192855778863290934110836796406030429060,0.04150175105208541878283375078278851394237836071822069835185470302883567677216388837870331339089416257
11,1/403,5/1611,803/808,201/202,2,2/10,3/10,0.3690535449141156837777244445803082889520607232905666015198146365216842878777585041425933912678124807,0.3750534968283119707734697892590479047627752174216736770816757860844533585732452226837822176442954896,-2.642980880568681253892714122478208130995992809487266393334990430600199288435695500410685661484121805,-1.967853497422257264377614378127394844957163894719465851642893260066447066702882821915319452985557189,0.03690535449141156837777244445803082889520607232905666015198146365216842878777585037472609683966678598,0.03750534968283119707734697892590479047627752174216736770816757860844533585732452232108921148058216508,-0.0001101242033570283855788630884365920054581663670619694330556246012750083036848206463277954096918402902,-0.00008199389572592738601573393242197478520654849561331107715178721916943529444595345037641963921253173435,0.03679523028805453999219358136959423688974790596199469071892583905089342048409102972132040974445640593,0.03742335578710526969133124499348281569107097324655405663101579138927590056287856887843412822557167672
11,1/403,5/1611,803/808,201/202,3,3/10,4/10,0.3053011810779941879351955321147202405227969430484758679903051949946765625153419934369359185760344621,0.3112686268180486653709517747892506033338557633252161335263558203365854815558851313619011230565936414,-3.161983273224867034519025440388889919420378015239474307550158950642358930687282962183194885411638818,-2.156971034554949573718022393330230938238260662130337526420328667319430817415448256132891319321893763,0.03053011810779941879351955321147202405227969430484758679903051949946765625153419929757147585596990711,0.03112686268180486653709517747892506033338557633252161335263558203365854815558851318231222830729290324,-0.0001317493030510361264382927266828704133091824173016447628145899562767649554453034573053332477448832276,-0.00008987379310645623223825093305542628909326086092209739693418036113830961739231034348082943468530449239,0.03039836880474838266708126048478915363897051188754594203621592954319089129608889582842676015244855737,0.03103698888869841030485692654586963404429231547159951595570140167252023853819620286984543334915247298
11,1/403,5/1611,803/808,201/202,4,4/10,5/10,0.2149615449380189878034111873926978714531758298398181612542520733527190159529078215922956587675706788,0.2209107301407021826033264605369501476559496893814477677693414226703923372167251014575123195917185835,-3.915333624481680250584854957766361290167332202445535316157910646729278553071152632158545932683608974,-2.496109788680333052151487778941499054234480640335543883224709307929515573847032292935331009312306117,0.02149615449380189878034111873926978714531758298398181612542520733527190159529078211969632358964260579,0.02209107301407021826033264605369501476559496893814477677693414226703923372167251018528447424628632044,-0.0001631389010200700104410356232402650537569721751018973048399129436137199397112980269459785273951863119,-0.0001040045745283472105063119907892291272597700266806476618010295544970631489102930115206704621494670402,0.02133301559278182876990008311602952209156061080887991882058529439165818165557948408580114231646558044,0.02198706843954187104982633406290578563833519891146412911513311271254217057276221718766220927570053148
11,1/403,5/1611,803/808,201/202,5,5/10,6/10,0.09256097572443092693040327785943214698157052420886863835114143740194019990078080718758321246209774436,0.09854550948746209693687309717693735608055410663960389920328422766794854750407796786740846972981832520,-5.018759434183639721432100527233811563961505472262795960091307201975420238994245103303828972000327142,-3.039183226912937882107662257275965957044511756694102152858296826509647420468245930742412610020668830,0.009256097572443092693040327785943214698157052420886863835114143740194019990078080705580573817171620406,0.009854550948746209693687309717693735608055410663960389920328422766794854750407796793329720687500909535,-0.0002091149764243183217263375219680754818317293946776164983371378000823091766247602134708775289819052452,-0.0001266326344547057450878192607198319148768546565289209230357623677712353091861769128351559443126020213,0.009046982596018774371313990263975139216325323026209247336777005940111710813453320488506405975562094918,0.009727918314291503948599490456973903693178556007431468997292660399023619441221619885127366573709533540
11,1/403,5/1611,803/808,201/202,6,6/10,7/10,-0.07010234979911451709771154463365285343772864331822299344931724001576643950331211789074025964900286411,-0.06400139189798564760310903701411929954447678026775709870361850119186039233513574243020386703528486417,-6.687883534021933301326377391967032347861554636188147288586930203494453081001357209088049911883338573,-3.879981656866985193496419549286877844392663251618259557754497360150130271498694571469794265269609208,-0.007010234979911451709771154463365285343772864331822299344931724001576643950331211800604554965308671188,-0.006400139189798564760310903701411929954447678026775709870361850119186039233513574234784294560379640148,-0.0002786618139175805542219323913319596811608981098411728036911220918122688783750565518076307331647972682,-0.0001616659023694577163956841478869532435163609688174274815731040566729220946457789395314438389360454666,-0.007288896793829032263993086854697245024933762441663472148622846093388912828706268357044987528994694482,-0.006561805092168022476706587849298883197964038995593137351934954175858961328159353171484581725108269710
11,1/403,5/1611,803/808,201/202,7,7/10,8/10,-0.2853958766238245113311398940070145204345891925003337815695646518142522510415752312408385785192785751,-0.2790709746338858960584321824245077905029921783636421198506515668645011218339657648521665755064797151,-9.266975926529042768456704530722386503868698995283805301079710516044462960627541675937133267424901167,-5.155836826484806008362099282297153933347225576184292664363284100334786206662378290619585497735905803,-0.02853958766238245113311398940070145204345891925003337815695646518142522510415752315702822642452324258,-0.02790709746338858960584321824245077905029921783636421198506515668645011218339657645886116269257166345,-0.0003861239969387101153523626887800994376611957914701585542116546048351859566928142380169395532203330186,-0.0002148265344368669170150874700957147472228010656743455276818035041806160919442657608057878140856911530,-0.02892571165932116124846635208948155148112011504150353671116811978626041106085033742541575575560494622,-0.02812192399782545652285830571254649379752201890203855751274696019063072827534084219830458651036503459
11,1/403,5/1611,803/808,201/202,8,8/10,9/10,-0.5723872600933213038227546774983939218262286180643426947157846280796906397364136744039587200664143279,-0.5656995387906253469329691446875563352819124260255928443404964190346678169621287902162803246593424013,-13.42987249974102006014491308357625013231246500188656501872740358096549569882218365021351570183321543,-7.178393739753435478248063392898450323087354451645384604336975620718118188111521461106355682412260143,-0.05723872600933213038227546774983939218262286180643426947157846280796906397364136747992911429375589488,-0.05656995387906253469329691446875563352819124260255928443404964190346678169621287894256154789170531595,-0.0005595780208225425025060380451490104221796860417452735424469751492068956541175909878909000690922719593,-0.0002990997391563931449270026413707687634619731021518910251807073175299215911713133923459172676534390183,-0.05779830403015467288478150579498840260480254784817954301402543795717595962775895851929559025752845602,-0.05686905361821892783822391711012640229165321570471117545923034922099670328738419229372700444361452362
11,1/403,5/1611,803/808,201/202,9,9/10,10/10,-0.9615303846402159229350653202733207370074089329112734725896309242363796741772592952410020429485595263,-0.9543173299207698698061928977711556843063405088086192398011371208364681603044049095689018692803528397,-20.54721941978976417320066933187203892304010182791494379974201074412831057839542103574380923323743168,-10.50797861058843424593084418693991092793634025514488768317675714743003475913585801072944120475494033,-0.09615303846402159229350653202733207370074089329112734725896309242363796741772592960316668886908487681,-0.09543173299207698698061928977711556843063405088086192398011371208364681603044049077240172292150112755,-0.0008561341424912401738833612221613349551266709094964559916559171143386796074331425468951778843744691927,-0.0004378324421078514269137851744558296219973475106310369867990315478095847816306607476811057721239683083,-0.09700917260651283246738989324949340865586756420062380325061900953797664702515907221800962693443732772,-0.09586956543418483840753307495157139805263139839149296096691274363145640081207115150000735409469978307
12,3/1613,1/403,201/202,805/808,0,0/10,1/10,0.4296975524606734749054882782359650656807861380266722045995717084296352214139847196299035754444080331,0.4357292466478904505755790879607792897967764859960300171829518000111045190228908634549345769184216284,-2.062046374552542737269066869278876805653761226264828621630490186779438104294338867391222592061900446,-1.917608054071846118803645882834005418314107912757916216616174027324175515641259547920248942550154723,0.04296975524606734749054882782359650656807861380266722045995717084296352214139847188392387297021187913,0.04357292466478904505755790879607792897967764859960300171829518000111045190228908639820444740799477896,-0.00008591859893968928071954445288661986690224005109436785923460375778247658767893078655447823051721297308,-0.00007990033558632692161681857845141689242975449636491317569234058447184064648505248064309721889735432411,0.04288383664712765820982928337070988670117637375157285260072256708518104555371954109479561594496065169,0.04349302432920271813594109021762651208724789410323808854260283941663861125580403396852217032483091093
12,3/1613,1/403,201/202,805/808,1,1/10,2/10,0.4098444271789234451755578523054297990505409766654120505112064752332259198010721301395245676965592409,0.4158674451135893123484781920366373984197372368958832392591779289699503697025782675991701663364364772,-2.288150656736902400753059918950431879967397625543962523260137131339482978254141748949972403593788322,-1.893436801961533613806184460418987637517434380709197158382340721544019417203137367259439275602403597,0.04098444271789234451755578523054297990505409766654120505112064752332259198010721296124146705350330797,0.04158674451135893123484781920366373984197372368958832392591779289699503697025782678627251149171995578,-0.00009533961069737093336471082995626799499864156773099843846917238047247845742725590663864368766505560921,-0.00007889320008173056724192435251745781822989309919621654826593086339766747571679738975546284997596427686,0.04088910310719497358419107440058671191005545609881020661265147514285011352267995703658637180270015115,0.04150785131127720066760589485114628202374383059039210737765186203359736949454102942663026054013196067
12,3/1613,1/403,201/202,805/808,2,2/10,3/10,0.3691256901336652389897184777227575948519890570951837308388058532404140781317119903385565259795886051,0.3751297760996620150344038629105872636028466274700420510925800975881735335529977738415558687392315973,-2.642818440723529645570654807167202448650912349378754332438826236838374391832676624770924891877405836,-1.967187411199268280325843434385582917276528622485756261726356319344631347802698584370971258687551820,0.03691256901336652389897184777227575948519890570951837308388058532404140781317119899432241031084439842,0.03751297760996620150344038629105872636028466274700420510925800975881735335529977742368882916103762182,-0.0001101174350301470685654439502986334353604546812241147638516177598682655996596948597909866312242489671,-0.00008196614213330284501357680976606595488652202593690651090526484663935963949177910713030562885434195915,0.03680245157833637683040640382197712604983845102829425832002896756417314221351150413144288912593933210,0.03743101146783289865842680948129266040539814072106729859835274491217799371580799835053240362267227072
12,3/1613,1/403,201/202,805/808,3,3/10,4/10,0.3053931801376705840852266166914819279188950680232034307852851831879373649721656808821239899090441589,0.3113646828529170504758992410390963390627945559323590997834722038464338092347733543118155666537821561,-3.162531658805412422734246533521682894443102620405919846348136316869830479410499220022482519385896624,-2.156672162610363362663289907730562132512320988155177951738837928233612942346024902790774768052055990,0.03053931801376705840852266166914819279188950680232034307852851831879373649721656804867915670378995380,0.03113646828529170504758992410390963390627945559323590997834722038464338092347733545753705152345452367,-0.0001317721524502255176139269388967367872684626091835799935978390132029096033087708013661843892194420142,-0.00008986134010876514011097041282210675552134670783979908132245158034306720593108437030925945120567953548,0.03040754586131683289090873473025145600462104419313676308493067930559082689390779724345230412246949010,0.03104660694518293990747895369108752715075810888539611089702476880430031371754625110292784272012633233
12,3/1613,1/403,201/202,805/808,4,4/10,5/10,0.2150722490625452550704996436510285190035973665241586015168323117903867588122740111471405908951633184,0.2210251704412950364565827200167433787803492139823716051084407479481524365290736758549983768333784101,-3.917065000844214619804073333174827545240336472589912336774035728754772083034830942141287384739648344,-2.496480914570613539590049259591800877394802334750050093919939444785055404477203375571467875951611833,0.02150722490625452550704996436510285190035973665241586015168323117903867588122740108176969051692094677,0.02210251704412950364565827200167433787803492139823716051084407479481524365290736759867758511237599504,-0.0001632110417018422758251697222156178143850140196912463473655848220314488367931179566281122012939031780,-0.0001040200381071088974829187191496583698914500972812520872466641435327106418532168067005162814762033050,0.02134401386455268323122479464288723408597472263272461380431764635700722704443428309940379036828689900,0.02199849700602239474817535328252467950814347130095590842359741065128253301105415079197706883089979173
12,3/1613,1/403,201/202,805/808,5,5/10,6/10,0.09267968600678852430941597686968019286154875369040665763669794842810604072458600188238642957380225964,0.09866782942226645510251525059359732434659680260457232029740414595448657586474609936075435821049274372,-5.022403862073341869093436523155345313821789543692491514015181578868005788854264045797762334203669593,-3.040746945030156810152503380463037159572761332472639294494544813309188770702148274907602884093715766,0.009267968600678852430941597686968019286154875369040665763669794842810604072458600165177584956563456411,0.009866782942226645510251525059359732434659680260457232029740414595448657586474609949253183250087428403,-0.0002092668275863892445455598551314727214092412309871871464172992324528335745355943360198841381193855388,-0.0001266977893762565337563543075192932149821983888530266372706060338878828654459228439113593146038150998,0.009058701773092463186396037831836546564745634138053478617252495610357770497923005813200272291093181226,0.009740085152850388976495170751840439219677481871604205392469808561560774721028687110746759404425043667
12,3/1613,1/403,201/202,805/808,6,6/10,7/10,-0.07000203202350209415009221561531408393324423291249060953500212997726289823740190658013649145987611721,-0.06389800268360193376585512897493831805431955528725412383583364129490885820731964413409182031861940212,-6.695123347924067334285069969882478401302565551751523087561372086556053263630353923929614760302146213,-3.883787679489933001826550219690691150650420672944800220124279676035680008529277516874687990310974985,-0.007000203202350209415009221561531408393324423291249060953500212997726289823740190662955304431876919482,-0.006389800268360193376585512897493831805431955528725412383583364129490885820731964400231434602823786181,-0.0002789634728301694722618779154117699333876068979896467953150571702731688859845980816530939442320057925,-0.0001618244866454138750761062591537787979437675280393666758385116531681533336887198954533992161055506733,-0.007279166675180378887271099476943178326712030189238707748815270167999458709724788747182177170842939734,-0.006551624755005607251661619156647610603375723056764779059421875782659039154420684288993008952620899261
12,3/1613,1/403,201/202,805/808,7,7/10,8/10,-0.2853686097674917290284016946332564857400690638011996520347912537492097884597035991608436359768908038,-0.2790410368991084757323634151855855892996997598130195960454329372794151054938267538297714548852237987,-9.280820979577893009841541308035988718561793308986453340538027735320456647177146260993296689347325755,-5.163325418652243438149571650544208522447194239321646353775816836463376297914843714890016918135432505,-0.02853686097674917290284016946332564857400690638011996520347912537492097884597035994243985845576538844,-0.02790410368991084757323634151855855892996997598130195960454329372794151054938267535003277691592699479,-0.0003867008741490788754100642211681661966067413878744355558557511556383523602990477625686103128304179558,-0.0002151385591105101432562321521060086884352997599717352647406590348526406790797851533203732957632193146,-0.02892356185089825177825023368449381477061364776799440075933487653055933120626940770603798028648941218,-0.02811924224902135771649257367066456761840527574127369486928395276279415122846246048250554197434469699
12,3/1613,1/403,201/202,805/808,8,8/10,9/10,-0.5725382830730221645146848571218996106844307037795380370624839573727320491875981458070707365829597987,-0.5658481833852714265487538590974889877587213834130091336177614274986725268748380610579475757614947582,-13.45649411164113595132210596369995161672835173623934694097126703653767282033576040657533877104947616,-7.192671403545256413346589485611220627913408852237151869186653814125868137551646685743960666190452662,-0.05725382830730221645146848571218996106844307037795380370624839573727320491875981462024031594541044197,-0.05658481833852714265487538590974889877587213834130091336177614274986725268748380601355052557288239760,-0.0005606872546517139979717544151541646506970146556766394558738027931890697008473233522973057519606280733,-0.0002996946418143856838894412285671341928297253688432146612161105755885778390646519431940354788759720374,-0.05781451556195393044944024012734412571914008503363044316212219853046227461960713799827540964471121463,-0.05688451298034152833876482713831603296870186371014412802299225332545583052654845792277068096126937878
12,3/1613,1/403,201/202,805/808,9,9/10,10/10,-0.9620609038330502158935308677686781406883718437981735653907532793885544785921030770797640054828523972,-0.9548452483338476851001491137288638635654677450782069570225176933936689735984292584511522065729217404,-20.60047134547082044805963714548159692285617910035431668412885263561852372931675609656520432132047342,-10.53539881444646131213800555693083341201727810376333674299032456153139480277870183055124809978345831,-0.09620609038330502158935308677686781406883718437981735653907532793885544785921030783975387483866678002,-0.09548452483338476851001491137288638635654677450782069570225176933936689735984292573969324122498694179,-0.0008583529727279508520024848810617332051190074625147631951720355264841051553881981744211665875681137525,-0.0004389749506019358880057502315387847255007199209901390309579301900638081167824459069378081497774179051,-0.09706444335603297244135557165792954727395619184233211973424736346533955301459850603785380633778782680,-0.09592349978398670439802066160442517108204749442881083473320969952943070547662537153544380544225493507
13,1/807,3/1613,805/808,403/404,0,0/10,1/10,0.4297454285921525903672750948003734746055812177768784348514345722912040870331789704083669133421984550,0.4357813422084773453139907334022156920869331552129945087164920986778980504570229221485229017685925433,-2.061237160044941979996756164442960688512043772174732943384281240841309270176691414823997873444121104,-1.916723092231547177335250385899244557730617596437903670167052182480054782000051051693338269573584991,0.04297454285921525903672750948003734746055812177768784348514345722912040870331789698812570161806722938,0.04357813422084773453139907334022156920869331552129945087164920986778980504570229226756327989301187045,-0.00008588488166853924916653150685179002868800182384061387264101171836838788625736214268103834962184114129,-0.00007986346217631446572230209941246852323877573318491265292362717427000228258333545993712010683774935090,0.04288865797754671978756097797318555743187011995384722961250244551075202081706053479963140072217993087,0.04349827075867142006567677124080910068545453978811453821872558269351980276311895682139587633800109845
13,1/807,3/1613,805/808,403/404,1,1/10,2/10,0.4099008200438598327472536396663937035995930675476890066044771050114950476089608815630689304325284975,0.4159280286437669574172199560041128345736027199772408117451893316622006653271922132568997535304865109,-2.287569611522757978450973843312111705950056447409634081886421949959208728105927643998882079060770827,-1.892589553508381918636129037017662495410743660159069054350242881278009396148553615954964105388700671,0.04099008200438598327472536396663937035995930675476890066044771050114950476089608811677365075613838766,0.04159280286437669574172199560041128345736027199772408117451893316622006653271922139157871249823942124,-0.00009531540048011491576879057680467132108125235197540142007860091458163369700441365223513941577866957533,-0.00007885789806284924660983870987573593730878098583996121059792678671991705817285640014042563794405264882,0.04089476660390586835895657338983469903887805440279349924036910958656787106389167442400149532329899035,0.04151394496631384649511215689053554752005149101188411996392100637950014947454636499864486748555060908
13,1/807,3/1613,805/808,403/404,2,2/10,3/10,0.3691977796470021952040950851621338728075333479605642878511157748273444636657189931734564146253947779,0.3752060011444487130780668177351955623531375641457372296058118693053517340930390445903232684484284556,-2.642655191876244241639885397012374913318451220146047378731304897609501807951110766719043366918592724,-1.966520102774212780328031727903577554701973834504882725696396223064767771248138225785399055297443714,0.03691977796470021952040950851621338728075333479605642878511157748273444636657189923827915688831055361,0.03752060011444487130780668177351955623531375641457372296058118693053517340930390451174331656099546168,-0.0001101106329948435100683285582088489547216021341727519741138043707337292419979629490583856198576102640,-0.00008193833761559219918033465532931573144591557643770344690401650929436532380200575883188485162890331979,0.03680966733170537601034117995800453832603173266188367681099777311200071712457393627982647866767379057,0.03743866177682927910862634711819024050386784083813601951367717042124080808550189877324428418776527259
13,1/807,3/1613,805/808,403/404,3,3/10,4/10,0.3054851457717150111160127301450792550419526266538939760528570279657820098107428343643362548219684165,0.3114607067688767622290460314237700774672877648220895761648711134526790851314745101371680786678174774,-3.163078997671295708487945919813444042344044533727380756095097008256083552911283034187272511456817601,-2.156371527448973331272000740080921322303279182993965925028841801068146046689104138815529789011052153,0.03054851457717150111160127301450792550419526266538939760528570279657820098107428341007813062412053359,0.03114607067688767622290460314237700774672877648220895761648711134526790851314745105325005015389620983,-0.0001317949582363039878536644133255601684310018555719741981706290420106701480379701269090264423992911889,-0.00008984881364370722213633336417003838842930329929141524687620174171117275194537933849548878440105594638,0.03041671961893519712374760860118236533576426080981742340711507375456753083303631327030021020805117010,0.03105622186324396900076826977820696935829947318291754236961090960355673576120207172968247837895243775
13,1/807,3/1613,805/808,403/404,4,4/10,5/10,0.2151829557118007521400609821710166015640677439238310545535739204750658736178351353225165821203137718,0.2211396143589416869255428530756488693120933691130436040306845491935630353816756743578767566804580568,-3.918795260874954047233161909046752382973750315760270897762082706586176503660835579442600654572636422,-2.496849737420699079605322575649344442974355251938005800216615210341430883611635858738581359205151156,0.02151829557118007521400609821710166015640677439238310545535739204750658736178351350589616335395506912,0.02211396143589416869255428530756488693120933691130436040306845491935630353816756744896542309708395972,-0.0001632831358697897519680484128769480159572395964900112874067534461077573543192014832948935134933119136,-0.0001040354057258624616502217739853893517905981354974169083423589670975596201504848267933579055984770903,0.02135501243531028546203804980422471214044953479589309416795063860139883000746431199583397037522800684,0.02200992603016830623090406353357949757941873877580694349472609595225874391801708263478358128568215347
13,1/807,3/1613,805/808,403/404,5,5/10,6/10,0.09279845070643212517504127385885799016858732834973411489236298610419614263657608816795543478572090938,0.09879020457530291546460065595003726091006413424428866415822363875202172666325284033088215969943315796,-5.026047452977627691083183426467687453744590279900544831053873449702408840363996253789647316978599498,-3.042308345712686173496540986027762224443237019993796856849483792498487438440021038145317549202691199,0.009279845070643212517504127385885799016858732834973411489236298610419614263657608800323359192274398400,0.009879020457530291546460065595003726091006413424428866415822363875202172666325284046265963398981469827,-0.0002094186438740678204617993094361536439060245949958560346272447270709337016818331779982694410318730987,-0.0001267628477380285905623558744178234260184682091664082023687284913541036432683342089838070602311436586,0.009070426426769144697042328076449645372952708239977555454609053883348680561975775616405398523354292046,0.009752257609792262955897709720585902664987945215262458213453635383848069023056949843459225446111960870
13,1/807,3/1613,805/808,403/404,6,6/10,7/10,-0.06990159601050585610746151912528196259275948808181288940671090535214970810817797165663672518219910586,-0.06379449515223651330376801771158809597273865436964128039722786066802823173198199038092069712063713887,-6.702365488538255693433546240305445898936795618570495728145599875874823832856723093680783561767629508,-3.887593597432613530835609237331393752387635284435220685108904541910145740138110151540381854698989546,-0.006990159601050585610746151912528196259275948808181288940671090535214970810817797173899764661368756855,-0.006379449515223651330376801771158809597273865436964128039722786066802823173198199026561540711655329110,-0.0002792652286890939872263977600127269124556998174404373220060666614947843263690301299273867715384911156,-0.0001619830665596922304514837182221414063494848035181341952128710225795894058390879218154422056902294840,-0.007269424829739679597972549672540923171731648625621726262677157196709755137186827308974709022375276889,-0.006541432581783343560828285489380951003623350240482262234935657089382412579037286943744181086824332568
13,1/807,3/1613,805/808,403/404,7,7/10,8/10,-0.2853411723455493937384554502502442014792150136290972158210582410389717664852643111406531952794037552,-0.2790109292435162996173043709582484916408002309898784252181155793396710090501855431029451284044958704,-9.294679203277953031108469379002434332213056151783088685175047267491894897600388195001725571142978842,-5.170819132323012229854477431234225256492328648849111056035762511217423378201144743963017689326009492,-0.02853411723455493937384554502502442014792150136290972158210582410389717664852643114042081438601668358,-0.02790109292435162996173043709582484916408002309898784252181155793396710090501855427735014426785420196,-0.0003872783001365813762961862241251014305088773396576286952156269694788289540666828428859945369434241384,-0.0002154507971801255095772698929680927190205136937020462940014901046340593074250476962951890772448256327,-0.02892139553469152075014173124914952157843037870256735027732145107337600560259311399154290106610895399,-0.02811654372153175547130770698879294188310053679268988881581304803860116021244360194584852236197167143
13,1/807,3/1613,805/808,403/404,8,8/10,9/10,-0.5726891690974768914119636808840671972072577507408689699733420429409667072422898737497558810568898278,-0.5659966921257789788185041276870882047004834147854069353231321083927487860091120763943373845653931734,-13.48315784784761362355292907458287914393191133529367342602242044760882324032750493889744225678691469,-7.206968489804601971635859031344465859292832568930277513942957647037014995183165437257893316397214450,-0.05726891690974768914119636808840671972072577507408689699733420429409667072422898742768657782184159890,-0.05659966921257789788185041276870882047004834147854069353231321083927487860091120758672274874038670122,-0.0005617982436603172343147053781076199643304963056372363927509341853170343016803127082005684253087334024,-0.0003002903537418584154848274596393527441372013570387615630809565686265422914659652244384819047750133930,-0.05783071515340800637551107346651433968505627137972413339008513847941370502590930019251027973129865040,-0.05689995956631975629733524022834817321418554283557945509539416740790142089237717275968565475048142543
13,1/807,3/1613,805/808,403/404,9,9/10,10/10,-0.9625916169645564973777616812386532162275637956135147973835557655033189471002400302854810388743671459,-0.9553733615146263698855903121460591961312215961181139976641297420050104884155736092856268979416399332,-20.65399011249620459411961171943180734946937063007935463227995589322501127739151684389509799364983471,-10.56287891511550187773032827192124604552041147414635072215130519023450832370062902863989227746223744,-0.09625916169645564973777616812386532162275637956135147973835557655033189471002400308125909360358933072,-0.09553733615146263698855903121460591961312215961181139976641297420050104884155736079678521550378245301,-0.0008605829213540085247549838216429919728945571095866397763449981622177088032246465382425942112730782841,-0.0004401199547964792449054303446633852518966838114227646134229710495931045134875262068265966372986297914,-0.09711974461780965826253115194550831359565093667093811951470057471254960351324864970392163228213808326,-0.09597745610625911623346446155926930486501884342323416437983594525009415335504488694235587682641153868
14,1/1615,1/807,403/404,807/808,0,0/10,1/10,0.4297932314437036617172894685134944363174369439913059674511726223992028152828899397511683902090102458,0.4358333661424149422672730870208003613730926988978355571887404776099410814582828172591882852197312635,-2.060427431366373441527087474233740759727522694103876934564818032342511380482725093197268123156233611,-1.915837582597505714630203110311196386696344586018375012380424964014666539784696371891579050894268391,0.04297932314437036617172894685134944363174369439913059674511726223992028152828899390922810187571025443,0.04358333661424149422672730870208003613730926988978355571887404776099410814582828176545207080908758844,-0.00008585114297359889339696197809307253165531344558766153894020075134760464085344687924457804791216536383,-0.00007982656594156273810959179626296651611234769108409895884918437350061110582436234826018226540402625512,0.04289347200139676727833198487325637110008838095354293520617706148857267688743554696551036501971102686,0.04350351004829993148861771690581706962119692219869945676002486338749349704000391943173373873393074388
14,1/1615,1/807,403/404,807/808,1,1/10,2/10,0.4099571449250536667464891896460998974975798159011362918591375499589571501002310588711263583750669189,0.4159885457845981255450840686574686646477596580623311127267716109754429018148310822905277726955075330,-2.286987976926903441355270671845906965873312477174926054086910874750507907767539115565271791128235058,-1.891741502086056114397936757433337258146320242076370028929791826129521686074628912187424814942962515,0.04099571449250536667464891896460998974975798159011362918591375499589571501002310584757939355039222980,0.04159885457845981255450840686574686646477596580623311127267716109754429018148310829494151441474152345,-0.00009529116570528764338980294466024612357805468654895525225362128644793782949031413024761449547899088987,-0.00007882256258691900476658069822638905242276334341984875120540799275539673691977620413295297554392012927,0.04090042332680007903125911601994974362617992690356467393366013370944777718053279169931532749177513769,0.04152003201587289354974182616752047741235320246281326252147175310478889344456333213533493458809605346
14,1/1615,1/807,403/404,807/808,2,2/10,3/10,0.3692698134281452490714860653426166903932623944560904325775693192187663986264847411131189624673273919,0.3752821719342838178479637403773877198230220040676028401485506309320301548507254107100638934985950227,-2.642491134851178647957604733138769213467223097302460555351639705179686306204845298045708574869491337,-1.965851571973841001010168806012677009376846701058395615556534762640953043763854345196093605960880083,0.03692698134281452490714860653426166903932623944560904325775693192187663986264847403224541167250381500,0.03752821719342838178479637403773877198230220040676028401485506309320301548507254115007287392408842646,-0.0001101037972854657769982335305474487172278009623876025231396516543824869294252018878739584520345004307,-0.00008191048216557670837542370025052820872403527921076648398152228177670637682349393051380490326509925876,0.03681687754552905913015037300371422032209843848322144073461728026749415293322327207964091653290885093,0.03744630671126280507642095033748824377357816512754951753087354081142630910824904724555423484763687323
14,1/1615,1/807,403/404,807/808,3,3/10,4/10,0.3055770779353145461588718987148786155609976003349977781041335071774873437854667071994751396569104604,0.3115566985184786648335308310980979609537972367819711673728096909940905127584084382301766237221173465,-3.163625290015951312363169305261496606573151946143913651579677882354249476427382649577784133561646547,-2.156069127922193738766787375843954482733242883844347302726165323503827973156967133427229925281588914,0.03055770779353145461588718987148786155609976003349977781041335071774873437854667067382539796405750693,0.03115566985184786648335308310980979609537972367819711673728096909940905127584084385596203094480711972,-0.0001318177204173313046817987210525623586072146644226630688158199117647603948511409443178565554072324284,-0.00008983621366342473911528280732683143678055178682684780428025688847932616554820696334956233594487355291,0.03042589007311412331120539115043529919749254536907711474159753080598397398369552970145335254604951690,0.03106583363818444174423780030248296465859917189137026893300071221092972511029263692439863672382732474
14,1/1615,1/807,403/404,807/808,4,4/10,5/10,0.2152936648259264522198546271910447938693629042652986683643409465609785478150382844792422575952320112,0.2212540618311133462868507712394852395959327332023821024705852771673858080712217655643206304515453826,-3.920524403339642163810595755625730364946589381207135113046152224043665052714955879983721411356499078,-2.497216254084925203565418525319200928949231167096692950148816755692105717810441047023138834410959807,0.02152936648259264522198546271910447938693629042652986683643409465609785478150382842156873090144689306,0.02212540618311133462868507712394852395959327332023821024705852771673858080712217658937643161774992333,-0.0001633551834724850901587748231510720985394412242169639630435896760018193771964564956801720093068254198,-0.0001040506772535385501485591052216333720395512986290288729228673648205044049087683762901149648029462326,0.02136601129912016013182668789595340728839684920231290287339050498009603540430737190118028246269352883,0.02202135550585779607853651801872689058755372202160918137413566035191807640221340821900600788083521036
14,1/1615,1/807,403/404,807/808,5,5/10,6/10,0.09291726976695319739016759541422659127994208248436213140568435446994437476880983482499063701236548270,0.09891263488728340333629713046842931558473588931131442474262978085198042057189051734954981933155066802,-5.029690202208529193349745583657510324406647153765095329457194469872080752093574681246500981093691358,-3.043867423112937110476001841538859332306602499206920641781483316330515531880125786427988238473659025,0.009291726976695319739016759541422659127994208248436213140568435446994437476880983469321316272198394240,0.009891263488728340333629713046842931558473588931131442474262978085198042057189051741543855647674143818,-0.0002095704250920220497229060659857295968502769647402123053940497695780033646705656126190836151965109987,-0.0001268278092963723796031667433974524721794417708002883600742284715137714804950052401210712115683564200,0.009082156551603297689293853475436929531143931283696000835174385677416434112210417848466140513853036972,0.009764435679431967954026546303445479086294147160331154114188749613684270576694046514806434168722662585
14,1/1615,1/807,403/404,807/808,6,6/10,7/10,-0.06980104177245604795980802408426430380855147927550097718632799144637194389247743180158108990418366068,-0.06369086931894654757616365487067798143994971405219419141151673980667689333521313405486119273309149520,-6.709609949171543293902425268406751455845266916886305681752750418263656056637319600925600515511775215,-3.891399403866029251293325949685952282779887459652810068430431077635679442011142450900640866606465819,-0.006980104177245604795980802408426430380855147927550097718632799144637194389247743190041419562196981591,-0.006369086931894654757616365487067798143994971405219419141151673980667689333521313398897245558790072505,-0.0002795670812154809705792677195169479773268861215369294034063646007609856690265549844192564056834189178,-0.0001621416418277512188038885812369146784491619774855337528512679615681533100837976010309505091652387528,-0.007259671258461085766560070127943378358182034049087027122039163745398180058274298176004943244720809184,-0.006531228573722405976420254068304712822444133382704952894002941942235842643605110994780638478487282339
14,1/1615,1/807,403/404,807/808,7,7/10,8/10,-0.2853135642659854835562124049395466330086049923659791400937448456047269810494011713132711543141607409,-0.2789806515770128814087995783295882659054605707074565895880907555369885939278826051399573284230863090,-9.308550604163456319988968504908772444261363902629300064719958578805698086150300272221695313207400287,-5.178317961732128047401206544154024578567003775574639652147243203516466786215312578216470442996048291,-0.02853135642659854835562124049395466330086049923659791400937448456047269810494011717086035771853053618,-0.02789806515770128814087995783295882659054605707074565895880907555369885939278826047446249055519416881,-0.0003878562751734773466662070210378655185108901626095541693633316074502374202562625129088008272724472775,-0.0002157632484055053353083836060064176907736251573156099855061351334798527827589713559665252770969647481,-0.02891921270177202570228744751499252881937138939920746817873781616792293552519637969046098341211142105,-0.02811382840610679347618834143896524428131968222806126894431521068717871217554723180623549516179139765
14,1/1615,1/807,403/404,807/808,8,8/10,9/10,-0.5728399179516689606465571308394654750944021015776954223127363032104427015737891492261979459761297744,-0.5661450647976530009408785058473854251636421986604674518064747475280176876469265820831412204448266169,-13.50986376763817141877056493325353775410447874338225215248510521363387556129671847890971048163824929,-7.221285011879080742794569744447699404585788210921867795284808873328680426186033948578062170565708576,-0.05728399179516689606465571308394654750944021015776954223127363032104427015737891500168627917184190162,-0.05661450647976530009408785058473854251636421986604674518064747475280176876469265810289214261217742945,-0.0005629109903182571424487735388855640730876866143075938396868793839014114817206966060964120242153502981,-0.0003008868754949616976164404060186541418577411754550778248035337030553616844244180793197869919215916132,-0.05784690278548515320710448662283211158252789677207713607096050970494568163909961161498927182131249240,-0.05691539335526026179170429099075719665822196104150182300545100845585713044911707611889697125364226537
14,1/1615,1/807,403/404,807/808,9,9/10,10/10,-0.9631225240283134164000896740909411901502873038408236986516023256361245658430222027291333463158760079,-0.9559016694564972876829074662389114009044865260236831807077624691722015253935527789718622387995747076,-20.70763677971530968214936107526241711390735426676966848982792725199196089508887394007815100317776026,-10.59041903935754590826270137287142307568243198277933840067017430600115182278017096399570979872033553,-0.09631225240283134164000896740909411901502873038408236986516023256361245658430222032562432434774021691,-0.09559016694564972876829074662389114009044865260236831807077624691722015253935527773905325473149962240,-0.0008628181991548045700895567114692673797461397611154028537428303021663317039620364172447306919079759511,-0.0004412674599732310795109458905363092948201013326158057666945905960833813259491737871644323221022595152,-0.09717507060198614621009852412056338639477487014519777271890306286577878828826425684170216075743434809,-0.09603143440562295984780169251442744938526875393498412383747083751330353386530445146702077477471954936
15,0/1,1/1615,807/808,1/1,0,0/10,1/10,0.4298409610126968038698866487925352822286808352586702265136968118087348263595901059356260802181268950,0.4358853184449275962663835405522707948682331075726770655361554813263208595764953640853625638030664477,-2.059617205830686726018299084682250999099254998353379309397332471010922397207347258171417202457235183,-1.914951525823419365757608861017488189581552634017426592602015025749593149113903860883343418791014430,0.04298409610126968038698866487925352822286808352586702265136968118087348263595901051449612344758376532,0.04358853184449275962663835405522707948682331075726770655361554813263208595764953644806949866742110686,-0.00008581738357627861358409579519509379162913562493139080455822218629212176655030613610340142395393421117,-0.00007978964690930914023990036920906200789923135975072610802508395940623304787974599362282814635763193927,0.04289827871769340177340456908405843443123894790093563184681145899458136086940870437311647549442510147,0.04350874219758345048639845368601801747892407939751698044559046417322585290976979047864019119156321083
15,0/1,1/1615,807/808,1/1,1,1/10,2/10,0.4100134018117255588780861934109670679533087778266140777697334187358022103288385465498881373348103136,0.4160489965230659213231799063896259654654348528815293461580464907160358916446723109862971938883739556,-2.286405928535103826590636691142375122081436835485940097545243963169910745170733636717245614555374263,-1.890891357743109931422264946608972738099795115163724676340357454889069593099092157149244939985924197,0.04100134018117255588780861934109670679533087778266140777697334187358022103288385458910007658829026121,0.04160489965230659213231799063896259654654348528815293461580464907160358916446723117769620396306631975,-0.00009526691368896265944127652879759896342005986814524750406438516513207961438211390188472353710713672103,-0.00007878713990596291380926103944204053075415812979848852818084822728704456637912883942720395977500002428,0.04090607326748359322836734281229910783191081791451616027290895670844814141850174064680702597385909748,0.04152611251240062921850872959952055601578932715835444608762380084431654459808810234071408985828863346
15,0/1,1/1615,807/808,1/1,2,2/10,3/10,0.3693417914511551468069533582962893058824621682049007583462063670313817258642437748028113339836379314,0.3753582884408187764749268676717953220173166831547494957298839204535543095843939280040702102146003737,-2.642326591127653293758223806417711489733117751549922295771257483569522304062706798039024016343777071,-1.965180423516020122096540741897553412022061490086304908032860586196697727280533890460300938100669418,0.03693417914511551468069533582962893058824621682049007583462063670313817258642437740121464882413486896,0.03753582884408187764749268676717953220173166831547494957298839204535543095843939286629575816665080752,-0.0001100969412969855539065926586007379787388799063145800956571357284820634293359461169923027245942273997,-0.00008188251764650083842068919757906472550091922875359603783470252442486240530335557828771098588595158760,0.03682408220381852912678874317102819260950733691417549573896350097465610915708843125809849133299039480,0.03745394632643537680907199756960046747623074908672135353515368952093056855313603735016480507359130512
15,0/1,1/1615,807/808,1/1,3,3/10,4/10,0.3056689765836780752269770336641786457859088815229318479979052682791800689221097864995516547556666976,0.3116526580542929059069837038062386091828145992447629039841061242731727121863767750715141735410321577,-3.164171080504646228347283765148903949690632302360344545257945618839223873471924697427455864141285815,-2.155763410405250424080240733846926107410505911621701350394812647495253034637820914633956596546946563,0.03056689765836780752269770336641786457859088815229318479979052682791800689221097862359967061749036170,0.03116526580542929059069837038062386091828145992447629039841061242731727121863767754668465964121767786,-0.0001318404616876935928478034902145376645704430125983476893857477341183009947279968629096254429884770124,-0.00008982347543355210100334336391028858780877107965090422293311719364563554310990920418410256489466824595,0.03043505719668011392984989987620332691402044513969483711040477909379970589748298175013755211609242541,0.03107544232999573848969502701671357233047268884482538617547749523367163567552776835253829437578566601
15,0/1,1/1615,807/808,1/1,4,4/10,5/10,0.2154043763450449224439162105625225586610298531894030513064506786232584366100436406523001784833860658,0.2213685127952604615896076782557175332595483845356476764855623211644394618914389865664450243403128265,-3.922253298817395268329154507789458971362010862837493693452645540904123439890747881084656796198603212,-2.497578688516093753319758537014665778280120856886678736091614117320627840266582701006745717435067165,0.02154043763450449224439162105625225586610298531894030513064506786232584366100436403228564927574322150,0.02213685127952604615896076782557175332595483845356476764855623211644394618914389867641112357758851369,-0.0001634272207840581361803814378245607904734171192848955705605268975376718099954478289811347749819990525,-0.0001040657786881705730549899390422777407616717023702782806704839215550261600111076118525181917437097921,0.02137701041372043410821123961842769507562956819965540956008454096478817185100891617087490168711264027,0.02203278550083787558590577788652947558519316675119448936788574819488892002913279109145459379081525500
15,0/1,1/1615,807/808,1/1,5,5/10,6/10,0.09303614313186466212907937987034007917485325756664158167430801007667107144038423035130055412724018124,0.09903512029883909143150222966618333640276037621791660251749967936926480770121604646294458697256508671,-5.033333451992649019161941662284884845354701446093714514363318394979121746431845543654071481921628318,-3.045422106723031887515177456172893028420488268494208797515125578726011958918650253954735903760731099,0.009303614313186466212907937987034007917485325756664158167430801007667107144038423015363434269166787078,0.009903512029883909143150222966618333640276037621791660251749967936926480770121604662766642983554201209,-0.0002097222271663603757984142359285368685564458935872381047651382664574634061013268985781270035057173146,-0.0001268925877801263286464657273405372095175203445205920332297968991135838316216104262810595101819700964,0.009093892086020105837109523751105471048928879863076920062665662741209643737937096109321348760932427832,0.009776619442103782814503757239277796430758517277271068218520171037812896938499994251156122603356113530
15,0/1,1/1615,807/808,1/1,6,6/10,7/10,-0.06970036932181627020993611653658681825355172732713075559611308849516229502308271260456765762442677311,-0.06358712519892386088897492064096194763087416271972833432147630569159575434211326516124758328813392875,-6.716858750916767618029003277440929998226936441061535015992637034516335743643855942530596969902843803,-3.895202692415963310128118661880441980856111291060166017862743583650426959641112558627194613975064935,-0.006970036932181627020993611653658681825355172732713075559611308849516229502308271270340076334221292834,-0.006358712519892386088897492064096194763087416271972833432147630569159575434211326502947010899775238844,-0.0002798691146215319840845418032267054165927890183775639589996932097715139893184939987777119887874709441,-0.0001623001121839984712553382775783517492023379704608402507442809826521011233183796887876878525056686831,-0.007249906046803159005078153456885387241947961751090639518611002059287743491626765272206322876689581129,-0.006521012632076384560152830341674546512289754242433673682891911551811676557529706184785496006499068488
15,0/1,1/1615,807/808,1/1,7,7/10,8/10,-0.2852857854368914308079806618900535313191587173465198537801825965047518207815526887502792604724010199,-0.2789502038096039911710628134176637055007802824380483818426884552101779356961712800105665584557354202,-9.322435322996936457205594638136689863824178119449125419374269139040622649797020432218815668852305676,-5.185819125040729728332631216504426687676348569431836998963385760482885980682140010713006497860831374,-0.02852857854368914308079806618900535313191587173465198537801825965047518207815526890797229461983548706,-0.02789502038096039911710628134176637055007802824380483818426884552101779356961712795493453984394000292,-0.0003884348051248723523835664432556954109926740883103802258072612141266926104082091862076971248278648092,-0.0002160757968766970720138596340210177786531811903929932082901410733534535825284224990682025187906276982,-0.02891701334881401543318163263226104854290854582296236560382552086460187468856347812506533728147152538,-0.02811109617783709618912014097578738832873120943419783139255898659437124715214555044782567325536899591
15,0/1,1/1615,807/808,1/1,8,8/10,9/10,-0.5729905294204597206240333790471887769587607738535300663732388207398373073164042348619388097758213666,-0.5662933011862719940779103302848044728608947445949825744686764050568566273689698131777795229724101560,-13.53661202718872603040091025237681246118619063998333589692968560862756818702716519906904463529711698,-7.235612901829099644558587305098531778190080896349318517648482660093961860912709454250088265367922446,-0.05729905294204597206240333790471887769587607738535300663732388207398373073164042356526036555181106084,-0.05662933011862719940779103302848044728608947445949825744686764050568566273689698122553372029397393739,-0.0005640255011328635846000379271823671858827579433326389957054035670261486744594652187006267158298395185,-0.0003014838709095458185232744710457721574245867040145549382353534441705817442046962253880820638478257168,-0.05786307844317883564700337583190124488175883532868564563302928564100987940609988881175780325076825652,-0.05693081398953674522631430749952621944351406116351281238510299394985624448110167742415450289258801273
15,0/1,1/1615,807/808,1/1,9,9/10,10/10,-0.9636536250177297131921086275840134943625482911511825056824029808633009505729751005591176213905755259,-0.9564301721526758057269667517275389043090928713075956246868713627059180870298912523922749832787827805,-20.76141166204346577756569448220107148429303333199793222091674984235891633497845042100380655880983699,-10.61800751966143903585483744258676015370380420897415080560724315044892014504336968588439736455459572,-0.09636536250177297131921086275840134943625482911511825056824029808633009505729751018768923642943909289,-0.09564301721526758057269667517275389043090928713075956246868713627059180870298912505473903432134412162,-0.0008650588192518110740652372700917113118455430554999138425381979100982881806241021041531232795903173563,-0.0004424169799858932931606182267744483397376585087072562835669684646020383393768070671882203563910280480,-0.09723042132102478239327610002849306074810037217061816441077849599642838323792161238449839631945393078,-0.09608543419525347386585729339952833877064694563946681875225410473519384704236593207508448061357608652
