bulk_slab_index,depth,e_lo,e_hi,q_lo,q_hi,q_mid,x_panel_index,x_lo,x_hi,h_mid_lower,h_mid_upper,h_xx_lower,h_xx_upper,midpoint_contribution_lower,midpoint_contribution_upper,remainder_contribution_lower,remainder_contribution_upper,point_integral_contribution_lower,point_integral_contribution_upper,hq_mid_lower,hq_mid_upper,hq_xx_lower,hq_xx_upper,midpoint_derivative_contribution_lower,midpoint_derivative_contribution_upper,remainder_derivative_contribution_lower,remainder_derivative_contribution_upper,q_derivative_integral_contribution_lower,q_derivative_integral_contribution_upper
0,8,1/100,4293/409600,405307/413893,99/101,40955707/41803193,0,0/10,1/10,-4.199304348052606870500423038240666260865163130678488189448923454873313627882501010526578434413739621,-4.199304348052606870500423038240666260865163130678488189448923454873313627882500563537385641439554908,-1.377327144278524804887514903699673149430623152381108713790409664522647354568818117126053919687270468,-1.355448676225827980478549167021538712695394636280323518540638130836798184710863962275264027027059190,-0.4199304348052606870500423038240666260865163130678488189448923454873313627882501017906116994675105878,-0.4199304348052606870500423038240666260865163130678488189448923454873313627882500559320506464147345619,-0.00005738863101160520020364645432081971455960929801587952974126706935511030644036742178628034123056628084,-0.00005647702817607616585327288195923077969564144317834681327252658878486659102961933137420141847848275730,-0.4199878234362722922502459502783874458010759223658646984746336125566864730946904693623849390718658467,-0.4199869118334367632158955767060258568662119545110271657581648720761162293792796750981239047414209660,0.4297872092573728370054533910727499091092840773881028540531648802868087799113656757122991584621580192,0.4343393661847038122625380959189273476505566478960381119264006664436420084794260554504099459874385475,-2.070666650117565669482667842658227804961247641517627697286973672251843426594812068543935251125183838,-1.930665753326268627685414175163039469604146419876247297651482697493014483850789335016572638594290474,0.04297872092573728370054533910727499091092840773881028540531648802868087799113656751851892613006318579,0.04343393661847038122625380959189273476505566478960381119264006664436420084794260562410747917297277894,-0.00008627777708823190289511116011075949187338531839656782072029056967716014277478383656990672657821893126,-0.00008044440638859452615355892396512664456683943416151030406881177906220893682711622178721020849496619859,0.04289244314864905179765022794716423141905502242041371758459619745900371784836178366792192497218458806,0.04335349221208178670010025066792760812048882535544230088857125486530199191111548942702854539392435154
0,8,1/100,4293/409600,405307/413893,99/101,40955707/41803193,1,1/10,2/10,-4.212951422546347365376883618755849383216086036916578948042971690254771619789536099456430658396126474,-4.212951422546347365376883618755849383216086036916578948042971690254771619789535644033479510837523182,-1.440961940029456819085802331007512258741121793310152726559500619023043812951303460928719288192525176,-1.373886792490921155208375639210451420829771261997831284351241242469987652263756839282998213040387741,-0.4212951422546347365376883618755849383216086036916578948042971690254771619789536102619090041365283441,-0.4212951422546347365376883618755849383216086036916578948042971690254771619789535638762380539222261570,-0.00006004008083456070079524176379197967744754674138792303027331252579262682553963764444575424310284549949,-0.00005724528302045504813368231830043547586790713591657630351463505176958281884432320126530951950340673560,-0.4213551823354692972384836036393769179990561504330458178345704815512697888044932480948197106240293984,-0.4213523875376551915858220441938853737974765108275744711078118040772467447977978866566261860328498493,0.4098238635958303201430162675852648305170953103869440240327803979073870596859648294248025242917837547,0.4143696913033848715993019766576751220238976646189505161227510753109757453611787807171550898109374291,-2.293713753744094975048890275042298258111987204743184366816381910955605271032012878625441470577293647,-1.906048540429034843168957194903449468301763507591065812063985094395787266362533557544615052225682606,0.04098238635958303201430162675852648305170953103869440240327803979073870596859648288976926271302575935,0.04143696913033848715993019766576751220238976646189505161227510753109757453611787811124875126820820500,-0.00009557140640600395729370376146009576075466613353096601528401591295648355295966720367551053021677294603,-0.00007941868918454311846537321645431039451257347948296107550266604559982446943177223106744806787275638370,0.04088681495317702805700792299706638729095486490516343638799402387778222241563681564748707026179876952,0.04135755044115394404146482444931320180787719298241209053677244148549775006668610589356495293295232381
0,8,1/100,4293/409600,405307/413893,99/101,40955707/41803193,2,2/10,3/10,-4.240654426003068891103587156741702945556333673018049937828162388619108798597143900795982076012594774,-4.240654426003068891103587156741702945556333673018049937828162388619108798597143445373030928453991482,-1.551947933350798264080634100834142394267679236048208856443299103379285356643748423760783387096492887,-1.434001090557444766289105133065234235689824764818433277648614922346816299220037353864258145287530766,-0.4240654426003068891103587156741702945556333673018049937828162388619108798597143906067081047627856386,-0.4240654426003068891103587156741702945556333673018049937828162388619108798597143436939272573869572903,-0.00006466449722294992767002642086808926642781996816867536901847079597413688986015618459618652670415940297,-0.00005975004543989353192871271387771809315374269853410138656869228843111734580083488939259432077333180586,-0.4241301070975298390380287420950383838220611872699736691518347096578850167495745470717174909757606733,-0.4241251926457467826422874283880480126487871100003390951693849311503419972055151782300687121304871376,0.3689018604271124646742767893482518516844824516487643767898060312721798746286847696602202051212517205,0.3734338034101691101734626346042758900082994413286493228181880682562686719998338589568895870773494749,-2.642757530195378326614160837022940680820184320459440657144019030574966946763752916329216796788344317,-1.977651247807455045959704853801438219276323541704905549588061884166045349754793571500134138406128457,0.03689018604271124646742767893482518516844824516487643767898060312721798746286847690013328336693440190,0.03734338034101691101734626346042758900082994413286493228181880682562686719998338596157769585292571764,-0.0001101148970914740969422567015426225283675076800191433607143341262739569561151563719890085172937290166,-0.00008240213532531062691498770224172659246984681423770439789950257850691855623978306495618040467697028094,0.03678007114561977237048542223328256264008073748485729431826626900094403050675332046624489483628762515,0.03726097820569160039043127575818586240836009731862722788391930424711994864374360294037575495872699316
0,8,1/100,4293/409600,405307/413893,99/101,40955707/41803193,3,3/10,4/10,-4.283265744294752193534098610178111464807824464368132153220358352826858922832401074487614826974567313,-4.283265744294752193534098610178111464807824464368132153220358352826858922832400610630905324831545442,-1.720255884479260333771051589888524902136911343086572374608185060528273150952307685894315875362598307,-1.541001386527670426685528903994723152913759928648209365559009756417455898829670223962353161080598464,-0.4283265744294752193534098610178111464807824464368132153220358352826858922832401078704494004266776603,-0.4283265744294752193534098610178111464807824464368132153220358352826858922832400604305586558893231507,-0.00007167732851996918057379381624535520425570463929527384894200771085534471462301282060420967353971427742,-0.00006420839110531960111189703766644679803807333036034205689829207318406066245123625886814136148693779809,-0.4283982517579951885339836548340565016850381510761084891709778429935412369978631209603995609691319877,-0.4283907828205805389545217580554775932788205197671735573789341273558699529456912963498166852856568806,0.3049115459649454540335032271580450579023902911272362105862518733310831760707955801883026546278420510,0.3094194212434806739311362562075903716704137541599039532320634017311785233786080359731221746507542078,-3.152947941460648253272225284032790319575977909027951158818044441584495116014635872555448948910750794,-2.162656063677207147391268405000319787432365925051224873030584722162272613419035869573354822768677302,0.03049115459649454540335032271580450579023902911272362105862518733310831760707955797929702317566974301,0.03094194212434806739311362562075903716704137541599039532320634017311785233786080363684545975218988287,-0.0001313728308941936772196760535013662633156657462094979649507518517326872965006098285900613820580268679,-0.00009011066931988363114130285020834665780968191354380103637627436342342802555912649398148024979705587300,0.03035978176560035172613064666230313952692336336651412309367443548137563031057894812342490656943116287,0.03085183145502818376197232277055069050923169350244659428683006580969442431230167717452145867762120484
0,8,1/100,4293/409600,405307/413893,99/101,40955707/41803193,4,4/10,5/10,-4.342156567212812944559012120725082529187462207587753994179843169073476703754151132926465805924486681,-4.342156567212812944559012120725082529187462207587753994179843169073476703754150652202239594612627651,-1.962288321661355703256012289711833170826373704551195554521566608281887712236809520948561571815291477,-1.704574254714113651765227074304256060424280920378613342239335790906272109777835388125269973866463645,-0.4342156567212812944559012120725082529187462207587753994179843169073476703754151136089125188893643649,-0.4342156567212812944559012120725082529187462207587753994179843169073476703754150645876920828674313717,-0.00008176201340255648763566717873799304878443223768963314810506527534507865467653373039401853148700206971,-0.00007102392727975473549021779476267733585101170501577555592663899128776133790740980731796325802956932727,-0.4342974187346838509435368792512462459675306529964650325660893821826927490300916477512398335180303811,-0.4342866806485610491913914298672709302545972324637911749739109558986354317133224741884642978480562806,0.2143506716971667004549415077950019926379013453952082032133176039245231392413004995040339235493519256,0.2188475307034346976367814270887430831331717248980923956117112237618263521334644331195510749760157166,-3.891703862044762452338503285799945006506203052443715615796028846922763174997762215710454252459160751,-2.494243617784261786165738816462438331811136166469161870225003048534178835627092334263537399408929551,0.02143506716971667004549415077950019926379013453952082032133176039245231392413004993063677121137796151,0.02188475307034346976367814270887430831331717248980923956117112237618263521334644335148834978471603375,-0.0001621543275851984355141043035749977086044251271851548173248345352884484656249067596193693248272099119,-0.0001039268174076775744235724506859349304921306736028817445927084603555907848177955132491993013501525199,0.02127291284213147160998004647592520155518570941233566550400692585716386545850514314836814849289142436,0.02178082625293579218925457025818837338282504181620635781657841391582704442852864786101709281676190919
0,8,1/100,4293/409600,405307/413893,99/101,40955707/41803193,5,5/10,6/10,-4.419346322044426902877251379043253229964962752623273996714589807179497802162487887713654403432468869,-4.419346322044426902877251379043253229964962752623273996714589807179497802162487406989428192120609839,-2.304224015047817576070237951650382390482609083278797536488955987282266725784210068525082479667707331,-1.940720719769954666012743596355342902166596545894703220004333917788062348024661639128393267873194684,-0.4419346322044426902877251379043253229964962752623273996714589807179497802162487894038973169370782804,-0.4419346322044426902877251379043253229964962752623273996714589807179497802162487398555669837536191259,-0.00009600933396032573233625991465209926627010871180328323068703983280342778024100875328623392547761076022,-0.00008086336332374811108386431651480595425694152274561263416684724657450259783436090108505178551706991512,-0.4420306415384030160200613978189774222627663839741306829021460205507532079964897984094138727464893081,-0.4420154955677664383988090022208401289507532167850730123056258279645242828140831007467429871794102402,0.09186331006903321066381779665743648059711706065752155024182700040214954952286873440372757260925907312,0.09638821658750766168331990276066538144695390851092913587079863459081411885641600925676501072689250623,-4.971567945146788809400356396703589268924333498563664860866245977727208144352178767409492545862817909,-3.023809603682871616431406148660775642756442678028822889948986035478092866629414414170203734218443905,0.009186331006903321066381779665743648059711706065752155024182700040214954952286873430489446689147291789,0.009638821658750766168331990276066538144695390851092913587079863459081411885641600935559811644467866146,-0.0002071486643811162003916815165293162195385138957734860358694269157386336726813407827832188937848000844,-0.0001259920668201196506846419228608656517815184449178676204145410848115872027762255996199389647247294440,0.008979182342522204865990098149214331840173192169978668988313273124476321279605532643330803844314667124,0.009512829591930646517647348353205672492913872406175045966665322374269824682865375341602186028157968512
0,8,1/100,4293/409600,405307/413893,99/101,40955707/41803193,6,6/10,7/10,-4.517711723812686100313819731364851277794370462440572149727294147686539697435059200842859143980390100,-4.517711723812686100313819731364851277794370462440572149727294147686539697435058703251116223499693910,-2.788116191892314566829893219062779575879990015103184491308007863887391309211538382230761188627230222,-2.275036778883184530126108125014382611353983434783935424039206935054350772870932156212496145982261544,-0.4517711723812686100313819731364851277794370462440572149727294147686539697435059208222397704241756357,-0.4517711723812686100313819731364851277794370462440572149727294147686539697435058696925797457561379976,-0.0001161715079955131069512455507942824823283329172959660204711669943286413045504807664255948023712000643,-0.00009479319912013268875525450520893260880641597644933064266830028896059794886962217258766959603201199522,-0.4518873438892641231383332186872794102617653791613531809932005817629826110480564018016455604907865322,-0.4518659655803887427201372276416940603882434622205065456153977150576145676923754914398504695223741202,-0.07056197457211515017782901170959253795751557589315638025241946436816513019897474827638849166711562892,-0.06594357779331789313060044093470981138452587575349217410258408023249236367218516534561853009901214865,-6.596887434560902105761005170148868911055266362680314842765831289359317313591516130271783029968670518,-3.839109629487449586863860933507825902982849121024494907082045620915978218115316975197810958821655098,-0.007056197457211515017782901170959253795751557589315638025241946436816513019897474832580504452600870654,-0.006594357779331789313060044093470981138452587575349217410258408023249236367218516521384105580863060834,-0.0002748703097733709210733752154228695379606360984450131184485763037233048880663131735277376591565938557,-0.0001599629012286437327859942055628260792909520467093539544617519008714990924214715395014657946131983376,-0.007331067766984885938856276386382123333712193687760651143690522740539817907963788008167265147544676077,-0.006754320680560433045846038299033807217743539622058571364720159924120735459639988058569170460215646159
0,8,1/100,4293/409600,405307/413893,99/101,40955707/41803193,7,7/10,8/10,-4.641321647926110597460659625022879937518014716772400478700063747971734702660560026212076788626669060,-4.641321647926110597460659625022879937518014716772400478700063747971734702660559528620333868145972871,-3.483304153847972893563326737542366690280688336935255074710204173879573345311969483970628187749927241,-2.748686362275710689381301953937746386976518441658530513457023473317173939471111366435410839319287626,-0.4641321647926110597460659625022879937518014716772400478700063747971734702660560031483175760241930672,-0.4641321647926110597460659625022879937518014716772400478700063747971734702660559520186575513561554291,-0.0001451376730769988705651386140642652787616953473723022947795918405783155560546653957749136597492615923,-0.0001145285984281546120575542480807394327906882684024387713940426447215489141446296396030776777457009815,-0.4642773024656880586166311011163522590305631670246123501647859666377517858221106688550049680878112755,-0.4642466933910392143581235167503687331845921599456424866414004174418950191802005811803099068517946451,-0.2849563596841745925599519988294407602936212234432181720461034833334632272644986614243907167629454392,-0.2801638366671947544612249024152054946488045199903523827241927474225058907994722007512652063636846392,-9.096189433201705589604195661876737940985695789416406673922968794502873293914102819834151985321689290,-5.073183096644172640072953561127915297936978979392016415641295867382939452918862585683077711487818802,-0.02849563596841745925599519988294407602936212234432181720461034833334632272644986616879456653437085198,-0.02801638366671947544612249024152054946488045199903523827241927474225058907994722003559327834925400183,-0.0003790078930500710662335081525781974142077373245590169447467903664376197205797542859922868345723553486,-0.0002113826290268405266697063983803298040807074574746673506517206611409558105382859396322438179872563723,-0.02887464386146753032222870803552227344356985966888083414935713869978394244702962048721646618259178952,-0.02822776629574631597279219663990087926896115945650990562307099540339154489048550594459755450990648614
0,8,1/100,4293/409600,405307/413893,99/101,40955707/41803193,8,8/10,9/10,-4.795983231878515788086714206073599803338173535804090040588523509814514654298189211515702478931468702,-4.795983231878515788086714206073599803338173535804090040588523509814514654298188671755167785528679615,-4.508864263682090446222079857439828925855993938686230417596808145440788012022662021552958082212049897,-3.429587767175071246969265928578758094737525825928077485654460777317777301842760593577353134009736155,-0.4795983231878515788086714206073599803338173535804090040588523509814514654298189218895241039192834959,-0.4795983231878515788086714206073599803338173535804090040588523509814514654298188665429849019590365680,-0.0001878693443200871019259199940599928719106664141119262673998670060600328338342775851263619329810100403,-0.0001428994902989613019570527470241149206140635760803365619022691990549073875767816904519057841216216855,-0.4797861925321716659105973406014199732057280199945209303262522179875114982636531994972997192459238332,-0.4797412226781505401106284733543840952544314171564893406207546201805063728173956480182689005033945809,-0.5697884964975288789802342135864445331620152650176701465364543303278462779884283619576724489091450322,-0.5647170491871510841390913715945155830134867866998059455764611074549756368335826311380636170445772149,-13.10585852425990499747459868018784383403108020618795430561331547148938432638879100822834462468154974,-7.018645923775802947718717289932153003987551230568439963905430093341273132097447321135002462344382539,-0.05697884964975288789802342135864445331620152650176701465364543303278462779884283623530048717802896531,-0.05647170491871510841390913715945155830134867866998059455764611074549756368335826300838438227215248925,-0.0005460774385108293748947749450078268264179616752578314294005548113120576802661996273057829868122062665,-0.0002924435801573251228216132204138397084994813012736849984960595872225530471707269696123822574042019995,-0.05752492708826371727291819630365228014261948817702484608304598784409668547910903591511135757741506654,-0.05676414849887243353673075037986539800984815997125427955614217033272011673052898992703594439382320495
0,8,1/100,4293/409600,405307/413893,99/101,40955707/41803193,9,9/10,10/10,-4.990163958403062539147873765099909207499127274755399007520141627858502212728594428612951482626179383,-4.990163958403062539147873765099909207499127274755399007520141627858502212728593871984900080054553137,-6.080773449540773064897240443153352390405785529842842170275920526171202159161148185903800710263385442,-4.434435867821455896503110053908849886417308131672548004928538102679821771351798924427158916183721655,-0.4990163958403062539147873765099909207499127274755399007520141627858502212728594433884050454241440995,-0.4990163958403062539147873765099909207499127274755399007520141627858502212728593864605361519793186880,-0.0002533655603975322110373850184647230162669077304101184237614966885904667566317145089004172783256710121,-0.0001847681611592273290209629189128687452673878388196895002053557542783259071396582874326931483144612397,-0.4992697614007037861258247615284556437661796352059500191757756594744406880294911582602082727599658092,-0.4992011640014654812438083394289037894951801153143595902522195185401285471799990442525164271413353659,-0.9543857969930089974312137095914619221047413983712281931903479109888566141151463592910012593115704386,-0.9489162789276795605535525187862797855925411872186086480320096060288060099193685068897725911571467182,-19.90673694405110445770181494526265050482213742934817955946661309966491235406801833270569991217060808,-10.19925217622943218163631641581510981297636290810571384531653580516130675869401695697781825917697892,-0.09543857969930089974312137095914619221047413983712281931903479109888566141151463600816661050538596804,-0.09489162789276795605535525187862797855925411872186086480320096060288060099193685060991077454148574763,-0.0008294473726687960190709089560526104377009223928895074816444422124860380147528341010642887729060168010,-0.0004249688406762263409015131839922962422073484545044047435548556585483877816122507036141843526001507473,-0.09626802707196969576219227991519880264817506223001232680067923331137169942626747016791305579822751451,-0.09531659673344418239625676506262027480146146717636526954675581626142898877354910122086892228366137785
1,8,4293/409600,449/40960,40511/41409,405307/413893,16775288443/17138895237,0,0/10,1/10,-4.199711361047958260540070618617466162443761303266742015866914992352507706365354968695091079214281198,-4.199711361047958260540070618617466162443761303266742015866914992352507706365354521705898286240096486,-1.375459443374369227862994358552652144513657904792949869008219349382594410186840232259175297311741289,-1.353546304255217820419073267949764087111236372798966993357321201126144537649449700561220637614554641,-0.4199711361047958260540070618617466162443761303266742015866914992352507706365354976074629639475647455,-0.4199711361047958260540070618617466162443761303266742015866914992352507706365354517489019108947887196,-0.00005731081014059871782762476493969383935473574603303957787534247289094143375778500990464451233651156331,-0.00005639776267730074251746138616457350362963484886662362472322171671358935573539373713560152149401493152,-0.4200284469149364247718346866266863100837308660727072411645668417081417120702932830587706717567847368,-0.4200275338674731267965245232479111897480057651755408252114147209519643599922708451367757299708769724,0.4297517833216187818274031847995380430951903215671165379588520688514062174984481425167404473997548279,0.4342971786473975385432006090973832557401710663533491302060439191167470242465317829215537441828853037,-2.071271798576150853277726391630078456785058487331955763891066113217325383545491223540521180686670822,-1.931337373074471831554988138879228108652374582202567824010092983067287947501626226132845872799784903,0.04297517833216187818274031847995380430951903215671165379588520688514062174984481419896305502382286666,0.04342971786473975385432006090973832557401710663533491302060439191167470242465317837122185899251745456,-0.00008630299160733961888657193298458660236604410363883149016212775471738855764772880134084090995207543993,-0.00008047239054476965964812450578663450452718227425844032600042054096113699781256775890538712938406760093,0.04288887534055453856385374654696921770715298805307282230572307913042323319219708536249013356575149386,0.04334924547419498419467193640395169106948992436107647269460397137071356542684061065581333349413823131
1,8,4293/409600,449/40960,40511/41409,405307/413893,16775288443/17138895237,1,1/10,2/10,-4.213339622796064387684981426725542375422791476332607571096097752367157909135432064133258879705063948,-4.213339622796064387684981426725542375422791476332607571096097752367157909135431608710307732146460656,-1.439027082714061917956797648360863563473236829315446848515089850995781011259752051853289031104373441,-1.371864212167185500239072863415407302199042391106854933755305837991370985957534876695318013315031702,-0.4213339622796064387684981426725542375422791476332607571096097752367157909135432069404357851320325560,-0.4213339622796064387684981426725542375422791476332607571096097752367157909135431600276549377562042077,-0.00005995946177975257991486656868170264847805153455481028535479541045815754213582300239116428963751658891,-0.00005716100884029939584329470264230863759162676629611895557313774324964045774823061947366431921662347094,-0.4213939217413861913484130092412359401907571991678155673949645706471739484556790299963615483521375733,-0.4213911232884467381643414373751965461798707743995568760651829129799654313712913902548203692880886772,0.4097820104637287470461888788649351674541639131251655034764210610959960078898500661238661236750000705,0.4143210987859918967541688894298662561347533170133681086727039839081939068131260447835867983499332133,-2.294144128931159222860720298172029804888352747660342439545139576754102023322867338497545065493610972,-1.906686273101873565621973731494263947551176203836319003374959543226743320974664558607215270105023448,0.04097820104637287470461888788649351674541639131251655034764210610959960078898500652014238036423292884,0.04143210987859918967541688894298662561347533170133681086727039839081939068131260453106966955114593745,-0.00009558933870546496761919667909050124187034803115251426831438081569808758430511947282689623533198131198,-0.00007944526137924473190091557214559433114796567515984662514062331430111430504061102278490998323105508872,0.04088261170766740973699969120740301550354604328136403607932772529390151320467988700729322387078702269,0.04135266461721994494351597337084103128232736602617696424212977507651827637627199353054794614236410743
1,8,4293/409600,449/40960,40511/41409,405307/413893,16775288443/17138895237,2,2/10,3/10,-4.241004063023450568038941929782437198449726211841155179312297590088268107070710287634695300490602474,-4.241004063023450568038941929782437198449726211841155179312297590088268107070709849079260862100836341,-1.549839594221314655342583386751995098525249402654666068092915025335105106839256959371955400518293636,-1.431753089441900341760785717433250235258613236003382773165326763014892347943429465231210810752488938,-0.4241004063023450568038941929782437198449726211841155179312297590088268107070710293960014066428916408,-0.4241004063023450568038941929782437198449726211841155179312297590088268107070709840645502507516417761,-0.00006457664975922144397260764111466646243855205844394441950387145938896271278496904031151125289069826521,-0.00005965637872674584757336607155971875980244221816680761554855528179228718116430956066952326256247489434,-0.4241649829521042782478668006193583863074111732425594623507336304682157734198559988347338753206077774,-0.4241600626810718026514675590498034386047750634022823255467783142906190978882352933796169325267109213,0.3688481869596841860238930788818715203566265663809430611942565012614604534303887168025437364251456970,0.3733734347745538167399519078257606830268960604718353814148434429275470954850840736129494077818751355,-2.642867028470375080954672236137548441974837942633191498127833017604012313359858615609029816617746569,-1.978152315880240948707920813735822393617782606141772259285344348159831194118590658745387057016851468,0.03688481869596841860238930788818715203566265663809430611942565012614604534303887161436563649732379954,0.03733734347745538167399519078257606830268960604718353814148434429275470954850840741400593049434012967,-0.0001101194595195989617064446765057311850822849142763829790886597090668338463899941094113000261242170425,-0.00008242301316167670619616336723899259973407427525590717747022268117332629975494127684511705223531155914,0.03677469923644881964068286321168142085058037172381792314033699041707921149664887749079855310016250298,0.03725492046429370496779902741533707570295553177192763096401412161158138324875346620253479482834878537
1,8,4293/409600,449/40960,40511/41409,405307/413893,16775288443/17138895237,3,3/10,4/10,-4.283555080025661970076447651724984695318011698365700760982899846168046602616139269941601516138241795,-4.283555080025661970076447651724984695318011698365700760982899846168046602616138822952408723164057083,-1.717839973937549605953350507998233612170525112497203377125440895222425311706018227379321690820964489,-1.538401332718832692197078289942178071105198097277910082935053444723259902169207985440893775902876843,-0.4283555080025661970076447651724984695318011698365700760982899846168046602616139276266920282076555730,-0.4283555080025661970076447651724984695318011698365700760982899846168046602616138817681309751548795471,-0.00007157666558073123358138960449992640050710521302071680738022670396760105465441742643284317102669302768,-0.00006410005552995136217487826208092408629604992071991292012229389353013582925705033226342372427716393250,-0.4284270846681469282412261547769983959323082750495907929056702113207722613162683451513145323977849176,-0.4284196080580961483698196434345793936180972197572899890184122785103347960908709319493135836282700623,0.3048429730244748822611932187871055955482644284246625788293410044327022207365814363760173577297415426,0.3093442194058376089561580274975072868595370736598312024893012159650400838319239489513215124708252983,-3.152513243367094924736334413851791475544745648853425099690835723755084236222430005274768870650954435,-2.162873170229795745100278578705102053219239190263676713483875039734520954528084449291439531635715171,0.03048429730244748822611932187871055955482644284246625788293410044327022207365814360465736720037876918,0.03093442194058376089561580274975072868595370736598312024893012159650400838319239492807651981967791490,-0.0001313547184736289551973472672438246448143644020355593791537848218231285098426012508086626245122656097,-0.00009011971542624148937917827411271258555080163292765319639516145998893837310533685141894454445043123223,0.03035294258397385927092197461146673491001207844043069850378031562144709356381554235127492578113248911,0.03084430222515751940623662447563801610040290573305546705253496013651507001008705810677078717361545284
1,8,4293/409600,449/40960,40511/41409,405307/413893,16775288443/17138895237,4,4/10,5/10,-4.342360577137896973602183950013126354952443100915144338274691993394466897548992008351354872584160723,-4.342360577137896973602183950013126354952443100915144338274691993394466897548991544494645370441138851,-1.959381270705838187164096111622827904202577554692406723310745324763375672898870395429402608956565999,-1.701455161719127252822711689942635873371858612120498255092921864693732644874330074126758844072631636,-0.4342360577137896973602183950013126354952443100915144338274691993394466897548992015730893432845526980,-0.4342360577137896973602183950013126354952443100915144338274691993394466897548991536060887015856720272,-0.00008164088627940992446517067131761782934177406477885028013794772186514065303745293346512888047388886022,-0.00007089396507163030220094632041427649472382744217168742729553841102890552686976375261263746006354924420,-0.4343176986000691072846835656726302533245860841562932841076071470613118304079366549537485377500615991,-0.4343069516788613276624193413217269119899681375336861212547647377504755952817689172821314199023986463,0.2142682345234619364953625535294741076520477704920125036477230965630091044347886067038326495137647205,0.2187586593160118927957804348470412290274593724624248325764684827105158728961135839551116789481375498,-3.890367899478510620614122904853003312032032741278551749277438519773920579841651802241844852332256870,-2.493946763845821793497903877775052643312879702370165177540816765817091637712788377607897120635369708,0.02142682345234619364953625535294741076520477704920125036477230965630091044347886065061664380781924100,0.02187586593160118927957804348470412290274593724624248325764684827105158728961135841527778903837098603,-0.0001620986624782712758589217877022084713346680308866063228865599383239133574934021591961318098863320919,-0.0001039144484935759080624126615739605268047033209320902157308673652423788182380328484201193096166581038,0.02126472478986792237367733356524520229387010901831464404188574971797699708598545848498606501109787276,0.02177195148310761337151563082313016237594123392531039304191598090580920847137332557367818353479946624
1,8,4293/409600,449/40960,40511/41409,405307/413893,16775288443/17138895237,5,5/10,6/10,-4.419434951670322119163671558323150783748875811365936466811271913015829773745285091389935537898875425,-4.419434951670322119163671558323150783748875811365936466811271913015829773745284602231950972002597815,-2.300556582756881309343485796518819180557006792936748930043486343728866116088578093774040340931036506,-1.936848810569485426805662318708370244389564657600705287895835723428437479613795548455796665608057064,-0.4419434951670322119163671558323150783748875811365936466811271913015829773745285098769474098160241682,-0.4419434951670322119163671558323150783748875811365936466811271913015829773745284598015071794710388525,-0.00009585652428153672122264524152161746585654194970569787208514526432203608817035742100288147999446226428,-0.00008070203377372855945023592994618209351623186073336272032899315514285156165057481405468183316365283591,-0.4420393516913137486375898010738366958407441230862993445532123365659050134626988674732246272174050151,-0.4420241972008059404758173917622612604684038129973270094014561844567258289361790343930586844994469554,0.09177530698341920829655671910877328836658567367502636119914487016622218859377593302594460630248833646,0.09629382373231550204426288843690053122560481464931667989690483252732272756459777261980759663537054726,-4.968775451317100476147037051287510332601033304968192327917355652953060166296568345620486619324416287,-3.022606601318381357090507423593060749272566319359133021338540839570107132682414654670180200028684488,0.009177530698341920829655671910877328836658567367502636119914487016622218859377593282827839486691602600,0.009629382373231550204426288843690053122560481464931667989690483252732272756459777268569633378056131741,-0.0002070323104715458531727932104703129305250430543736746803298898188730441735956903486854555850055424227,-0.0001259419417215992232121044759830441978863569299732972092224392016487544638617672763335189425867941482,0.008970498387870374976482878700407015906133524313128961439584597197749174685781902927450559035377622584,0.009503440431509950981214184367707008924674124534958370780468044051083518292598010000472206578618183862
1,8,4293/409600,449/40960,40511/41409,405307/413893,16775288443/17138895237,6,6/10,7/10,-4.517647389571251326599769510864586248553922248529806128249445816604840411144481415205233053948266070,-4.517647389571251326599769510864586248553922248529806128249445816604840411144480934481006842636407039,-2.783269320941450475855825669836297817418849414497754010800114547103796974908050025560976070093040214,-2.270067531832768897409245906800080012885574840005281342957134130667226175366246070995315032959982624,-0.4517647389571251326599769510864586248553922248529806128249445816604840411144481421530551819886580004,-0.4517647389571251326599769510864586248553922248529806128249445816604840411144480926047248488051988460,-0.0001159695550392271031606594029098457423924520589374064171166714394626582072878354182190094547235167465,-0.00009458614715969870405871857945000333387023228500022005595654725544446775730692691905685760566869341871,-0.4518807085121643597631376104893684705977846769119180192420612530999466993217359777087139790821778893,-0.4518593251042848313640356696659086281892624571379808328809011289159285088717550193591885524876273147,-0.07063526782835437144033434477682944317641942647440125684894979358575673457275913092370482543683754667,-0.06602304341664383929036152811751600673737967483786122489363771286352506130810346880369672326524784976,-6.591386255516449072322330940443691732176808756394312507678018315325538385424472787656791030174955620,-3.836223982407083357455410945388336979904356208417581815117700996666430246657773626399202998709416483,-0.007063526782835437144033434477682944317641942647440125684894979358575673457275913097312137829573062428,-0.006602304341664383929036152811751600673737967483786122489363771286352506130810346873780798612005707960,-0.0002746410939798520446800971225184871555073670315164296878199174298052307660593530341972057115441967599,-0.0001598426659336284732273087893911807074960148420173992422965708748611012602774072334278105424701373715,-0.007338167876815289188713531600201431473149309678956555372714896788380904223335266137686412648478893890,-0.006762147007598012402263461601142781381233982325803521731660342161213607391087754102833185203428020751
1,8,4293/409600,449/40960,40511/41409,405307/413893,16775288443/17138895237,7,7/10,8/10,-4.641055449124620679553754357320076749777854468887585218896573093576510881228751718686423189397509426,-4.641055449124620679553754357320076749777854468887585218896573093576510881228751237962196978085650396,-3.476587837610044971417539071212951766374206117261884589938493503496774159903511075256087612199722215,-2.742087495736366746875172558722787689029693674574031627236823373897330447102074008375535010955797925,-0.4641055449124620679553754357320076749777854468887585218896573093576510881228751723957522161012771038,-0.4641055449124620679553754357320076749777854468887585218896573093576510881228751233745317800793441106,-0.0001448578265670852071423974613005396569322585882192451912474372293123655899959796288254430341637043006,-0.0001142536456556819477864655232801161537095705697739179844682009739123887686292530830011205044502224200,-0.4642504027390291531625178331933082146347177054769777670809047465869634537128711521082254699642962780,-0.4642197985581177499031619012552877911314950174585324398741255103315634768915043761454622217222950799,-0.2849734276886413413240278181445551705327923578054342421279179307470819075271109592310036459531059734,-0.2801870161348165847133973742245321372440972528730866253409595821130911463993298227285220432847891743,-9.085760812185432113603918237202476366944506173524888036571040340658467883810617731856640447423674784,-5.067548400430606551534875785912007620688846347203757945310853265432618202779270593022608876953641134,-0.02849734276886413413240278181445551705327923578054342421279179307470819075271109594945585945338690540,-0.02801870161348165847133973742245321372440972528730866253409595821130911463993298223990783575588353235,-0.0003785733671743930047334965932167698486226877572302036681904600141941028284921090736116182511940415337,-0.0002111478500179419396472864910796669841953685978001565810546188860596924251158029401295467588765429785,-0.02887591613603852713713627840767228690190192353777362788098225308890229358120320503593637167825101923,-0.02822984946349960041098702391353288070860509388510881911515057709736880706504878515738812912110074809
1,8,4293/409600,449/40960,40511/41409,405307/413893,16775288443/17138895237,8,8/10,9/10,-4.795448898328907417389241121084714311389851450566324267761674629660952167919657343266888179238273777,-4.795448898328907417389241121084714311389851450566324267761674629660952167919656845675145258757577587,-4.499073124251589731578571620373395005924882842369784038582892694038932728871963135566310846957795398,-3.420495993664832051886953492084037195675586295779752519371600147436875930373850649347275244165507269,-0.4795448898328907417389241121084714311389851450566324267761674629660952167919657349592206945176587711,-0.4795448898328907417389241121084714311389851450566324267761674629660952167919656838295606698496211330,-0.0001874613801771495721491071508488914585802034517654076682742871955849555303696651314488699051992043707,-0.0001425206664027013354952897288368348831531494289908230216404833394765364970989104427372174420434175327,-0.4797323512130678913110732192593203225975653485083978344444417501616801723223354001313352693796554039,-0.4796874104992934430744194018373082660221382944856232497978079463055717532890645942239108459506650787,-0.5696700284494395920091215684621367459210287314418434008143775203272080252957687034784826343740583293,-0.5646047920449587312761910526868163421846124690415835683108398879025448862567965931828686916428451870,-13.08597722392390450594285149346912728417119789426407131115695477250852456688626756264101102062981316,-7.007985864990739037530777493217691383581719113202618107826713082328487787689108933670263630701140598,-0.05696700284494395920091215684621367459210287314418434008143775203272080252957687040055925315355844906,-0.05646047920449587312761910526868163421846124690415835683108398879025448862567965922604263716101744049,-0.0005452490509968293544142854788945469701737999122610029712982064488545218569535944837588616349773978839,-0.0002919994110412807932304490622174038076492382963834424211594463784303536578203795372200194900291332706,-0.05751225189594078855532644232510822156227667305644534305273595848157532438653046488637713782432305851,-0.05675247861553715392084955433089903802611048520054179925224343516868484228350003870046245405953662096
1,8,4293/409600,449/40960,40511/41409,405307/413893,16775288443/17138895237,9,9/10,10/10,-4.989267631924009545531004814769919434189941592060494437019760456303940632579071100151312902716419105,-4.989267631924009545531004814769919434189941592060494437019760456303940632579070568824536563898048598,-6.065654345162111647677622486167547117386060550232982919052080183873836594995105370876234038014133753,-4.421372994982520227531799217651430085056110653793683016289517022285524609664814514390836602451637053,-0.4989267631924009545531004814769919434189941592060494437019760456303940632579071106476631668654733040,-0.4989267631924009545531004814769919434189941592060494437019760456303940632579070563553437592282786986,-0.0002527355977150879853199009369236477965577525229263742882938366743280765247914627248270027256683931517,-0.0001842238747909383428138249674021429202106712772414034590120632092618968587360339370076496417896670094,-0.4991794987901160425384203824139155912155519117289758179902698823047221397826985736061892841529902100,-0.4991109870671918928959143064443940863392048304832908471609881088396559601166430898478598110195040685,-0.9539814920840894425904698816093253149029058823407976331484796044609276805994234694115570576481656163,-0.9485186905030680214281729458967247469395831520270116719619011413854913769364963005377112864874993632,-19.86739189543526211666207504260072372806581808568406685568094655593352927100917377569514511059291957,-10.17898011687507392443675315136755437256099351977924435778393785260730065829480121312341904089048587,-0.09539814920840894425904698816093253149029058823407976331484796044609276805994234707293318005519810193,-0.09485186905030680214281729458967247469395831520270116719619011413854913769364962989563815950029208796,-0.0008278079956431359215275864601083634886694090869035027856533727731638970529587155774080213163958591325,-0.0004241241715364614135181980479736480988567080633241351815743307438586375274289500478851786824428347588,-0.09622595720405208018057457462104089497895999732098326610050133321925666511290106276358746833989059726,-0.09527599322184326355633549263764612279281502326602530237776444488240777522107857991315274840487355210
2,7,449/40960,1221/102400,101179/103621,40511/41409,4193755771/4290841989,0,0/10,1/10,-4.200320941440739098361616587523854425954510163061399520685634457138168335522900653066819725402151918,-4.200320941440739098361616587523854425954510163061399520685634457138168335522900222945143641596804365,-1.372660607892754643128456778013171594533867702532730206515466964592876751165794617645599740417905336,-1.350695857902296122793909665463382393646204597866146137888484534584648489386524777929783706875344861,-0.4200320941440739098361616587523854425954510163061399520685634457138168335522900657283698902694361208,-0.4200320941440739098361616587523854425954510163061399520685634457138168335522900214511385287012385785,-0.00005719419199553144346368569908388214977224448760553042527147779019136986463190810928030285803086431182,-0.00005627899407926233844974623606097426640192519157775608907868685560769368705777186540716393496193385964,-0.4200892883360694412796253444514693247452232607937454824938349235040082034169219739654383102860108030,-0.4200883731381531721746114049884464168618529414977177081576421325694245272393477931092921551902439981,0.4274300884756459982124680106055807797053138757300139588992383902864112578714164661889098941491543091,0.4365006502689296249388051934040314804411277462485059159788786666580210584988934896617440587802357244,-2.077775904633177860131737763123183463346903579978300373573360422997569811752431186630487013519826989,-1.926822058070935897431421506668211599701663970279720504975749305120627367281831678568109690776107608,0.04274300884756459982124680106055807797053138757300139588992383902864112578714164657935774712780096882,0.04365006502689296249388051934040314804411277462485059159788786666580210584988934900570764816513803453,-0.00008657399602638241083882240679679931097278764916576251556555668429156540882301796650184751388078992811,-0.00008028425241962232905964256277784214998756933209498835437398955438002614030340965279220301724742817885,0.04265643485153821741040797865376127865955859992383563337435828234434956037831862858004021998106149454,0.04356978077447334016482087677762530589412520529275560324351387711142207970958593938212783446812167046
2,7,449/40960,1221/102400,101179/103621,40511/41409,4193755771/4290841989,1,1/10,2/10,-4.213921013009909456257790808900203628682676459886604848285432537166355995812760353202247803523858120,-4.213921013009909456257790808900203628682676459886604848285432537166355995812759923080571719718510567,-1.436127540596388446234092839483444103053531164457396265703958455444901525171904651275901566359021996,-1.368834211227940639254892239842827495825012094250355450175800255297926218910568574148899023022751270,-0.4213921013009909456257790808900203628682676459886604848285432537166355995812760358473346775139119732,-0.4213921013009909456257790808900203628682676459886604848285432537166355995812759915701033159457144310,-0.00005983864752484951859308720164514350429389713185239151107099826897687089688216269404629886874083248241,-0.00005703475880116419330228717666011781232604217059376481042399167730408025912127369022732099024704766805,-0.4214519399485157951443721680916655063725615431205128763396142519856124704781581989203055594373680844,-0.4214491360597921098190813680666804806805936881592542496389672453939396798403972648892560792051849440,0.4074538497087995272113400836387993992270333695012347990471724752748516977872527066619679482895986986,0.4165118638380907546649657084584247606137090680560008514068900365725665522085886118932566358312162412,-2.300741046458245431539438904111946339073197932442473229367689797103367760256605933703053166605889620,-1.901902747708129005397079046780143172178820446357926368490978774229982469441360410347996706396393892,0.04074538497087995272113400836387993992270333695012347990471724752748516977872527062666355254184540777,0.04165118638380907546649657084584247606137090680560008514068900365725665522085886121568115844119793218,-0.00009586421026909355964747662100466443079471658051843638455698707487930699001069191426084803763906420392,-0.00007924594782117204189154496028250596550745085193158026535379078225958260289339001661430595319581956247,0.04064952076061085916148653174287527549190862036960504352016026045260586278871457865179021388822030306,0.04157194043598790342460502588555997009586345595366850487533521287499707261796547120640212205299405383
2,7,449/40960,1221/102400,101179/103621,40511/41409,4193755771/4290841989,2,2/10,3/10,-4.241527670101569965869162979135218980022891360644472585223441613202070082436464981733181573942294825,-4.241527670101569965869162979135218980022891360644472585223441613202070082436464560045263844721365851,-1.546680474559593642181633549914773711553329127065112375465131152157964978999318620939658781658354392,-1.428386201593488364128010761886041371736669200814929744907012119685063874245944303759999395834250841,-0.4241527670101569965869162979135218980022891360644472585223441613202070082436464987004280545557556437,-0.4241527670101569965869162979135218980022891360644472585223441613202070082436464554774164873106104239,-0.00006444501977331640175756806457978223798138871362771301564438046467324854079163827618202557894910890526,-0.00005951609173306201517200044841191839048902788336728873937112550498687766142691434558368609576441736910,-0.4242172120299303129886738659781016802402705247780749715379885417848802567844381374324263046820987133,-0.4242122831018900586020882983619338163927781639478145472617152868251938859050733697365212059033119554,0.3665092603239051079959725883834408786152178928831803656831650458713704522891969537145986332586311469,0.3755397254881292874947951579221763654172259982576040442201101565028311906773404015045663212739617751,-2.649693009722915876855947783088771381448329271003037875324947809461352637704712829493083033753026957,-1.972599953942852372449215124237520993002672299654912313142771464260768411220861377029140261884808851,0.03665092603239051079959725883834408786152178928831803656831650458713704522891969529239337875163419050,0.03755397254881292874947951579221763654172259982576040442201101565028311906773404020316762184354879364,-0.0001104038754051214948689978242953654742270137196251265781385394920608896932376963683862789499356615468,-0.00008219166474761884885205063017656337470844467915228801304761547767753201713420255679728553401636271646,0.03654052215698538930472826101404872238729477556869290999017796509507615553568199887793645937595967014,0.03747178088406530990062746516204107316701415514660811640896340017260558705059983765035969344137015333
2,7,449/40960,1221/102400,101179/103621,40511/41409,4193755771/4290841989,3,3/10,4/10,-4.283988337978475750877166621611615885867558126839145445990537443373685634539437778488132064157453503,-4.283988337978475750877166621611615885867558126839145445990537443373685634539437323065180916598850211,-1.714220276511935210196120321542037215816911435236260290435217803538425165142756928760894604190185175,-1.534508264027780909934059516274442864598881503718626225236776100563944848025286053316319033783963856,-0.4283988337978475750877166621611615885867558126839145445990537443373685634539437784813450830095767437,-0.4283988337978475750877166621611615885867558126839145445990537443373685634539437315685642356337483954,-0.00007142584485466396709150501339758488399237130980151084543480074181410104854761487240267125878892033300,-0.00006393784433449087124725247984476845269162006265494275938486567085683103533438691846608023740462012270,-0.4284702596427022390548081671745591734707481839937160554444885450791826645024913933600535123154639995,-0.4284627716421820659589639146410063570394474327465694873584386100082253944892781182607951598140331446,0.3024937671776263968733290222090106661925254440047895949159225402947863596154427604391850340245408193,0.3114764274080375597453391583927592654916375609663024586005491511775399028039850206174781502693975380,-3.159634119302876918882693075786114208603904989716293563969402328501652071867333206856599993506107600,-2.155970789163870777260199941086340788783173031657861400180030943090174065171129965178265381032555479,0.03024937671776263968733290222090106661925254440047895949159225402947863596154427601097413482985869686,0.03114764274080375597453391583927592654916375609663024586005491511775399028039850209469218359953513888,-0.0001316514216376198716201122114910880920251627079048455651653917636875688363278055507654440337345081118,-0.00008983211621516128238584166421193086619929887631907755834083462262875725271546374791354261383003717453,0.03011772529612501981571279000940997852722738169257411392642686226579106712521647045120046501455513814,0.03105781062458859469214807417506399568296445722031116830171408049512523302768303835861802344148156821
2,7,449/40960,1221/102400,101179/103621,40511/41409,4193755771/4290841989,4,4/10,5/10,-4.342666004668847347740859207062590377128833253436652010587997004391799048226375033146158162757777418,-4.342666004668847347740859207062590377128833253436652010587997004391799048226374586156965369783592705,-1.955026703537215646783054324098594877316678647676342301929798124424323854295287817981912577670158916,-1.696786391257240083461243550180500232293250442834939657244398211583131695729798034806767356987710858,-0.4342666004668847347740859207062590377128833253436652010587997004391799048226375038417257134373039030,-0.4342666004668847347740859207062590377128833253436652010587997004391799048226374579831646603845278771,-0.00008145944598071731861596059683744145322152827698651426258040825518434682726230365944771310908252213941,-0.00007069943296905167014421848125752084301221876845145581905184992548263048732207491769278989450232236958,-0.4343480599128654520927018813030964791661048536206517153213801086943642516498998076298623662830871481,-0.4343372998998537864442301391875165585558955441121166568778515503646625353099595328941656254127217618,0.2119037270947580960262319925120990822949099549894882842741439195566176060815801858663192267329751303,0.2208653257764001942611272444058235233126144709881689126689974323787506616086417146571849567002155031,-3.897868195528670114209093113774500933799655626256438890050557187483448331214773439838375868306390791,-2.484843783647353742675808448637180467121660512500972161073615706353869985638984638662818391394146876,0.02119037270947580960262319925120990822949099549894882842741439195566176060815801854050980667166397393,0.02208653257764001942611272444058235233126144709881689126689974323787506616086417149207399052809785837,-0.0001624111748136945880920455464072708722416523177606849537521065494784770138006155606253857331661069008,-0.0001035351576519730726114920186932158527967358546875405067114006544314112494016243592802491706000470560,0.02102796153466211501453115370480263735724934318118814347366228540618328359435740297550899698745004245,0.02198299741998804635350123242188913647846471124412935076018834258344365491146254714398967911459077421
2,7,449/40960,1221/102400,101179/103621,40511/41409,4193755771/4290841989,5,5/10,6/10,-4.419567545832948854634657443628696372534573217987534832480372979305511002124697348708277051536349300,-4.419567545832948854634657443628696372534573217987534832480372979305511002124696876417809194808908849,-2.295064663360031288921377193144244886497882570525735965572879757006249572349098828233507166754719353,-1.931055152696258597925078047364180940922702075343035339873195058967248888390257216704413101019280637,-0.4419567545832948854634657443628696372534573217987534832480372979305511002124697355033595817474663235,-0.4419567545832948854634657443628696372534573217987534832480372979305511002124696870092490428870594915,-0.00009562769430666797037172404971434353693741177377190566523220332320859373218121245161359535654693122916,-0.00008046063136234410824687825197350753920511258647262647249471646079030203701626071688876541047211349749,-0.4420523822776015534338374684125839807903947335725253889132695012537596939446509481745165082948246881,-0.4420372152146572295717126226148431447926624343852261097205320143913414022494859474629689265359786265,0.08938857745682625551613088735882419043634270713930590471269847795556402835472732638693569542843566863,0.09840649227842115731732671635929980741284673127855943005500978488139546086646952491460278259710063184,-4.976791175354389578453544800600095220624642810234629804462519801126249552394316322328773791333677667,-3.010041876998468174062932439602261429180883998383868896995391938735629477431075071751216657709841167,0.008938857745682625551613088735882419043634270713930590471269847795556402835472732622221385256545874325,0.009840649227842115731732671635929980741284673127855943005500978488139546086646952498049151974229140199,-0.0002073662989730995657688977000250039675260267837597762418526049917135937313497631810373194276483965185,-0.0001254184115416028405859555183167608928825368332659945373748079974473178948929614605576971324369964161,0.008731491446709525985844191035857415076108243930170814229417242803842809104122969438610287034163463347,0.009715230816300512891146716117613219848402136294589948468126170490692228191753991038263588480212348120
2,7,449/40960,1221/102400,101179/103621,40511/41409,4193755771/4290841989,6,6/10,7/10,-4.517550891302538723710169858491015528902495559677837409384664691788103986185281991075467801686852094,-4.517550891302538723710169858491015528902495559677837409384664691788103986185281518784999944959411643,-2.776013882884170582725249373671318907709704016904968365827077912364415335384230527780378480062085184,-2.262634598838920444415428474811098580304525328727833084463206506418666223199045815129384521526408643,-0.4517550891302538723710169858491015528902495559677837409384664691788103986185281994238127184656009062,-0.4517550891302538723710169858491015528902495559677837409384664691788103986185281514568120767667202354,-0.0001156672451201737742802187239029716211545710007043736819094615796818506389743429391911459067774392138,-0.00009427644161828835185064285311712910751268855536365971185263360443411109263329357506278700486492570474,-0.4518707563753740461452972045730045245114041269684881146203759307584922492575025427165123818290952313,-0.4518493655718721607228676287022186819977622445231474006503191027832445097111614447263673208366576448,-0.07304699199878011971628303509725432243232065513632645093227039432763405848544424225781244884042073445,-0.06384101335916852001675806429561158635273647612300617236576899128096465103163951284544430834352306751,-6.599582015116278078204608699590090512897728712172395863295510738200505166016006747718016150355638125,-3.818046929400850464259947178087309276249112005933894940917121546440707367300638606442429704388988012,-0.007304699199878011971628303509725432243232065513632645093227039432763405848544424234017337027190919714,-0.006384101335916852001675806429561158635273647612300617236576899128096465103163951274661120262573691228,-0.0002749825839631782532585253624829204380374053630071831609706462807583543819173336158719141529804910951,-0.0001590852887250354360108311324203045531770463335805789558715467311016961403041932741936245463352833957,-0.007579681783841190224886828872208352681269470876639828254197685713521760230461757849889251180171410809,-0.006543186624641887437686637561981463188450693945881196192448445859198161243468144545251454496281354381
2,7,449/40960,1221/102400,101179/103621,40511/41409,4193755771/4290841989,7,7/10,8/10,-4.640656685009049616936155584290828785772896260525165269959533537911878925334239957698369948236073407,-4.640656685009049616936155584290828785772896260525165269959533537911878925334239476974143736924214377,-3.466538389695596129038578169658292753767148331524527245382758001199384595479171218120514121706742148,-2.732220923733030000221421853430463652310646230935050892261281629574184794877995609056668373264809936,-0.4640656685009049616936155584290828785772896260525165269959533537911878925334239964023688714174387341,-0.4640656685009049616936155584290828785772896260525165269959533537911878925334239468540385382339795797,-0.0001444390995706498387099407570690955314069645138135219685576149167166410248116321347342016472963696178,-0.0001138425384888762500092259105596026521796102596222937871775534012322576997865831497205328338032465907,-0.4642101076004756115323254991861519741086965905663300489645109687079045335582356285383899624621021110,-0.4641795110393938379436247843396424812294692363121388207831309071924201502332105298995210298810552407,-0.2873880692447370576065799049195253082510706690264239329001176421847975371082361163387762821614219117,-0.2778334057549682977738189062260891500410257931924532588269859040734685334029703888084337906293594362,-9.093390364427516565922164473643681844255758524057133442985568239779862597062574415417626959173736210,-5.040267026921113741671157595243322366571045429853066903540750774997605651477423275768820796022671079,-0.02873880692447370576065799049195253082510706690264239329001176421847975371082361167999974421777573027,-0.02778334057549682977738189062260891500410257931924532588269859040734685334029703885448788420485963556,-0.0003788912651844798569134235197351534101773232718357138934577320099908276082109406024474779846723611494,-0.0002100111261217130725696315664684717652737935595772111209808646156249002354782259685107305106806327189,-0.02911769818965818561757141401168768423528439017447810718346949622847058131903455228810953555086292323,-0.02799335170161854284995152218907738676937637287882253700367945502297175357577526479391491433504590489
2,7,449/40960,1221/102400,101179/103621,40511/41409,4193755771/4290841989,8,8/10,9/10,-4.794648744418913625147905953348303387464119361439895446479075707416884964814040858253537871693515973,-4.794648744418913625147905953348303387464119361439895446479075707416884964814040369095553305797238363,-4.484430613067278043649610367403481345327069160662629967956163578850867577874282638276468343489853525,-3.406908090321501948414137091524014397500071357809256919885205195175661073169162263788524128703897242,-0.4794648744418913625147905953348303387464119361439895446479075707416884964814040865633076431954882230,-0.4794648744418913625147905953348303387464119361439895446479075707416884964814040364878674128505029073,-0.0001868512755444699184854004319751450560552945483609429153315068157854528157447617772928616567772752848,-0.0001419545037633959145172557121468339332291696399087190383285502164656525447153817601312032174155370205,-0.4796517257174358324332759957668054838024672306923504875632390775574739492971488484685173109505460169,-0.4796068289456547584293078510469771726796411057838982636862361209581541490261194181499376439885524935,-0.5720209204779729765930500784925390280365595850590334487573090647750725409499959959593972895803572931,-0.5619090370444514760830984658374933567625718151503747174502229989336839641207372766319993024503144043,-13.09100047820968207227583196588029749220641872183478085493532237464184690266539164453160592184741861,-6.965321556647857227008325810766338106025207048853992975772818089427003859955094223904276559426022578,-0.05720209204779729765930500784925390280365595850590334487573090647750725409499959966182846610322649946,-0.05619090370444514760830984658374933567625718151503747174502229989336839641207372755777795081272620818,-0.0005454583532587367530114929985783457288419341134097825356223050989434102876110579872176409446726415732,-0.0002902217315269940511253469087819307544177169603689163739905340870594584941647955907450414026462612344,-0.05774755040105603441231650084783224853249789261931312741135321157645066438261065766037073374472880465,-0.05648112543597214165943519349253126643067489847540638811901283398042785490623852314183116734906403182
2,7,449/40960,1221/102400,101179/103621,40511/41409,4193755771/4290841989,9,9/10,10/10,-4.987925766047636883000871121009626140620451256442085408219210312679931541037899309124328998071158678,-4.987925766047636883000871121009626140620451256442085408219210312679931541037898786231311013837206750,-6.043058471477102035264885980599288623391597985457243327020185990480631117127141373706494628059635390,-4.401860181232580243352500655996767799306145564641731881277087257090731783634085959755119679340654524,-0.4987925766047636883000871121009626140620451256442085408219210312679931541037899312286988381040315645,-0.4987925766047636883000871121009626140620451256442085408219210312679931541037898779905992247898892815,-0.0002517941029782125848027035825249703593079832493940518052925077496033596298802975584045503297819046960,-0.0001834108408846908434730208606665319916377560651934054950532119690454471576514202471398780820734763579,-0.4990443707077419008848898156834875844213531088936025926272135390175965137336702290846322171050655407,-0.4989759874456483791435601329616291460536828817094019463169742432370386012614412977198948093714790487,-0.9561031634640044092106202464929284448459671614086413883516525342031664205026362588530303962092792947,-0.9451976613943010638858458769141087363467559268201683990570010132305394674516689092181681707693499916,-19.86419376930462741543639141563563304564181953569396539624260421769359282808970773390606601636299487,-10.10892590707316895975506007076432819882756183432444337592931375861509852240712163237401215874148299,-0.09561031634640044092106202464929284448459671614086413883516525342031664205026362596436952419515685365,-0.09451976613943010638858458769141087363467559268201683990570010132305394674516689079003934278655345885,-0.0008276747403876928089765163089848180435684091473205818915101085090705663678370711588573840903216989346,-0.0004212052461280487066564608362818470082844817430968518073303880732756291051002967321359253523573768198,-0.09643799108678813373003854095827766252816512528818472072667536192938720841810069721588294489590307311,-0.09494097138555815509524104852769272064296007442511369171303048939632957585026718745268324068109244528
3,6,1221/102400,709/51200,50491/51909,101179/103621,5242014311/5378862489,0,0/10,1/10,-4.201536964141381272675198977013061486130681732308795572858398384236447547231345836386376884983791282,-4.201536964141381272675198977013061486130681732308795572858398384236447547231345380963425737425187990,-1.367071636942165896604237818950190955585552899374306206341634223017455326060768259981139889469157026,-1.345005059315921303024799353421459815733466991255372540233504407366889617094256281873902820475239762,-0.4201536964141381272675198977013061486130681732308795572858398384236447547231345842711695650922105216,-0.4201536964141381272675198977013061486130681732308795572858398384236447547231345373583887177163821733,-0.00005696131820592357902517657578959128981606470414059609193090142595906063858586534437727386040203526367,-0.00005604187747149672095936663972589415898889445796897385584306268364028706737892734473199182892123451249,-0.4202106577323440508465450742770957399028842379350201533777707398496038153617204500160268194132252067,-0.4202097382916096239884792643410320427720570676888485311416829011072850417905134645944428999376596473,0.4228150622179845739658294159995780566996185690098524823554235760622910694081646171601088004918282720,0.4408756582370646646883845084380268398012078088648592713989935739199457611432496106233537941984151249,-2.090738889570198611359781594125999443961693274212724430724465180815949657588150389837555462820125780,-1.917838306575535806504808143952843865682833839118085702260288046553268730284382528344950770166922998,0.04228150622179845739658294159995780566996185690098524823554235760622910694081646162376664804591574898,0.04408756582370646646883845084380268398012078088648592713989935739199457611432496110186862170695597458,-0.00008711412039875827547332423308858331016507055309219685128018604920066456906617293332204592194757875619,-0.00007990992944064732527103367266470182773678474329658690426084533527305286376184927148108598248806732901,0.04219439210139969912110961736686922235979678634789305138426217155702844237175028866046007916531690178,0.04400765589426581914356741717113798215238399614318934023563851205672152325056311183064491360394130870
3,6,1221/102400,709/51200,50491/51909,101179/103621,5242014311/5378862489,1,1/10,2/10,-4.215080748635795645369078060974736771882359096025299123142974457454000505874237631162795554954627090,-4.215080748635795645369078060974736771882359096025299123142974457454000505874237192607361116564860957,-1.430337223609063847451319656538295318100432544090532740504536295525895354431034990260433098263357896,-1.362786948139932852024320401989710702776087031233998644509701709836495426314632604798046225586333895,-0.4215080748635795645369078060974736771882359096025299123142974457454000505874237634325454937923784058,-0.4215080748635795645369078060974736771882359096025299123142974457454000505874237186282042350626547023,-0.00005959738431704432697713831902242897158751802267043886418768901231357897310129312480883786390845671821,-0.00005678278950583053550101335008290461261567029296808327685457090457652064276310969149802013599351970842,-0.4215676722478966088638849444164961061598234276252003511784851347577136295605250566074786736837317941,-0.4215648576530853950724088194475565818008515798954979955911520166499765712301868281835493569572188571,0.4028258957090403984615323293227098585074474358134983698729501895784801639695468436428635484264206345,0.4208616596061636162690236439773446067846451390967383064601555155359656625479749775888694920676158682,-2.313887360436374316366352625592551612846663720628156668107655147754310940551157892976740105207198954,-1.892384361088089050541245613837682355198749240873302025162262807216035499042941355656142630190741536,0.04028258957090403984615323293227098585074474358134983698729501895784801639695468429839761769745129330,0.04208616596061636162690236439773446067846451390967383064601555155359656625479749779842019149387604891,-0.00009641197335151559651526469273302298386861098835950652783781896448976295585629824588043630528852319835,-0.00007884934837867037710588523390990343146661455170305425104842761696733481246012255598601635290691755703,0.04018617759755252424963796823953796286687613259299033045945719999335825344109838600541702944853030550,0.04200731661223769124979647916382455724699789935797077639496712393662923144233737528155561282092615113
3,6,1221/102400,709/51200,50491/51909,101179/103621,5242014311/5378862489,2,2/10,3/10,-4.242572039223275243311980884912146393169311415471659776255993981079783890356500827387959339415815527,-4.242572039223275243311980884912146393169311415471659776255993981079783890356500363531249837272793655,-1.540372553056283588822711212437298488357124479232588746677511438046242507597176266027899561655189864,-1.421669492175159162405989226161078409238218326875914914663603389541178690398703912380516847596340376,-0.4242572039223275243311980884912146393169311415471659776255993981079783890356500831604838516708024816,-0.4242572039223275243311980884912146393169311415471659776255993981079783890356500357205931071334479721,-0.00006418218971067848286761296718488743701488018663469119777822964325192677114988234476683355296823193830,-0.00005923622884063163176691621775671160038492576361982978811098347456421577876661266264231377290745088383,-0.4243213861120382028140657014583995267539460217338006688233776277512303158067999658327640368536740535,-0.4243164401511681559629650047089713509173160673107858074137103815825426048144166482148459432608825270,0.3618597863624536326736185763492716107714553754755840753478223279280898758648565804737974399881989860,0.3798409762645801357185983427096850131908225665002350948571326814790057175030849535453607296452576106,-2.663292296961512792118301482701783242504471762472917169453315823761130931391561526219392492940702394,-1.961540410099880424391657506263070598852706721274483160262583315500426294482391307007718731919803849,0.03618597863624536326736185763492716107714553754755840753478223279280898758648565800784650171170543651,0.03798409762645801357185983427096850131908225665002350948571326814790057175030849538089156782260206912,-0.0001109705123733963663382625617792409684376863234363715487272214926567137888079817307454139608242757315,-0.00008173085042082835101631906276096127495219611338643679834427430481251776227009963720482354479133866177,0.03607500812387196690102359507314792010870785122412203598605501130015227379767767624402803023854907498,0.03790236677603718522084351520820754004413006053663707268736899384308805398803839579194509667907350156
3,6,1221/102400,709/51200,50491/51909,101179/103621,5242014311/5378862489,3,3/10,4/10,-4.284852343849657771701813477585324840033540850274030072858902479985862534732515287273041310029070150,-4.284852343849657771701813477585324840033540850274030072858902479985862534732514831850090162470466858,-1.706994497051109411269997194528957288226184944430163619501343232555138925690581213591216952004509035,-1.526745790090033523632151601860214097738682542269505596895468632276283365077248115499799742790416322,-0.4284852343849657771701813477585324840033540850274030072858902479985862534732515293598360075967384084,-0.4284852343849657771701813477585324840033540850274030072858902479985862534732514824470551602209100601,-0.00007112477071046289213624988310537322034275770601792348414588930135646412190377421760015981438224060596,-0.00006361440792041806348467298341084225407244510592789606653731119301151180687821867110304344807913670046,-0.4285563591556762400623175976416378572236968427334209307700361372999427175951553036513036188199868640,-0.4285488487928861952336660207419433262574265301333309033524275591915977652801297007217962692799509701,0.2978237564462834065665075837827412304148168428059799693967751996696181864492996266652079685217726447,0.3157101219723537536589227381595457762319400048901011906955374041264773678410611484606644463147411611,-3.173814065513696109875322050211095156383179765990611618613473206094985156947388359845029250298993966,-2.142233861886062619264328085512086607821505192208700380663248006039058728003613932361715545102818681,0.02978237564462834065665075837827412304148168428059799693967751996696181864492996262698755456506280238,0.03157101219723537536589227381595457762319400048901011906955374041264773678410611491195518177666488626,-0.0001322422527297373379114717520921289648492991569162754841088947169206243815394745155172210775310055572,-0.00008925974424525260913601367022967027532589604967536251586096866691829411366681724664261728284233254967,0.02965013339189860331873928662618199407663238512368172145556862525004119426339048808598992341966505367,0.03148175245299012275675626014572490734786810443933475655369277174572944267043929767496423497407510793
3,6,1221/102400,709/51200,50491/51909,101179/103621,5242014311/5378862489,4,4/10,5/10,-4.343274869605241066961184194665906746091344296087752212375142771828428847441965266073416840843857785,-4.343274869605241066961184194665906746091344296087752212375142771828428847441964793782948984116417334,-1.946337512703931945178639137549784481071162814881138612038040042746318555813137941229668814695691932,-1.687482447254639744508172019600361422929040024322965323581472559131436303473761752753259323612837374,-0.4343274869605241066961184194665906746091344296087752212375142771828428847441965270290296018136067075,-0.4343274869605241066961184194665906746091344296087752212375142771828428847441964785349190629531998755,-0.00008109739636266383104910996406457435337796511728671410883491833511442993982554741459367457131015327487,-0.00007031176863560998935450716748334839262204333434679022181589468996380984597807340586849458685915023620,-0.4344085843568867705271675294306552489625123947260619353463491955179573146840220746514559140596885283,-0.4343977987291597166854729266340740230017564729431220114593301718728066945901745517114638669292583374,0.2072028027052997140231848222302620327237487724384304747948150518995024462470696172313904410572327230,0.2250493544624259798552118360391983246265621987614953111910360524334047709261539656142705266445934124,-3.912793991223057678214498811972524228831986889510344599010328409850305199277043890365596014292224274,-2.466727431900792995196849582974295341853988074812372793866696294391577288150165053463010199598742086,0.02072028027052997140231848222302620327237487724384304747948150518995024462470696168360580181860881020,0.02250493544624259798552118360391983246265621987614953111910360524334047709261539657460480009349749527,-0.0001630330829676274032589374504988551762013327870629310249587636837437627166365434960475477216292189367,-0.0001027803096625330414665353992905956392439161697838488664111123455996490536729235432309435036205009270,0.02055724718756234399905954477252734809617354445678011645452274150620648190807041817288771496699570885,0.02240215513658006494405464820462923682341230370636568225269249289774082803894247306084362378958145990
3,6,1221/102400,709/51200,50491/51909,101179/103621,5242014311/5378862489,5,5/10,6/10,-4.419831529549254138741241455234002277869292878197131983572871485459504458979824008755906109166218661,-4.419831529549254138741241455234002277869292878197131983572871485459504458979823528031679897854359631,-2.284111882869231441114224064841976195177569757323108820475906231116347633617848715061865243709052419,-1.919516527099599345552129126881602264339864864330504503926237874879523393046166945770547733191993858,-0.4419831529549254138741241455234002277869292878197131983572871485459504458979824011918565492135375629,-0.4419831529549254138741241455234002277869292878197131983572871485459504458979823521706361131916045697,-0.00009517132845288464337975933603508234146573207322179620085316275962984781806741036357507205826563116474,-0.00007997985529581663939800538028673342768082770268043768766359324478664680804359028894108060844982752602,-0.4420783242833782985175039048594353101283950198929349945581403113055802937160498117644224594042051681,-0.4420631328102212305135221509036869612146101155223936360449507417907370927060259421509811163114460635,0.08464352490291523816342079869327587707480056817976325415422815764730468751295270670775512739525947354,0.1026032300004657441330409112023790025588557487957082826938987789698450406184622628666800633055776483,-4.992733410205428274163396976952051797548810993534202424715769219406354760683480397859910188920669823,-2.985040407441246544733365976202503712678518234751777186081921341957681294601555150497270514298912347,0.008464352490291523816342079869327587707480056817976325415422815764730468751295270651008891595968716308,0.01026032300004657441330409112023790025588557487957082826938987789698450406184622629984575375959591886,-0.0002080305587585595114234748740396688248978671247305917676964903841419314483618116842064130232629181151,-0.0001243766836433852726972235823417709880282715931146573827534133892482367206083981304663279387815840289,0.008256321931532964304918604995287918882582189693245733647726325380588537302933458955992607634822937465,0.01013594631640318914060686753789612926785730328645617088663646450773626734123782818276307555343121002
3,6,1221/102400,709/51200,50491/51909,101179/103621,5242014311/5378862489,6,6/10,7/10,-4.517357871313401616643345662662323981523335894986632049068672316196914184022481914431245106042168932,-4.517357871313401616643345662662323981523335894986632049068672316196914184022481433707018894730309901,-2.761553602080943347796413763316793059551694712573369811490028000092591011527143679316647166027154096,-2.247840879290598591023007424971830997119096145562697662045802535252737422328318686415807603585649177,-0.4517357871313401616643345662662323981523335894986632049068672316196914184022481920756563871980482866,-0.4517357871313401616643345662662323981523335894986632049068672316196914184022481425273260540145891322,-0.0001150647334200393061581839068048663774813206130238904088120845000038579588136309870431348289559496955,-0.00009366003663710827462595864270715962487996233939844573591857510563553072593034661138114429837386907659,-0.4518508518647602009704927501730372645298149101116870953156793161196952763610618232845592541330762827,-0.4518294471679772699389605249089395577772135518380616506427858067253269491281784889015334823782235689,-0.07784301601952270372232016545584746363261047308004584825876056534942392276060903530156723888723238598,-0.05950461677031548016063139618590946443363675056585284541541291617637688920373312931868787278267403594,-6.615858953077271544550683158458614456104467151721056789678204794130553425798226532078044741964277187,-3.781883421991144245651587680942098669087969558564753772064611540782966311132629712682229018201626031,-0.007784301601952270372232016545584746363261047308004584825876056534942392276060903540040034460501854121,-0.005950461677031548016063139618590946443363675056585284541541291617637688920373312920338258277859018818,-0.0002756607897115529810229451316024422690043527979883773662365918664221063927415927731760944544031956020,-0.0001575784759162976769021494867059207778786653982735314071693588141992902629638595703178348632809514867,-0.008059962391663823353254961677187188632265400105992962192112648401364498668802496324025999852787910451,-0.006108040152947845692965289105296867221242340454858815948710650431836979183337172488339692225879357291
3,6,1221/102400,709/51200,50491/51909,101179/103621,5242014311/5378862489,7,7/10,8/10,-4.639860923269403213843790637660733320372594445304597658716811018067848397916351426964446371353011348,-4.639860923269403213843790637660733320372594445304597658716811018067848397916350946240220160041152317,-3.446525392390100913155685665914888145730464857891899635346325722029220298512996168084967125016184693,-2.712597574713212241880758925288967005531404260270307190647463201309018973778782128544739239211933959,-0.4639860923269403213843790637660733320372594445304597658716811018067848397916351432235545342968272960,-0.4639860923269403213843790637660733320372594445304597658716811018067848397916350942023340982748943028,-0.0001436052246829208713814869027464536727387693690788291514727635717512175124380415077255710414250565518,-0.0001130248989463838434116982885537069585638085108445961329436443000545424572407825879697355839595334722,-0.4641296975516232422557605506688197857099982138995385950231538653785360573040731847467227781066564393,-0.4640991172258867052277907620546270389958232530413043620046247461068393822488758764473478094605464096,-0.2921905737087874969840888908077298395739616580622203103412752230612031701029872388885902895091387041,-0.2731528040166347776240565264344448077903851984325706904409529893853076212793404679705057771657732746,-9.108513608570631437263967302730314472690482651905504726944514163786744277924726320138682930257665211,-4.986024142454653278674073288870973470710454702340570707534094869510487395243410694641915256329359330,-0.02921905737087874969840888908077298395739616580622203103412752230612031701029872391521452380899017847,-0.02731528040166347776240565264344448077903851984325706904409529893853076212793404675092846171494378836,-0.0003795214003571096432193319709470964363621034438293960302893547568244476782468635983951610620360363950,-0.0002077510059356105532780863870362905612796022792641904461472539528962703081351421108519025282489729009,-0.02959857877123585934162822105172008039375826925005142706441687706294476468854558753780320554152595078,-0.02752303140759908831568373903048077134031812212252125949024255289142703243606918884633769147478867450
3,6,1221/102400,709/51200,50491/51909,101179/103621,5242014311/5378862489,8,8/10,9/10,-4.793052962971757842024017081861393126074123349379860422249071391868390946237074413471080489104306965,-4.793052962971757842024017081861393126074123349379860422249071391868390946237073899011820859454773617,-4.455298301563912579421546843075475219609877282806360064329688452963195087553976313450288750668507458,-3.379905067858013629274208484873789674847223641138003658878702350536253923912505165065471378185397921,-0.4793052962971757842024017081861393126074123349379860422249071391868390946237074419796399255042620900,-0.4793052962971757842024017081861393126074123349379860422249071391868390946237073892686502093516459682,-0.0001856374292318296908092311184614781341504115534502650026804036855401331286480823472146258815450228222,-0.0001408293778274172345530920202030745697853009850474168191199459312723439134963543808612569354241048030,-0.4794909337264076138932109393046007907415627464914363072275875428723792277523555246099702188065487033,-0.4794461256750032014369548002063423871771976359230334590440270851181114385372037433033382183953451283,-0.5766962788754793597833970361179021036133527123096555230379686621907164922976064738867038034028040952,-0.5565465733481382694305266579096559648154826162640423930421636288372158743695063755876319050360437888,-13.10087899169329019758168093441387692677750065572855292210155189317802524026885213176681657728426555,-6.880565326838166485715188630450323195409195571669905946301882413976909487035627517276321800755274924,-0.05766962788754793597833970361179021036133527123096555230379686621907164922976064745455911748547117967,-0.05565465733481382694305266579096559648154826162640423930421636288372158743695063745334121107129914663,-0.0005458699579872204248992367056005782052823958606553563717542313288824177183445355076234318891290622483,-0.0002866902219515902702381328596020967998087164821529127477625784339157045619598178112514207194855621969,-0.05821549784553515640323894031739078856661766709162090867555109754795406694810518296321206089249384770,-0.05594134755676541721329079865056769328135697810855715205197894131763729199891045522650070562872129484
3,6,1221/102400,709/51200,50491/51909,101179/103621,5242014311/5378862489,9,9/10,10/10,-4.985250931658422096686967849076077160269993207420218935439228575353381472021747754002638974523506243,-4.985250931658422096686967849076077160269993207420218935439228575353381472021747205808345926536298577,-5.998154212728328229954597350901707210368799875240852692929828215205284332770607174669628119661668612,-4.363118359400834431535237016840915179383502218981959145398266695872313069462271440716785697417332248,-0.4985250931658422096686967849076077160269993207420218935439228575353381472021747758219518151815715533,-0.4985250931658422096686967849076077160269993207420218935439228575353381472021747199483027160597984642,-0.0002499230921970136762481082229542378004320333281350355288720761756335535138654419669756804367008950574,-0.0001817965983083681013139682090350381324743125924575816310582611123280130445609279755956417542581597257,-0.4987750162580392233449448931305619538274313540701569290727949337109717007160402180946924164326733661,-0.4987068897641505777700107531166427541594736333344794751749811186476661602467356478487440170078234018,-0.9603214459930472371309548499063348414043128221188357536723360290483219479948528425168929048887345769,-0.9385905180624003856064777186008846509119459169131599225313310441229553908631812900357633827956691475,-19.85762053999972845725203464812844270074023484553556234556656009959122736614431095959436367381097680,-9.969928207429545265206917845477160712807318345679941121261114200322806802290243588596081644922238702,-0.09603214459930472371309548499063348414043128221188357536723360290483219479948528433075577506310238188,-0.09385905180624003856064777186008846509119459169131599225313310441229553908631812887179886398918537444,-0.0008274008558333220190521681103386851125308431185639817643986066708163011402560129599798917429553075415,-0.0004154136753095643860502882435615483630336382644033308800525464250134502834287601469153682078507671530,-0.09685954545513804573214765310097216925296212533044755713163220957564849593974129731235540868182341087,-0.09427446548154960294669806010365001345422822995571932313318565083730898936974688891730734768451597191
4,6,709/51200,323/20480,20157/20803,50491/51909,1048346993/1079862927,0,0/10,1/10,-4.203153210045131637578052115854813416220203581807134953164694413842107868821719776153751621321267122,-4.203153210045131637578052115854813416220203581807134953164694413842107868821719346032075537515919568,-1.359631427122317357302636270039038799468899372241815716266581720835161478600891260174583985077056402,-1.337431826267277178780597570087394420374422357392561114178366687043508706325570319684754140231256741,-0.4203153210045131637578052115854813416220203581807134953164694413842107868821719782479070387259581056,-0.4203153210045131637578052115854813416220203581807134953164694413842107868821719339706756771577605634,-0.00005665130946342988988760984458495994997787080717674232151110757170146506160837046942153851943162287439,-0.00005572632609446988244919156542030810084893426489135671309076527862681286276356542961418158636548373720,-0.4203719723139765936476928214300663015719982289878902376379805489559122519437803491751394803587025504,-0.4203710473306076336402544031509016497228692924456048520295602066628375997449354990443362514324118474,0.4227130664373816410070386734063865960992988975598410549980085088083139946411493042024921449633288844,0.4406670157288375417828760647953130464380636450368272307284019038851550180097991842042758935286958328,-2.093072251036178324617598901152473986380295435423656896946182098618306383922564267562003499114055238,-1.920559200350029287557291844883964757048795611952393966956788986838899946091040067438961332677313414,0.04227130664373816410070386734063865960992988975598410549980085088083139946411493038071597220921842635,0.04406670157288375417828760647953130464380636450368272307284019038851550180097991844678308421094589134,-0.00008721134379317409685906662088135308276584564314265237070609092077576276599677351155267166848930817264,-0.00008002330001458455364822049353683186487703315049801641528986620778495416442046000224681392190708569525,0.04218409529994499000384480071975730652716404411284145312909475996005563669811815682669595042761787960,0.04398667827286916962463938598599447277892933135318470665755032418073054763655945847349128172979646831
4,6,709/51200,323/20480,20157/20803,50491/51909,1048346993/1079862927,1,1/10,2/10,-4.216622075064021610754288736573525331200716932680920788963489287055660572935123759758434766378483512,-4.216622075064021610754288736573525331200716932680920788963489287055660572935123312769241973404298800,-1.422628481021732696822799719082506465098043048024529681769792699719650609216628723967017294163251194,-1.354743472518029705528335513527942123258691200346852964224395353180184442079356910150183233520088397,-0.4216622075064021610754288736573525331200716932680920788963489287055660572935123763975313943670692802,-0.4216622075064021610754288736573525331200716932680920788963489287055660572935123305389703413142932543,-0.00005927618670923886236761665496177110271241846033435540340707469582165210871735953038200456177340615053,-0.00005644764468825123773034731306366425513577880001445220684268313971584101841997320425191119019423431952,-0.4217214836931113999377964903123143042227841117284264342997560034013877094022297360220493583462392652,-0.4217186551510904123131592209704161973752074720681065311031916118452818983119323032789125579344712802,0.4026983182227494309102929448308640409470589214844285082853860923586185491199693212004201392119833147,0.4206277819945062025258042014254583782486208452888645704705971929832473865427694104154806862309511188,-2.315519322651150113047178724773395269938900540654461565287451620067199372711811847297057709537744827,-1.894970006214202139879940580884314401607453402474903804612243476126057754598274243131448898037070335,0.04026983182227494309102929448308640409470589214844285082853860923586185491199693204097552934696940729,0.04206277819945062025258042014254583782486208452888645704705971929832473865427694112061455319732403606,-0.00009647997177713125471029911353222480291412085586060256522031048416946664052965882734682561243453668075,-0.00007895708359225842249499752420351310006697722510312099185884347817191907310826142622198993608831683286,0.04017335185049781183631899536955417929179177129258224826331829875169238827146727321259919221664126483,0.04198382111585836183008542261834232472479510730378333605520087582015281958116867973299924518224593611
4,6,709/51200,323/20480,20157/20803,50491/51909,1048346993/1079862927,2,2/10,3/10,-4.243959827683568232233264209279586643418938549710969315476745662459883811679093376004751571745720780,-4.243959827683568232233264209279586643418938549710969315476745662459883811679092929015558778771536068,-1.531976240490385629961161787189661385590618194957936357037923655795619192763326508228149005610248226,-1.412741582909625150415953741172675988548836381280600072103617304870164778008644565256006353069856422,-0.4243959827683568232233264209279586643418938549710969315476745662459883811679093380221630749037930070,-0.4243959827683568232233264209279586643418938549710969315476745662459883811679092921636020218510169811,-0.00006383234335376606791504840779956922439960909145658068154324681899148413303180527142462832155208387188,-0.00005886423262123438126733140588219483285620151588669166967098405436959019908369352321328113815161651286,-0.4244598151117105892912414693357582335662934640625535122292178130649798653009411435967788452450119942,-0.4244548470009780576045937523338408591747500564869836232173455503003579713669929853249420044495661647,0.3616851817104302492072450193743986918829612851139748299853671438962476270077872979801582473037142683,0.3795607615175209285093474410808005363418405857484499732888036295323201199404508575755379855036769392,-2.663633935119848720930952202338041548552327773826056161786868128968902217358539399632851503715764023,-1.963556613057930415251705445511418926066427152609632461801342933043047675501680418347342057675463149,0.03616851817104302492072450193743986918829612851139748299853671438962476270077872974530483501421881071,0.03795607615175209285093474410808005363418405857484499732888036295323201199404508579708704083748215601,-0.0001109847472966603633721230084307517311896803239094190067411195053737042590566058087181722892761382822,-0.00008181485887741376730215439356297578858610113135873468590838928887679365314590335026996388664158231983,0.03605753342374636455735237892900911745710644818748806399179559488425105844172212391625381024654395820,0.03787426129287467908363258971451707784559795744348626264297197366435521834089918249121476116000232311
4,6,709/51200,323/20480,20157/20803,50491/51909,1048346993/1079862927,3,3/10,4/10,-4.286000138795713409008402969399637207617967685392103974274588985174436081346890583809977883168514605,-4.286000138795713409008402969399637207617967685392103974274588985174436081346890103085751671856655575,-1.697380242029875066617205689272202309980912435993265902182433773534575709332787066336533925748850455,-1.516435941918536237171482986028332474991987970427667823146543385197318212352731139490908330091208530,-0.4286000138795713409008402969399637207617967685392103974274588985174436081346890586972637266137671573,-0.4286000138795713409008402969399637207617967685392103974274588985174436081346890096760432905918341640,-0.00007072417675124479444238357038634176291587135149971941259093474056394065455553279470282312480274523111,-0.00006318483091327234321547845775118051979133283210115282596443930771655492551469713041953412159703868327,-0.4286707380563225856952826805103500625247126398907101168400498332580075487892445916259317360044753551,-0.4286631987104846132440557753977149012815881013713115502534233378251601630602037064533403740759244189,0.2975899213083391767896872653833489100867959593760600262392363697467225186997348438575413611730482884,0.3153717115162318547229374933785833257667117171488945920598973675677076106930869643852367710307250754,-3.171969496812197248242310494273715254578651074305698236232025681725216152676651648658388821620475844,-2.143159271547395951647899818437946816438933012393916099859391419928700962828651976117378232239208053,0.02975899213083391767896872653833489100867959593760600262392363697467225186997348433304314640115221272,0.03153717115162318547229374933785833257667117171488945920598973675677076106930869646487917196114881560,-0.0001321653957005082186767629372614048022741104614294040931763344034052173396948604860114174802096120154,-0.00008929830298114149798532915910158111735162220884974650416080797583036254011786049845616112063934178619,0.02962682673513340946029196360107348620640548547617659853074730257126703453027862384188417133147457179,0.03144787284864204397430842017875675145931954950603971270182892878094039852919083598379601770496407141
4,6,709/51200,323/20480,20157/20803,50491/51909,1048346993/1079862927,4,4/10,5/10,-4.344083265761428705564251610238279015613242347449288595557537207343639157543641083460481361812930186,-4.344083265761428705564251610238279015613242347449288595557537207343639157543640602736255150501071156,-1.934783480756528791852583457925659092673419697596863144905964996937067883729156196763286194856344156,-1.675136027674406275917077328079975394205098193891342723282033253927089974607242276953819743855103597,-0.4344083265761428705564251610238279015613242347449288595557537207343639157543641090840019922074296443,-0.4344083265761428705564251610238279015613242347449288595557537207343639157543640595356716590239704899,-0.00008061597836485536632719097741356912886139248739986929770441520820571116182204817526115568866875469795,-0.00006979733448643359482987822200333230809187909141213928013675138558029541560863509434425007296928047903,-0.4344889425545077259227523520012414706901856272323287288534581359425696269161861576527939256109292098,-0.4344781239106293041512550392458312338694161138363409988358904721199442111699726945109786398404916016,0.2069133153650617680049170388991716827779404451404577198027338880872957680299337360191033402324775103,0.2246583364018429516049918940578438198183120926989392175384689465489266482488588419044241363342243615,-3.907338530807408768856302107697617144703763445081977583784700591767150461046467455769881730575801681,-2.465626989368411171963938225481206353545220636266242894388553816330997889284196229960529438296572707,0.02069133153650617680049170388991716827779404451404577198027338880872957680299337356237709173613328894,0.02246583364018429516049918940578438198183120926989392175384689465489266482488588420362016106246059018,-0.0001628057721169753653690125878207340476959901435450823993243625246569646025436028114051901084433452728,-0.0001027344578903504654984974260617169313977175265110934539328564090137915787201748423000605132405766747,0.02052852576438920143512269130209643423009805437050068958094902628407261220044977073810300765401987137,0.02236309918229394469500069197972266505043349174338282829991403824587887324616570936132010054922001350
4,6,709/51200,323/20480,20157/20803,50491/51909,1048346993/1079862927,5,5/10,6/10,-4.420181321125393571918209368079896481700797088444581518960532819802847844535838011679066390107561409,-4.420181321125393571918209368079896481700797088444581518960532819802847844535837539388598533380120958,-2.269560136390016410200388989041945916820653051227140062623421236261780919685138716625875871303987101,-1.904219082032125414603091010887623543015499527810518637349570321523787078807781261487047015229202569,-0.4420181321125393571918209368079896481700797088444581518960532819802847844535838019058604950368927666,-0.4420181321125393571918209368079896481700797088444581518960532819802847844535837534117499561764859346,-0.00009456500568291735042501620787674774653419387713446416927597588484424087165354744685826721107800292871,-0.00007934246175133855894179545878698431429231248032543827655623209673015779495032421865175733844149966630,-0.4421126971182222745422459530158663959166139027215926160653292578651290253252373497326085123507113037,-0.4420974745742906957507627322667766324843720213247835901726095140770149422485340774727577623374690486,0.08433249382092269487237617207706798938330037324838540796753831490298200554463036597178775280498810845,0.1021913470875851259772476032410387046627488328903257754493455458639847499029627708134395528353995900,-4.981446872099820186321002745989360447577050440655691653697280239249454656231351695807439487750710486,-2.980379102168601446891709393338931119617194330426304549129458433486663594840181737283190804346538179,0.008433249382092269487237617207706798938330037324838540796753831490298200554463036584001027851460656815,0.01021913470875851259772476032410387046627488328903257754493455458639847499029627709781613956983765153,-0.0002075602863374925077633751144162233519823771016939871522373866766353939440096396549329501726777019565,-0.0001241824625903583936204878913891221299840497637677626895470607680619443164516742381118064151477543340,0.008225689095754776979474242093290575586347660223144553644516444813662806610453396928295944040362750521,0.01009495224616815420410427243271474833629083352526481485538749381833653067384460287514700592309398395
4,6,709/51200,323/20480,20157/20803,50491/51909,1048346993/1079862927,6,6/10,7/10,-4.517100252416438428405390450146819566213358476081667290523652381336644501472491192059605845877269613,-4.517100252416438428405390450146819566213358476081667290523652381336644501472490702901621279980992003,-2.742361531774268461838131695864659347824433026498151156318494978341342489486007340050358022991888686,-2.228247886525830260798938751637105663350837263440978734371019054613972361618015410844421809281489091,-0.4517100252416438428405390450146819566213358476081667290523652381336644501472491198384924611815583547,-0.4517100252416438428405390450146819566213358476081667290523652381336644501472490697630522308365730391,-0.0001142650638239278525765888206610274728260180427707562981799372907642226037285836395905214694550758646,-0.00009284366193857626086662244798487940263961821931004078059879246060891551506741730813968052033410455244,-0.4518242903054677706931156338353429840941618656509374853505451754244286727509777035157888419938667424,-0.4518028689035824191014056674626668360239754658274767698329640305942733656623164866654356843670897642,-0.07809583845730950295619574377923245573774893772727901557270631762242256074344213229479181158204035569,-0.05985493053161109015509033282929538623858516632117736320387434941087077163664789054328824205722186746,-6.593765621429807850038944866613795544088889366839824681058314310198001155654321770607100244097993297,-3.770619810110289152341056275490664724725583146797376563948024718323192184370074447751096966694415055,-0.007809583845730950295619574377923245573774893772727901557270631762242256074344213236068054872723112584,-0.005985493053161109015509033282929538623858516632117736320387434941087077163664789047739950491203109731,-0.0002747402342262419937516227027755748143370370569516593617107630962582500481522634082163835700909362106,-0.0001571091587545953813475440114787776968635659644498906901645010299301330076820864342261894365496125991,-0.008084324079957192289371197080698820388111930829679560918981394858500506122496476652005774827016092172,-0.006142602211915704396856577294408316320722082596567627010551935971017210171346875478362849615125102088
4,6,709/51200,323/20480,20157/20803,50491/51909,1048346993/1079862927,7,7/10,8/10,-4.638802668350038217205997440997326214998689066561274957898430052364560785215638389541089733730121519,-4.638802668350038217205997440997326214998689066561274957898430052364560785215637883515588458665006750,-3.419996148440027863952365657525748976858146407376153993768442205769732159215078326536065429517601819,-2.686636996144655776440555691784272612021252679070215051409827842641829224261696635291470143927824415,-0.4638802668350038217205997440997326214998689066561274957898430052364560785215638394812188705345383131,-0.4638802668350038217205997440997326214998689066561274957898430052364560785215637878244489487049745138,-0.0001424998395183344943313485690635728740357561003073397497403517585737388399672949309545590254207295084,-0.0001119432081726939906850231538243446921675521949612589604754094934434095510109040257841369107345888282,-0.4640227666745221562149310926687961943739046627564348355395833569950298173615311347627221014027318119,-0.4639922100431765157112847672535569661920364588510887547503184147298994880725746918069936018641776597,-0.2922206630754979433221715529249636137275782911154935873475135697049373164470289804644365091613491565,-0.2732771862648958966273585903707634058499457493906133443289667887584626812153606770232809427273167614,-9.066844278563104121696352743811743831331169762203431314961902085479173726770901036217839969940696942,-4.964028824836781566393858375824065507252309766964309538426563990652583788307969410652708307283927632,-0.02922206630754979433221715529249636137275782911154935873475135697049373164470289806621027205969214670,-0.02732771862648958966273585903707634058499457493906133443289667887584626812153606764961710455657906002,-0.0003777851782734626717373480309921559929721320734251429714567459202282989052821208781384502277338091261,-0.0002068345343681992319330774323260027294688462402901795641011068329438576578461653909190415160946305577,-0.02959985148582325700395450332348851736572996118497450170620810289072203054998501895001103563584078763,-0.02753455316085778889466893646940234331446342117935151399699778570879012577938223303847712303688647901
4,6,709/51200,323/20480,20157/20803,50491/51909,1048346993/1079862927,8,8/10,9/10,-4.790932811467453056569434136074861220193342947796236839697664693150713674750263772835756459940962809,-4.790932811467453056569434136074861220193342947796236839697664693150713674750263241508980121122592302,-4.416737056764291618729965775613318204842515755584069516176195756773985452356400864795365263570158946,-3.344225891774799801316252364150681313651819677145421743770018050710168464215811792685800848673190258,-0.4790932811467453056569434136074861220193342947796236839697664693150713674750263777052635637233172099,-0.4790932811467453056569434136074861220193342947796236839697664693150713674750263234129441560861226045,-0.0001840307106985121507804152406505549252017714898160028965073414898655827271815167033998747181497418890,-0.0001393427454906166583881771818396117214021591532143925726570840854462570193423254904257392284234640682,-0.4792773118574438178077238288481366769445360662694396868662738108049369502022078944817587562119129624,-0.4792326238922359223153315907893257337407364539328380765424235534005176244943686485934869284285707277,-0.5761866222758354501656799981256078175757895824081615100156258136549459849220984196909438407682807207,-0.5561351393644009517456560600451690958225396575510516700261357890008138225394881245281085217117375412,-13.02174925118823968814167993892440548278278692877947045265063229142857419161842818819515897196540355,-6.839018500665995931680476975690638790076643974369322651737581096624961097049504794478586494274179743,-0.05761866222758354501656799981256078175757895824081615100156258136549459849220984204816086865105699626,-0.05561351393644009517456560600451690958225396575510516700261357890008138225394881234738887273886852188,-0.0005425728854661766536725699974551835617826161220324779355271096788095239246507678438981994258331103143,-0.0002849591041944164971533532073204432829198601655987217771557325456927067123770626976409112849241140621,-0.05816123511304972167024056981001596531936157436284862893708969104430412241686060992500343664948549165,-0.05589847304063451167171895921183735286517382592070388877976931144577408896632587500024603299542078435
4,6,709/51200,323/20480,20157/20803,50491/51909,1048346993/1079862927,9,9/10,10/10,-4.981699841024361204260038950483104819924254526222608776148495522678575554902872752697715134262330373,-4.981699841024361204260038950483104819924254526222608776148495522678575554902872212937180440859541286,-5.938822455844720607423823228471544554951019359908500202060296455076431716051329203586982924934848769,-4.312001765326028175294153567405490096271743036496280628248646360672166761055702432373980594896266306,-0.4981699841024361204260038950483104819924254526222608776148495522678575554902872760077253694523696630,-0.4981699841024361204260038950483104819924254526222608776148495522678575554902872206611861674921227352,-0.0002474509356601966919759926345196476897896258066628541750858456856281846548354720512860383376268261505,-0.0001796667402219178406372563986418954206779892931873450261770269316946736150439876002926370407618382287,-0.4984174350380963171179798876828301296822150784289237317899353979534857401451227482381464119034838955,-0.4983496508426580382666411514469523774131034419154482226410265791995522291053312081845228185703375411,-0.9586782807699371235547331315248738264765956731637994819953993972111475360990659546633990751770711805,-0.9370535519332584468530610906800550180689819130118878759055070086616342454656663192324566160282742115,-19.70166898765960146277752064367180103320949302707968662802785030486118584956460126419381329931984739,-9.891187634288201100345299065184004451358940372804859472339946738400499958022954377367327083712970659,-0.09586782807699371235547331315248738264765956731637994819953993972111475360990659562447287666616496641,-0.09370535519332584468530610906800550180689819130118878759055070086616342454656663179146818731244588085,-0.0008209028744858167276157300268196583763837288761283202761678270960358827437318583896786272859349961284,-0.0004121328180953417125143874610493335188066225155335358113474977807666874982509564299592854309019393204,-0.09668873095147952908308904317930704102404329619250826847570776681715063635363845406459756832888664594,-0.09411748801142118639782049652905483532570481381672232340189819864693011204481758811281400760557241000
5,6,323/20480,453/25600,25147/26053,20157/20803,524141681/541980559,0,0/10,1/10,-4.204762760022689261176509517170038342939111789175131141047577909650381361554045713578474072264761914,-4.204762760022689261176509517170038342939111789175131141047577909650381361554045275023039633874995781,-1.352208692073831344007447652443024019590933994411739299265961942384256876525060995201722009592119180,-1.329879236371412774222900366086215712549810188453204290733602784814773106566701218663923560627342304,-0.4204762760022689261176509517170038342939111789175131141047577909650381361554045717795353249556971204,-0.4204762760022689261176509517170038342939111789175131141047577909650381361554045269751940662259734169,-0.00005634202883640963933364365218512600081628891643382247080274841426601070318854420834411177439522961620,-0.00005541163484880886559262084858692565468957542451888351211390011603394887944027921709721318157634517928,-0.4205326180311053357569845953691889602947274678339469365755605393793041468585931163736888780607211174,-0.4205316876371177349832435725655907599486007543420319976168716910810720850348448060451354768186324854,0.4226105660230076748385716806554421769855381609969495075166588516689894437504958667091865243783896502,0.4404587362705382910986700198217020040022966351847329309917961312000373997620052819990453341439198118,-2.095391986012047906248862810196841622864748834775420749135539178915659928220302640271524555799158031,-1.923264677119091020945222772099642624938022921534915873275840331576593762855550964859561774090570242,0.04226105660230076748385716806554421769855381609969495075166588516689894437504958657867442043457188681,0.04404587362705382910986700198217020040022966351847329309917961312000373997620052826579327055958275133,-0.00008730799941716866276036928375820173428603120144897586454731413245481916367584594377017828388765530853,-0.00008013602821329545920605094883748510937241762173062149471982668048235807345231462303787466976589976275,0.04217374860288359882109679878178601596426778489824597488711857103444412521137374063181570759700341415,0.04396573759884053365066095103333271529085724589674267160445978643952138190274821369461703860370724292
5,6,323/20480,453/25600,25147/26053,20157/20803,524141681/541980559,1,1/10,2/10,-4.218156894611291057949255061653756025441823956806114153415263658429742326567511271185427493301739065,-4.218156894611291057949255061653756025441823956806114153415263658429742326567510841063751409496391511,-1.414937300641481016040503777720372315259476518090375726857741425228259402382888681456703421914505552,-1.346726600968023676217648326919943090783431488370131418284223359739870979623281201777075958858774514,-0.4218156894611291057949255061653756025441823956806114153415263658429742326567511276456526464917000677,-0.4218156894611291057949255061653756025441823956806114153415263658429742326567510833684212849235025254,-0.00005895572086006170900168765740501551313581152158709898861907255938451080843262036199229027318439228630,-0.00005611360837366765317573534695499762878264297868208880909517597332249462415097004971457372662126491861,-0.4218746451819891675039271938227806180573182072021985143301454384023587434651837482346522264604245353,-0.4218718030695027734481012415123306001729650386592935041506215418162967272809020529080772460037104749,0.4025703842164251361019945237735264468781328380546023342708591119717852303344920666189042719708537446,0.4203944105928531596985744865900288598309782675992283653016622610952447098845955668283643875913256133,-2.317139618911960666078901489222602684475459384976193507515065765586385184618105262086801863286717206,-1.897538554650478872816552672393804516130588547642417819315937507236516883974580556056718764660698357,0.04025703842164251361019945237735264468781328380546023342708591119717852303344920658282394262285645028,0.04203944105928531596985744865900288598309782675992283653016622610952447098845955674872517590432333148,-0.00009654748412133169441995422871760844518647747437400806281312774023276604935908771965924428235369389565,-0.00007906410644376995303402302801640852150544118948510074247149739613485487016560752262201616202005989186,0.04016049093752118191577949814863503624262680633108622536427278345694575698409011885724500711261452313,0.04196037695284154601682342563098647746159238557043773578769472871338961611829394928916074021328662584
5,6,323/20480,453/25600,25147/26053,20157/20803,524141681/541980559,2,2/10,3/10,-4.245341516769140140929812798728556592728138814458331765466643639859266133644824181016684245583352863,-4.245341516769140140929812798728556592728138814458331765466643639859266133644823750895008161778005310,-1.523600808335523922959388871960693621421920864429299555818583291447483769806674883329178695530827396,-1.403849998520415122249282794177043810041258076882177677079403266824493807222464182799917495286239811,-0.4245341516769140140929812798728556592728138814458331765466643639859266133644824187342003011521666798,-0.4245341516769140140929812798728556592728138814458331765466643639859266133644823744569689395839691375,-0.00006348336701398016345664120299836223422591336935122081482577430381031182374194478710325444482433441490,-0.00005849374993835063009372011642404349208505241987009073654497513611768724196760267391407843121908671774,-0.4245976350439279942564379210758540215070397948151843973614901382897369251882243639253868263702312843,-0.4245926454268523647230749999892797027648989338657032672832093391220443006064499768482821063533934366,0.3615105159109720339716875655973759545647710068034335982684563519952808991311768907944870159176614009,0.3792813385971751711843060608251775402530365613498163953147359276479874971875308523166864100606347257,-2.663966874894600466085486882060421220241971122133065331442124082135822002929480473999927971828151746,-1.965554228944929023415328874974054977487264369897769357849600638835513880710920908887689408500851255,0.03615105159109720339716875655973759545647710068034335982684563519952808991311768900038221701753721591,0.03792813385971751711843060608251775402530365613498163953147359276479874971875308529755737815125424272,-0.0001109986197872750194202286200858508841767487967555443888100885034223259167887283534989098148825585241,-0.00008189809287270537597563870312391895739530268207907372324373335995147974502962170398551205560252730419,0.03604005297130992837774852793965174457230035188358781543803554669610576399632896064237919431187013208,0.03784623576684481174245496737939383506790835345290256580822985940484726997372346363668266090744645760
5,6,323/20480,453/25600,25147/26053,20157/20803,524141681/541980559,3,3/10,4/10,-4.287142524445753434130597650401633610541953655934056693265954704232075784674396649190033209678612000,-4.287142524445753434130597650401633610541953655934056693265954704232075784674396227502115480457683026,-1.687795328463603508144672083426372706735299568161681865633059313174362577865712916942781538353462951,-1.506177224122561152369547696599053812235684398726307879637125437395792093758806724932330562729154989,-0.4287142524445753434130597650401633610541953655934056693265954704232075784674396654461132181293873612,-0.4287142524445753434130597650401633610541953655934056693265954704232075784674396222231016508842421414,-0.00007032480535265014617269467014276552944730414867340341106804413804893177407773803851411634512088028751,-0.00006275738433844004801539782069162724217648684994692949498488022655815800390661694650258580518991031487,-0.4287845772499279935592324597103061265836426697420790727376635145612565102415174036475475321811713568,-0.4287770098289137834610751628608549882963718524433525988215803506497657364713462391267508197571107110,0.2973564596917741931546731360605366775919762646704599723510166247339984105519187225351929687606405525,0.3150345132574860048798375382293250901050675939284318389465920919613050714455368552415913332781000953,-3.170122543276084423313723559448834636495023419604900288337595147363983729028276052780745232224236610,-2.144053835525541319810315152518449408367252283067100352559725968209171237390676318659002458566422210,0.02973564596917741931546731360605366775919762646704599723510166247339984105519187222716380201798774719,0.03150345132574860048798375382293250901050675939284318389465920919613050714455368557687012304396262565,-0.0001320884393031701843047384816437014431872926424835375120140664644734993220428448360665043586234933919,-0.00008933557648023088832542979802160205868196884512779584802332191534204880155794484601161606569285569266,0.02960355752987424913116257512440996631601033382456245972308759600892634173314902737616938064990696994,0.03141411574926836959965832402491090695182479054771538804663588728078845834299574078876852985978509528
5,6,323/20480,453/25600,25147/26053,20157/20803,524141681/541980559,4,4/10,5/10,-4.344887336187207441045892950434273503904137685960693919575919373683773494823580953524270906507284222,-4.344887336187207441045892950434273503904137685960693919575919373683773494823580506535078113533099510,-1.923271757710282369296342744038806915944883732274183183139944038722952615394721787006179409006086098,-1.662863031865735762488116532634546506039276146123061758343399869246446301984130069164648285296983875,-0.4344887336187207441045892950434273503904137685960693919575919373683773494823580957741150083799493512,-0.4344887336187207441045892950434273503904137685960693919575919373683773494823580499155539553271733252,-0.00008013632323792843205401428100161695483103682217809096596416433494678969230811340813715367104224272686,-0.00006928595966107232343700485552643943775163650608846090659764166121860192924933875242647308380576936984,-0.4345688699419586725366433093244289673452448054182474829235561017033241391746662093467166270344951178,-0.4345580195783818164280262998989537898281654051021578528641895790295959514116073884385280488604417056,0.2066247548930291948369541970117149357760276212671258046203995553495683664301176276929762603055297259,0.2242690443934209340938277663857879822994757562878781516126557768591971908632390261264633793861248553,-3.901895018294889867120430109052522909051212919725072105686072579136751821662245378880820891706724084,-2.464510081684608888583097217109552153522571068150953454535143621439275512255288833381466468024358228,0.02066247548930291948369541970117149357760276212671258046203995553495683664301176274953100488699574154,0.02242690443934209340938277663857879822994757562878781516126557768591971908632390263900183279668879359,-0.0001625789590956204111300179212105217878771338716552113377369196907973646592359268915224584352757437702,-0.0001026879200701920370242957173795646730634404611729563939389643175599698130106370340694584441206816478,0.02049989653020729907256540177996097178972562825505736912430303584415947198377583584565440823699672837,0.02232421651927190137235848092119923355688413516761485876732661336835974927331326563221442957674866521
5,6,323/20480,453/25600,25147/26053,20157/20803,524141681/541980559,5,5/10,6/10,-4.420528444466209493585114353096028127996214675595248520524516768252768434846539992095731509355523789,-4.420528444466209493585114353096028127996214675595248520524516768252768434846539536672780361796920498,-2.255075504466067479125608983178589809430419632008472612110450210525394433021018421818373882353210388,-1.889028948117057315155054538889857343800066707887550457093807339321371591308233676971043446665198233,-0.4420528444466209493585114353096028127996214675595248520524516768252768434846539999475270069616890046,-0.4420528444466209493585114353096028127996214675595248520524516768252768434846539530347461595858606563,-0.00009396147935275281163023370763244124205960081800035302550460209210522476804254243464359856657059215317,-0.00007870953950487738813146060578707738932500277949531460237890863913839048297117640270850006511124685849,-0.4421468059259737021701416690172352540416810683775252050779562789173820682526965427045363995686949078,-0.4421315539861258267466428959153898901889464703390201666548305854644152339676251290744231606537391637,0.08402294886230235505534130955356445761392207559282880423419019057883343416703758662104873562423691256,0.1017817315081246557302392470261050882192111903474929326908001428508624360698737196597403270714838015,-4.970196816193936555046445822146109160951089087210857631720738212023189335058649164750167175049463463,-2.975714962785483651494019425173762139976732873099201187202951572015766494893604878930295613912774022,0.008402294886230235505534130955356445761392207559282880423419019057883343416703758642338252418866460210,0.01017817315081246557302392470261050882192111903474929326908001428508624360698737197915178013618653418,-0.0002070915340080806897936019092560878817062953786337857346550307588342995556274437160929123118492356055,-0.0001239881234493951521455841427155734224990305363791333828001229821673236039539002024328950753708146428,0.008195203352222154815740529046100357879685912180649094688763988299049043861076314920068270999655589903,0.01005418502736307042087834055989493539942208849837015988627989130291892000303347178675662236027837593
5,6,323/20480,453/25600,25147/26053,20157/20803,524141681/541980559,6,6/10,7/10,-4.516842487904772998673541159398636779836461824996119760299514125861890565703110636668008411354138000,-4.516842487904772998673541159398636779836461824996119760299514125861890565703110164377540554626697549,-2.723280301901754186911012200067786829364144149898313811981091046406752683999360222817045173818096936,-2.208814895552251650041690685849244990895559142863781852852116047276330343811390340830149430968023651,-0.4516842487904772998673541159398636779836461824996119760299514125861890565703110640884887588646347289,-0.4516842487904772998673541159398636779836461824996119760299514125861890565703110155943782200042278969,-0.0001134700125792397577879588416694911178901726729124297421658787936002813618333066763704077443703806635,-0.00009203395398134381875173711191038520795398163095265757720217150196984709765880793021109454454088049552,-0.4517977188030565396251420747815331691015363551725244057721172913797893379321443708573865142796929294,-0.4517762827444586436861058530517740631916001641305646336071535840881589036679698233544625362168504217,-0.07834679929720889430353223068494510529492340273885031261532451588093960510390651647755561631208442255,-0.06020266749589602697605853551881502657630090597819475268885259890562317392695933940308652640060985848,-6.571779438654185406634961726319665467245458188184915322787045134228683032083501546528785414896491943,-3.759398503223248293594182925279732976808852344906302370540594868728988459543602855928174549039907922,-0.007834679929720889430353223068494510529492340273885031261532451588093960510390651657638872202987057778,-0.006020266749589602697605853551881502657630090597819475268885259890562317392695933932072560496912139579,-0.0002738241432772577252764567385966527278018940911743714717827935472595284596701458989360670818523907703,-0.0001566416043009686788997576218866555407003688477044292654391914528637078524809834513035744523641066619,-0.008108504072998147155629679807091163257294234365059402733315245135353488970060797564811031427988294817,-0.006176908353890571376505611173768158198330459445523904534324451343426025245176917377199065841914611539
5,6,323/20480,453/25600,25147/26053,20157/20803,524141681/541980559,7,7/10,8/10,-4.637748133546667694248001281544737840101842089675522224546132081171477499696425936511302407898945982,-4.637748133546667694248001281544737840101842089675522224546132081171477499696425438919559487418249793,-3.393656918789560695235543084291150612560684426664245404052633566347970503249518079027529589276895856,-2.660921021306595431831438639941058745096920296271243056054085184305086537075287544281242820101524783,-0.4637748133546667694248001281544737840101842089675522224546132081171477499696425940728181585191155272,-0.4637748133546667694248001281544737840101842089675522224546132081171477499696425434702680310126040503,-0.0001414023716162316956348142951787979421900285177776768918355263985978321043020632538789489570739635535,-0.0001108717092211081429929766099975441143790383456779684606689202160127119390448036469693948521815003496,-0.4639162157262830011204349424496525819523742374853298993464487345157455820739446573364774668961787457,-0.4638856850638878775677931047644713281245632473132301909152821283331604619086873470181469422675259940,-0.2922492476064016987055655515528035711041239679380555286275667594567724908413233139757340259534830396,-0.2733994254726614808322074100213438763366109696092613021934728731324624604723252151822155953032797457,-9.025453887121252067567080764468862184037532319140417723913021154886431708365261546074258531546651291,-4.942163018426720243754518204780443545194787184793653087965581452808580771084171237645387863052870059,-0.02922492476064016987055655515528035711041239679380555286275667594567724908413233144369551859698184307,-0.02733994254726614808322074100213438763366109696092613021934728731324624604723252149186606467225166651,-0.0003760605786300521694819616985195359243348971799641840718297092147869346545152192324755816469588825412,-0.0002059234591011133434897715918658518143831161326997355453318992272003575321285071335161686578757428677,-0.02960098533927022204003851685379989303474729397376973693458638516046418373864755068646621542287678345,-0.02754586600636726142671051259400023944804421309362586576467918654044660357936102862255107665591999347
5,6,323/20480,453/25600,25147/26053,20157/20803,524141681/541980559,8,8/10,9/10,-4.788822399691876263097820682809687739335972337280136025332053320270020494215752465589186587980337125,-4.788822399691876263097820682809687739335972337280136025332053320270020494215751967997443667499640935,-4.378515837272632307679183881584385613029159239274943532900799759121480507938900115461694591653778070,-3.308932870510221593288504760743395582209596714963364394723269332362563196111541805011891923632587793,-0.4788822399691876263097820682809687739335972337280136025332053320270020494215752470860285559595598737,-0.4788822399691876263097820682809687739335972337280136025332053320270020494215751959563685312915222356,-0.0001824381598863596794866326617326827338762149683031226472041999899633950211641208389252933462275230074,-0.0001378722029379258997203543650309748159253998631234735164468028888484401331713142410573770105985724286,-0.4790646781290739859892687009427014566674734486963167251804095320169654444427393683455093043653253593,-0.4790201121721255522095024226459997487495226335911370760496521349158504895547465100388811345465055173,-0.5756778324462846455728638712850290967076144989809515750830860154106016725029903792158922962608778014,-0.5557239209784625811600254641307636388643728174937389838138515296202792476958770559926861562764470358,-12.94329785504852561296615430859838206469931514507735328944365158388005741100265181903112832443781818,-6.797800206441363326587839340845393577328267430408692074831409467568649769519780937202740755106786714,-0.05756778324462846455728638712850290967076144989809515750830860154106016725029903798747796677127855029,-0.05557239209784625811600254641307636388643728174937389838138515296202792476958770553337987848245393343,-0.0005393040772936885672069230961915992526958047977115563870601521493283357254584438277860979788269298879,-0.0002832416752683901386078266392018913990553444762670288364513087278153604070633242037950260313947186503,-0.05810708732192215312449331022469450892345725469580671389536875369038850297575748185438550243006249995,-0.05585563377311464825461037305227825528549262622564092721783646168984328517665102970834858201282769014
5,6,323/20480,453/25600,25147/26053,20157/20803,524141681/541980559,9,9/10,10/10,-4.978168103832201127340216602201641118246008108185386958258064181161692367602326866897010582026094846,-4.978168103832201127340216602201641118246008108185386958258064181161692367602326318702717534038887180,-5.880133346950420450621752123735852262490994630376018461326344630529723689319856107451292282117443930,-4.261520694382422515114761668198208793068515137423453813134425843066390090872736415262160393268482880,-0.4978168103832201127340216602201641118246008108185386958258064181161692367602326873222329347964408781,-0.4978168103832201127340216602201641118246008108185386958258064181161692367602326314485838356746677890,-0.0002450055561229341854425730051556605109371247762656674358885976929387384870549940055437111109593357556,-0.0001775633622659342714631150695082586997111881307259772422139344101277662537863640161790497798582983415,-0.4980618159393430469194642332253197723355379355948043632616950158091079752472876817895125616826824078,-0.4979943737454860470054847752896723705243119989492646730680203525262970030140189950702025962218016708,-0.9570432592491068441780072036711726313093597235191920372759578555100121883543036803635717762406288383,-0.9355240147865777137157398394024489955725470017573297581225504071467963632408008194700298244321935301,-19.54742197629855637083027014124390543479916948527342244471564644752818375157915247465870231528713325,-9.813260793150948533829344951140287175898488969699995080873459708495275271173657610002928093274184323,-0.09570432592491068441780072036711726313093597235191920372759578555100121883543036816813465191444442413,-0.09355240147865777137157398394024489955725470017573297581225504071467963632408008186793649786899042883,-0.0008144759156791065154512612558851627264499653952197259351964852686470076563157980231240447039697784194,-0.0004088858663812895222428893729641786323291037070708331283697274878539698029655690645549750492730618755,-0.09651880184058979093325198162300242585738593774713892966279227081964822649174616630141642903303002140,-0.09396128734503906089381687331320907818958380388280380894062476820253360612704565091498977711407219239
6,5,453/25600,1103/51200,50097/52303,25147/26053,1310220341/1362650059,0,0/10,1/10,-4.207162355977375919421838989973327523394409493348703812487070586994746671620537455823488954516780412,-4.207162355977375919421838989973327523394409493348703812487070586994746671620537025701812870711432859,-1.341117782134118641537195431417674426976145430172495954048614660033762541025781136460196509857334919,-1.318599553119741302789137910681506595870949630717622312068344300410282004755116751626847327984802309,-0.4207162355977375919421838989973327523394409493348703812487070586994746671620537458986148337485937380,-0.4207162355977375919421838989973327523394409493348703812487070586994746671620537021484933693419223569,-0.00005587990758892161006404980964240310112400605959052066475202561083474010587607421422387606138523423829,-0.00005494164804665588761621407961172944149462290127990092966951434585042841686479653098834161960674624545,-0.4207721155053265135522479488069751554405649553944609019134590843103094072679298203620448416100999222,-0.4207711772457842478298001130769444817809355722361502821783765730453250955789184982594410116609379434,0.4135964880978050752034334364812633955028366498956592095892631088985883872921852422486462828509051843,0.4489789526741853357554877723932540307592577902967183594587150433814421676303267350436168534389468895,-2.120929929530807331438466816101536196618179090299608692544979758138600894374774442970959638290993507,-1.905598839133867300072930076070901670312694229923116850571836662707331197783792816845678835554262081,0.04135964880978050752034334364812633955028366498956592095892631088985883872921852417215363856893790231,0.04489789526741853357554877723932540307592577902967183594587150433814421676303267357025042248908545910,-0.00008837208039711697214326945067089734152575746209581702885604082325577503726561560219299565509185792419,-0.00007939995163057780416970541983628756959636225958012986877382652761280546657432470021151263179144003179,0.04127127672938339054820007419745544220875790752747010393007027006660306369195290854769745633939681932,0.04481849531578795577137907181948911550632941677009170607709767781053141129645834889230209643174324414
6,5,453/25600,1103/51200,50097/52303,25147/26053,1310220341/1362650059,1,1/10,2/10,-4.220444853824755359744155867556840665415724962111583248191081653044881392031634741438802017146278817,-4.220444853824755359744155867556840665415724962111583248191081653044881392031634302883367578756512684,-1.403444319887518736577950845035934571143609087265672771054296043366960095318600458746470057100691243,-1.334762164829749233369945760312367698262123764633959066813746988212138396294131953666549727325272585,-0.4220444853824755359744155867556840665415724962111583248191081653044881392031634748818340577407645074,-0.4220444853824755359744155867556840665415724962111583248191081653044881392031634295503829018495146427,-0.00005847684666197994735741461854316394046431704530273636546059566847362333730494168604156933307294439837,-0.00005561509020123955139041440667968198742758849019308162778390612450883909984558883103849741322386551127,-0.4221029622291375159217730013742272304820368132564610611845687609729617625404684168477740710011615242,-0.4221001004726767755258060011623637485290000847013514064468920714289969783030090180322239612872010965,0.3935305683273793906889932407355756356383357964495329996547500875543581388920719889753109733566613603,0.4288657515663726809382942586414063217651513246701013275983893549465716157063345248342515615393780905,-2.343025787796344118537861080992816738527623600072739620162197963715285941661027444812345489651079478,-1.878814271587671318175530984892765173103230603563189461020624474446093774213207628426558455459282231,0.03935305683273793906889932407355756356383357964495329996547500875543581388920719881846461276143721185,0.04288657515663726809382942586414063217651513246701013275983893549465716157063345253613614587009042517,-0.00009762607449151433827241087837470069743865098333636415084009158182147024756920947729820321756025126633,-0.00007828392798281963825731379103719854887930127514846622754252601976858724059221698395943485577317122298,0.03925543075824642473062691319518286286639492866161693581463491717361434364163798928660229909551585405,0.04280829122865444845557211207310343362763583119186166653229640947488857433004123557727105426297389493
6,5,453/25600,1103/51200,50097/52303,25147/26053,1310220341/1362650059,2,2/10,3/10,-4.247400757928782360536659205202443534940581715586284054402812097046882498566787322734411637668681701,-4.247400757928782360536659205202443534940581715586284054402812097046882498566786867311460490110078409,-1.511088643212954368146667115182692829588253154627889704758094600720643606340206955851876031051576688,-1.390592709069886853293458133046090753793781310485015885749580455559532472616458047152666133705464084,-0.4247400757928782360536659205202443534940581715586284054402812097046882498566787328005510609283943313,-0.4247400757928782360536659205202443534940581715586284054402812097046882498566786858877702135525659829,-0.00006296202680053976533944446313261220123284388144282873769825394169669348359750862347518218859662786319,-0.00005794136287791195222056075554358711474140755460354232857289918564831385302568575160779709603461099851,-0.4248030378196787758190053649833769656952910154400712341779794636463849433402762416110112725544171096,-0.4247980171557561480058864812757879406087995791132319477688541088903365637097043711266812747375849137,0.3524279088747304351240669476799526076831858489715876626272271415673628055725931098192316390825634819,0.3876586890661836720791375807661027731285562502772147701317123147728485209698943471044113766634007069,-2.690715789124902061917849071583268418955940693019042224857793856254924380875424619869344642867976880,-1.943789324334642751658901159379924776281384339240651393307315988820479918598822442381730258857403230,0.03524279088747304351240669476799526076831858489715876626272271415673628055725931091603442676306557803,0.03876586890661836720791375807661027731285562502772147701317123147728485209698943473679663252441637875,-0.0001121131578802042525799103779826361841231641955424600927024080773439551825364760263326931743933304059,-0.00008099122184727678131912088164083019901172434746836047472113816620085332994161760129919353934062384601,0.03513067772959283925982678439001262458419542070161630617002030607939232537472283488880091101051534257,0.03868487768477109042659463719496944711384390068025311653845009331108399876704781716226473845030950528
6,5,453/25600,1103/51200,50097/52303,25147/26053,1310220341/1362650059,3,3/10,4/10,-4.288844436853831648361419147561772769759504806524415026895413942695469416101258936562127936823326776,-4.288844436853831648361419147561772769759504806524415026895413942695469416101258489572935143849142063,-1.673485256150330317031739886891524471696946344289904395584397013887318154658050545493161089434075259,-1.490898551602371825789784609300950784343560770867789235282766661850391175461438513839423046695981037,-0.4288844436853831648361419147561772769759504806524415026895413942695469416101258942887446702761640710,-0.4288844436853831648361419147561772769759504806524415026895413942695469416101258484301836172233880451,-0.00006972855233959709654298916195381351965403943101207934981601654224530492311075210643283919183478455122,-0.00006212077298343215940790769205420628268098169878615788480344861091043296564422660432120957127595417191,-0.4289541722377227619326849039181310904956045200834535820393574108117922465332366464106201822364029423,-0.4289465644583665969955498224482314832586314623512276605743448428804573745757700749071027764553302836,0.2882331397519114714506559946827188896385812536596849765889245963500718627705719377260967482106680842,0.3232813897415166851783246317724134256433224878863187664061341209002499464240073189481214230701545318,-3.197961849364284287286441136803586093058064752457845825023138829462030410936354059248783919578405948,-2.116987630650446857766630171881359013809501142559621760075959738199994539769665752059532810195307593,0.02882331397519114714506559946827188896385812536596849765889245963500718627705719374625417996299050036,0.03232813897415166851783246317724134256433224878863187664061341209002499464240073196070087945220622334,-0.0001332484103901785119702683807001494205440860313524102427092974512275846004556814198244523726258870523,-0.00008820781794376861907360959049505662557539588093998424000316498909166643915706940570094843105708091646,0.02869006556480096863309533108757173954331403933461608741618316218377960167660151232334119303668379595,0.03223993115620789989875885358674628593875685290769189240061024710093332820324366258511314291953711159
6,5,453/25600,1103/51200,50097/52303,25147/26053,1310220341/1362650059,4,4/10,5/10,-4.346084274865145646054182137269019987906021001752459807788001848101715413637595004434021956030487400,-4.346084274865145646054182137269019987906021001752459807788001848101715413637594549011070808471884108,-1.906099517830870887340835315740390131619314636627106753453194140960722101585750950203200026503262763,-1.644607000252125656061474377360998749942756168274162650799380539967994094175924104425498446227881901,-0.4346084274865145646054182137269019987906021001752459807788001848101715413637595010759340721968801335,-0.4346084274865145646054182137269019987906021001752459807788001848101715413637594541631532248210517851,-0.00007942081324295295363920147148918292215080477652612944806054975587336342089940628999296632257684433549,-0.00006852529167717190233589476572337494791428150701142344378330752249866642059066350383596350580672765212,-0.4346878482997575175590574151983911817127529049517721102268607345660449047846589078200703068502738291,-0.4346769527781917365077541084926253737385163816822574042225834923326702077843501173142528045085618311,0.1974370307837745341557573333676075369723979949893268910325536542342662251079075265001247091060557727,0.2324266195244260035554144274468115154799935974322916386583599783648129351164846415045996201754905180,-3.931136440434439463423956975843671993423579173674405373038881737082074099801066673252471036862486890,-2.428888543146461479912457327637132967757853779265427359522733554080802838751814088185966116584698984,0.01974370307837745341557573333676075369723979949893268910325536542342662251079075262365697605252926921,0.02324266195244260035554144274468115154799935974322916386583599783648129351164846417681545687562535986,-0.0001637973516847683109759982073268196663926491322364335572099534057117530874917111120704879564411493351,-0.0001012036892977692283296857219848805403232439074693928066467805647533667849479922530824461320688724654,0.01957990572669268510459973512943393403084715036669625554604541201771486942329904149768808260452444180,0.02314145826314483112721175702269627100767611583575977105918921727172792672670047194290766276432489512
6,5,453/25600,1103/51200,50097/52303,25147/26053,1310220341/1362650059,5,5/10,6/10,-4.421043696522881324731869731716642883572753910318482348523030898627513947971635235391788043786988145,-4.421043696522881324731869731716642883572753910318482348523030898627513947971634746233803477890710535,-2.233494168098599952899208252223446418831451156535285487244440894148992410901841859782584337331014064,-1.866463915738188377282085940337530721238347696905461412235497253040547129615434586093180624294644724,-0.4421043696522881324731869731716642883572753910318482348523030898627513947971635241717106809725302080,-0.4421043696522881324731869731716642883572753910318482348523030898627513947971634740962704506275448923,-0.00009306225700410833137080034384264360078464379818897022863518503725620801712091007786739905909855410089,-0.00007776932982242451572008691418073044671826448737106089217647905221002279706730977390339124019038889152,-0.4421974319092922408045577735155069319580600348300372050809382749000076028142844347026918368445520076,-0.4421821389821105569889070600858450188039936555192192957444795689149614175942307834404814720868915672,0.07474920353733369927731776267969039349905480619347727668917188574663448994987020628998465433348978905,0.1099696947311817873961784731173276278218028204459445096958533338593955009094364379719269109602239996,-5.001361401433479094060689840077235671568608110843432304259862593669572156585424404114256333942382376,-2.926619215199575300957025603162899484371872158210321361394225173594061835398623949074040982365191355,0.007474920353733369927731776267969039349905480619347727668917188574663448994987020615820718004310824875,0.01099696947311817873961784731173276278218028204459445096958533338593955009094364381366487538232009249,-0.0002083900583930616289191954100032181529820253379518096793441609414028988398577260177859309513883123238,-0.0001219424672999823042065427334651208118488280065920967233914260488997525764749426637221720048015586187,0.007266530295340308298812580857965821196923455281395917989573027633260550155129294590570828548193870619,0.01087502700581819643541130457826764197033145403800235424619390733703979751446870115676321718356367219
6,5,453/25600,1103/51200,50097/52303,25147/26053,1310220341/1362650059,6,6/10,7/10,-4.516455957583140271831119912502613080952391436251641438454389745753688921120289680377118771239543893,-4.516455957583140271831119912502613080952391436251641438454389745753688921120289165917859141590010545,-2.694891582930932721772351377305111116958582267712115017174899470710148801299558282208128667638680825,-2.179988759768391627661283404710881695304935320857442770968698872695236421001457597473615878785862898,-0.4516455957583140271831119912502613080952391436251641438454389745753688921120289686702437537177857828,-0.4516455957583140271831119912502613080952391436251641438454389745753688921120289159592540375651696610,-0.0001122871492887888634071813073877129632066075944880047923822874779462562000541482622772026623306911474,-0.00009083286499034965115255347519628673730437230503572678212369578636230151754172739927187952662377945499,-0.4517578829076028160465191725576490210584457512196521486378212620533151483120831174244987729935233378,-0.4517364286233043768342645447254575948325435159301998706275626703617311936295706432062869013832764852,-0.08772844757634737179245909726456476411587158224621036982706413863353850866683998038901252006572653265,-0.05172760078793729779823893149059980672208871609156489243321100159337024830896583070214020941703645003,-6.603472291935260500512950067291995880906555901860753403112952272310004320574932290960809499231205698,-3.688487361471791297427699775295855624212608754218174073578969251153108380052264623000508285888634701,-0.008772844757634737179245909726456476411587158224621036982706413863353850866683998052078999435610807296,-0.005172760078793729779823893149059980672208871609156489243321100159337024830896583060330710369925029480,-0.0002751446788306358541880395861371664950377731625775313917963730113462501800239555131940590410773169190,-0.0001536869733946579707261541573039939843421920314257572530657903854647128491688443582971797189601365922,-0.009047989436465373033433949312593642906624931387198568374502786874700101046707953571450127584049758916,-0.005326447052188387750550047306363974656551063640582246496386890544801737680065427418370512209411764626
6,5,453/25600,1103/51200,50097/52303,25147/26053,1310220341/1362650059,7,7/10,8/10,-4.636174758175647354488217971004500151521682398110414588484379394344599656855560327869732836339088089,-4.636174758175647354488217971004500151521682398110414588484379394344599656855559838711748270442810479,-3.354537794601350561249017336844518154056718920686318130865242017229057697402782622738256971052367018,-2.622835087907619652102647725657556210729646413989016783343354071867627974318168912898855249550123461,-0.4636174758175647354488217971004500151521682398110414588484379394344599656855560334195051602277402024,-0.4636174758175647354488217971004500151521682398110414588484379394344599656855559833440649298827548867,-0.0001397724081083896067187090557018549230856966216952632554527184173845440707251159433539696513200533156,-0.0001092847953294841521709436552357315087804019339162090326393064196611511655965903707101824114161914330,-0.4637572482256731250555405061561518700752539364327367221038906578518445097562811497597358200270452853,-0.4637267606128942196009927407556857466609486417449576678810772458541211168511525735133769216062344467,-0.3016522185378884805090822203544583362943230583540597531016426826311974961367343720020133376332677405,-0.2642309264219911180885847246499685944936622912609485788136316303987592768050763132497452524640834056,-9.054824694120388781542250921525377910344286639531935148563502596794467311119109948848389306028749560,-4.836145989376896560951598478664281254527081181237566820181802517027869217946449054579149185170379984,-0.03016522185378884805090822203544583362943230583540597531016426826311974961367343721996795490688400509,-0.02642309264219911180885847246499685944936622912609485788136316303987592768050763128544128295929387847,-0.0003772843622550161992309271217302240795976786099804972978568126081997694712966295829727760318615331795,-0.0002015060828907040233729832699443450522719617158848986175075751048761612174144353759632198832642411349,-0.03054250621604386425013914915717605770902998444538647260802108087131951908497006683279656495766010600,-0.02662459872508981583223145573494120450163819084197975649887073814475208889792206664338805127942001839
6,5,453/25600,1103/51200,50097/52303,25147/26053,1310220341/1362650059,8,8/10,9/10,-4.785677871055264026957469440259511219224277396800119804927325459402364411360677736149763144086124192,-4.785677871055264026957469440259511219224277396800119804927325459402364411360677246991778578189846582,-4.321867002678214158965097526079333221718535778288351161672428012996598998777876099263550958168892275,-3.256755075553148349085749913093062605240418995831432197271845749447400408812167789408848732520212562,-0.4785677871055264026957469440259511219224277396800119804927325459402364411360677739312422527055281159,-0.4785677871055264026957469440259511219224277396800119804927325459402364411360677238558020223605428003,-0.0001800777917782589232902123969199722175716056574286812984030178338748582916157448383265545471564462606,-0.0001356981281480478478785729130455442752183507914929763415529935728936416837005069903983277778138122106,-0.4787478648973046616190371564228710941399993453374406617911355637741112994276835191383913085380688342,-0.4787034852336744505436255169389966661976460904715049568342855395131300828197682307934378848463093161,-0.5848293799762937380691440147893323448756024160914411718913008235968798992046517410718836221400102142,-0.5452115761055310826741744859717776046445510415224231040988946622651066695181566733787681561667811690,-12.96231470365307623356760998838742604013766177570597434398875572282649267245543312822356846322782307,-6.632843975339126173086155181442029125187840903736742768884699489112837411812213686991785923296913747,-0.05848293799762937380691440147893323448756024160914411718913008235968798992046517418625484678822994561,-0.05452115761055310826741744859717776046445510415224231040988946622651066695181566728516582590052550078,-0.0005400964459855448430653170828494760850057359073210822643328648217844371946856430496832999351101513831,-0.0002763684989724635905452564658934178802161600376556976153701958120463682254921755683599608059023002894,-0.05902303444361491864997971856178271057256597751646519945346294718147242711515081726682349226014827050,-0.05479752610952557185796270506307117834467126418989800802525966203855703517730784281697812782120479575
6,5,453/25600,1103/51200,50097/52303,25147/26053,1310220341/1362650059,9,9/10,10/10,-4.972911402450796701594954462275142574793100949521214499790988124517193168649517157736306358989984163,-4.972911402450796701594954462275142574793100949521214499790988124517193168649516617975771665587195077,-5.793367486489596371307227293674571318762453903153402986530529500927870675608143344278492198244209656,-4.187039561986570609798667624744841024589455470099372943682295467003730152075325782069000246091933248,-0.4972911402450796701594954462275142574793100949521214499790988124517193168649517165115844919251350420,-0.4972911402450796701594954462275142574793100949521214499790988124517193168649516611650452899648881142,-0.0002413903119370665154711344705697738049484355792980584577721053958719946114836726402159039190648325620,-0.0001744599817494404420749444843643683760245606445874738726534289777918220896698052398639492005735867552,-0.4975325305570167366749665806980840312842585305314195084368709178475913114764353895504787311484987143,-0.4974656002268291106015703907118786258553346555967089238517522414295111389546214660461244751795400854,-0.9652998107882150462542481135299192653879764200822301944748716266304173958770901772685637781639133591,-0.9225747722122620770724611699360286723227236184162031644140692753248820884361232699574651083215768225,-19.53450604956806617747058699623675598628226794945933014315706011553294317676032447179079680680165196,-9.544357569569916771689527642007111919090249090802258346475668819574874693875963445859434529843603435,-0.09652998107882150462542481135299192653879764200822301944748716266304173958770901783227835724869656816,-0.09225747722122620770724611699360286723227236184162031644140692753248820884361232683761354168369983388,-0.0008139377520653360907279411248431981660950944978941387559648775048138726323650135229441506320664584929,-0.0003976815653987465321537303184169629966287603787834274311031528674822864455781651409927161878186038890,-0.09734391883088684071615275247783512470489273650611715820345204016785561222007403136037006547023105557,-0.09265515878662495423939984731201983022890112222040374387251008039997049528919049187822888487689187387
7,5,1103/51200,13/512,499/525,50097/52303,26200061/27459075,0,0/10,1/10,-4.210341779968067847278238402594406620536233919312912790447066448704446147844983491177217114986591673,-4.210341779968067847278238402594406620536233919312912790447066448704446147844983069489299385765662700,-1.326376915291824658404808103767934415591089036444863187407808891191246645011651249390270632829931594,-1.303617385285172318590400220630825758602903127773078163829546549291541827869518180736253636173151692,-0.4210341779968067847278238402594406620536233919312912790447066448704446147844983494339876497955748641,-0.4210341779968067847278238402594406620536233919312912790447066448704446147844983062109760825504296443,-0.00005526570480382602743353367099033060064962870985186929947532537046630194354215213560419857531890794601,-0.00005431739105354884660793334252628440660845429699054492349289777288714757616122992386000729414407649205,-0.4210894437016106107552573739304309926542730206411431483441819702409109167280405018301226068678443856,-0.4210884953878603335744317736019669464602318462282818239681995426433317623606595359249444291340148416,0.4134920465030388039045107877788676129790623704042777035092357085989331232714882751051770104719550149,0.4484615900979868573131430837436620428811709031067605626827733015019133445340720917581571047914652356,-2.125323079895655398643008597442422058706193277484431473897079630100443491483830014776916725582672793,-1.911078887485965753501152319081257504933220000819533469579899812009742917783434949137224932147892532,0.04134920465030388039045107877788676129790623704042777035092357085989331232714882743145121647296657731,0.04484615900979868573131430837436620428811709031067605626827733015019133445340720922852670019529913968,-0.00008855512832898564161012535822676758577942471989518464474571165125418514547849291768662638625883390407,-0.00007962828697858190639588134662838572937221750003414722789916249216707262157430978900963618932640210118,0.04126064952197489474884095341965999371212681232053258570617785920863912718167033447129723997359650483,0.04476653072282010382491842702773781855874487281064190904037816765802426183183289948571639337144829712
7,5,1103/51200,13/512,499/525,50097/52303,26200061/27459075,1,1/10,2/10,-4.223475945944528474699730366205122748613996895308315939355110416221201459253532712762748066483628948,-4.223475945944528474699730366205122748613996895308315939355110416221201459253532265773555273509444235,-1.388167381984023524708431286763630046427465188416434059079059851287131532850481699085037141196894786,-1.318886360309173563793976342926055256287564959820194788506186390588024033958285028043431125512251886,-0.4223475945944528474699730366205122748613996895308315939355110416221201459253532719088066832421942882,-0.4223475945944528474699730366205122748613996895308315939355110416221201459253532260502456301894182623,-0.00005784030758266764686285130361515125193447771618401808579496082713696381386877007100797559458121581137,-0.00005495359834621556515808234762191896901198187332584144952109109960783433474826187578927288780553236493,-0.4224054349020355151168358879241274261133341672470156120213060024492571097392220421790251375491882232,-0.4224025481927990630351311189681341938304116714041574353850321327217279802601014875789608326073419449,0.3933758036210923816023387382285814570213731034055567418350575209258305417799645877071973370363194698,0.4282993749589662946522066802830855422572737609012146487577514813908664477021518900505655538106555367,-2.346016728186097098080951510929885226479787065788646632559533317002418220813757325999705401197048104,-1.884019347135026396783805896944112171452284085655909955176041224105816146189320800892315461079758143,0.03933758036210923816023387382285814570213731034055567418350575209258305417799645867847550170036486877,0.04282993749589662946522066802830855422572737609012146487577514813908664477021518907094529252625632382,-0.00009775069700775404575337297962207855110332446107452694302331388820843409253390655563468186223612103216,-0.00007850080613062609986599191237267134047717850356899624813233505100440900609122169956188866011744191916,0.03923982966510148411448050084323606715103398587948114724048243820437462008546255208667922777211584459,0.04275143668976600336535467611593588288525019758655246862764281308808223576412396740033841530689654456
7,5,1103/51200,13/512,499/525,50097/52303,26200061/27459075,2,2/10,3/10,-4.250128021073025349041538080553746532420157262523391181869167044884831100852702278915136969797866593,-4.250128021073025349041538080553746532420157262523391181869167044884831100852701840359702531408100461,-1.494463165881416248312731974957574771825166839986404107027513892221467397301934873254239759544020435,-1.373024542008034113024508620225743927263582622934739737106180081359561937131355273237094362265197143,-0.4250128021073025349041538080553746532420157262523391181869167044884831100852702284186235941413128206,-0.4250128021073025349041538080553746532420157262523391181869167044884831100852701836142823354115891171,-0.00006226929857839234367969716562323228215938195166610017112614641217589447488758062006175399210623824406,-0.00005720935591700142137602119250940599696931594262228082237942417005664841404713980266993999579515333714,-0.4250750714058809272478335052209978855241751082040052183580428509006590045601578093988856904564443824,-0.4250700114632195363255298292478840592389850421949613990092961286585397584993173233973915565674057605,0.3521807645284750932880882365410779770228861562054949701686403530217295344426680869973686194237371453,0.3870025406292962170483130885917268858586235954128516779988455421334986198825839878162655001608513921,-2.691118636818277127716537279968193928137743047030318122195889998565233734454023194398666095251553363,-1.947866619629654274120875161956183963072003659618369868605182072245934512332868538011365310828467769,0.03521807645284750932880882365410779770228861562054949701686403530217295344426680860749262993910663632,0.03870025406292962170483130885917268858586235954128516779988455421334986198825839883433753973223775533,-0.0001121299432007615469881890533320080803390726269595965884248287499402180722689176335494977834490225823,-0.00008116110915123559475503646508150766512800015248409874452521591967691393801386952192846542079102127842,0.03510594650964674778182063460077578962194954299358990042843920655223273537199789095155125664147168794,0.03861909295377838611007627239409118092073435938880106905535933829367294805024452931446809734723394562
7,5,1103/51200,13/512,499/525,50097/52303,26200061/27459075,3,3/10,4/10,-4.291097206903740056288004266865476521836546990644077946148210455560024129738382946994062954061228838,-4.291097206903740056288004266865476521836546990644077946148210455560024129738382491571111806502625546,-1.654486860834477421721278439696463960017821851631994711904225121469030431605921036475586130100711438,-1.470683031067063677464131333180992257625397749765369804883660897941438595967260347555562485482110809,-0.4291097206903740056288004266865476521836546990644077946148210455560024129738382950156722337030385805,-0.4291097206903740056288004266865476521836546990644077946148210455560024129738382486300012834887363934,-0.00006893695253476989257171993498735266500074257715133311299600938006120960131691337682455149805070362188,-0.00006127845962779431989433880554920801073439157290689040853681920408089327483196918073462797720782296063,-0.4291786576429087755213721466215350048486554416415591277278170549360636225751552088115079729837868380,-0.4291709991500017999486947654920968601943890906373146850233578647600833062486702173231335188035851770,0.2878699744594378894093210264023801833341131361403695738474175835546128930327885173082189725816301608,0.3225131361830815063302737259836272391059530218030401837606151006330825835092975066769471126564493854,-3.193989841031933288810363175076647420563560416306374626995299294336243900960715612086501544236058244,-2.118833624987631492198752173655933837930820069876754351474231573892019210193862926682294298515691921,0.02878699744594378894093210264023801833341131361403695738474175835546128930327885169787752868556763100,0.03225131361830815063302737259836272391059530218030401837606151006330825835092975072040570098179755466,-0.0001330829100429972203670984656281936425234816840127656094581374705973434958733631511110160265670631725,-0.00008828473437448464550828134056899724324711750291153143131142631557883413375807762140734741292506040906,0.02865391453590079172056500417460982469088783193002419177528362088486394580740548854342060022584634903,0.03216302888393366598751909125779372666734818467739248694475008374772942421717167314519768293434805379
7,5,1103/51200,13/512,499/525,50097/52303,26200061/27459075,4,4/10,5/10,-4.347666864700263465093987843169585123585612153340281068512791888215904228507252993073023960272032134,-4.347666864700263465093987843169585123585612153340281068512791888215904228507252546083831167297847422,-1.883333621333166941990750417611024130701665259435218184132848160826563335492644820845056754517634927,-1.620493663517838158705699746172717540667720047974392118920763677929686809028906462329611263252136100,-0.4347666864700263465093987843169585123585612153340281068512791888215904228507252997289903137564241424,-0.4347666864700263465093987843169585123585612153340281068512791888215904228507252538704292607036481165,-0.00007847223422221528924961460073379267211256938580980075767220200670110680564552686793019995047008154093,-0.00006752056931324325661273748942386323086115500199893300495503181991373695037620443548599466407809917424,-0.4348451587042485617986483989176923050306737847198379076089513908282915296563708266884183498596884380,-0.4348342070393395897660115218063823755894223703360270398562342206415041598011014581464696590339540199,0.1969639986715947520414408165794805482628973372445974235598054059211130969765980285445329950786537024,0.2315600581878374940755725837668878413417344596464953066451644760239873504351994346822540176339618350,-3.919976829640317930091878994480801958061295408081230165688289564149800381192484922966419395643988611,-2.426818571679342121896810011844522072006914023929585623501347458310025061655901571770498293316751156,0.01969639986715947520414408165794805482628973372445974235598054059211130969765980283468667836430813920,0.02315600581878374940755725837668878413417344596464953066451644760239873504351994348140314919243433753,-0.0001633323679016799137538282914367000815858873086700512569036787318395750158830202057680750183532300793,-0.0001011174404866392550790337504935217530002880843303994009792228107629177109023292315527808345513180365,0.01953306749925779529039025336651135474470384641578969109907686186027173468177678262402842363596028164,0.02305488837829711015247822462619526238117315788031913126353722479163581733261761426953977613759823010
7,5,1103/51200,13/512,499/525,50097/52303,26200061/27459075,5,5/10,6/10,-4.421722242025846341506392267301711836209974954455498182875912675139430431914994522453373745242172152,-4.421722242025846341506392267301711836209974954455498182875912675139430431914994067030422597683568860,-2.204924310312400250611537747268099561262568832202228559953252279434503339867493278263220276831452981,-1.836714706709233733136675137142581072398601301122715062471689861223017090280260645858112444146775643,-0.4421722242025846341506392267301711836209974954455498182875912675139430431914994529832912305503538409,-0.4421722242025846341506392267301711836209974954455498182875912675139430431914994060705103831745254926,-0.00009187184626301667710881407280283748171927370134175952333138551164310430582781222026222542151673242055,-0.00007652977944621807221402813071427421134994172088011312760298707755095904542834419313061335307362407501,-0.4422640960488476508277480408029740211027167691468915778109226530255861474973272655194848030254708482,-0.4422487539820308522228532548608854578323474371664299314151942545914940022369277502010981718155625653,0.07423683548873101285710372105604917059738911113208928553728008985603306763516060718665830965334136170,0.1090662332265420825822699881783903506864000611606952114341934693412163926438399023608502209938489044,-4.978611127439178640405458279523100710597439683342235372856580913622338292195518503647970127694517688,-2.917680235750448497707388881030590715848855434215610979360183668311323682844672920620742642588474832,0.007423683548873101285710372105604917059738911113208928553728008985603306763516060707135301964925751394,0.01090662332265420825822699881783903506864000611606952114341934693412163926438399025255720638568258297,-0.0002074421303099657766835607616467958629415599868059264738690242047342640955081466051141346548130643058,-0.0001215700098229353540711412033762746131603689764256504574733409861796384867851947042547601498722090527,0.007216241418563135509026811343958121196797351126403002079858984780869042668007914098160499118011665399,0.01078505331283127290415585761446276045547963713964387068594600594794200077759879555846887247500973103
7,5,1103/51200,13/512,499/525,50097/52303,26200061/27459075,6,6/10,7/10,-4.515939688757828363925983574804720105893947137754391219429562428277742639843940888365592897805979748,-4.515939688757828363925983574804720105893947137754391219429562428277742639843940416075125041078539297,-2.657385979384904536920500819297995809224732520492489703237309959299753442714663015753344889718695548,-2.142061650806912678803432135151934305379009020558701019936904304481678880984585684842236741822136629,-0.4515939688757828363925983574804720105893947137754391219429562428277742639843940895745131458067346005,-0.4515939688757828363925983574804720105893947137754391219429562428277742639843940410804026069463277685,-0.0001107244158077043557050208674707498253843638550205204043015545816374897267797776261251602815525008146,-0.00008925256878362136161680967229799726272412537585661254249737101268673662004102440297572527285372988376,-0.4517046932915905407483033783479427604147790776304596423472577974094117537111738675020278029516401945,-0.4516832214445664577542151671527700078521188391512957344854536138404610006044350654198059959892513412,-0.08812457851038833540761590644898809853425696661948387546301599920629087253569868525773123476895124728,-0.05250241563598472610954385376682783458944851016141182828157134437412765243771355774377985697481114765,-6.559420348897492517220253235683927475478543352107894006352160295726589506696038702088112541591598124,-3.666825308850196022881489346287163605094887217951020539600746349316871905878972551439687446329652699,-0.008812457851038833540761590644898809853425696661948387546301599920629087253569868538950870905933278758,-0.005250241563598472610954385376682783458944851016141182828157134437412765243771355769436330411591807004,-0.0002733091812040621882175105514868303114782726396711622502646733456552745627790016136590693498661914112,-0.0001527843878687581676200620560952984835456203007479591891500310978882029960782905220885283741608516064,-0.009085767032242895728979101196385640164903969301619549796566273266284361816348870155183719050533484629,-0.005403025951467230778574447432778081942490471316889142017307165535300968239849646283803522401550615233
7,5,1103/51200,13/512,499/525,50097/52303,26200061/27459075,7,7/10,8/10,-4.634087824232896045868519165003950024336068399497311775929144945969496731699048596687855141314102722,-4.634087824232896045868519165003950024336068399497311775929144945969496731699048115963628930002243692,-3.302980374222059979867759657102471827178302296920959428345364090121472558028402736255179861786348050,-2.572834899478848014787586328324734083994423369112228463624913363118759718454764174230792442204932982,-0.4634087824232896045868519165003950024336068399497311775929144945969496731699048600904734318606312012,-0.4634087824232896045868519165003950024336068399497311775929144945969496731699048110692529958386982079,-0.0001376241822592524991611566523792696594657625957050399761810568370883946899178501145775501700945100869,-0.0001072014541449520006161494303468639201664343070463428526510380567966149882689485065739616808413974223,-0.4635464066055488570860130731527742720930726025454362175690955514340380678598227107264985658438370407,-0.4635159838774345565874680659307418663537732742567775204455655326537462881581737593166474328898243493,-0.3016087137187020295764701509189055406047025604165747198767789915635059247442992650800739602165174193,-0.2645545181323346814708993250710108353884866900814581613204771933101794454062294086863232088909889252,-8.972539902938462779464402760980323208645808312911026823852485601242179200695961421822645877795199911,-4.793986138372736378657009112412891793235905912527667658481184590916565243868746787139072687917719407,-0.03016087137187020295764701509189055406047025604165747198767789915635059247442992654095176459424712701,-0.02645545181323346814708993250710108353884866900814581613204771933101794454062294083568795231650350745,-0.0003738558292891026158110167817075134670269086797046261176605202333850908000289983940172597032925147601,-0.0001997494224321973491107087130172038247181627463553194857700493579548568851611977816444084619557331643,-0.03053472720115930557345803187359806752749716472136209810533841938973568327445892494011658188700767069,-0.02665520123566566549620064122011828736356683175450113561781776868897280142578413861321431470688481748
7,5,1103/51200,13/512,499/525,50097/52303,26200061/27459075,8,8/10,9/10,-4.781514711188521093588757595423561564723815859342424455724287687657574036212141027800709002738774706,-4.781514711188521093588757595423561564723815859342424455724287687657574036212140513341449373089241358,-4.247420807207432866351936170228410750921442150925405699644314082593659750947474576177973215408787511,-3.188422731986600377287681659995853191407139811894053431842843805503933596393273216096845318906734101,-0.4781514711188521093588757595423561564723815859342424455724287687657574036212141033071807974354036318,-0.4781514711188521093588757595423561564723815859342424455724287687657574036212140505961910812827875101,-0.0001769758669669763694313306737595171146217267562885585708185130867747358229561447747870989401934569264,-0.0001328509471661083490536534024998272163086308254955855596601184918959972331830530496940386283127132342,-0.4783284469858190857283070902161156735870033126905310041432472818525321394441702484072935360299765164,-0.4782843220660182177079294129448559836886902167597380311320888872576534008543971032940495586709604468,-0.5837213147450367921315032993672646250970721824487863943434390396373186515617058800032185803303193164,-0.5444861185360968320498784251664828763829374013053695170758616468531001501299362197417019471297696505,-12.80734079654817838614407774933602260114524063052224531939461271001529194584769516142362225278672894,-6.553634948134090973871321378039669750266651162846055149220417866126102795851172521468436233622499453,-0.05837213147450367921315032993672646250970721824487863943434390396373186515617058807938834260726085582,-0.05444861185360968320498784251664828763829374013053695170758616468531001501299362188192596270970988684,-0.0005336391998561740994226699062223342750477183596050935549747755295839704977436539673928770344249534821,-0.0002730681228389204572446383907516529062611104651185856312175174110885876164937988534455381009865721341,-0.05890577067435985331257299984294879678475493660448373298931867949331583565391424204884024267747302087,-0.05472167997644860366223248090739994054455485059565553733880368209639860262948742072662065290860080981
7,5,1103/51200,13/512,499/525,50097/52303,26200061/27459075,9,9/10,10/10,-4.965962156719070931360621431663545932226577860836042562835748535789114165301974008619530599944451756,-4.965962156719070931360621431663545932226577860836042562835748535789114165301973468858995906541662669,-5.679740854062786561087137729769424098331201009873740747655167873262542384773059447976570684350594742,-4.089773270037620850253576129585844238432620361631083162192377751779534441900136559615371329523718594,-0.4965962156719070931360621431663545932226577860836042562835748535789114165301974015999069160205818013,-0.4965962156719070931360621431663545932226577860836042562835748535789114165301973462533677140603348734,-0.0002366558689192827733786307387403926707638000420780725311522986613859392660322108111717521694371946965,-0.0001704072195849008687605656720660768432680258484012951317580157396574806017458390220887567273771187063,-0.4968328715408263759094407739050949858934215861256823288147271522402973557962296128596883121121577162,-0.4967666228914919940048227088384206700659258119320055514153328693185688971319431847776876518861535958,-0.9619743482674249136986489763484277965362268331545767024520188519268022764754672660527303423952611122,-0.9196628261804233708718917422022481136291734648974092680766236299505738462704995980780860376219091294,-19.23192441741915094080114481667393319359603718647386153455212713854811635071175467020449395977244411,-9.395509723590382885370734624495103672854979436664051528794246501907928231761820629561527585527447333,-0.09619743482674249136986489763484277965362268331545767024520188519268022764754672671069501367183134347,-0.09196628261804233708718917422022481136291734648974092680766236299505738462704995972874211918796198876,-0.0008013301840591312892000477006947472163998348827697442306063386307728381812796564475019398055697775196,-0.0003914795718162659535571139426872959863689574765276688136997602709128303429900758571834603380031022594,-0.09699876501080162265906494533553752687002251819822741447580822382345306582882638316231499954897554412,-0.09235776218985860304074628816291210734928630396626859562136212326597021497004003547937113742397689241
8,5,13/512,1497/51200,49703/52697,499/525,26194939/27665925,0,0/10,1/10,-4.213495108834189637324214644914945153850870178724600138847767017762285064192721930838758702421182651,-4.213495108834189637324214644914945153850870178724600138847767017762285064192721458548290845693742200,-1.311705704452796994525640438399149985717930810037783079551154793558772651973087279737206183640191082,-1.288716691100578854562588049331518647011447331019533832387475429575468541219266327284873856200780784,-0.4213495108834189637324214644914945153850870178724600138847767017762285064192721937164077468359496586,-0.4213495108834189637324214644914945153850870178724600138847767017762285064192721452222972079755428266,-0.00005465440435219987477190168493329791607158045041824096164796478306494886049887863688066519097809415881,-0.00005369652879585745227344116872214661029214363879248057634947814289897785588413609661570794468033427451,-0.4214041652877711636071933661764278133011585983228782548464246665592934552797710726893595781493216907,-0.4214032074122148211846949056602166619953791615112524944611261799191274842751562809069796198230441467,0.4133840734209838663922340193217292924102350854138108942735184404925124227570298567805771564523332641,0.4479473307268539802453382176534714862492917855040921411770082934089007707648405027744184220613601980,-2.129664450926851385465401267388173681559170776612501711328037955234615339444880546309868709466673300,-1.916497793928880715959353320367384768493850881289292253323333864326575177653744255203593419267222077,0.04133840734209838663922340193217292924102350854138108942735184404925124227570298558581348364196624819,0.04479473307268539802453382176534714862492917855040921411770082934089007707648405035650832678036494398,-0.00008873601878861880772772505280784057006496544902552090463866824813477563914353668983280320740277365276,-0.00007985407474703669649830638834864103202057712005372051055513891101360729906890601008372390858094876474,0.04124967132330976783149567687936508867095854309235556852271317580111646663655944889199132330272575213,0.04471487899793836132803551537699850759290860143035549360714569042987646977741514440227560271751210898
8,5,13/512,1497/51200,49703/52697,499/525,26194939/27665925,1,1/10,2/10,-4.226481692665267826555652563874296415705153774812210289846805376689798686534641531779130710664275535,-4.226481692665267826555652563874296415705153774812210289846805376689798686534641093223696272274509402,-1.372960875553437561531218221476462058874721170226350594882069991307497885645515716918615898895286806,-1.303114684267730432852760005269437258303846414817305761843362692769945901142665406420400200973982249,-0.4226481692665267826555652563874296415705153774812210289846805376689798686534641537050229682279537147,-0.4226481692665267826555652563874296415705153774812210289846805376689798686534641089006817094982300112,-0.00005720670314805989839713409256151925245311338209276460812008624963781241190189648840689817188076595148,-0.00005429644517782210136886500021955988576266026728405440674347344553208107921427772494356371741006130712,-0.4227053759696748425539623904799911608229684908633137935928006239186176810653660505486756845429968264,-0.4227024657117046047569341213876492014562780377485050833914240111145119497326783864217819926727061274,0.3932180928337572454733749467038103067996826083130749984047263899113202240247758639793944454994308828,0.4277366500831021438220622806857229251356825029754247286418322441607421616090205943264774059735075225,-2.348963706183669892208499796893585105685385621644370138550014423887984055020447909567028987924096446,-1.889157027069869654488019188678460402584996781265830766572153366061313385098205551037089489350909714,0.03932180928337572454733749467038103067996826083130749984047263899113202240247758630569521254667601007,0.04277366500831021438220622806857229251356825029754247286418322441607421616090205945900323545542706031,-0.00009787348775765291217535415820389937940355773423518208910625060099533266895918533001965062439388203777,-0.00007871487612791123560366746619493585010770819921940961527383972358588805771242523076919069944844256087,0.03922393579561807163516214051217713130056470309707231775136638839013668973351840094942301821599518055,0.04269495013218230314660256060237735666346054209832306324890938469248832810318963427752190867513499464
8,5,13/512,1497/51200,49703/52697,499/525,26194939/27665925,2,2/10,3/10,-4.252831552393321095017458146585288940601585763079532475639123728610196157417990969277467845479590327,-4.252831552393321095017458146585288940601585763079532475639123728610196157417990505420758343336568456,-1.477921482902537464925857864932519511136885917670671849759102717232384001946982542410013279205856686,-1.355597601959706890450638663308666687251344378196217127782971424394423152894096284632528765095214772,-0.4252831552393321095017458146585288940601585763079532475639123728610196157417990973494347022771799617,-0.4252831552393321095017458146585288940601585763079532475639123728610196157417990499095439577398254521,-0.00006158006178760572770524407770552164629737024656961132707329594655134933341445760616779283836805707671,-0.00005648323341498778710210994430452777863547268242484238032429047601643429803725401150433563961935768585,-0.4253447353011197152294510587362344157064559465545228588909856688075709650752135553131003697041026271,-0.4253396384727470972888479246028334218387940489903780899442366633370360500398363036307903898033163292,0.3519318392677340586920431887903627988166729254173575759638220483947198438490199108065457298321902858,0.3863511364349806078036755286025051723323024958484982400567420020253793108803864496540736121110045720,-2.691489737198342422062568533119707543833211220586855032573621914055892983184597340441141796592535358,-1.951871096191790228417929072690460469916004451646498120134930536924315559731020123463556254490766613,0.03519318392677340586920431887903627988166729254173575759638220483947198438490199098841034097995195036,0.03863511364349806078036755286025051723323024958484982400567420020253793108803864500494060349821491929,-0.0001121454057165976009192736888799878143263838008577856263572342464189955409660248896219036289508756941,-0.00008132796234132459285074704469543585291316685215193742167228877237184648165545917124955456284580225487,0.03508103852105680826828504519015629206734090874087797197002497059305298884393596606777440287445620044,0.03855378568115673618751680581555508138031708273269788658400191143016608460638318584244189683746476620
8,5,13/512,1497/51200,49703/52697,499/525,26194939/27665925,3,3/10,4/10,-4.293328970863166886803049649961762205812123838177763363417102721742947386011378708317245223673075180,-4.293328970863166886803049649961762205812123838177763363417102721742947386011378244460535721530053309,-1.635602451339805672451164051574767273005036683580047300152087049035453893624845841616961726143903912,-1.450665244637927906514445217318386520071892645165095687121526329705911780776143427254473784624541793,-0.4293328970863166886803049649961762205812123838177763363417102721742947386011378712534124400965284470,-0.4293328970863166886803049649961762205812123838177763363417102721742947386011378238135216955591739374,-0.00006815010213915856968546516881561530304187652848250197083967029370981057890103524371539409255880816420,-0.00006044438519324699610476855072159943833632886021521232029673026373774632419900597572980395105629296165,-0.4294010471884558472499904301649918358842542603462588383125499424680045491800389068817790750620857161,-0.4293933414715099356764097335468978200195487126779915486620070024380324849253368293596234741992548668,0.2875067373659916002417999001773847570257272486621018971502633139227069135596227280077283230582394763,0.3217512294207579356680510715247625850895796773279677610528421541511160236993728080561343120169276147,-3.190015097476980662612756306863165420110332830427394449056762331030736442210067484092708628508258935,-2.120602771066243543241594871329293773066681961860480651159227508624008092657722869786032918068105777,0.02875067373659916002417999001773847570257272486621018971502633139227069135596227275465071630419040852,0.03217512294207579356680510715247625850895796773279677610528421541511160236993728084514667348880722356,-0.0001329172957282075276088648461192985591712638679344747687106984304596140184254194792073623967484747411,-0.00008835844879442681430173311963872057387777841507752002713163447952600033719407178571603383079376545772,0.02861775644087095249657112517161917714340146099827571494631563296181107733753685326077281477745805137,0.03208676449328136675250337403283753793508018931771925607815258093558560203274320911425212798584796608
8,5,13/512,1497/51200,49703/52697,499/525,26194939/27665925,4,4/10,5/10,-4.349232714720612231374346098304274556425319086377308434612571157422445579307469798673442739987761124,-4.349232714720612231374346098304274556425319086377308434612571157422445579307469292647941464922646355,-1.860737373512949367685553607508167510480593371234477745526360386509060062187005950981492780910170110,-1.596662960037792966268325518872526476741608021081688214779372103966477481594013899757005025820974220,-0.4349232714720612231374346098304274556425319086377308434612571157422445579307469804998761505926075058,-0.4349232714720612231374346098304274556425319086377308434612571157422445579307469288431062287630437065,-0.00007753072389637289032023140031284031293669139046810323939693168277121083592445858168039405680767127605,-0.00006652762333490804026118022995302193653090033421173700894914050433193656173308391201080918308271603451,-0.4350008021959575960277548412307402959554686000281989467006540474250157687666714394510224906334829527,-0.4349897990953961311776957900603804775790628089719425804702062562465764944924800124642800341411827887,0.1964930993035640884024336020851282927429241917222526883885959055477276287746657035948181024590360744,0.2307017502351000600150531394284112776294836413034820766628344642454769034713385965934614374387067936,-3.908868758619242972567439812881126563840195827312380225199859836657020368691994063291234150470290048,-2.424609526682047782687414303913133156982376223616392712341768369923769745384449883141255135917181581,0.01964930993035640884024336020851282927429241917222526883885959055477276287746657032653744167330822237,0.02307017502351000600150531394284112776294836413034820766628344642454769034713385969887938603098514145,-0.0001628695316091351238569766588700469401600081594713491760499941598607091820288330867885865758223808147,-0.0001010253969450853242786422626630472148742656759840163630142403487468237393910187445172967659986268522,0.01948644039874727371638638354964278233413241101275391966280959639491205369543773721298155563225209118,0.02296914962656492067722667168017808054807409845436419130326920607580086660774284095796537957761413484
8,5,13/512,1497/51200,49703/52697,499/525,26194939/27665925,5,5/10,6/10,-4.422390548793134320025645575962880712785649546638703615427732775078476678313752658937776359496516875,-4.422390548793134320025645575962880712785649546638703615427732775078476678313752195081066857353495004,-2.176623351457397808595274532650023203231783219531559016589432984877882762165150381654065025771177393,-1.807376711645085640038729778799200964856710374483602472668821958405469195462026035459645207151138907,-0.4422390548793134320025645575962880712785649546638703615427732775078476678313752664208875331111778487,-0.4422390548793134320025645575962880712785649546638703615427732775078476678313752189809967885738233392,-0.00009069263964405824202480310552708430013465763414714829235789304103657844842354793300508908915472337505,-0.00007530736298521190166828040744996670686902959893681676969453424826689454981091775100734162379321747993,-0.4423297475189574902445893607018151555786996122980175098351311705488842462797988148644016461358243401,-0.4423143622422986439042328380037380379854339842628071783124678117561145623811861366977728722276541643,0.07372496305651743100893325955925063795182114925279787643133239393390663513094284186652222249574748649,0.1081730585554141898823554262399605685233115520577962010234600330988953284676487080464119093108817438,-4.956011187363145311926054620862932886677228029070271296446398285355063623938662367881361494866159181,-2.908729428840013184017525751474360072940274962190727567020140146867657080528523727099711259734860258,0.007372496305651743100893325955925063795182114925279787643133239393390663513094284173474474820536594618,0.01081730585554141898823554262399605685233115520577962010234600330988953284676487081781893836012632841,-0.0002065004661401310546635856092026222036115511678779279706852665952231276509974442660840515164199966111,-0.0001211970595350005493340635729780983363725114567579469819591725061194857116886884878762385457360954810,0.007165995839511612046229740346722441591570563757401859672447972798167535862096839906103533906749590778,0.01069610879600641843890147905101795851595864374902167312038683080377004713507618233020007769386363437
8,5,13/512,1497/51200,49703/52697,499/525,26194939/27665925,6,6/10,7/10,-4.515423032056341296437217473753356324462540856347688654674451380383233744499214342974740011977461721,-4.515423032056341296437217473753356324462540856347688654674451380383233744499213862250513800665602691,-2.620312340898246255290004402539918604948847002247392294940168901615097347696811854300129370998752204,-2.104744711716884016808927219217588381352769560485359919461202177940601788198441291003117760222417285,-0.4515423032056341296437217473753356324462540856347688654674451380383233744499214347191619189269671011,-0.4515423032056341296437217473753356324462540856347688654674451380383233744499213856979414829050341079,-0.0001091796808707602606370835167724966085395352917603080122891737042339623894873671610285767318128936395,-0.00008769769632153683403370530080073284922303206502022332997755009074752507450826838653556297742886247479,-0.4516514828865048899043588308921081290547936209265291734797343117425573368394088020208475067909938849,-0.4516300009019556664777554526761363652954771176997890887974226881290708995244296535730671993688142973,-0.08851583283120942885872689507281849763886800782932436022837883601417625493347854479126846607154458991,-0.05326593315759533875225227826184597639556829935324708856503570458493735682001828979149373472982392796,-6.515796568345928518724600772565969451256782743937508039736290978670076644608097245986400286701034086,-3.645325463150005459273693200695959601358024068621287065858650205920846204278424349540850269395902413,-0.008851583283120942885872689507281849763886800782932436022837883601417625493347854498893467750711690037,-0.005326593315759533875225227826184597639556829935324708856503570458493735682001828967618844472574008019,-0.0002714915236810803549468583655235820604690326143307295016556787907779198601920040529497295759110566270,-0.0001518885609645835608030705500289983167232510028592202944107770919133685918449343468769463431529680671,-0.009123074806802023240819547872805431824355833397263165524493562392195545353539858556475999157143972690,-0.005478481876724117436028298376213595956280080938183929150914347550407104273846763308576099587838742831
8,5,13/512,1497/51200,49703/52697,499/525,26194939/27665925,7,7/10,8/10,-4.632015522454786392871631186812721195282147498739980721025274835083638020637329822462157783749727705,-4.632015522454786392871631186812721195282147498739980721025274835083638020637329324870414863269031516,-3.252156226264087637621368372424020619067578193877608984170983788468175353939799384931700922256872899,-2.523762408754248247351763249616505055731729526192356663564128376690008579303590473114120865819845483,-0.4632015522454786392871631186812721195282147498739980721025274835083638020637329825624817166718884673,-0.4632015522454786392871631186812721195282147498739980721025274835083638020637329319599315891653769904,-0.0001355065094276703182342236821843341924611490914115670410071243245195073064141583082126935462429528202,-0.0001051567670314270103063234687340210439888220635913481943151720156954170241376496023899365248323376071,-0.4633370587549063096053973423634564537206758989654096391435346078328833093701471409394143040375296061,-0.4633067090125100662974694421500061405722035719375894202968426555240592190878705815148353069273667612,-0.3015607514828764315654572785043142927303403575012565597407882859634027548264406692330021153672458714,-0.2648687374989055261845934617818947014216191205502013069157746367980143928422911495662443650990318184,-8.891346675898475934570476026651129964148601909785646063081119748150673460240925445039102423329196164,-4.752318356668633973398843022862360048615790610245485100514773841636491942867339772124047951272290007,-0.03015607514828764315654572785043142927303403575012565597407882859634027548264406696283345382383904923,-0.02648687374989055261845934617818947014216191205502013069157746367980143928422911492368006793730779676,-0.0003704727781624364972737698344437970818395250795744019192950466561729447275100385618118825228145004395,-0.0001980132648611930822249517926192650020256579420935618791881155767348538309528058226593681394755355928,-0.03052654792645007965381949768487522635487356082970005789337387525251322021015410553648471880243001618,-0.02668488701475174570068429797080873514418756999711369257076557925653629311518192074479516879994292368
8,5,13/512,1497/51200,49703/52697,499/525,26194939/27665925,8,8/10,9/10,-4.777389436942238243613171610422839470612003136385979428620104430081736010806918574669529267704375189,-4.777389436942238243613171610422839470612003136385979428620104430081736010806918068644027992639260420,-4.174272666088677818007064413486169439028923818240017220357699774275221571300602927443700993533014604,-3.121545473542884957505331942588873389527480200323523110359523009224377349703638021660356382874210293,-0.4777389436942238243613171610422839470612003136385979428620104430081736010806918577832188650673532156,-0.4777389436942238243613171610422839470612003136385979428620104430081736010806918061264489432377894163,-0.0001739280277536949090836276838952570599595384924266673841815708239281342321375251227043423473753570289,-0.0001300643947309535398960554976078697245636450083468134629316467920510157229043182500665514967568175326,-0.4779128717219775192704007887261792041211598521310246102461920138321017353128293830387301932230037188,-0.4778690080889547779012132165398918167857639586469447563249420898002246168035961242318691264704946213,-0.5826180902905404177239652072988716594158616764217852480018345297681775740609588490765732438613059790,-0.5437604814158462090127997590921206053577139503883558141409531101265744885600749066167480245916150021,-12.65498912249536631009337503247524508372486695971600039635875857846617726042856994977079906157724993,-6.475662778696314737264184917851946407997091758729630712329730062442707148841361615215657001967449581,-0.05826180902905404177239652072988716594158616764217852480018345297681775740609588496036831410228321403,-0.05437604814158462090127997590921206053577139503883558141409531101265744885600749059578606531397073006,-0.0005272912134373069295872239596864685451552027899881666831816149407694240525178570841148461188579994284,-0.0002698192824456797807193410382438311003332121566137346130137387526017794645350567322473484658543930034,-0.05878910024249134870198374468957363448674137043216669148336506791758718145861374207639801727584299275,-0.05464586742403030068199931694745589163610460719544931602710904976525922832054254726368894391147476159
8,5,13/512,1497/51200,49703/52697,499/525,26194939/27665925,9,9/10,10/10,-4.959087679957489133104041682169681681141035597527547235855152019917192551032854295493237034591949420,-4.959087679957489133104041682169681681141035597527547235855152019917192551032853755732702341189160334,-5.568537129532394199605186781920931993619718230887985559330330854193491553361019576095235897099101716,-3.994882898587582552220175462883246434726117138195971608542061017941249973037361995520441654781325227,-0.4959087679957489133104041682169681681141035597527547235855152019917192551032854300764336006207211033,-0.4959087679957489133104041682169681681141035597527547235855152019917192551032853747298943986604741754,-0.0002320223803971830916502161159133721664008215929536660649720971189247288147233758165182659787781980000,-0.0001664534541078159396758406442868019347802548807581654836892525424142187488765567488318840885573177041,-0.4961407903761460964020543843328815402805043813457083896504872991106439839180088059904980829199184493,-0.4960752214498567292500800088612549700488838146335128890692044545341334738521619313206962647523630054,-0.9586818298376134359552805822000430591329270509548383940019325146458614965222551552634844517804980528,-0.9167783208650377073179849225633100964685655551541789402298889157423797753208165933520712013142322739,-18.93584384731440523974526373059694515379743899321190859760088161346036684250787996770541715554956678,-9.249685381701882153502908866236101918143268954621228195901218124939022096808575379158526171757773270,-0.09586818298376134359552805822000430591329270509548383940019325146458614965222551565812591946843134558,-0.09167783208650377073179849225633100964685655551541789402298889157423797753208165925614063555719430321,-0.0007889934936381002183227193221082060480748932913838295249000367338941819517711616683766492332561205816,-0.0003854035575709117563959545360931709132559695397758845081625507552057925873670239716745044344505014160,-0.09665717647739944381385077754211251196136759838686766892509328819848033160399667740989300165106953464,-0.09206323564407468248819444679242418056011252505519377853115144232944377011944868315471982222119879399
9,5,1497/51200,847/25600,24753/26447,49703/52697,1309452041/1393677559,0,0/10,1/10,-4.216622641811196521099868912384485169318382969083240291986486429626737425778329180037494040779125595,-4.216622641811196521099868912384485169318382969083240291986486429626737425778328758349576311558196621,-1.297104024529258308518591949055706026334335190315894898615728023181726397294529843484068013195131066,-1.273896983189224229786053764250563139157885935275774082819406490521212176115120033176737010438560225,-0.4216622641811196521099868912384485169318382969083240291986486429626737425778329185308593012394387207,-0.4216622641811196521099868912384485169318382969083240291986486429626737425778328753078477339942935009,-0.00005404600102205242952160799787732108443059729959649562077565533429923859988727207703438224033446491130,-0.00005307904096621767624108557351044013079824524730315725345080860377171717400479666774360895845983696025,-0.4217163101821417045395084992363258380162688942079205248194242982969729811777201908432014097883304576,-0.4217153432220858697862279768119589570626365421556271864520994515664454597518376715419096160400719015,0.4132726665281890003175584984738189894317483683208532480397917699590625388459492112932682520898524768,0.4474361408435915388767125340814358861902266120258123710076415439763424080639017587823752714541437529,-2.133954691413738962102398194501200432682562817680691339415165702210178098231359770724435237246506423,-1.921856289205557623605206141586875556533073529004977652714542712436452524204467435200607527249158600,0.04132726665281890003175584984738189894317483683208532480397917699590625388459492107661583549283263156,0.04474361408435915388767125340814358861902266120258123710076415439763424080639017593094851686156699141,-0.00008891477880890579008759992477088335136177345073669547247563190425875742075963999087306923662655722872,-0.00008007734538356490098355025589945314818887806370854073552977261301818552184185280928767174823033046334,0.04123835187400999424166824992261101559181306338134862933150354509164749646383528103503932399994598949,0.04466353673897558898668770315224413547083378313887269636523438178461605528454832318510449240353011737
9,5,1497/51200,847/25600,24753/26447,49703/52697,1309452041/1393677559,1,1/10,2/10,-4.229462390270660038117633274529457134537374016189373689383083248930478697978750021388581787215954715,-4.229462390270660038117633274529457134537374016189373689383083248930478697978749582833147348826188582,-1.357824851561979825120691247211650317665303102359311817105700674396195965646592839144135995043933813,-1.287446141194003038576206720792234174950160316544011935412937346495430849502502324542516170010780941,-0.4229462390270660038117633274529457134537374016189373689383083248930478697978750024551241170185111682,-0.4229462390270660038117633274529457134537374016189373689383083248930478697978749576507828582887874647,-0.00005657603548174915938002880196715209656938762926497132571273752809984149856860803520816164428129954530,-0.00005364358921641679327400861336634309062292334652266716397553905610397628539593759650230096735399561922,-0.4230028150625477529711433562549128655503067892482023402640210624211477112964436105544837151215377781,-0.4229998826162824206050373360663120565443603249654600361022838639491518460832708951748976306542473037,0.3930575261992920483565897077969318588052541094007447173779926246506905651954524686706901921936073869,0.4271775369334092666086759269111108416258584112608055990370477598395730593533579077428021363719740712,-2.351867283515027296686693681712297956682252727271375656976817860201431357563644157619867554034192566,-1.894228280317367083729487204356848698428069206725251841241631706348031320432324564483916766070867709,0.03930575261992920483565897077969318588052541094007447173779926246506905651954524678800253464513181451,0.04271775369334092666086759269111108416258584112608055990370477598395730593533579081381345592431186921,-0.00009799447014645947069527890340467908152842719696964065237403407750839297323181850695596349416994527259,-0.00007892617834655696182206196684820202910116955028021882671840132109783463835134685635521295725911428861,0.03920775814978274536496369187628850679899698374310483108542522838756066354631342827950230387412146056,0.04263882751499436969904553072426288213348467157580034107698637466285947129698444400018297095963739494
9,5,1497/51200,847/25600,24753/26447,49703/52697,1309452041/1393677559,2,2/10,3/10,-4.255511640726626445322317481231873486340367567938674472512401462967447339150560599430249094750253493,-4.255511640726626445322317481231873486340367567938674472512401462967447339150560160874814656360487360,-1.461463672913481438540326781606651076813551972975011742438092700914851091862505271512384968204606538,-1.338310129144208801730068973583912509531214519022066194945692385622563248733853336888727233811724268,-0.4255511640726626445322317481231873486340367567938674472512401462967447339150560605755567860688567428,-0.4255511640726626445322317481231873486340367567938674472512401462967447339150560152441056301776068781,-0.00006089431970472839327251361590027712820056466554062548926825386253811879549427105322350535149632757550,-0.00005576292204767536673875287389932968789713393829258609145607051606760680203057722198721376483275155871,-0.4256120583923673729255042617390876257622373214594080727405084001592828527105503320223754136050522315,-0.4256069269947103198989705009970866783219338907321600333426962168128123407170865924217595042031462306,0.3516812076250560233127304506364735721332874290523395938961737882217649605569554111398954199733971202,0.3857044230411083582862207991522583978338778571828194376407613150094180747075249238367168289292178566,-2.691829632783349577872837561427847249138378930652455182035717137687015818353191107889613870494864774,-1.955804059357849454392740861243983670745171507710901541125640654452501284602635649539096738349997081,0.03516812076250560233127304506364735721332874290523395938961737882217649605569554102174530999407263381,0.03857044230411083582862207991522583978338778571828194376407613150094180747075249246273816746715070985,-0.0001121595680326395657447015650594936353807657887771856325848215474036256590980496299823595259009615679,-0.00008149183580657706059969753588516598628104881282128756421356836060218755352510981815975997550626320373,0.03505596119447296276552834349858786357794797711645677375703255727477287039659749137696372239845108910,0.03848895046830425876802238237934067379710673690546065619986256314033961991722738269399496035053752426
9,5,1497/51200,847/25600,24753/26447,49703/52697,1309452041/1393677559,3,3/10,4/10,-4.295540002086254553930725250621389517625633377002135546329043559055547084635289761595478980187686818,-4.295540002086254553930725250621389517625633377002135546329043559055547084635289331473802896382339264,-1.616831907562796287093353216322839374759644022496372599611059230964180389516099388278273454295997019,-1.430842270080508329109339563268249867340902443959737017792750336505438868436455747486443848853315927,-0.4295540002086254553930725250621389517625633377002135546329043559055547084635289767920797746126000752,-0.4295540002086254553930725250621389517625633377002135546329043559055547084635289325148484130444025330,-0.00006736799614844984529555638401345164061498516760401552498379413462350751622983747476073651459258580877,-0.00005961842792002118037955581513617707780587093516498904240803126402105995285151898911415474970121838290,-0.4296213682047739052383680814461524034031783228678175701578881500401782159797588144199803494138665213,-0.4296136186365454765734520808772751288403692086353785436753123871695757684163804511593335871792192153,0.2871434775954020811561190094823375354000677489814244163421939603179189954262550672951213424149511812,0.3209955938927571104689929194773471887571688774378540351917533368694181613740038942856867169679668215,-3.186035710180398342800742380568773402162587155920040919493130269380809509743344124625632930277801081,-2.122298946687178752489720118258608223310172682440630840612852807981962534465196535173260940775006033,0.02871434775954020811561190094823375354000677489814244163421939603179189954262550667680114452534250200,0.03209955938927571104689929194773471887571688774378540351917533368694181613740038949445740884198745230,-0.0001327514879241832642833642658570322250901077981633350383122137612242003962393060057603387222935830338,-0.00008842912277863244802040500492744200930459052843502628502553553366591510560271652166951116459333424899,0.02858159627161602485132853668237672131491666709997910659590718227056769914638620066203258002147986836,0.03201113026649707859887888694280727686641229721535037723414979815327590103179767301731427082629256819
9,5,1497/51200,847/25600,24753/26447,49703/52697,1309452041/1393677559,4,4/10,5/10,-4.350782068134752294081585418032094198845874847669956467226376471382807943081398716238451228219634481,-4.350782068134752294081585418032094198845874847669956467226376471382807943081398252381741726076612609,-1.838309794124411919598616957027641618130638195211767779419075756144150194670513860214084783546295144,-1.573110140678681157349773197275658602521963310301309748882796639460690557447067578713140412734872576,-0.4350782068134752294081585418032094198845874847669956467226376471382807943081398720455330405511843770,-0.4350782068134752294081585418032094198845874847669956467226376471382807943081398246056422960138298675,-0.00007659624142185049664994237320948506742210992480049032414246148983933959144460474447311569465234770246,-0.00006554625586161171488957388321981910843841513792922123953678319331086210656029448201158381947355351472,-0.4351548030548970799048084841764189049520095946917961370467801086281201338995844772361707103129781312,-0.4351437530693368411230481156864292389930258999049248679621744303315916564147001188370965141659471134,0.1960243435116789904530534857279326891174351788283890945948882231775694440018959793491918544379329417,0.2298515894486502569133615380849716237164955736514655342497920211711789100078000039790656977821303806,-3.897812231197415865644232973099968140456417398487560648941149104158957819862133091479840284561183623,-2.422341885378778261737295685356253505492001771577843460505152869247411415242618398550234918062133277,0.01960243435116789904530534857279326891174351788283890945948882231775694440018959791515256430023606313,0.02298515894486502569133615380849716237164955736514655342497920211711789100078000043743981206532750015,-0.0001624088429665589944018430405458320058523507249369816937058812126732899091609222129583074443259978867,-0.0001009309118907824275723873202231772293955000738157434775210480362186421423017757659998775042132550800,0.01944002550820134005090350553224743690589116715790192776578294110508365449102867567928762558277733656,0.02288422803297424326376376648827398514225405729133080994745815408089924885847822470219659115818571785
9,5,1497/51200,847/25600,24753/26447,49703/52697,1309452041/1393677559,5,5/10,6/10,-4.423048803336433969038966012319127705749850286621371658419981576241205465149425005336971876110653689,-4.423048803336433969038966012319127705749850286621371658419981576241205465149424516178987310214376079,-2.148588769477481260602921121684089888669056912278293415921697937036284773077181885950765104859001781,-1.778442211647670281937212583662416973701257862283392073261160477187863060330275937686147703446176225,-0.4423048803336433969038966012319127705749850286621371658419981576241205465149425011662290642048967623,-0.4423048803336433969038966012319127705749850286621371658419981576241205465149424510907888338599114467,-0.00008952453206156171919178838007017041202787737134492889233007074737651186554488257893097262494698650538,-0.00007410175881865292841405052431926737390421907759514133638588168654949429418042816353834187006522768785,-0.4423944048657049586230883896119829409870129060334820947343282283714970583804873840543995590171355861,-0.4423789820924620498323106517562320379488892477397323071783840393106700408091228792504665075378756527,0.07321574371290482740661392914905638404934924938462422608446854726802141721786216921233619692504414756,0.1072931934012422458501231485406025863958864069637394978670179766706716694598983695425019824083331888,-4.933561078358442065673321304361927682483533053774276685436782797736033541108653414660995770611408995,-2.899619826760671411213420249953727010571915689327106575995450813218556549566620972198439853054715779,0.007321574371290482740661392914905638404934924938462422608446854726802141721786216908055872263466260726,0.01072931934012422458501231485406025863958864069637394978670179766706716694598983696742794566987147291,-0.0002055650449316017527363883876817469867701472105739281952265326165723347308795272265298854387485008043,-0.0001208174927816946421338925104147386254404964870552961073331437838841065228986092064316276779580964483,0.007116009326358880987925004527223891418164777727888494413220322110229806990906689680753853186297555584,0.01060850184734252994287842234364552001414814420931865367936865388318306042309122777000454377348242707
9,5,1497/51200,847/25600,24753/26447,49703/52697,1309452041/1393677559,6,6/10,7/10,-4.514906069316901300885637615653555037774692062628110797888513991781708779878831609886323202503784341,-4.514906069316901300885637615653555037774692062628110797888513991781708779878831137595855345776343890,-2.583668053445646987394815581793871959130915231762669224025103697631639192061045157907904313824654164,-2.068025211608271499634601255087940595814770369521253906648072891021042744969851763776807724492184187,-0.4514906069316901300885637615653555037774692062628110797888513991781708779878831617265861762765150598,-0.4514906069316901300885637615653555037774692062628110797888513991781708779878831132324756374161082278,-0.0001076528355602352911414506492414113316304548013234445510010459874013182996692102153925817137477808853,-0.00008616771715034464581810838562866419149228209873005224611033637045921011437374382294437287635830087194,-0.4515982597672503653797052122145969151090996610641345243398524451655721962875523722145419323525949719,-0.4515767746488404747343818699509841679689614883615411320349617355486300881022568569740886003788716718,-0.08890412281751696641416355191726473707424101401617746811327604584978947351324948423990246974774227776,-0.05401798604070799601794804082879566533113709788102846651751961320723687879813239467471425080630255513,-6.472596327409525147837041157947071870411438820409857688068917556238090304730730853115504066934785241,-3.623987319170542593385977742814821162122860279685765546405055695596372619385940750782187293148305135,-0.008890412281751696641416355191726473707424101401617746811327604584978947351324948440462431261071920314,-0.005401798604070799601794804082879566533113709788102846651751961320723687879813239460882551366111178498,-0.0002696915136420635478265433815811279946004766175170774036695382315099204293637804532920740735414482463,-0.0001509994716321059413910824059506175484217858449869068977668773206498488591410808635788632015230204879,-0.009160103795393760189242898573307601702024578019134824214997142816488867780688728894784016852506974344,-0.005552798075702905543185886488830184081535495633089753549518838641373536738954320320600746375533177297
9,5,1497/51200,847/25600,24753/26447,49703/52697,1309452041/1393677559,7,7/10,8/10,-4.629957742436875406126456565636094775310744520810518974789432857178945606451206691748141886799524341,-4.629957742436875406126456565636094775310744520810518974789432857178945606451206219457674030072083891,-3.202053726221611882468184860793843327438757841908860860615985776533926727538188109892825109905199386,-2.475596063667597256412027890838962257216316400770569000360244243259583650557929984444249294855963984,-0.4629957742436875406126456565636094775310744520810518974789432857178945606451206698073460652737838276,-0.4629957742436875406126456565636094775310744520810518974789432857178945606451206213132355264133769956,-0.0001334189052592338284361743691997434719766149100795358691923327406889136136474245051752980522790789251,-0.0001031498359861498856838344954516234273840131833654403750150101768024826521065804153664864259530481697,-0.4631291931489467744410818309328092210030510669911314333481356184585834742587680948388591268491688634,-0.4630989240796736904983294910590611009584584652644173378539582958946970432972272014305584284091311694,-0.3015084529657329964045107110176771890095470691720738263169716705012595134211561508436749605018916562,-0.2651737877550755950482143408511536012249349634696863971119835307314105974932715915546884365787855423,-8.811225994192322502114579724160027330315009204234712699395193270253084779566415165258502108318813821,-4.711136156660855949531022878523537484682565898585708065387708086692715538972387895936283889679792530,-0.03015084529657329964045107110176771890095470691720738263169716705012595134211561512390073833730362771,-0.02651737877550755950482143408511536012249349634696863971119835307314105974932715911593560137076409214,-0.0003671344164246801042547741551733344720964587168431130291414663862605451991486006332049183461076241200,-0.0001962973398608689978971259532718140618617735791077378360578211702788631474571828276473123916055096378,-0.03051797971299797974470584525694105337305116563405049566083863343638649654126421578644673494337901667,-0.02671367611536842850271856003838717418435526992607637754725617424341992289678434191295494610503482971
9,5,1497/51200,847/25600,24753/26447,49703/52697,1309452041/1393677559,8,8/10,9/10,-4.773301582054229139521405201974767889950206265635054272205099177794572843175131713102001505419737601,-4.773301582054229139521405201974767889950206265635054272205099177794572843175131190208983521185785673,-4.102396002770554658117860527315459565576300135796354847437803407660792737755518237851888590767692402,-3.056085445221935771566262831110756571962098347331850340113825263366915041590648461660809074701001997,-0.4773301582054229139521405201974767889950206265635054272205099177794572843175131718373100477034999213,-0.4773301582054229139521405201974767889950206265635054272205099177794572843175131185992104343893576384,-0.0001709331667821064440882441886381441485656791723248481186432418086525330307398132606730202222018512005,-0.0001273368935509139904819276179629481904984207644721604308380760526402881267329436849629328661149775380,-0.4775010913722050203962287643861149331435863057358302753391531595881098173482529856165994950646056860,-0.4774574950989738279426224478154397371855190473279775876513479938320975724442460621315482847277455585,-0.5815197333182562641404037087105743298696002423541976733159984873514958860346394127514018750617433233,-0.5430347729479067403477705362898748554032871719746566088345228324574368876252244056440489834342870018,-12.50520177764339556635506736618559234691209306140522099305761519828418857242664954927831608267709906,-6.398903685773511505253263813733436690751884604770791958612274036793706605935993598087505578435219050,-0.05815197333182562641404037087105743298696002423541976733159984873514958860346394134102892465136510248,-0.05430347729479067403477705362898748554032871719746566088345228324574368876252244051169390862727608406,-0.0005210500740684748152647944735910663477880038775585508747107339665951745238511104002091744878128537755,-0.0002666209869072296460522193255722265287813285251987829982755114181997377752473330649013258738036702574,-0.05867302340589410122930516534464849933474802811297831820631058270174476312731505177212344467598612976,-0.05457009828169790368082927295455971206911004572266444388172779466394342653776977352100161253482504200
9,5,1497/51200,847/25600,24753/26447,49703/52697,1309452041/1393677559,9,9/10,10/10,-4.952286832642983471060134006013445261648086033658712468481338045841143108110607277087004624515667828,-4.952286832642983471060134006013445261648086033658712468481338045841143108110606762627744994866134479,-5.459693849472044394640537829958860002292175114007773965936741704889722109967010861226699103971807106,-3.902298636730114237183460458676604308068706550461110658279064045458389801271778979122151070157816809,-0.4952286832642983471060134006013445261648086033658712468481338045841143108110607284466543184777034085,-0.4952286832642983471060134006013445261648086033658712468481338045841143108110606757356646023250872867,-0.0002274872437280018497766890762482858334288406297503239152473642377037384212486254534941450130560348606,-0.0001625957765304214265493108524448585128361961062692129440949610018940995750529907896745887400858787295,-0.4954561705080263489557900896775928119982374439956215707633811688218180492323093543567368216765736084,-0.4953912790408287685325627114537893846776447994721404597922287655860084103861136664236749286731795943,-0.9554217952122565465579538210992773957778691677400011125223175559497102323286669442291962437293574885,-0.9139208882347589378505226580537106805199411484303954331363447531635750754808424690026888149363879030,-18.64608381187401503804381556415137312451746189782595437690125722522160039454656734540181670851563363,-9.106806093262974173253867775132650019124862929450472786774133639332311661072431711764707047375708562,-0.09554217952122565465579538210992773957778691677400011125223175559497102323286669458105259352139359721,-0.09139208882347589378505226580537106805199411484303954331363447531635750754808424674213591234518094194,-0.0007769201588280839599184923151729738801882275790760814323708857177175666831061069762007065805969645269,-0.0003794502538859572572189111572971937507968692887271030327822555683055129858780179854411256086694199365,-0.09631909968005373861571387442510071345797514435307619268460264131268858991597280165814542885556392853,-0.09177153907736185104227117696266826180279098413176664634641673088466302053396226459940285397609644181
10,4,847/25600,261/6400,6139/6661,24753/26447,163618933/176163467,0,0/10,1/10,-4.221257655355947631010574595588325456132414076198279380841420713557996230222259770665533033374656991,-4.221257655355947631010574595588325456132414076198279380841420713557996230222259306808823531231635120,-1.275371827422422907117249760108293743067678486803109937782373498461536830552633364616979785522239679,-1.251859003106703984506880020391543206469556597295063534017994151943942935849316200517146012627792798,-0.4221257655355947631010574595588325456132414076198279380841420713557996230222259774882412210666866281,-0.4221257655355947631010574595588325456132414076198279380841420713557996230222259300483504765293321185,-0.00005314049280926762112988540667117890596115327028346291407426556243589736793969305707781202194915121564,-0.00005216079179611266602112000084964763360289819155396098058408308966433095566038817467374444273110154600,-0.4221789060284040307221873449655037245192025608901114009982163369182355203901656706175778727507932353,-0.4221779263273908757670785795596821932468443058113818990647261544454639539778863178305872992449943654,0.3962600263115914065277727249108351622920002116558554512907184233879896579297848034963704981424951533,0.4634132294044304586991890152466455121528575904012803953518663598262203348888006358845527420174736567,-2.183106427383520422072468454026307200228316455539217663208595858149372464217933202852239643216436890,-1.887920925486970886785558557513336699102246522086803435759691169850066159073770254618598157589385897,0.03962600263115914065277727249108351622920002116558554512907184233879896579297848025739281781098243712,0.04634132294044304586991890152466455121528575904012803953518663598262203348888006364116626391789998179,-0.00009096276780764668425301951891776280000951318564746740263369149408955718600908055051692110538621244007,-0.00007866337189529045361606493989638902912926027175361680982332046541041942329474042669821896169457823444,0.03953503986335149396852425297216575342919050797993807772643815084470940860696939969761029304455377262,0.04626265956854775541630283658476816218615649876837442272536331551721161406558532322206069240067074621
10,4,847/25600,261/6400,6139/6661,24753/26447,163618933/176163467,1,1/10,2/10,-4.233878948896275473764701929471463065098871037115625585651633169639413682650298721480386837401752649,-4.233878948896275473764701929471463065098871037115625585651633169639413682650298274491194044427567937,-1.335294768677134320958257830856458595110016078360426913179122067692469872470215587213201686731903842,-1.264177595330919584553062469004184805861683935517033095040776874734478787005819529485310232419175860,-0.4233878948896275473764701929471463065098871037115625585651633169639413682650298725697266014693961939,-0.4233878948896275473764701929471463065098871037115625585651633169639413682650298267111655484166201680,-0.00005563728202821393003992740961901910812958400326501778804913008615385291135292564967346221103184835206,-0.00005267406647212164935637760287517436691090349731320971229336570311393661612524248003883868923996245871,-0.4234435321716557613065101203567653256180166877148275763532124470500952211763827987239893963880315769,-0.4234405689560996690258265705500214808767980072088757682774566826670553048811550687306910162580765933,0.3759942122079813634885549115097186578437426742913503901180465575391467869401361310275970995957214752,0.4430640666769770924934369082455418003386073524310445550935739746434203927889321419180122743749081872,-2.401625936847901446450390722624801215647612435663819263267748018640359674488268512417781650714281817,-1.858227676374017767505491208562401559758751571599462950458558767534569930824458497512401034254775452,0.03759942122079813634885549115097186578437426742913503901180465575391467869401361303687097281438137737,0.04430640666769770924934369082455418003386073524310445550935739746434203927889321421815672229556712678,-0.0001000677473686625602687662801093667173186505181526591359694895007766816531036778551089193218305230624,-0.00007742615318225074031272880035676673165661464881664428960243994864727374711768577016859959917526715843,0.03749935347342947378858672487086249906705561691098237987583516625313799704090993516039968949625853430,0.04422898051451545850903096202419741330220412059428781121975495751569476553177552849882025389238864519
10,4,847/25600,261/6400,6139/6661,24753/26447,163618933/176163467,2,2/10,3/10,-4.259481108176516689083639991577731803868687515688482757637382248003311216136636499445036857689042745,-4.259481108176516689083639991577731803868687515688482757637382248003311216136636027154569000961602294,-1.436979664984929527404334971734405089051561332499730979998759967707387932067801521750066991889432354,-1.312683996368142486852948181411768878587148814063856760933284835899225968221549559195069319067988998,-0.4259481108176516689083639991577731803868687515688482757637382248003311216136636503661916034981252035,-0.4259481108176516689083639991577731803868687515688482757637382248003311216136636018720810646377183715,-0.00005987415270770539697518062382226687871048172218748879083328166532114116383615839696899560789935150352,-0.00005469516651533927028553950755882370327446453391932736503888686816246774867589789798356293371484696506,-0.4260079849703593743053391797815954472655792332910357645545715064656522627774998092110624538596114212,-0.4260028059841670081786495386653320040901432161027676031287771116684935893623394993935851343717152535,0.3345339415278112961141841516479342507972219567026794361042261702949976572857794524101679063532428979,0.4014173419253508240995368611103483964167411823602339332119978830758526276147626428395386512698701994,-2.743104234809503051498275020058307692824448104061534063960543013061963175278813579825869156383001554,-1.913923224657759237906236384893602278084345501016793658087095618986963908512447896597836500261510016,0.03345339415278112961141841516479342507972219567026794361042261702949976572857794518830580091917167367,0.04014173419253508240995368611103483964167411823602339332119978830758526276147626431030935998506332800,-0.0001142960097837292938124281258357628205343520043358972526650226255442484656366172329141579295070743655,-0.00007974680102740663491275984937056676158684772920903306908696231745779016285468532848784801234306523356,0.03333909814299740031760598703895766225918784366593204635775759440395551726294132790854886892550553615,0.04006198739150767577504092626166427288008727050681436025211282599012747259862157904629467078080732497
10,4,847/25600,261/6400,6139/6661,24753/26447,163618933/176163467,3,3/10,4/10,-4.298812222012005798769067309443352262619188358474710019735814886457958413632506116283916180136605100,-4.298812222012005798769067309443352262619188358474710019735814886457958413632505652427206677993583229,-1.588940858253386405265381005082686915121382501480394559682513274983642088213971029525140959463858785,-1.401520936870505492267734824640875253605049785497764068003275656786303633633727658931841684294970531,-0.4298812222012005798769067309443352262619188358474710019735814886457958413632506120500795357428814390,-0.4298812222012005798769067309443352262619188358474710019735814886457958413632505646101887912055269294,-0.00006620586909389110021939087521177862146339093756168310665343805312431842034224879324416942534710380039,-0.00005839670570293772884448895102670313556687707439574016950013648569942931806807198543827806500285100280,-0.4299474280702944709771261218195470048833822267850326850802349266989201597835928612824103675498514095,-0.4299396189069035176057512198953619293974857129218667421430816251314952706813186364080629396042884767,0.2699170618786505206623339156079815990750943743536364883181965841703573794056872029076335372014432821,0.3364690044308538329848539564572952232683721313972837058409143791853840647709025195451481121561873270,-3.239272999982824516955784837082103925571011385591350992554076746687881068197514690429972347248234270,-2.070222115450915449522017753232471229233252810717619945057611793234283791910938391295513920534826437,0.02699170618786505206623339156079815990750943743536364883181965841703573794056872026440785886206802015,0.03364690044308538329848539564572952232683721313972837058409143791853840647709025198087030607369504076,-0.0001349697083326176882064910348784209968987921410663062913564198644453283778415631126365948371066847687,-0.00008625925481045481039675073971801963455138553377990083104406715805142849132962243246824479262353814578,0.02685673647953243437802690052591973891061064529429734254046323855259040956272715714044663732813167176,0.03356064118827492848808864490601150269228582760594846975304737076048697798576062961326128690836866698
10,4,847/25600,261/6400,6139/6661,24753/26447,163618933/176163467,4,4/10,5/10,-4.353071466424903118473809232941169212455378627710140764142992803323802580798282193859932935842844712,-4.353071466424903118473809232941169212455378627710140764142992803323802580798281713135706724530985682,-1.805044507412631639149760255818157299681736518278220532014470556880972065136341719693044288757131678,-1.538355845815701970898468212476675808738951415669927470788842797747261953272396332226003738322123837,-0.4353071466424903118473809232941169212455378627710140764142992803323802580798282200185251701781158647,-0.4353071466424903118473809232941169212455378627710140764142992803323802580798281704701948369946567103,-0.00007521018780885965163124001065908988748673902159492585550060293987004050271401423858890284769581372750,-0.00006409816024232091545410284218652815869745630898624697794953511657280258138634984668981088214500869474,-0.4353823568302991714990121633047760111330246017926090022697998832722502985825422346892515326616527061,-0.4353712448027326327628350261363034494042353190800003233922488154489530606612145200532010103563019376,0.1786576264067633434843041886574700118089394634895183624701954204291878811038116538870994474672312439,0.2451916667442193038972410199277382181048189855847748808521243229282582376289873184961828413772085105,-3.953328360905486658333751279111380728205707979535661119664924613450181699947046287666943794124964377,-2.353838182142292776440309782907724623103552713248789884847939200298063794825989080725647429973425004,0.01786576264067633434843041886574700118089394634895183624701954204291878811038116534917670245960866230,0.02451916667442193038972410199277382181048189855847748808521243229282582376289873188256265271031623613,-0.0001647220150377286107639063032963075303419044991473192133193718588937575708311269293954102996624611543,-0.00009807659092259553235167957428782185929598136305203291186866413334575265811774954444135472134708353358,0.01770104062563860573766651256245069365055204184980451703370017018402503053955003839249923693576564788,0.02442109008349933485737242241848599995118591719542545517334376815948007110478098234069507678370316705
10,4,847/25600,261/6400,6139/6661,24753/26447,163618933/176163467,5,5/10,6/10,-4.424015958007284081838691796694440966437014511396789406229539828833522895070739462033094300385761716,-4.424015958007284081838691796694440966437014511396789406229539828833522895070738981308868089073902686,-2.107103624098230911622491585079613099200197055314760960929026734451472416296343827698947094117677482,-1.735858911788375828617329923441853562609340499917602775072316972505540433657997004117602414153160276,-0.4424015958007284081838691796694440966437014511396789406229539828833522895070739468358413066324075651,-0.4424015958007284081838691796694440966437014511396789406229539828833522895070738972875109734489484106,-0.00008779598433742628798427048271165054580000821063811504003870944726881135067901432652028572545239568548,-0.00007232745465784899285905541347674389844205585416323344896134654052106418473574987464171150604713923487,-0.4424893917850658344718534501521557471895014593503170556629926923306211008577529612306954193580480446,-0.4424739232553862571767282350829208405421435069938421740719153294238733536918096469058043169994877097,0.05565694897669952380518717112748673089390352330215076889029410092219758785913584942136999324197516926,0.1227290569365877668407109365329415590776112212920243450256429396499735114480652575797570450392693427,-4.992412263007183420210013659773859582168589865062836569138355789479063875592257540890281044919448272,-2.805566251237212587617459706100931975484929103883035215080458340800487763330208983538264999833654317,0.005565694897669952380518717112748673089390352330215076889029410092219758785913584933900907181048670657,0.01227290569365877668407109365329415590776112212920243450256429396499735114480652577115345193296508830,-0.0002080171776252993091754172358239108159236912443776181903807648245616276614830107316212854439220468295,-0.0001168985938015505244840608210875388323118720459951264672950190975333536568054253736002997225868355865,0.005357677720044653071343299876924762273466661085837458698648645267658131124430574196617308388711792017,0.01215600709985722615958703283220661707544925008320730803526927486746399748800110040167119828195267585
10,4,847/25600,261/6400,6139/6661,24753/26447,163618933/176163467,6,6/10,7/10,-4.514131663287509024059185904710214101029295278914864402334335568854503594101761401424995286657042691,-4.514131663287509024059185904710214101029295278914864402334335568854503594101760903833252366176346502,-2.529607370660557190047454841096540949691121072340695177153216446561720797550521408253896660852029663,-2.014138067850152885334884865506007979859728885874906283403141444203381024729799714697967949980486434,-0.4514131663287509024059185904710214101029295278914864402334335568854503594101761408804533846918408948,-0.4514131663287509024059185904710214101029295278914864402334335568854503594101760897507933600238032568,-0.0001054003071108565495853106183790225395704633780141956323813840186067383665646050590873344488297875398,-0.00008392241949375637022228686939608366582748870357812109514179756017514087603040832086613368000842021190,-0.4515185666358617589555039010894004326424999912695006358658149409040570977767407464196791532983010797,-0.4514970887482446587761408773404174937687570165950645613285753544456255002862064976247228059982500661,-0.1066916934136002405058562677182263605825835387152020594373204364450165998964356105105125082966838204,-0.03797969676495287472940991100213556432273751986049420017287579067405525021243739790259286674231666687,-6.531913016988189953466982354914237233603120421944225158747559226946933426137183092794193671409302906,-3.488822278017674558083107484741655038265850326853719462768223248005067822281250307158907968137324632,-0.01066916934136002405058562677182263605825835387152020594373204364450165998964356106422899825870653607,-0.003797969676495287472940991100213556432273751986049420017287579067405525021243739785317631388342358926,-0.0002721630423745079147277909314547598847334633509143427149478149677894555594223826303173496355267760388,-0.0001453675949174031065867961451975689599277437636189049776153426353335444925950520950478887075030528381,-0.01094133238373453196531341770327739594299181722243454865867985861229111554906594370741524186790338441,-0.003943337271412690579527787245411125392201495749668324994902921702739069513838791875475340385850784291
10,4,847/25600,261/6400,6139/6661,24753/26447,163618933/176163467,7,7/10,8/10,-4.626903706261208963907645036345400722181589945526179020719855175880422155228513897048412780407396954,-4.626903706261208963907645036345400722181589945526179020719855175880422155228513365721636441589026447,-3.128365914427881724929886051816325472201060050515634581909861376073921158140727631273104371169393286,-2.405129065621048491238170995600676475817350928624855840967499428696680826177115696942216171178448192,-0.4626903706261208963907645036345400722181589945526179020719855175880422155228513902319511752022658567,-0.4626903706261208963907645036345400722181589945526179020719855175880422155228513359396317675650712513,-0.0001303485797678284052054119188256802280083775021048181075795775573364133815891969852561452825706754020,-0.0001002137110675436871349237914833615198257229553593689933736458095290283677573798200587060995499885053,-0.4628207192058887247959699155533657524461673720547227201795650951453786289044405874516785686851052493,-0.4627905843371884400778994274260234337379847175079772710653591633975712438906087152678413459909510766,-0.3193550255713639959744141600651824767351671134853467084393568806505618077681942401305848225649033904,-0.2477382025324116010389360841247125659832385398736795513195835112640010604053341808279819258660076447,-8.865995363691853735333355522950725548806945357799271681731873145954766324601168643835945156051142061,-4.510820444208418195241375764032651229906371535061374666446330682724752503987493694848290503254555186,-0.03193550255713639959744141600651824767351671134853467084393568806505618077681942407894721940168110919,-0.02477382025324116010389360841247125659832385398736795513195835112640010604053341806303157144304353342,-0.0003694164734871605723055564801229468978669560565749696534054947144147819301917153615750662147665410031,-0.0001879508518420174248017239901680271345794321472942239444352637784468646876661455694930795114052641426,-0.03230491903062356016974697248664119457138366740510964049734118277947096270701113944824362200064969357,-0.02496177110508317752869533240263928373290328613466217907639361490484697072819956362222953577551273973
10,4,847/25600,261/6400,6139/6661,24753/26447,163618933/176163467,8,8/10,9/10,-4.767250129631576881761439475715895247221282757081898078702462785225692023854581071871587409713085469,-4.767250129631576881761439475715895247221282757081898078702462785225692023854580557412327780063552121,-3.997101565242827927568845346316001453826843957336056748067435733791996847262830419499915443264485072,-2.960647344280059671824827471131022885952817715295453231187560078382027579438254130479211715130214571,-0.4767250129631576881761439475715895247221282757081898078702462785225692023854581077142686381328347081,-0.4767250129631576881761439475715895247221282757081898078702462785225692023854580550032789219802185864,-0.0001665458985517844969820352227631667272427851648890023645028098222413332019692846016203198478432028829,-0.0001233603060116691529927011446304592869147007381373105512994816699325844824765939213194990525074270705,-0.4768915588617094726731259827943526914493710608730788102347490883448105355874273926826524362302749714,-0.4768483732691693573291366487162199840090429764463271184215457601925017868679346489065819694695879122,-0.5988822068227561383410728607432002791388628879892099618472066516656986979983023704430671522949059460,-0.5230100457482651566227117373972065564842147072430091999257188991480096711737659057448073150523802116,-12.54031152450730326688405011827313434945337582541362202619621942403391133250493669075258571288602721,-6.090520969911879018841180249313312736338619787085411650272855008821466784271301168404188980113885286,-0.05988822068227561383410728607432002791388628879892099618472066516656986979983023712337319980371951878,-0.05230100457482651566227117373972065564842147072430091999257188991480096711737659046905875207293278891,-0.0005225129801878043027868354215947139312272239927255675844248424760014129721877056976031351821608659077,-0.0002537717070796616257850491770547213640141091577952254854280356253675611160113042136658936975641394916,-0.06041073366246341813689412149591474184511351279164656376914550764257128277201794283024193864692283674,-0.05255477628190617728805622291677537701243557988209614547799992554016852823338789465647210206420998092
10,4,847/25600,261/6400,6139/6661,24753/26447,163618933/176163467,9,9/10,10/10,-4.942239704577696776921639364490417623759678518523300098662387503244246170828186737786520568844181926,-4.942239704577696776921639364490417623759678518523300098662387503244246170828186181158469166272555680,-5.301013069356615468178107547672167196585503833691313108112240197431491114207183609064610397724780391,-3.767844775987154301149999933145847452571315979018430590275464058365975581383538586955426864579207779,-0.4942239704577696776921639364490417623759678518523300098662387503244246170828186740949179951813338893,-0.4942239704577696776921639364490417623759678518523300098662387503244246170828186176941589988980346390,-0.0002208755445565256445074211478196736331910626597371380461713433415596454630919659846938657623209615044,-0.0001569935323327980958812499972144103105238048324591012745948110024319156492243141068467769023002574263,-0.4944448460023262033366713575968614360091589145120671479124100936659842625459106403987604314906726437,-0.4943809639901024757880451864462561726864916566847891111408335613268565327320429313444174176145207314,-0.9710932156988604955466012711143492847975452521310943858287919063645764667927997923679573465975252776,-0.8892767882701221884800797250639135169399508412414617594078855058813116374695241963118919186788159840,-18.62283749849714156801856824892425765349608235666191359466178784129207037255906094581102236205121030,-8.611603404506492723151585007668213573440461003571632383529445692919562148905048439796274770226089737,-0.09710932156988604955466012711143492847975452521310943858287919063645764667927997934221771409205776001,-0.08892767882701221884800797250639135169399508412414617594078855058813116374695241949941171757750005810,-0.0007759515624373808986674403437051774022290034315275797331109078267205029321899608764922932209325750971,-0.0003588168085211038634646493753195088988933525418154846826470602372049817562043770159212785583171487695,-0.09788527313232343045332756745514010588198352864463701831599009846317814961146994025783144499294735488,-0.08928649563553332271147262188171086059288843666596166062343561082533614550315679646643119903587093215
11,4,261/6400,1241/25600,24359/26841,6139/6661,163516099/178787901,0,0/10,1/10,-4.227361722610680357360394484184481857458020130066412026410995984405905459110825637756081413333093244,-4.227361722610680357360394484184481857458020130066412026410995984405905459110825190766888620358908532,-1.246583240481891842786336496395704428654007764151718739400634326857806611505271853052678397940384433,-1.222698819071990529646401496097894614349707673500509901261784453451264732357878626888541162688672081,-0.4227361722610680357360394484184481857458020130066412026410995984405905459110825645135619973594459501,-0.4227361722610680357360394484184481857458020130066412026410995984405905459110825186550009443066699242,-0.00005194096835341216011609735401648768452725032350632161414169309695240860881271966073500757173642882519,-0.00005094578412799960540193339567074560893123781972918791255257435222713603051491160912493187039800322312,-0.4227881132294214478961555457724646734303292633301475242552412915375429545198952844879119510695220408,-0.4227871180451960353414413818141189313547332508263703905536521727928176819415974301881994017324145009,0.3964006290468572339606021182538780311640918085606655465563067770512725922849018665517259179272924186,0.4620295697133604456921933049754578261864295049792438268085308669028779107266328756394473987191046180,-2.190746783405837296511775538156413969159740961997676939477138804402644275816735834261221643899483986,-1.898899266873947858659147900525543525016077888941723755157251720980943842390341834530069179537882064,0.03964006290468572339606021182538780311640918085606655465563067770512725922849018660246160207657662574,0.04620295697133604456921933049754578261864295049792438268085308669028779107266328760347798215902492389,-0.00009128111597524322068799064742318391538165587341656987247821411685011017815903066010165254758526201381,-0.00007912080278641449411079782918856431354233657870590515646488548837420599343293090930640383922020406987,0.03954878178871048017537222117796461920102752498264998478315246358827714905033115592267054174927615311,0.04612383616854963007510853266835721830510061391921847752438820120191358507923035671540525337636033911
11,4,261/6400,1241/25600,24359/26841,6139/6661,163516099/178787901,1,1/10,2/10,-4.239693781911981668470279961055623014272170665382909327236070766190982113725827954918626911893199236,-4.239693781911981668470279961055623014272170665382909327236070766190982113725827499495675764334595944,-1.305445178105147507972762996660016036269825290848808505794480177369286221428333585043854827432332458,-1.233446522652070970766721224338315646786177236778447302146630984429801709200980960763925274299418441,-0.4239693781911981668470279961055623014272170665382909327236070766190982113725827960189725883508460848,-0.4239693781911981668470279961055623014272170665382909327236070766190982113725827491061917409750177365,-0.00005439354908771447949886512486083400151124272045203368774143667405705359255951389956917435306946919965,-0.00005139360511050295711528005101409648528275738486576863758944295768457507121670753968179630367864980193,-0.4240237717402858813265268612304231354287283092587429664113485132931552649651423103319549816080666265,-0.4240207717963086698041432761565763979124998239231567013611965195767827864437994566093258783934733809,0.3760386952429669493389651066102302776622509848283344942422752545809592704056421074718382793428401572,0.4415888313716729692933103864028069478962909848611195087403348045118820393166105303860635423330570577,-2.406483110276650959892146152174824703210647149245320949252436989381385912736408212192681729429618063,-1.868628712010626851765830893593437641011331823623784611313186634955419167167418602741790979567472375,0.03760386952429669493389651066102302776622509848283344942422752545809592704056421066811734336005509154,0.04415888313716729692933103864028069478962909848611195087403348045118820393166105307813959652042016786,-0.0001002701295948604566621727563406176959671102978852217062188515412242244130306836759332166622829599413,-0.00007785952966710945215690962056639323504213882598432435880471610978980913196530910799630540880528081378,0.03750359939470183447723433790468241007025798818494822771800867391687170262753352697995867742278556292,0.04408102360750018747717412901971430155458695966012762651522876434139839479969574401273933016446282635
11,4,261/6400,1241/25600,24359/26841,6139/6661,163516099/178787901,2,2/10,3/10,-4.264704251903440590554383334137899920038499347207277135222747336014464657226367679273451100076656459,-4.264704251903440590554383334137899920038499347207277135222747336014464657226367240718016661686890326,-1.404566936102295041214995305070569579130196338540798840487349950223005104364695347582739876608016999,-1.278923855020073332825970336694539965068756573486211303886380261603554724326216827416390660455474108,-0.4264704251903440590554383334137899920038499347207277135222747336014464657226367683490330277368865749,-0.4264704251903440590554383334137899920038499347207277135222747336014464657226367235446917690071628714,-0.00005852362233759562671729147104460706579709151410586661835363958125929187934852897307126635129628160931,-0.00005328849395916972220108209736227249854453152389525880432859917756681478018025903411741293595866994179,-0.4265289488126816546821556248848345990696470262348335801406283731827057576019852975413902473995208884,-0.4265237136843032287776394155111522645023944662446229723266033327790132805028169823332706849254965619,0.3344026488031594797712059825828722317219565073463110461292006124144740004916567982615968630665754292,0.3997753979852644901252368809982341759123829184707211053109719672477165620293611474993069850963594228,-2.742786350801612095546681428627706864240437893537415668960295489209520460865086001550808109121252533,-1.922108302389823010787093023898594830848426102478734210286281155464296399057495480517221906212201595,0.03344026488031594797712059825828722317219565073463110461292006124144740004916567978662644401954308083,0.03997753979852644901252368809982341759123829184707211053109719672477165620293611480264168822578855841,-0.0001142827646167338373144450595261544526766849122307256528733456453837300192027119171911321492058627722,-0.00008008784593290929211612887599577478461868442093661392542859504814434568329406231119439522134254215890,0.03332598211569921413980615319876106871951896582240037896004671559606367002996296785759592941456075155,0.03989745195259353972040755922382764280661960742613549660566860167662731051964205252117443808362388325
11,4,261/6400,1241/25600,24359/26841,6139/6661,163516099/178787901,3,3/10,4/10,-4.303113298173249427003917889141460939172002712478081770292795581759154268269979903058981298056058230,-4.303113298173249427003917889141460939172002712478081770292795581759154268269979430768513441328617780,-1.552079865035558553967424953636697855438398759750421803640904425616560153813613120481943588500231681,-1.363007844213343559322513616716149603798426431433702394329271558187839226144658482638737819370082561,-0.4303113298173249427003917889141460939172002712478081770292795581759154268269979910438519858317424487,-0.4303113298173249427003917889141460939172002712478081770292795581759154268269979425497414469713356167,-0.00006466999437648160641530937306819574397659994832293424181837101773402333974223388028294959042301033014,-0.00005679199350888931497177140069650623349160110130973759976371964825782663442269410308432439323484955681,-0.4303759998117014243068070982872142896611768711961311112710979291936494501667402251400749763003492722,-0.4303681218108338320153635603148426001506918723491179146290432778241732534614206362278948923539846791,0.2695667590252738620850349599795148999077739813608392306291676322574989229968422221632839399216114023,0.3346217117384901749676849608011020582888102636800482036962602968742089007586264917123264671352596444,-3.230412807660125241386709859077999084262458031607151781344775310953620622997151647404279759843554750,-2.074061404727354322974032570218386763012723131737383883295951214458082151057936028457737516699391631,0.02695667590252738620850349599795148999077739813608392306291676322574989229968422218338402541956575515,0.03346217117384901749676849608011020582888102636800482036962602968742089007586264925029913128775488862,-0.0001346005336525052183911129107949166285109357513169646575560323046230675259582146526299476487071480596,-0.00008641922519697309679058469042576611512553013048905766180399796726908675629408066725803441353189957887,0.02682207536887488099011238308715657336226646238476695840536073092112682477372600750347202254667805383,0.03337575194865204439997791138968443971375549623751576270782203172015180331956856863709045156363729268
11,4,261/6400,1241/25600,24359/26841,6139/6661,163516099/178787901,4,4/10,5/10,-4.356074199820873946261276529256724615573414292477758390020627425209238553177174197679109251021482274,-4.356074199820873946261276529256724615573414292477758390020627425209238553177173750689916458047297562,-1.761190522325618373327624741217551106565643250312098724369302114986939920815049681942112150290181873,-1.492859537295368860480198824904241416264349486722087161187559500582903747555128425029256174243040966,-0.4356074199820873946261276529256724615573414292477758390020627425209238553177174202950208222636743887,-0.4356074199820873946261276529256724615573414292477758390020627425209238553177173744364597692108983627,-0.00007338293843023409888865103088406462944023513542967078018205425479112249670062707043953451832836359268,-0.00006220248072064036918667495103767672567768122861342029838281497919095432281479701726377385334552873593,-0.4356808029205176287250163039565565261867816643832055097822447967757149778144180474041957276427496699,-0.4356696224628080349953143278767101382830191104763892593004455575001148096405321713308256056156947011,0.1780984298662795378721105450024232725925645269603770452237456360912538767956621420679954388995542897,0.2431760590842918702499943481543034867013042631080946244717286750586185521049464321008086918927718404,-3.930223784464349173477095717543956425440066944456081898021926073611710256750161245388780368356396460,-2.349954028991596820636754930137578200896810999703922817539169015394515550168342042345527900184556171,0.01780984298662795378721105450024232725925645269603770452237456360912538767956621418703292274639819792,0.02431760590842918702499943481543034867013042631080946244717286750586185521049464324302523776187256912,-0.0001637593243526812155615456548976648510600027893523367457509135864004879273645900526763732996617065302,-0.00009791475120798320085986478875573242503736712498766345073079870897477148125701425114222886852732074521,0.01764608366227527257164950884534466240819644990668536777662365002272489975220162411994338819622601042,0.02421969115722120382413957002667461624509305918582179899644206879688708372923762899767401118149678091
11,4,261/6400,1241/25600,24359/26841,6139/6661,163516099/178787901,5,5/10,6/10,-4.425274421409512079341197237860233209773660835541289750713410093567916866712291184599470033047147130,-4.425274421409512079341197237860233209773660835541289750713410093567916866712290695441485467150869520,-2.052589675739733613989957246190786199438290319382932366344607839849922088144027694885426733968606365,-1.680317382332365647777636931565778633512428127470592776936011091679109363691796266633561532484251531,-0.4425274421409512079341197237860233209773660835541289750713410093567916866712291188816349210339356420,-0.4425274421409512079341197237860233209773660835541289750713410093567916866712290688061946906889503263,-0.00008552456982248890058291488525794942497659542997428884859769199332708008700600115435781430327491446957,-0.00007001322426384856865740153881524077639635117197794136570566712881996289015382484393860442008564364650,-0.4426129667107736968347026386712812704023426789841032639199387013501187667582351204079037711762756458,-0.4425974553652150565027771253248385617537624347261069164370466764856116495613828935412624520917871584,0.05501796616008912848377078772304412397484101529254729061564366240413554284443493882069882735032874533,0.1206809142829486660605905783334239764833384888904345915573455796899634533172934179958924894112881838,-4.946618577067949984869014331737222246579409652790998334770522574381830827118794100285576727486648551,-2.788840121035200984981027918157716452172708736527651853760577393673482763247331510958511726000146823,0.005501796616008912848377078772304412397484101529254729061564366240413554284443493872186572163254259011,0.01206809142829486660605905783334239764833384888904345915573455796899634533172934180617812265564789539,-0.0002061091073778312493695422638223842602741420688662915972821051072659096177966164216228567301609139248,-0.0001162016717098000410408761632565715188405295306886521605733573914030617818019721456200691609405666211,0.005295687508631081599007536508482028137209959460388437464282261133147644666646877449276826035726337856,0.01195188975658506656501818167008582612949331935835480699516120057759328354992736966467609956628175191
11,4,261/6400,1241/25600,24359/26841,6139/6661,163516099/178787901,6,6/10,7/10,-4.513096835998289962709479319694872224310038275605591943753355190215763259910397004373371117921831681,-4.513096835998289962709479319694872224310038275605591943753355190215763259910396506781628197441135492,-2.458846427615739650515271545479383329153229244441511342807004228411883706552062271514881962811552129,-1.944130607615802880409541507464129455979234603682308611179251075731832890177397439595511290311569989,-0.4513096835998289962709479319694872224310038275605591943753355190215763259910397007536030500890988649,-0.4513096835998289962709479319694872224310038275605591943753355190215763259910396501510529225825873880,-0.0001024519344839891521048029810616409720480512185183963059502918428504951544396692617825773339432989094,-0.00008100544198399178668373089614433872733246810848676285879913546148882637042405822609902430835656965530,-0.4514121355343129854230527349505488634030518787790775906812858108644268211454793701008350834082114438,-0.4513906890418129880576316628656315611583362956690459572341346544830651523614637081181011112009654023,-0.1070877727701703404222834475390788890843161788147117893278804494230995719442677284640351198720975650,-0.03975751890738104408758793554460001455429652640058253840577094401935269411564709642808687952387902704,-6.445298979277105568061643405107858538901562354343350216561978686904861536155976212956519332746357133,-3.448710237699101621019230980166128067329635936375572265341813397283665991068469690398672188713551455,-0.01070877727701703404222834475390788890843161788147117893278804494230995719442677285299238570172883351,-0.003975751890738104408758793554460001455429652640058253840577094401935269411564709632925377380609287181,-0.0002685541241365460653359018085461607724542317647643062590234157786210358973398323431989707421138675226,-0.0001436962599041292342091346241735886694720681640156488443892422248868194162945195693838626006235158152,-0.01097733140115358010756424656245404968088584964623548519181146072093099309176660521008976193540637912,-0.004119448150642233642967928178633590124901720804073902684966336626822088827859229197933816030184978416
11,4,261/6400,1241/25600,24359/26841,6139/6661,163516099/178787901,7,7/10,8/10,-4.622873806983104261899172756189717279253808671732831157843106938262455714265217998391415319654548834,-4.622873806983104261899172756189717279253808671732831157843106938262455714265217492365914044589434066,-3.032388055437324261407661555497132704565015895588575523619687083438675162047763147665459656714520981,-2.313976005575600933568983462403461219367572607206346967434726380386005030265505515347233224284086168,-0.4622873806983104261899172756189717279253808671732831157843106938262455714265218004716734085592862769,-0.4622873806983104261899172756189717279253808671732831157843106938262455714265217488149034867297224776,-0.0001263495023098885108919858981457138626902089956495239801508202951432781317519901316455203322615110093,-0.00009641566689898337223204097760014421747364885863359779030978026584941687626106272922823558563422621046,-0.4624137302006203147008092615171174417880710761689326397644615141213888495582737907922342924250244492,-0.4623837963652094095621493165965718721428545160319167135746204740920949883027828110515104610032663363,-0.3188817359986227664597515714061481549574741616866615671373722531035981295587781606299377836932946061,-0.2486383271191896036436577159931907800041036918569038996741032542073247209660957280483820640456465204,-8.707694960399933337382481213225024547124301684026847147300673520920805789271420493751766349807167134,-4.434127399490467316568706128034062980183300995704249022825690905339885958152910279035361754044049000,-0.03188817359986227664597515714061481549574741616866615671373722531035981295587781611570476808548207674,-0.02486383271191896036436577159931907800041036918569038996741032542073247209660957278507158526100742099,-0.0003628206233499972223909367172177093561301792368344519644708613967050335745529758552542973453373264700,-0.0001847553083121028048570294220014192908409708748210103759510704543891619149230379270048779936943033377,-0.03225099422321227386836609385783252485187759540550060867820808670706484653043079199051978427079791310,-0.02504858802023106316922280102132049729125134006051140034336139587512163401153261068402227439210096673
11,4,261/6400,1241/25600,24359/26841,6139/6661,163516099/178787901,8,8/10,9/10,-4.759293085018147053630236365606624985674568839982560788208536818893955936257548459819106411432254199,-4.759293085018147053630236365606624985674568839982560788208536818893955936257547953793605136367139430,-3.860665944369930560708868038278197801454447965138040183682158602625773662379760364309683241632857302,-2.837782490814320976169756879680130785607215645221265711429265822081529495331270825612839988256935572,-0.4759293085018147053630236365606624985674568839982560788208536818893955936257548464035985588724463488,-0.4759293085018147053630236365606624985674568839982560788208536818893955936257547947468286370428825495,-0.0001608610810154137733628695015949249083939353318807516743200899417760739025991566824865929658645251850,-0.0001182409371172633740070732033200054494003006518842194046428860759200637289721362836788474254672879945,-0.4760901695828301191363865060622574234758508193301368304951737718311716675283540032335626767765699025,-0.4760475494389319687370307097639825040168571846501402982254965679653156573547269306764842112526861487,-0.5963557784983933527789808806155039705303121005068509435254590097137188672672636697808038908909705693,-0.5219169585344925371363203858068519183606068880669189732555792146250972280584937133485255109078280275,-12.24795633821584591246693273043013142875213516167319397178372418632247314660311646785653071700298493,-5.948755077682725329852896848215451561487005173893148924534272323651734420602865673687240557072187710,-0.05963557784983933527789808806155039705303121005068509435254590097137188672672636703079137880524967305,-0.05219169585344925371363203858068519183606068880669189732555792146250972280584937128214156137463018662,-0.0005103315140923269130194555304345888095313389650697164154909885077634363811084631882471654561394987604,-0.0002478647949034468887438707020089771483952918822455478718555946801521556008584527345381601527881274747,-0.06014590936393166219091754359198498586256254901575481076803688947913532310783483027669118926343109569,-0.05243956064835270060237590928269416898445598068893744519741351614266187840670782400484033907164184759
11,4,261/6400,1241/25600,24359/26841,6139/6661,163516099/178787901,9,9/10,10/10,-4.929065764592807142365025675259431093677666637718127224200766795819355952761828296599861293264238564,-4.929065764592807142365025675259431093677666637718127224200766795819355952761827773706843309030286636,-5.096749221069021302704511627555193507796080720074213473174884726275648761673055258812541730926513123,-3.595693964895806935828138772365353780938584405621087155859846268896551228572113798122296304108390677,-0.4929065764592807142365025675259431093677666637718127224200766795819355952761828302925180059202552499,-0.4929065764592807142365025675259431093677666637718127224200766795819355952761827765273084954445868057,-0.0002123645508778758876126879844814663961581700300030922280489535302614853650697106367769913497166364261,-0.0001498205818706586223261724488485564075391076835675452981608269278706896345238380740185375743058594707,-0.4931189410101585901241152555104245757639248338018158146481256331121970806412525412378910747585802199,-0.4930563970411513728588287399747916657753057714553802677182375065098062849107066144685200472106175191,-0.9643741428100188691890031709884335106734782642257850486262529928541621694400973255510131072801261598,-0.8841054815258705997638256646287838201842847416886630368290418486713497180576297871904501436717948500,-18.06478860342713555397591478050717654521541325560380136335704802402441030469922056310640118518787299,-8.350744867761391960988651474179353054592736379428555311740190788164182651410017416344178815605227876,-0.09643741428100188691890031709884335106734782642257850486262529928541621694400973268687878501839415628,-0.08841054815258705997638256646287838201842847416886630368290418486713497180576297863997852979295056081,-0.0007526995251427973147489964491877990227173088856501583901398770010010170960291341936736983683178815522,-0.0003479477028233913317078604780908063772746973491428564713225079495068409438087507232444968583020174736,-0.09719011380614468423364931354803115009006513530822866325276517628641723404003886699894630794447670295,-0.08875849585541045130809042694096918839570317151800916015422669281664181274957172926902272276398764909
12,4,1241/25600,719/12800,12081/13519,24359/26841,326787721/362863479,0,0/10,1/10,-4.233367774965446707805159290592508031200158438523508711122919443714376536845283953070868570935868501,-4.233367774965446707805159290592508031200158438523508711122919443714376536845283506081675777961683788,-1.218070064460036514916002111043809530604164031309227486341753716507716223312772379399343987311754884,-1.193853881277570060267319598647754582538856247128912344828925515779147926034078856665681686192847710,-0.4233367774965446707805159290592508031200158438523508711122919443714376536845283958341967542551130113,-0.4233367774965446707805159290592508031200158438523508711122919443714376536845283499756357012023369854,-0.00005075291935250152145483342129349206377517350130455114526423973818782150930469884933553066867461887607,-0.00004974391171989875251113831661032310760578567696370468103453856315746449691808661871871169630363798518,-0.4233875304158971723019707624805442951837910173536554222575561841096254751938330951217181247272535918,-0.4233865214082645695330270673758611262276216295293145757933264829345951181814464364872208705678372715,0.3965171580490331092006154862826060505990682829467042864780395688961894819343425144497977740465500121,0.4606694329164840340756980274364392105897983900861988805212449813346571999009935676546126200181740373,-2.198203982921936269957476317799728296278488915858443407927122369866787405698375811232535400506051541,-1.909639435380933596252777626422817841137776084117586681572988561517877466723087735184904509907152097,0.03965171580490331092006154862826060505990682829467042864780395688961894819343425140544653511754053912,0.04606694329164840340756980274364392105897983900861988805212449813346571999009935684452774657604632792,-0.00009159183262174734458156151324165534567827037149410180866363009874444947523743232587982691551186112768,-0.00007956830980753889984386573443428407671407400350489944506554119006324489444679532180314646962141334966,0.03956012397228156357547998711501894971422855792317632683914032679087449871819681904044527052207165821,0.04598737498184086450772593700920963698226576500511498860705895694340247509565256158732644785424867749
12,4,1241/25600,719/12800,12081/13519,24359/26841,326787721/362863479,1,1/10,2/10,-4.245413531967152893660796311701407140267247536466797995736422323668295645832733934604839597720857290,-4.245413531967152893660796311701407140267247536466797995736422323668295645832733453880613386408998259,-1.275877591886084995398913348299460009631933086491473449460447123107248097490508855194738765346753121,-1.203110747490345474994515866626581026893967745942712143181484189862659436509861002229692343641232762,-0.4245413531967152893660796311701407140267247536466797995736422323668295645832733938821718775013066579,-0.4245413531967152893660796311701407140267247536466797995736422323668295645832733448609514414793736647,-0.00005316156632858687480828805617914416706799721193714472706085196346280200406210453584570824366781097438,-0.00005012961447876439479143816110944087612058198941427967263256184124427747652124420811738372561696963001,-0.4245945147630438762408879192263198581937927508586169443007030843302923665873354987535739961084216040,-0.4245914828111940537608710693312501549028453356360940792462747942080738420597945890561999312313205620,0.3760613516289595592508553892970472463637266997226276272067965126751460620353069000434958082440061158,0.4401391178881625537291570902375893314480796348905207909296205839572811247304199874525077395992629273,-2.411190463477394707124123672155154741431895643635389365096701672096532789846852998751096434735856682,-1.878767931949947393859106073460109529850734529990423266047643692928087995144097828193045931554314275,0.03760613516289595592508553892970472463637266997226276272067965126751460620353068992528309625017168739,0.04401391178881625537291570902375893314480796348905207909296205839572811247304199877160626881800260079,-0.0001004662693115581127968384863397981142263289851514745568790292363373555329102855420483965376531665986,-0.00007828199716458114141079608639417123041044727208293430275198515387200366646433740899843537912409489856,0.03750566889358439781228870044336492652214634098711128816380062203117725067062040433587716988941265475,0.04393562979165167423150491293736476191439751621696914479021007324185610880657766136736932420913643264
12,4,1241/25600,719/12800,12081/13519,24359/26841,326787721/362863479,2,2/10,3/10,-4.269838600070937829104030205786123613975889593743362266175193151522069565939125166944500047304300219,-4.269838600070937829104030205786123613975889593743362266175193151522069565939124703087790545161278348,-1.372489929173328290265850676381234087564218524056770744676934130209315345332749779776716621330834276,-1.245691466762720607074365798450744498888924498828478636221419682480235423456959226071080748224828973,-0.4269838600070937829104030205786123613975889593743362266175193151522069565939125170107159430273457187,-0.4269838600070937829104030205786123613975889593743362266175193151522069565939124695708251984899912091,-0.00005718708038222201209441044484921808698184243850236544769487225542538813938886457440599022412675722489,-0.00005190381111511335862809857493544768745370518745118660984255915343667647597737330074792891229500277299,-0.4270410470874760049224974310234615794845708018128385920652141874076323447333013816201896693297234229,-0.4270357638182088962690311191535478090850426645617874132273618743056436330698898426890922108556445867,0.3342539825401774454205339761721792020795754117853801496007537031526827020123364756236528274343514178,0.3981629397424324364710767210839105086521531973605744615678516702012073604964193737334792953406948400,-2.742367244137231744240710921468196983058771129192202491739471337623138540271920395766313589453919643,-1.930017738761062525366082333477234734316497142144770655584206822808576824553017030358545817935324867,0.03342539825401774454205339761721792020795754117853801496007537031526827020123364748329879816920621760,0.03981629397424324364710767210839105086521531973605744615678516702012073604964193745241441410829840819,-0.0001142653018390513226766962883945082076274487970496751038224779724009641058446633502391758822836321864,-0.00008041740578171093855692009722821811392985404758936544398267528428369070102304237572650488522228271131,0.03331113295217869321937670132882341200033009238148833985625289234286730609538898412855550939613806011,0.03973587656846153270855075201116283275128546568846808071280249173583704534861889513755777771853556743
12,4,1241/25600,719/12800,12081/13519,24359/26841,326787721/362863479,3,3/10,4/10,-4.307336139410993036028885087270984248217582502904635491281328945198937658807058607544398240580060173,-4.307336139410993036028885087270984248217582502904635491281328945198937658807058143687688738437038301,-1.515670739782094513431860655462803877512346636929009660107442308566797005373273421470349926884641600,-1.325224294907089225334006859154304287919383618852812178333270877493675431371228353460758523313763928,-0.4307336139410993036028885087270984248217582502904635491281328945198937658807058612815497212195321785,-0.4307336139410993036028885087270984248217582502904635491281328945198937658807058138416589766821776689,-0.00006315294749092060472632752731095016156301444320537540250447676285694987522388639279153198978906322693,-0.00005521767895446205105558361913142934532997431745220050743055295322890314297380118102649107466374063127,-0.4307967668885902242076148362544093749833212647336689245306373712827507157559297480335120840144529595,-0.4307888316200537656539440923462298541670882246079157496355634474731226690236796146001353341313845857,0.2692055663714964983722262751557873682634372049575177630385481990639978806182135502792477246186468286,0.3328096697575940468205414732587832239498173855530363981540205751054623470117478733993692212187693451,-3.221548885405261211050467841370996492097402954892492126958699552113897184134662080639281242476924633,-2.077623801666052765300482419144161598810776751706462585178634739015421763234537649208953576020304318,0.02692055663714964983722262751557873682634372049575177630385481990639978806182135498839153017475022077,0.03328096697575940468205414732587832239498173855530363981540205751054623470117478736629241697995324257,-0.0001342312035585525504604361600571248538373917897871871719566124813380790493389442538458994882156537896,-0.00008656765840275219855418676746434006661711569798776927438244311412564257346810573481644555264146922648,0.02678632543359109728676219135552161197250632870596458913189820742506170901248241072528002702549211492,0.03319439931735665248349996055841398232836462285731587054101961439642059212770668168256548050278196035
12,4,1241/25600,719/12800,12081/13519,24359/26841,326787721/362863479,4,4/10,5/10,-4.359015105064797223819938304950893748285672304178932714542273954977676089844413145411750619251452145,-4.359015105064797223819938304950893748285672304178932714542273954977676089844412664687524407939593115,-1.717996800259902986675737863903231733966697926840728804645657481551424033718254961662346593288151958,-1.448394369847954440011893910096704340186275268363612846404336449639181670299763155796408334859198636,-0.4359015105064797223819938304950893748285672304178932714542273954977676089844413152791289179512818402,-0.4359015105064797223819938304950893748285672304178932714542273954977676089844412657307985847678226858,-0.00007158320001082929111148907766263465558194574695169703352690239506464266807159395704752992746947101544,-0.00006034976541033143500049557958736268084109480284848386860018068540163256959582346441870805347677246153,-0.4359730937064905516731053195727520094841491761648449684877542978928322516525129094395049726627384535,-0.4359618602718900538169943260746767375094083252207417553228275761831692415540370889394480250946067714,0.1775368829638509010242877547721569846489064026940832391822797840808507821289458487362882895107910513,0.2412021730442635857499588007612564647882099203160879810330554364494970061015801599538018023560785169,-3.907360785361300747151728840586698721215154038459483322906720936556061757590303826984901519015281225,-2.345815797945832582654917613821216379112740936903613948210150424035824291025424149750961290180340087,0.01775368829638509010242877547721569846489064026940832391822797840808507821289458484068446037848372006,0.02412021730442635857499588007612564647882099203160879810330554364494970061015801603491342252272231378,-0.0001628066993900541977979887016911124467172980849358118051211133723565025732329293269479801109405213446,-0.00009774232491440969094395490057588401579636420570431724784208960100149267879272600555499822769159965752,0.01759088159699503590463078677552458601817334218447251211310686503572857563966165550138234205281992931,0.02402247497951194888405192517554976246302462782590448085546345404394820793136529005239374450790014353
12,4,1241/25600,719/12800,12081/13519,24359/26841,326787721/362863479,5,5/10,6/10,-4.426495835637833958057594940763115580149810740927569360106173847356728762424010213287173155034123001,-4.426495835637833958057594940763115580149810740927569360106173847356728762424009740996705298306682550,-1.999092578346634350598132983436739516952745356250724841608079688570165246726242442818086195709246823,-1.626259791926740168549576557695296347708016919275350044346754842145437640906113981367998567901501886,-0.4426495835637833958057594940763115580149810740927569360106173847356728762424010220666711715295489258,-0.4426495835637833958057594940763115580149810740927569360106173847356728762424009735725606326691420938,-0.00008329552409777643127492220764319747987303105651044686840033665369042355194692676878568800530927169925,-0.00006776082466361417368956568990397068115450070496980625184778145175605990170442141538244092483505039198,-0.4427328790878811722370344162839547554948541051492673828790177213893632997943479489445850804315804106,-0.4427173443884470099794490597662155286961355747977267422624651661874289361441053948386639034994043056,0.05438564529050807837659869315650225104575239208006183252125694915465820782157454838838273460106036004,0.1186803966140239017800267771065498126869461502000462649061725392025659836175414528749027321462045789,-4.901454296777072440489278125514710261638809320591323475887087505720014042717824635280893593674901900,-2.772096103317007970048926576834217450861449427680528857861085617792775850401445571334992916240712070,0.005438564529050807837659869315650225104575239208006183252125694915465820782157454832249399745586958989,0.01186803966140239017800267771065498126869461502000462649061725392025659836175414529737358378639907342,-0.0002042272623657113516870532552297795942349503883579718114952953127383339184465760272991371754801047702,-0.0001155040043048753320853719407014257271192270594866887024108785674080323271000602313997687683290873836,0.005234337266685096485972816060420445510340288819648211440630399602727486863710878798773193462745219517,0.01175253565709751484591730576995355554157538796051793778820637535284856603465408506931972745122420483
12,4,1241/25600,719/12800,12081/13519,24359/26841,326787721/362863479,6,6/10,7/10,-4.512062121161041903185825147599049583758268283660368133783503798780873997932165855522683596424973288,-4.512062121161041903185825147599049583758268283660368133783503798780873997932165383232215739697532837,-2.389712603473490445628189107383631507625786319878722704635620164304505255615119814075131795877210079,-1.876299618430181227602295163955945766463909684102137904863229838837328578759868536555878396637465266,-0.4512062121161041903185825147599049583758268283660368133783503798780873997932165858685342979394130255,-0.4512062121161041903185825147599049583758268283660368133783503798780873997932165379015336562405323547,-0.00009957135847806210190117454614098464615107442999494677935981750684602105231729665933331761784881540972,-0.00007817915076792421781676229849816440693599623683758907936930124328488869078166118856296995136145260080,-0.4513057834745822524204836893060459430219779027960317601577101973849334208455338829825256396470254951,-0.4512843912668721145363992770584031227827628246028744024577196811213722884839981989885610527396369369,-0.1074717472075533980983962033474877407724965668611955439610014029265658836758086001499849417731455218,-0.04148507783710373166176465334134592002316414836232249645503350654743467899221558838122645982243555402,-6.360576785064140038956838277310339248901326421903451633516248185362934664073557688813868686923582021,-3.409168034487621812458825536042934554797229066116078766695043110046031886601101920837123075368721767,-0.01074717472075533980983962033474877407724965668611955439610014029265658836758086002488180474909316770,-0.004148507783710373166176465334134592002316414836232249645503350654743467899221558829886553839094709133,-0.0002650240327110058349565349282212641353708886009126438180631770077234556110030649046957723292523015084,-0.0001420486681036509088524510640017889397832178777548366152789601295852513286083792457317469449512534255,-0.01101219875346634564479615526297003821262054528703219821416331730038004397858392493626940194465390681,-0.004290556451814024075028916398136380942099632713987086260782310784328719227829938068154342279317320628
12,4,1241/25600,719/12800,12081/13519,24359/26841,326787721/362863479,7,7/10,8/10,-4.618900017471353198643008471398025497651620111214201720389946219628517865062568431641649467960015029,-4.618900017471353198643008471398025497651620111214201720389946219628517865062567925616148192894900260,-2.939107487688200363204158596868639251338293186960595726796990386652341743966651532990057045482279638,-2.226088906290049688416273724698025445354289986060953990681426821335304413110409757189957956606740156,-0.4618900017471353198643008471398025497651620111214201720389946219628517865062568436912748439575276641,-0.4618900017471353198643008471398025497651620111214201720389946219628517865062567920345049221279638648,-0.0001224628119870083484668399415361933021390955494566914886165412661105142393319438143666922157815718828,-0.00009275370442875207035067807186241772688976208275253974961172611755563768387960040600496998855956338029,-0.4620124645591223282127676870813387430673011066708768635276111632289623007455887877787194662945881701,-0.4619827554515640719346515252116649674920517732041727117886063480804074241901363921817164343060182743,-0.3184021253683952702980087328431868407053246708621143498146008436453869727720118319201506559415749241,-0.2494962585791484839323397591006377454629494494540354815228375400860041982292576307395623463421891824,-8.553503055976750859928053405393539719667923551487730866267372644115279097849797412706887813939732148,-4.358877240121382770649737717061712518640530510334049626183267134939253899247820832715219167691422457,-0.03184021253683952702980087328431868407053246708621143498146008436453869727720118325790380273934826256,-0.02494962585791484839323397591006377454629494494540354815228375400860041982292576304101186606162353316,-0.0003563959606656979524970022252247308216528301479786554527611405268381366290770748938323572980197262983,-0.0001816198850050576154437390715442380216100221045972520677576361306224689124686592002594977848051972023,-0.03219660849750522498229787550954341489218529723419009043422122489137683390627825820527075896783548961,-0.02513124574291990600867771498160801256790496705000080022004139013922288873539442223921234081064151880
12,4,1241/25600,719/12800,12081/13519,24359/26841,326787721/362863479,8,8/10,9/10,-4.751477669679272163810941004783130133568213598987824877946431904903796657005550001405652916678491246,-4.751477669679272163810941004783130133568213598987824877946431904903796657005549478512634932444539319,-3.728919741311621023497484085134321446212299270943264146140502708348907047650169250941694530073135174,-2.719961948268801519502294592508956319442894747964852005292097477268270491763214300780197628577411971,-0.4751477669679272163810941004783130133568213598987824877946431904903796657005550004568312299647648214,-0.4751477669679272163810941004783130133568213598987824877946431904903796657005549472187316166506225384,-0.0001553716558879842093123951702139300602588458029559693394225209461812044603187570526956653503804878518,-0.0001133317478445333966459289413545398466434539478318688335538373948861779371568005950957669524729750393,-0.4753031386238152005904064956485269434170802057017384571340657114365608701608737578665100141447531147,-0.4752610987157717497777400294196675532034648138466143566281970278852658436377117472985568688973458187,-0.5938583990561814624289191615163214388534399459116936943357302299584532013970877829413568461276599183,-0.5208161848170908350762183341238334786989307848390449723776154891537475512901924005038712117483521571,-11.96519235733398577482997085892010890963970789505718651218175387164067781934638598409568880176253917,-5.811064868066941180462390082578881695061491962373776811976328616376317735313214939585365479058618723,-0.05938583990561814624289191615163214388534399459116936943357302299584532013970877834684667432891860795,-0.05208161848170908350762183341238334786989307848390449723776154891537475512901923995814288917156813750,-0.0004985496815555827406179154524550045379016544956273827713409064113183615758060994186724808877869986566,-0.0002421277028361225491859329201074534039608954984322407004990136923490132389713839543067930097287497013,-0.05988438958717372898350983160408714842324564908679675220491392940716368171551487781081766200402426109,-0.05232374618454520605680776633249080127385397398233673793826056260772376836799062390447096791762144237
12,4,1241/25600,719/12800,12081/13519,24359/26841,326787721/362863479,9,9/10,10/10,-4.916166937060649440808844962628994689311338171838093977476765161075840172924454012221832307703344151,-4.916166937060649440808844962628994689311338171838093977476765161075840172924453472461297614300555064,-4.900909613863893786126206919039716650488153948540049661716589190997403362179633318465912175551323810,-3.431627811518800648599577753967190990987580219859841022005328467135124235243229684762183336007640141,-0.4916166937060649440808844962628994689311338171838093977476765161075840172924454016438711484995553440,-0.4916166937060649440808844962628994689311338171838093977476765161075840172924453468244418437008345774,-0.0002042045672443289077552586216266548604370064145225020692381912162915584734241513891815602121683732164,-0.0001429844921466166936916490730819662912911491758274933759168886861306301764684679026484367566476045768,-0.4918208982733092729886397548845261237915708235983318998169147073238755757658695533895210717823847198,-0.4917596781982115607745761453359814352224249663596368911235934047937146474689138144596746636846180797,-0.9577872221649669408437235812981526211067631517927170393367774006253457623042835296110191247884151546,-0.8790261678944211472121932098741732135071636984778663845842271344860213641847418621461313744602716967,-17.52977323356822509397478283369970604858128738112019620125157993812212061892910923975182300545456533,-8.100073622950304948397401646367465544674214138615440749112279789451602831028536779754236686203191813,-0.09577872221649669408437235812981526211067631517927170393367774006253457623042835306652389191114674770,-0.08790261678944211472121932098741732135071636984778663845842271344860213641847418610919115801372193743,-0.0007304072180653427122489492847374877520242203075466748417188158307550883591220462208981441019851461556,-0.0003375030676229293728498917352653110643614255891089766978796783245604834512928556968036495396989459080,-0.09650912943456203679662130741455274986270053548681837877539655589328966458955039938007807262355641438,-0.08824011985706504409406921272268263241507779543689561515630239177316261986976704172260437460403881486
13,4,719/12800,327/5120,4793/5447,12081/13519,65300887/73637993,0,0/10,1/10,-4.239278009765079631345354202989555232053851158351959075467538266005229827828898460110054944955651352,-4.239278009765079631345354202989555232053851158351959075467538266005229827828898013120862151981466640,-1.189830873735628150334050437380939472547040377599804598571443695986421204154831609868458963288728032,-1.165320349348899534658305654358619694514691023728075392610607968008493819426701743500340962952668171,-0.4239278009765079631345354202989555232053851158351959075467538266005229827828898465381153916570912965,-0.4239278009765079631345354202989555232053851158351959075467538266005229827828898006795543386043152705,-0.00004957628640565117293058543489087247802279334906665852494047682066610088350645131727843561753996786151,-0.00004855501455620414727742940226494248727144545932200314135877533200035390914277923900194489889179009574,-0.4239773772629136143074660057338463956834079091842625660716943034211890836663962982471873043030166153,-0.4239763559910641672818128497012204656926565612945179106881126019325233366920325796548726459827072793,0.3966107491798277727519201099918803976159432127223652509603746590981396619130342988744179115970425116,0.4593321247017943988322714778409059439448188919641509522803580580150490393804936745482542625850762875,-2.205482781547665808837802269250281558445940029665470020362643815199260575123068487588170193617520402,-1.920146880769556194053822939717629537727931533314999639719385262242964443287240341021019685016640559,0.03966107491798277727519201099918803976159432127223652509603746590981396619130342984790854887258978907,0.04593321247017943988322714778409059439448188919641509522803580580150490393804936749435866854562209085,-0.00009189511589781940870157509455209506493524750123606125084844349229996919063012785397654858358493212066,-0.00008000612003206484141890928915490123073866381388812498498830771926012351847030168038857370173938661906,0.03956917980208495786649043590463594469665907377100046384518902241751399700067330193820968938301344391,0.04585320635014737504180823849493569316374322538252697024304749808224478041957906581963240819229753604
13,4,719/12800,327/5120,4793/5447,12081/13519,65300887/73637993,1,1/10,2/10,-4.251040370880049653875160591224949285858763920531294052507873201148706703436096308461192983967193066,-4.251040370880049653875160591224949285858763920531294052507873201148706703436095853038241836408589774,-1.246591648108349499152875429332146891224996400735591001280414228967955135429434567309014924773295540,-1.173162918608417044195463617708147236753868103689051775235436093087180589650381211383885483372891880,-0.4251040370880049653875160591224949285858763920531294052507873201148706703436096311623852366936350034,-0.4251040370880049653875160591224949285858763920531294052507873201148706703436095847767142864793328162,-0.00005194131867118122913136980955550612046770818336398295838668392620699813064289310719993209742425006578,-0.00004888178827535071017481098407117280153141117098704382396814317054529919123543255017233851655841279848,-0.4251559784066761466166474289320504347063441002364933882091740040410776684742525242745396929709222313,-0.4251529188762803160976908701065661013874078032241164490747554632854159695348450171971681737412969003,0.3760632585624978603266316072630361271924855233691675284537577255189645203244218098093935954424518575,0.4387141882084467907693579147992750636410787222051607832377289474300880292024668867346488030710915884,-2.415749219206331192945004545526366972098548088604515865899980514604298867799345732580646523186709219,-1.888655589740372002606959725492878479404945695203645681528340870070622733501228824310857269543948415,0.03760632585624978603266316072630361271924855233691675284537577255189645203244218090187287497001626157,0.04387141882084467907693579147992750636410787222051607832377289474300880292024668871299812259422362093,-0.0001006562174669304663727085227302652905041061703585214944124991881085124528249727393125710293750866405,-0.00007869398290584883344195665522886993664187273730015190339701420291960928056255120043711227722250768233,0.03750566963878285556629045220357334742874444616655823135096327336378793957961720815458158967696573011,0.04379272483793883024349383482469863642746599948321592642037588054008919363968413753289386279539982748
13,4,719/12800,327/5120,4793/5447,12081/13519,65300887/73637993,2,2/10,3/10,-4.274886261991686480632343700707689078400870104675819964679088996953493462303862685876806310120658958,-4.274886261991686480632343700707689078400870104675819964679088996953493462303862205152580098808799927,-1.340748196549374260742395771744408729085010074175787185862341700882338756854533351818704956795570225,-1.212974159892081377182628052177890706181240887968993079416933582968164974688330222849815898737175735,-0.4274886261991686480632343700707689078400870104675819964679088996953493462303862691147905281735920570,-0.4274886261991686480632343700707689078400870104675819964679088996953493462303862200935700921516590638,-0.00005586450818955726086426649048935036371187541975732446607759757087009744820227222322494405765745473219,-0.00005054058999550339071594283550741211275755170366537471164237223262367354061201375898479163255578276679,-0.4275444907073582053240986365612582582037988858873393209339864972662194436785885416377963573478938458,-0.4275391667891641514539503129062763199528445621712473711795512719279730197709982337192331422169928976,0.3340888973125084657221077526985966781816166466689665233154306837575313534725711142965413236202262504,0.3965791359376881684635712585708989453930517423876427434545774596617998643388302597737847757336769055,-2.741850716686471035435918997934341699102597006577583169088768031948178935338045286937653401509333561,-1.937660914930996091598452396774763160401218260684125232797909124725086863813592791513443987605093386,0.03340888973125084657221077526985966781816166466689665233154306837575313534725711135058764778779370086,0.03965791359376881684635712585708989453930517423876427434545774596617998643388302604326721471855846070,-0.0001142437798619362931431632915805975707959415419407326320453653346645074556390852207952453880272450753,-0.00008073587145545817048326884986561513168338409419517188469991288019687861932556636581374707997181341937,0.03329464595138891027906761197827907024736572312495591969949770304108862789161802609955050156164178589,0.03957717772231335867587385700722427940762179014456910246075783308598310781455745969276745146725403331
13,4,719/12800,327/5120,4793/5447,12081/13519,65300887/73637993,3,3/10,4/10,-4.311482729457541543467170905809501973885918312675068797964977093895112204707438490066285099817577635,-4.311482729457541543467170905809501973885918312675068797964977093895112204707438017775817243090137184,-1.479711227562729413663277577997080645670542264244607081140234781739549464007128727121648157996213774,-1.288149528522772259587119605981823454866458201355932693174368597612491503228274537083450436578889858,-0.4311482729457541543467170905809501973885918312675068797964977093895112204707438496391603865755891569,-0.4311482729457541543467170905809501973885918312675068797964977093895112204707438011450498477151823249,-0.00006165463448178039223596989908321169356960592767685862838084311590581456100029703062034512704106565858,-0.00005367289702178217748279665024924264395276909172316386221559869156718714596784477206207389502481889992,-0.4312099275802359347389530604800334090821614371951837384248785525054170350317441468168721898216791489,-0.4312019458427759365241998872311994400325446003592300436587133080810784076167116457099227286341189799,0.2688342428759932041847670080675644635689411873418487685065276408844364744539484267609438551958621404,0.3310318943909179357709315624037039635324200297978603968803553008257007971027623272750497249085492015,-3.212720549653740947363391982053537145170042858958608809759652447301055212041519300800860193162027174,-2.080921887019105901162967618414367295897152075446387726257277624421715068800665906602036584292547854,0.02688342428759932041847670080675644635689411873418487685065276408844364744539484264973889066150990598,0.03310318943909179357709315624037039635324200297978603968803553008257007971027623279339370963604569030,-0.0001338633562355725394734746659188973810487517857899420337399855186375439671683966382437321220616724563,-0.00008670507862579607921512365076726530399571466981026615526071990101757146120002774556964049664786913380,0.02674956093136374787900322614083754897584536694839493481691277856980610347822644598189670240000706724,0.03301648436046599749787803258960313104924628830997577353277481018155250824907620506661265434095612672
13,4,719/12800,327/5120,4793/5447,12081/13519,65300887/73637993,4,4/10,5/10,-4.361895928927069381723831193448025031566198836421119599690841153257437603938970163931899567160400165,-4.361895928927069381723831193448025031566198836421119599690841153257437603938969666340156646679703975,-1.675456295040610971667409945567593451379042839814042371788004206602728769593354654980501844446508033,-1.404926954014043486988464066212962950288246793575398527546615619095697146144613605552111721296783002,-0.4361895928927069381723831193448025031566198836421119599690841153257437603938970171311438127421766422,-0.4361895928927069381723831193448025031566198836421119599690841153257437603938969660014837880741390041,-0.00006981067896002545715280874773198306047412678499225176549116684194178036539972311095774930864946610859,-0.00005853862308391847862451933609220678959534361639897493864777565079565404775602556653304282196074937480,-0.4362594035716669636295359280925344862170940104271042117345752821676855407592967403218887046875805565,-0.4362481315157908566510076386808947099462152272585109349077318909765394144416529914018150652261507698,0.1769734439374655659658584396119078279117767234444086314519146915633409859793235430081433072735408987,0.2392688270286184096273537770779004313525386132873256739237417610307917399427362812103270491106445960,-3.884733442675561308545726497851745318576356905472214076020176501168989264349891135526031717431766491,-2.341484120371558656127915767342579811660177215155336539199054613553572813244182359076063537710210289,0.01769734439374655659658584396119078279117767234444086314519146915633409859793235428104770958379685883,0.02392688270286184096273537770779004313525386132873256739237417610307917399427362814079932605462169064,-0.0001618638934448150545227386040771560549406815377280089198341740208820412193479121312776653781891394139,-0.00009756183834881494400532982363927415881917405063147235579996060889806553388517426439904618812871880227,0.01753548050030174154206310535711362673623699080671285422535729513545205737858444214179132994193227459,0.02382932086451302601873004788415076897643468727810109503657421549418110846038845389068475217726675209
13,4,719/12800,327/5120,4793/5447,12081/13519,65300887/73637993,5,5/10,6/10,-4.427681513657022291141687892103437894942419565027880558224976148529574516553971337761587964435545602,-4.427681513657022291141687892103437894942419565027880558224976148529574516553970840169845043954849413,-1.946594801943904085426610985910257090463868171929387790980061998441153401399963122948818774218276250,-1.573632438948366472356498142830235336892537666274937334766095840506465259574780399814905906694527489,-0.4427681513657022291141687892103437894942419565027880558224976148529574516553971345141126524696911859,-0.4427681513657022291141687892103437894942419565027880558224976148529574516553970833844526278016535478,-0.00008110811674766267022610879107959404543599450716372449129083591660171472505833179715638338646851637132,-0.00006556801828951526968152075595125980570385573609478905561525399335443605248228251617027961228544043341,-0.4428492594824498917843948980014233835396779510099517803137884507695591663804554666907727191396901343,-0.4428337193839917443838503099662950492999458122388828448781128688463118877078793656350089357973886961,0.05376004087048637425033533765594867369140326598599164477881265572865278026193166939290142996368001837,0.1167260918586249955933745166017589090245656575111333352523416070351843690655539687000676481094954363,-4.856913186171666406470852387929783537180191119663683275732334844423303354126038893879273002988813942,-2.755348169228225191214544580212543332581191072841353936523321344496008856406786031912642563183394718,0.005376004087048637425033533765594867369140326598599164477881265572865278026193166931054050853219155568,0.01167260918586249955933745166017589090245656575111333352523416070351843690655539687659563852546862065,-0.0002023713827571527669362855161637409807158412966526534698221806185176376397552516215261399792652469724,-0.0001148061737178427163006060241755226388575496280350564140218050560206670356836160839643316233221809881,0.005173632704291484658097248249431126388424485301946511008059084954347640386437915302063952369225266665,0.01155780301214465684303684563600036826359901612307827711121235564749776987087178080344117784002930039
13,4,719/12800,327/5120,4793/5447,12081/13519,65300887/73637993,6,6/10,7/10,-4.511028049615082040028604692628819242555199191722093514437716712446826482631506630028355739281361148,-4.511028049615082040028604692628819242555199191722093514437716712446826482631506140870371173385083538,-2.322166405792392609637749842345335247854456872300294251572092997313000425309081404969929265444931343,-1.810557595731378766544554748770757188600970766455982940748373176323014133292149338125824556259335015,-0.4511028049615082040028604692628819242555199191722093514437716712446826482631506637407894299542727405,-0.4511028049615082040028604692628819242555199191722093514437716712446826482631506136653491996092874248,-0.00009675693357468302540157291009772230199393570301251226048217054155470835105454505897040636336710148824,-0.00007543989982214078193935644786544821619170711526899928919784888234679225555383955529813957589937799101,-0.4511995618950828870282620421729796465575138548752218637042538417862373566142052092111783766558720532,-0.4511782448613303447847998257107473724717116262874783507329695201270294405187044531027682703863689406,-0.1078439692294279382226153628116831574911980296994100722611799413795583015733415585765328230804860163,-0.04316402714447693458285143178618378837470752175267921810661337871377834725496798642127634752793262765,-6.277598001455764346238569054276129737391701755578578355285850114783840441102315611652346467941986884,-3.370211783755573965864010943330533707170707716768280952371663062513692690481558439728098675233683719,-0.01078439692294279382226153628116831574911980296994100722611799413795583015733415586753659287982721716,-0.004316402714447693458285143178618378837470752175267921810661337871377834725496798632244324181014647242,-0.0002615665833939901810932737105948387390579875731491074314702437547826600183792631518403515937122346647,-0.0001404254909898155819110004559721055711321128215320117063488192942714038621033982675134943994156250796,-0.01104596350633678400335480999176315448817779054309011465758823789273849017571341902092121175037986050,-0.004456828205437509040196143634590484408602864996799933517010157165649238587600196897184039785696257863
13,4,719/12800,327/5120,4793/5447,12081/13519,65300887/73637993,7,7/10,8/10,-4.614981463562794877692877372119096155434657320774255276716087472420064578357322949793394403901459036,-4.614981463562794877692877372119096155434657320774255276716087472420064578357322443767893128836344267,-2.848438425931380960708320014147790094238298185295603682157468856533879122747891701723797802979228363,-2.141321793460491399818596763254931310824201141839737015907231566674213001616809911967298043282051595,-0.4614981463562794877692877372119096155434657320774255276716087472420064578357322957172932964162825293,-0.4614981463562794877692877372119096155434657320774255276716087472420064578357322435334134774251925688,-0.0001186849344138075400295133339228245872599290910539834867565612023555782967811621547436385599039304196,-0.00008922174139418714165910819846895547128434171424332237566280131527809220840070041246809581624891396931,-0.4616168312906932953093172505458324401307256611684795111583653084443620361325134583909107399945637747,-0.4615873680976736749109468454103785710147500737916688500472715485572845500441329439054732461641174557,-0.3179167348953880897972294206187560992997249388325657310345757769164621928796532555623256793538869959,-0.2503137030397084452404856656154477599322740906836257772360981621619572362027700926291400079391108340,-8.403306749136180793886999046508438405582534254955139421524864507670722031681709159404899380567329066,-4.285152923508438695093716882419634838243254834552936727933028178244741247408921197521645156314494931,-0.03179167348953880897972294206187560992997249388325657310345757769164621928796532558258806279346500765,-0.02503137030397084452404856656154477599322740906836257772360981621619572362027700921679188479227754430,-0.0003501377812140075330786249602711849335659389272897974758968693544862800846534045495590507979250718696,-0.0001785480384795182789622382034341514515934689514397056969972095074268642186420383820001454548028762460,-0.03214181127075281651280156702214679486353843281054637057935444704613249937261873017693086461976193110,-0.02520991834245036280301080476497892744482087801980228342060702572362258783891904759879203024708042054
13,4,719/12800,327/5120,4793/5447,12081/13519,65300887/73637993,8,8/10,9/10,-4.743800465957710630546124841143425671775286873925495119191428524277178825798267641202214659694957367,-4.743800465957710630546124841143425671775286873925495119191428524277178825798267101441679966292168281,-3.601639272966857939727429061132212639237251626773340841106154532653074603493168905792525458194430112,-2.606933942018274984516119477557099668991097963109114635896474138115813942183141750902740218911256905,-0.4743800465957710630546124841143425671775286873925495119191428524277178825798267644364874042664114335,-0.4743800465957710630546124841143425671775286873925495119191428524277178825798267096170580994676906669,-0.0001500683030402857474886428775471755266348854844488892017127564388605447751455487049570947036346910059,-0.0001086222475840947910215049782315458195412957484628797764956864224214922475909642389775028104377987563,-0.4745301148988113488021011269918897427041635728769984011208556088665784273549723132814580654035765111,-0.4744886688433551578456339890925741129970699831410123916956385388501393748274176735272353612508581185,-0.5913898872591097166416895896042787106441824135923880586904565394432416216309029534453758592055093002,-0.5197087049633493792273639021076840535372393674595920782178351579758980911463866873770213216032060450,-11.69161308109951690382726761612053383955787148060709294044802229065247501592653060312589878339611351,-5.677161672891829907129208210456267893463006446651705652546113320379732366976680146179211078028193219,-0.05913898872591097166416895896042787106441824135923880586904565394432416216309029538407082820766539211,-0.05197087049633493792273639021076840535372393674595920782178351579758980911463866867181339501512983435,-0.0004871505450458132043261361506716889099815779783586288725186675954438531256636054438161277064034968731,-0.0002365484030371595794637170087690111622276252686104877355227547216824888486240283380390976328449770699,-0.05962613927095678486849509511109955997439981933759743474156432153976801528875390083149024622669650922,-0.05220741889937209750220010721953741651595156201456969555730627051927229796326269698874750653115589286
13,4,719/12800,327/5120,4793/5447,12081/13519,65300887/73637993,9,9/10,10/10,-4.903535106967303161090068123587014072303662013287310258797669194921638838195748838286267640190222572,-4.903535106967303161090068123587014072303662013287310258797669194921638838195748298525732946787433486,-4.713139892770253304553162620542074411033744685289976914041358355798410707671277970130526967798666230,-3.275192446156606130716826183403778148506998991887169864093068321557170785671428528828171181160132329,-0.4903535106967303161090068123587014072303662013287310258797669194921638838195748841448927023159379540,-0.4903535106967303161090068123587014072303662013287310258797669194921638838195748293254633975172171873,-0.0001963808288654272210230484425225864337930726952204157047517232648249337794863032495104137367802553343,-0.0001364663519231919221132010909751574228544582913286320776705445133982154494029761878878597000790569446,-0.4905498915255957433300298608012239936641592740239514415845186427569888175990611874551442956084409505,-0.4904899770486535080311200134496765646532206596200596579574374640055620992689778051610009402182096648,-0.9513288080061447297710285833733536121077805747936077271816142033624421018331244498318968276260546236,-0.8740365075638974480783781944209869095834513379516633377215273444003211277373635013636867723330465790,-17.01657135703115089085525878102039223213356699001953240881608659884694344072048738514283227777966504,-7.858625027825731438805974388836892244082001264783519971252581830889904045118801430755945747404414571,-0.09513288080061447297710285833733536121077805747936077271816142033624421018331244503590067247875807848,-0.08740365075638974480783781944209869095834513379516633377215273444003211277373635005730219265907573372,-0.0007090238065429646204523024492091830096722319579174805170340036082852893100300203106518242092972412127,-0.0003274427094927388099502489328682038435034167193659799988021909096204126685466167241126601417793210896,-0.09584190460715743759755516078654454422045028943727825323519542394452949949334246541038221079745887828,-0.08773109346588248361778806837496689480184855051453231377095492534965252544228296667640467797570726488
14,4,327/5120,229/3200,2971/3429,4793/5447,16309117/18677763,0,0/10,1/10,-4.245094562946444144323378501499429302839022163993069798164029248003972133723245116852383254979669777,-4.245094562946444144323378501499429302839022163993069798164029248003972133723244644561915398252229327,-1.161864124095744218819080118668842557219989614033593806585052105619996598825162505754675498834714969,-1.137094406339767631890540689454972700088215650942587410823784598672227677823345241095436017421431669,-0.4245094562946444144323378501499429302839022163993069798164029248003972133723245124231921815241036035,-0.4245094562946444144323378501499429302839022163993069798164029248003972133723244639290816426636967715,-0.00004841100517065600911746167161120177321749956725139974194104383773416652495104843791290766604388782963,-0.00004737893359749031799543919539395719583700898545594114211765769161134281990930605140431430495605592260,-0.4245578672998150704414553118215541320571197159665583795583439686381313798972755609625763181725360113,-0.4245568352282419047503332893453368874797392253847629209585205824920085561922337696482754590383599111,0.3966824852492092701551489707957698693450265787263948123629596761307062709326390774703290336122129852,0.4580169796002770042756431155553033203744116058267723970871018428043834401047005433950613605470863265,-2.212587790148193791828039155384390353834572421369922040711108692633266854635273922972999343061266758,-1.930426944435304095145995174951989169656382944359243136481650857985596781418880899132168348449939277,0.03966824852492092701551489707957698693450265787263948123629596761307062709326390770749966107410683643,0.04580169796002770042756431155553033203744116058267723970871018428043834401047005436586163091278494071,-0.00009219115792284140799283496480768293140977385089041341836296286219305278560980308052710031713588171351,-0.00008043445601813767063108313228966621540234928934830179735340211908273319922578670362707588226877424168,0.03957605736699808560752206211476930400309288402174906781793300475087757430765410462298320362513323231,0.04572126350400956275693322842324066582203881129332893791135678216135561081124426766673866792130069177
14,4,327/5120,229/3200,2971/3429,4793/5447,16309117/18677763,1,1/10,2/10,-4.256576408558858486737531551038425374270725155243318138916313802178553995311035113170765628325333239,-4.256576408558858486737531551038425374270725155243318138916313802178553995311034666181572835351148527,-1.217586766851321617461029755263101759886463893060454175380488590830198266413705130206988038659314231,-1.143595874607714898289770396029770948739013361650691384364443269050787425480921719211168511469248360,-0.4256576408558858486737531551038425374270725155243318138916313802178553995311035116333425011294490207,-0.4256576408558858486737531551038425374270725155243318138916313802178553995311034657747814480766729947,-0.00005073278195213840072754290646929590666193599554418559064085369128459159443390438065796077132142633337,-0.00004764982810865478742874043316790712286412555673544547434851846954378280939503840468864915572099831720,-0.4257083736378379870744806980103118333337344515198759994822722339091399911255374161774354153663803651,-0.4257052906839945034611818955370104445499366410810672593659798986873991823404985041157047275928587848,0.3760454419400046138842522455471160311858539771974890289663168262851667935913828200990881769092769671,0.4373133339047407095149718962634146954272121055808943576027990833610338783490447204656184230461669990,-2.420163380464753099471223742967263046257850313637014520228094568263624393983035460421836003409583960,-1.898298555615023297113558314177263763950631287874141775648652573461737015931905487315496614996094418,0.03760454419400046138842522455471160311858539771974890289663168262851667935913828195719782797477508059,0.04373133339047407095149718962634146954272121055808943576027990833610338783490447209927283202076931602,-0.0001008401408526980458113009892903026269274104297348756050095039403443176830826264779829157062299758125,-0.00007909577315062597071306492975738599016460963699475590731869385722757237566382939476054393649841767649,0.03750370405314776334261392356542130049165798729001402729162217868817236167605565541589995391808834908,0.04365223761732344498078412469658408355255660092109467985296121447887581545924064274183208060791410800
14,4,327/5120,229/3200,2971/3429,4793/5447,16309117/18677763,2,2/10,3/10,-4.279849284353111885419692219706644290483478908083078000994996192761659262369790854551483562894442129,-4.279849284353111885419692219706644290483478908083078000994996192761659262369790399128532415335838837,-1.309340988624113598859935197415532176379038126863847106087636377781777021849413311974192702308280118,-1.180759691296041038758395332837507186916240352455304355306911874824002151073933054108863939066101860,-0.4279849284353111885419692219706644290483478908083078000994996192761659262369790859822582534509703741,-0.4279849284353111885419692219706644290483478908083078000994996192761659262369790390694774060751420258,-0.00005455587452600473328583063322564717401579325528599362942031818240757404257705888819110017926965141787,-0.00004919832047066837661493313886822946612151001468563768147112132811766675629474721025670979253864438376,-0.4280394843098371932752550526038900762223636840635937937289199374585735002795561453872641356128301289,-0.4280341267557818569185841551095326585144694008229934377809707406042835929932737861359885701817859626,0.3339083002191298708301596034720020963772141834027880835580209562015968691955013768759067981110285054,0.3950231867655933757223626187419274793819669752865901718365766545615762066983790500299509699036137683,-2.741240428875294176027130977946129944249995448215672024188372966528322377049753698315469201741082472,-1.945046887691264219676587288452056937445971571467288970939147939798207416718162386081049117050886728,0.03339083002191298708301596034720020963772141834027880835580209562015968691955013764805743752398838845,0.03950231867655933757223626187419274793819669752865901718365766545615762066983790508206158156459030101,-0.0001142183512031372573344637907477554143437498103423196676745155402720134323770730712868227421744259116,-0.00008104362032046934248652447035216903906024881547780370712246449749159197569659009886342115253597741997,0.03327661167070984982568149655645245422337766852993648868812758007988767348717306455129020471394721939,0.03942127505623886822974973740384057889913644871318121347653520095866602869414131502103270869464433614
14,4,327/5120,229/3200,2971/3429,4793/5447,16309117/18677763,3,3/10,4/10,-4.315554989207121204164001206573197500924912909063327934062596818833792866438504044889295775929656680,-4.315554989207121204164001206573197500924912909063327934062596818833792866438503581032586273786634809,-1.444198720233271246918293890769476510549459860503999292809944063568875098845199048574810835527632002,-1.251763577166683368137707631530455021596840485206309911180589671085768640770622513911028237823065736,-0.4315554989207121204164001206573197500924912909063327934062596818833792866438504048051955158898813648,-0.4315554989207121204164001206573197500924912909063327934062596818833792866438503573653047713525268552,-0.00006017494667638630195492891211539485460622749418766663720041433598203646245188329390732929266358868420,-0.00005215681571527847367240448464710229256653502021692957963252456962857369336544260438905234653354653207,-0.4316156738673885067183550495694351449470975184005204600434600962193613231063022883909050160355138428,-0.4316076557364273988900725251419668523850578259265497229858922064530078603372157997296889510901135534,0.2684535065874230541800208051903428707396132309666674291119975842274813590699600015482560899720768117,0.3292874367337023817114306161569732453891207453979138674996979201915772987582800117106855658720363623,-3.203920057422937753781543024644879724334799572358880587255683332507957845523724402476243160334631855,-2.083967695377063175059774290346652169318315026081005290799969930632210210737308727999107794416116064,0.02684535065874230541800208051903428707396132309666674291119975842274813590699600010211461928105506505,0.03292874367337023817114306161569732453891207453979138674996979201915772987582800125013504116143256041,-0.0001334966690592890730742309593602033218472833155149533578023201388544982435634885174115723111676239324,-0.00008683198730737763229415726209777717372159645942004188711666541377634209211405452982231527471947849872,0.02671185398968301634492784955967408375211403978115178955339743828389363766343251157260628663463757316,0.03284191168606286053884890435359954736519047808037134486285312660538138778371394675441529491693877350
14,4,327/5120,229/3200,2971/3429,4793/5447,16309117/18677763,4,4/10,5/10,-4.364718357116922253610792423898356011357175558889898368396627131181552316862826499102932374219270489,-4.364718357116922253610792423898356011357175558889898368396627131181552316862826035246222872076248617,-1.633561635487803232917188382133829520141355373458782995165009533928279255717788839622878217073778595,-1.362425286917412524710770497198435653585558254747171108666865394425813297438714926673655090223086992,-0.4364718357116922253610792423898356011357175558889898368396627131181552316862826503319811551511479778,-0.4364718357116922253610792423898356011357175558889898368396627131181552316862826028920904106137934683,-0.00006806506814532513470488284925557623000588980722744929146520873058034496898824120200785058524785744643,-0.00005676772028822552186294877071660148556606492728113212952778605810107555405994645489371799541234913211,-0.4365399007798375504957841252390911773657234456962172861311279218487355766552708916842976873488622797,-0.4365286034319804508829421911605522026212836208162709689691904991762563072403425488734088303781471569,0.1764085414293717405924400438954852604640012777226960679629317938263705529690310628847214012880795406,0.2373748803573236715305110687581505236323673775741695266042871489452638501468553490737957732885819605,-3.862339982816317694987872406604565517335104170472118284568834621607816644390722074170118987283086792,-2.336972726695081501260675758528232677526689320385219643684116732830233667190052965825191359498105414,0.01764085414293717405924400438954852604640012777226960679629317938263705529690310624235002412717441495,0.02373748803573236715305110687581505236323673775741695266042871489452638501468553494691281961597265814,-0.0001609308326173465706244946836085235632222960071030049285237014425669923601829467537273460835403060611,-0.00009737386361229506255252815660534302823027872168271748515350486386792640279958553957936771861630773232,0.01747992331031982748861950970594000248317783176516660186776947794007006293672015948038658590048526262,0.02364011417212007209049857871920970933500645903573423517527521003065845861188594943680321909706081596
14,4,327/5120,229/3200,2971/3429,4793/5447,16309117/18677763,5,5/10,6/10,-4.428832714139876450479281780540369528387968814271511721590736138161730047903224761808369192318293795,-4.428832714139876450479281780540369528387968814271511721590736138161730047903224297951659690175271924,-1.895078724316455448266931233562193794285779097016032573472485353415488583286077571856123616242200968,-1.522384031083715388897245757269269253799605605605086594183965174372208206946577139809384509649777545,-0.4428832714139876450479281780540369528387968814271511721590736138161730047903224767079468163933555407,-0.4428832714139876450479281780540369528387968814271511721590736138161730047903224292680560718560010312,-0.00007896161351318564367778880139842474142857412904233469056135355639231202430358656589791683619701637611,-0.00006343266796182147453738523988621955224165023356687860809099854893217534195610738043863786101337615831,-0.4429622330275008306916059668554353775802254555561935068496349673725653168146260636219483152173280127,-0.4429467040819494665224655632939231723910385316607180507671646123651051801322785362718221831076913912,0.05314119576910629868433359523639193428842663567946999255366171046671622586077301779337404999343442623,0.1148166369374334578498084330128601684036692860885911451711586134500239376184702549821856156585295838,-4.812988670085548865517600851832395945318634703509920552183084896798615908081788906748580831566173870,-2.738609303892990438144866857371746192073489471771134175136049904074537737374084949333882774935110233,0.005314119576910629868433359523639193428842663567946999255366171046671622586077301769454094427564827100,0.01148166369374334578498084330128601684036692860885911451711586134500239376184702551139630899489111241,-0.0002005411945868978693965667021596831643882764459795800230076285373666089961700745385210664788414619344,-0.0001141087209955412682560361190571560913363953946571305906306687460031057390572535387810426169936735085,0.005113578382323731999036792821479510264454387121967419232358542509305013589907227229388760671882956490,0.01136755497274780451672480718222886074903053321420198392648519259899928802278977197377346683552774541
14,4,327/5120,229/3200,2971/3429,4793/5447,16309117/18677763,6,6/10,7/10,-4.509995115774051921909098397032602984202751236546112402578135301683042633008919697882070221659911693,-4.509995115774051921909098397032602984202751236546112402578135301683042633008919217157844010348052663,-2.256169004608773453021399914106985867501403514805596114567344767626765898652529692536190653461324532,-1.746821293034316299422142100959984389453750842877879486925849345057623175312421966806539044006917411,-0.4509995115774051921909098397032602984202751236546112402578135301683042633008919705261608781921277950,-0.4509995115774051921909098397032602984202751236546112402578135301683042633008919209778305450086686406,-0.00009400704185869889387589166308779107781255847978356650477363936531778191244385540429596236971338726232,-0.00007278422054309651247592258753999934956057295178657831195524372271073429897135091485224046750286740212,-0.4510935186192638910847857313663480894980876821343948067625871695336220452133358263972116249868547045,-0.4510722957979482887033857622908002977698356966063978185697687738910149975998632715178119040231623020,-0.1082047811381240681650021225381428087751551608123387467548561399951294106277623884438654443096874261,-0.04479595854788711060669764211230815758823190796331886144764397723030740777645559863489064596263940708,-6.196259050856441511306815708824032732040295378803754242714639218920981329994045281753394408414721363,-3.331849832219391643964356393211275631241961701003550661156564064844948851202699352767445376754884699,-0.01082047811381240681650021225381428087751551608123387467548561399951294106277623885097541814548781962,-0.004479595854788711060669764211230815758823190796331886144764397723030740777645559853605754024485325186,-0.0002581774604523517296377839878676680305016789741168230934464433007883742220830852211561042171746866745,-0.0001388270763424746518318481830504698179684150708751479442148568360352062021334458054483586320942153112,-0.01107865557426475854613799624168194890801719505535069776893205730030131528485932407882334722897094389,-0.004618422931131185712501612394281285576791605867207034088979254559065946979779005652877043549217905795
14,4,327/5120,229/3200,2971/3429,4793/5447,16309117/18677763,7,7/10,8/10,-4.611117276339904796552250815690604498052226009346542525514666187351423610770528339136464833415443352,-4.611117276339904796552250815690604498052226009346542525514666187351423610770527841544721912934747162,-2.760297850609487203409790984271505845819061655904410847367523578711797874578147280848693205119072064,-2.059536460597099970502365687351482345847452719177138645643820300490144017615402503801050687381662520,-0.4611117276339904796552250815690604498052226009346542525514666187351423610770528346516003393676809609,-0.4611117276339904796552250815690604498052226009346542525514666187351423610770527835219403146996433228,-0.0001150124104420619668087412910113127435757942356626837853069801491129915781074228038570271802008283460,-0.00008581401919154583210426523697297843107697719663238077690182584585375600073397510372140685864928508055,-0.4612267400444325416220338228600717625487983951703169363367735988842553526551602579608188328939055283,-0.4611975416531820254873293468060334282362995781312866333283684445809961170777867581594216928922258886,-0.3174260763217385043277760676658412090088527372101789989108374225246114076851246022803399051467918822,-0.2510922919838314150846887307037524602853460238770718542267947800521412515891527443655831598161096966,-8.256968549734252644090523628641632646827895457865193510021462504370241613211019934123818483907383202,-4.212945153483349928940042181329160314770268674352194132239601501723144317131937330617145823325030280,-0.03174260763217385043277760676658412090088527372101789989108374225246114076851246029392272765986995837,-0.02510922919838314150846887307037524602853460238770718542267947800521412515891527440361394740901558458,-0.0003440403562389271935037718178600680269511623107443830629175609376820934005504591651613576377067089969,-0.0001755393813951395803725017575553816797820945280980080888433167292384643465471640543881612816488239392,-0.03208664798841277762628137858444418892783643603176228295400130319014323416906291946680542168177871075,-0.02528476857977828108884137482793062770831669691580519351152279473445258950546243845800210869066440852
14,4,327/5120,229/3200,2971/3429,4793/5447,16309117/18677763,8,8/10,9/10,-4.736258154347747586210725612645270589570117904687000841399039027216706981812575571598620395822575884,-4.736258154347747586210725612645270589570117904687000841399039027216706981812575048705602411588623956,-3.478660161950432344017501744781685023303330573906208907918149850206450084872027407061543637233741151,-2.498402113146148795931585554676544978694590260604784066061506891295336333985228493910815388410859871,-0.4736258154347747586210725612645270589570117904687000841399039027216706981812575577923939161760889819,-0.4736258154347747586210725612645270589570117904687000841399039027216706981812575040271844057004205377,-0.0001449441734146013476673959060325702093043054405794253711632562437586020868696678092816473025864767558,-0.0001041000880477561998304827314448560407789412608585326694192294538039723472493845199107779917255732705,-0.4737707596081893599687399571705596291663160959092795095110671589654293002681272259766751338714213653,-0.4737299155228225148209030439959719149977907317295586168093231321754746705285068884332054720251659711,-0.5889500437389976481986449814471247922841653249749587872711245735700919235768570890571323181107477632,-0.5185954377553630236354603015805134856125173249733599692095434979884837054122842006119846599094954850,-11.42682665615341958816444776915276590827024894427669092109462815710859948001362392766728700120405745,-5.547282170266848490924001818194348576063717734564434068149355536784227576294787072541796338369361079,-0.05889500437389976481986449814471247922841653249749587872711245735700919235768570899795746381434185453,-0.05185954377553630236354603015805134856125173249733599692095434979884837054122841995577648655864431626,-0.0004761177773397258161735186570480319128445937060115287883789428398795249783339009987925865017808160086,-0.0002311367570944520204551667424247645240026549056068514195062231473660094823456161266011626117269516597,-0.05937112215123949063603801680176051114126112620350740751549140019688871733601960999880907335190988211,-0.05209068053263075438400119690047611308525438740294284834046057294621438002357403604145456633410043802
14,4,327/5120,229/3200,2971/3429,4793/5447,16309117/18677763,9,9/10,10/10,-4.891162463820983881235521248761960848448348185756028780010856320619717566295210061065682651376897575,-4.891162463820983881235521248761960848448348185756028780010856320619717566295209504437631248805271330,-4.533026570580087767712590288669761993338382544290345769577598511749267588971859627917342821970686120,-3.125831116251828043650550687818327958549432715000619619111821896542066791210171259589551555179532975,-0.4891162463820983881235521248761960848448348185756028780010856320619717566295210065282561828669106865,-0.4891162463820983881235521248761960848448348185756028780010856320619717566295209496003872894220852750,-0.0001888761071075036569880245953612400830557659393454310737323999379895528162071608185807463512991817399,-0.0001302429631771595018187729453257636649395596964583591507963259123559194496337571350090942847705602729,-0.4893051224892058917805401494715573249278905845149483090748180319999613094457281675172210854296016254,-0.4892464893452755476253708978215218485097743782720612371518819579743276760791547063503590760146472722,-0.9449953805463265407037075952332773977245213427671073780277343870534073428884406388397735526265303150,-0.8691342351832351657865759700972050050498963352355314536774872955344831129370097723365453503334010249,-16.52426279300233425685559104775418071445880012259210334243907774701237222157669121237378355756073780,-7.625871395609428990222598314726511339620453666429886866564358132654116636882467541905579090929188518,-0.09449953805463265407037075952332773977245213427671073780277343870534073428884406396304383983688195568,-0.08691342351832351657865759700972050050498963352355314536774872955344831129370097704916607102680594606,-0.0006885109497084305940356496269897575297691166717746709726016282394588488425656954702762662633412806568,-0.0003177446414837262079259415964469379724841855694345786194401815888605881932034361453762444804963998113,-0.09518804900434108466440640915031749730222125094848540877537506694479958313140975954759588458641347832,-0.08723116815980724278658353860616743847747381909298772398718891114230889948690441308078129278005890678
15,4,229/3200,2029/25600,23571/27629,2971/3429,81455359/94739841,0,0/10,1/10,-4.250819511040102806929850257364197236005564484568775194998129326991216369871459430636333228393216542,-4.250819511040102806929850257364197236005564484568775194998129326991216369871458958345865371665776091,-1.134168163165281217679742736737436220714203192177779161756119532629703853036098076406331820553614468,-1.109172260405668595113074752140750910910681138048186217116544398816159905974201823659678993460246146,-0.4250819511040102806929850257364197236005564484568775194998129326991216369871459438015871788654582799,-0.4250819511040102806929850257364197236005564484568775194998129326991216369871458953074766400050514479,-0.00004725700679855338406998928069739317586309179967407413173983831385957099387650408672043060256003667940,-0.00004621551085023619146304478133919795462127838075200775904652268328400666274892507571111196803623311282,-0.4251292081108088340770550150171171167764195402565515936315527710129812079810224480047710999297324709,-0.4251281666148605168844480705177589215551777268376295272588594553824056436498948201200832146814030529,0.3967333986727409786332133459377636133298181791690939609890916395915337176963100537828158241064850312,0.4567233595236851964665136798532032888467317255005828924993887532958547048681291448115983535380977815,-2.219523821467933394154455859926827573552610530585174011094223651472841739015505342170521752061767703,-1.940484859112551939966874392728098365985818213151346691177454713257731798372569070309658792503697129,0.03967333986727409786332133459377636133298181791690939609890916395915337176963100532557059269449588700,0.04567233595236851964665136798532032888467317255005828924993887532958547048681291456022631992803870233,-0.00009248015922783055808976899416361781556469210544104891712892598547803507245897938958586241771659843454,-0.00008085353579635633083195309969700409858274242554797277879906061305240549159885704407701880749664553016,0.03958085970804626730523156559961274351741712581146834718178023797367533669717202592594699297731663218,0.04559148241657216331581941488562332478609043012451031647113981471653306499521405752863212827500202693
15,4,229/3200,2029/25600,23571/27629,2971/3429,81455359/94739841,1,1/10,2/10,-4.262023695064347559730321928967372619022622803678646305149919418154802751245398358945114106003326019,-4.262023695064347559730321928967372619022622803678646305149919418154802751245397861353371185522629830,-1.188862167682668513128573750904601249958127895449888339263964695825686447206511000571163801939320336,-1.114402637036167406175995572792477882437561265343438218167216945684351307792150821341635856662880816,-0.4262023695064347559730321928967372619022622803678646305149919418154802751245398362107773488972482987,-0.4262023695064347559730321928967372619022622803678646305149919418154802751245397856082272213907368218,-0.00004953592365344452138035723962102505208158866231041201413599852899273693530027129190786367394267143532,-0.00004643344320984030859066648219968657843489838605597659242363403940351463782467295059856940880899200110,-0.4262519054300882004944125501363582869543438690301750425291279403444730120598401077103248168363575866,-0.4262488029496445962816228593789369484806971787539206071074155758548837897623644583911441023226247718,0.3760088789537619502709778512695975238196668430284631660284199672752324757880093251601196604282486587,0.4359358746899389554042806528773201952089443674079903738257937940754917219099085041622328738477949263,-2.424436834034748333457857037745654967009088433987982141298807154010621366032294242358115665424948834,-1.907703509688732538226413006859447633526823175377293658058737216857872661025590037815893077245999274,0.03760088789537619502709778512695975238196668430284631660284199672752324757880093246330097632667224975,0.04359358746899389554042806528773201952089443674079903738257937940754917219099085044257878224285580069,-0.0001010182014181145138940773765727356236253786847494992558874502980837758902513455938962410178020202784,-0.00007948764623703052242610054195247698473028429897405390241911405070241136087606625106982888576019166141,0.03749986969395808051320370775038701675834130561809681734695454642943947168854958685370468466099274127,0.04351409982275686501800196474577954253616415244182498348016026535684676083011478419794340034393064518
15,4,229/3200,2029/25600,23571/27629,2971/3429,81455359/94739841,2,2/10,3/10,-4.284729653397087646599347870055999028814486429397433962411823494844494720608229987778265250614589481,-4.284729653397087646599347870055999028814486429397433962411823494844494720608229481752763975549474712,-1.278267279536186098089418530257089167888024868921558264658053746952919535731949093857619150282753325,-1.149036227523710622597105760729928210037473440437328897899038521474169800965638834680109433014285440,-0.4284729653397087646599347870055999028814486429397433962411823494844494720608229993049364222229851093,-0.4284729653397087646599347870055999028814486429397433962411823494844494720608229476481665003934213100,-0.00005326113664734108742039243876071204866200103620506492769408557278970498065549787912916215830820808230,-0.00004787650948015460927487940669708034208489472668488870407912660506142374170690161781688776175205943730,-0.4285262264763561057473551794443606149301106439759484611688764350572391770414784976278493930633057605,-0.4285208418491889192692096664122969832235335376664282849452614760895108958025298491420559391887305732,0.3337130533429713581190097411337606192805283346755452929723259001761317217127238748044731840384147755,0.3934943224311406248402682062467168269527733722353032032610613477948653509026798164461684614725683453,-2.740539906654804626441126659566201569165773172449506814408086725000868348570030191782487473465851173,-1.952184399117448213612983373726539482859691697673612180968935019562891253067223076927224015482371123,0.03337130533429713581190097411337606192805283346755452929723259001761317217127238741455858125865070740,0.03934943224311406248402682062467168269527733722353032032610613477948653509026798169732783586340945065,-0.0001141891627772835261017136108152583987152405488520627839336702802083695145237512584092618248318456156,-0.00008134101662989367556720764057193914511915382073640050754037229248178713554446762768368183157900519975,0.03325711617151985228579926050256080352933759291870246651329891973740480265674863609296305002309880682,0.03926809122648416880845961298409974355015818340279391981856576248700474795472351408405731528234092642
15,4,229/3200,2029/25600,23571/27629,2971/3429,81455359/94739841,3,3/10,4/10,-4.319554779053168593003635210952573143483073216920521551996657913850252887408886520039217762393551808,-4.319554779053168593003635210952573143483073216920521551996657913850252887408886039314991551081692778,-1.409130291316885397458644967930545957966244422373409168001261976888445897011351768597398376089151171,-1.216047228066880232572796769985659487706103540429547623345205970423642462402661188318806482466413537,-0.4319554779053168593003635210952573143483073216920521551996657913850252887408886523201877145362708775,-0.4319554779053168593003635210952573143483073216920521551996657913850252887408886032989672785143378843,-0.00005871376213820355822744354033043941491526018426555871533338591570368524570880632391256007151154200700,-0.00005066863450278667635719986541606914532108764751789781763938358210098510260011088251854593306733818767,-0.4320141916674550628585909646355877537632225818763177139149991773007289739865974586569691685814524918,-0.4320061465398196459767207209606733834936284093395700530173051749671262738434887138566749405519725978,0.2680640368556959515710579232358067658972431593030063365748775691401581105560398271006005543908910174,0.3275753815871021506699922024073869627184420606302619675021385896618579194161741292389059772551467496,-3.195131584087482752660995411791667384685313115892349005346735251375432667759190487811113702742633135,-2.086772737220026639530755323273100236751428935892917400873515499852444908266989295388796879865451851,0.02680640368556959515710579232358067658972431593030063365748775691401581105560398267711568686649371667,0.03275753815871021506699922024073869627184420606302619675021385896618579194161741297660158744166729109,-0.0001331304826703117813608748088246528076952213798288478752227806354739763611566329375961098281118584404,-0.00008694886405083444331378147180304584319797620566220489170306314582718520451112455338977066116415907534,0.02667327320289928337574491751475602378202909455047178578226497627854183469444734971069325453736089628,0.03267058929465938062368543876893565042864622985736399185851079582035860673710628846953983508571539227
15,4,229/3200,2029/25600,23571/27629,2971/3429,81455359/94739841,4,4/10,5/10,-4.367484016776307931333058384259727107613329603759535999500702709544064535533079402054412481502491545,-4.367484016776307931333058384259727107613329603759535999500702709544064535533078904462669561021795356,-1.592305169377119674475651610608552577292132424071364784571875740076442305313003286171693510024374876,-1.320858683348984773207539630950365246397916813517577239380864843168373185635988602854954927899859702,-0.4367484016776307931333058384259727107613329603759535999500702709544064535533079409433951041763857802,-0.4367484016776307931333058384259727107613329603759535999500702709544064535533078898137350795083481421,-0.00006634604872404665310315215044202302405383885100297353269049482250318509605470847056394832858331014335,-0.00005503577847287436555031415128959855193324653389656571830753603513201554940149952479380240092776366094,-0.4368147477263548397864089905764147337853867992269565734827607657769096386493626499099262262502136766,-0.4368034374561036674988561525772623093132662069098501656683778069895384691027093890348873286005305500,0.1758425762378211305562167274315361934959134080354393799613688031129520018179345355897068599974623319,0.2355192316516151882781401247437143022111165717743004782238450521585960599133354098560706792200917603,-3.840178545720692342674876730722000873187055487396555293719512275496993763605128586107727037768376163,-2.332294616581908294232796317635426098731903178602748980766941579932340695654220456723226391348400337,0.01758425762378211305562167274315361934959134080354393799613688031129520018179345351284856999811269408,0.02355192316516151882781401247437143022111165717743004782238450521585960599133354101855143649460456111,-0.0001600074394050288476114531971134167030494606453081898039049796781457080734835470250326851348691508423,-0.00009717894235757951225969984656814275411382929910844787419862256583051419565225918509419369116579276203,0.01742425018437708420801021954604020264654188015823574819223190063314949210830990646233547479537680009,0.02345474422280393931555431262780328746699782787832159994818588265002909179568128186588685561708735053
15,4,229/3200,2029/25600,23571/27629,2971/3429,81455359/94739841,5,5/10,6/10,-4.429950644011997191079593465654235227654420295362283338021532671486065272060511653261971419898931167,-4.429950644011997191079593465654235227654420295362283338021532671486065272060511147236470144833816398,-1.844526678854151462190445749091220106035987316262501108051755995794550435799702292239247961275643727,-1.472465558534187438695863202543223780079591648946680624535674161727909538342487843972032823010221541,-0.4429950644011997191079593465654235227654420295362283338021532671486065272060511658533070391514192779,-0.4429950644011997191079593465654235227654420295362283338021532671486065272060511141965371173218554786,-0.00007685527828558964425793523954546750441816613817760421283548983315810626815832092917686373018401342920,-0.00006135273160559114327899430010596765750331631870611169268898642340532956409760365974751969136062194939,-0.4430719196794853087522172818049689902698601956744059380149887569817646334742094868952154140909531247,-0.4430564171328053102512383408655294904229453458549344454948422535720118567701487175204065043004272137,0.05252914212661255143287885169486618447115531510055797581856285370135554731642326991959932401387443471,0.1129507158993418163584124172099274043909342704023900237539266613933672577170500705117668920238039484,-4.769673882526608774016013444582054812935584233448838405206169806421328874563549464563174058261262347,-2.721891561888496662112705881355605208373679080827126843746373431211672202599834566047163770193389966,0.005252914212661255143287885169486618447115531510055797581856285370135554731642326985371058686868366456,0.01129507158993418163584124172099274043909342704023900237539266613933672577170500705776556291689947186,-0.0001987364117719420322506672268575856172056493430603682668835904086008887031068145618896279428153729304,-0.0001134121484120206942546960783898168836822366283677969518227655596338196751083264395083146706662433375,0.005054177800889313111037217942629032829909882166995429314972694961534666028535512415760094359850950148,0.01118165944152216094158654564260292355541119041187120542356990057970290609659668063460074359279422034
15,4,229/3200,2029/25600,23571/27629,2971/3429,81455359/94739841,6,6/10,7/10,-4.508963779858299208705698740404710943285694509764412998734695733348083275433401878399244268136172993,-4.508963779858299208705698740404710943285694509764412998734695733348083275433401363939984638486639645,-2.191682261888705506940081324954858788262164884428053650245787591264479249294812813194285192547599757,-1.685011481879013762101019740380429604857915021166712739803538501577672077189549909493820908891842491,-0.4508963779858299208705698740404710943285694509764412998734695733348083275433401885778782828397539250,-0.4508963779858299208705698740404710943285694509764412998734695733348083275433401358668885666871378033,-0.00009132009424536272945583672187311911617759020351783556876024114963601996872061720092965163312555719072,-0.00007020881174495890675420915584918456686907979254861303082514743756573633654956457910891429949134235706,-0.4509876980800752836000257107623442134447470411799591354422298144844443475120608059428863326371729040,-0.4509665867975748797773240831963202788954385307689899129042947207723740638798896999311130331000895531,-0.1085545152698352834443532019468682983751022964800821001116298122273894273012321526330820726907275125,-0.04638240443092989528974502387387697003140645396747990947081503492947944935447134304268546112932510730,-6.116518756639177757873329597994048301251636887998079172605588451946672808017942062464754087146956544,-3.294077424739505456007859159910876697726571261854979701239930351760047327353032982091686599794278855,-0.01085545152698352834443532019468682983751022964800821001116298122273894273012321527648595469811090528,-0.004638240443092989528974502387387697003140645396747990947081503492947944935447134296032453969783664461,-0.0002548549481932990732447220665830853458854848703332532988585661854977780336674142538243850881982020526,-0.0001372532260308127273336607983296198624052738025772908208849970979900019719730430400831509071046289149,-0.01111030647517682741768004226126991518339571451834146331002154740823672076379062953545789737577713625,-0.004775493669123802256308163185717316865545919199325281767966500590937946907420177335086093358994687592
15,4,229/3200,2029/25600,23571/27629,2971/3429,81455359/94739841,7,7/10,8/10,-4.607306593052908848164233332993116055611622656081641367120374131206669085657832144893886954798615535,-4.607306593052908848164233332993116055611622656081641367120374131206669085657831613567110615980245028,-2.674622894740831460014683580333511088115763539022480941159523150208778626876836683916520953908650450,-1.980503093332000823858386894154324397368260086780684474955100927782846154982856723291633244139394876,-0.4607306593052908848164233332993116055611622656081641367120374131206669085657832152273425515059981792,-0.4607306593052908848164233332993116055611622656081641367120374131206669085657831609350231438688035738,-0.0001114426206142013108339451491805629620048234807926033725483134645920324427865348622742608449702669320,-0.00008252096222216670099409945392309684989034417028252851978979587199095192312428569628322839429094146193,-0.4608421019259050861272572784484921685231670890889567400845857265852589410085697503149511458299314120,-0.4608131802675130515174174327532347024110526097784466652318272089926578604889074464247606239856898549,-0.3169306334567532303308137356876367138662384332449301670093858877567152631242742461710527206915672638,-0.2518335858541228178872271249339502117187433059878542168112079791267475733781651589329143255728483516,-8.114617618861028696733250932233010547113214493595379921601523166562574022540961405389600237417582457,-4.142302056621428182386163076591469290753282986364801445585032815678355840161827324150905929101792604,-0.03169306334567532303308137356876367138662384332449301670093858877567152631242742466981626178530934250,-0.02518335858541228178872271249339502117187433059878542168112079791267475733781651586693593769920852709,-0.0003381090674525428623638854555097087727963839372331408300667301319401072509392067264654712261268254402,-0.0001725959190258928409327567948579778871147201244318667268993763673199314933400761374417728375439196449,-0.03203117241312786589544525902427338015942022726172615753100531890761163356336663143334414765560597615,-0.02535595450443817462965546928825299905898905072321728840802017427999468883115659198198583502256652095
15,4,229/3200,2029/25600,23571/27629,2971/3429,81455359/94739841,8,8/10,9/10,-4.728847510507777115828718584121357645529308032053213074676911722548897646682591414163388256832573690,-4.728847510507777115828718584121357645529308032053213074676911722548897646682590865969095208845366024,-3.359818397374769041228215575900578348338999956402583377727475349327863983563534981063876731382428599,-2.394113216261990841051040540836811223775322800498857104902000489422640532319200083839008407535652099,-0.4728847510507777115828718584121357645529308032053213074676911722548897646682591417326047639801730657,-0.4728847510507777115828718584121357645529308032053213074676911722548897646682590858589556648583999767,-0.0001399924332239487100511756489958574311807916648501076407386448062219943326484806247600676733508576096,-0.00009975471734424961837712668920153380099063845002078571270425002039261002217996666955838078669148852456,-0.4730247434840016602929230340611316219841115948701714151084298170611117590009076225632671352322450801,-0.4729845057681219612012489851013372983539214416553420931803954222752823746904390520733412657963810081,-0.5865386528960935419705651489402084744564451377500774816809643051610742515305809629103601164942759578,-0.5174772441932665869357728525946309081419972040574468204284974165081296976396024690766787838163962292,-11.17150630238974189920331422553988931199601377874373547947840470878698998230987670259375272795848952,-5.421073852076905831918723330346961800622115608477394679021173040833375144782126584353344682530651156,-0.05865386528960935419705651489402084744564451377500774816809643051610742515305809633056925393654205787,-0.05174772441932665869357728525946309081419972040574468204284974165081296976396024681542364637837254471,-0.0004654794292662392458001380927308287213331672407809889783116001961994579159295781977780549115871297815,-0.0002258780771698710763299468054311234083592548170198914449592155433680572976992552728943857651730057650,-0.05911934471887559344285665298675167616697768101578873714640803071230688306898767458291141929649029418,-0.05197360249649652976990723206489421422255897522276457348780895719418102706165950204971135022253533358
15,4,229/3200,2029/25600,23571/27629,2971/3429,81455359/94739841,9,9/10,10/10,-4.879041487928457445208650209767673350791243330574803065801253164538946210306450013323120180959103214,-4.879041487928457445208650209767673350791243330574803065801253164538946210306449456695068778387476968,-4.360176111601271271237977091074141091460917060633231424824072560229045808759895768677978890844417100,-2.983217517639691946030299244477492465438684724509937872163794413798040356174630287288416618751330589,-0.4879041487928457445208650209767673350791243330574803065801253164538946210306450017539999358251312504,-0.4879041487928457445208650209767673350791243330574803065801253164538946210306449448261310423803058389,-0.0001816740046500529696349157121280892121442048775263846427010030233428769086983289912311765158993163977,-0.0001243007299016538310845958018532288527266118635212474113401581005749183481739429277674232970005064226,-0.4880858227974957974904999366888954242912685379350066912228263194772374979393433311804571065305524118,-0.4880284495227473983519496167786205639318509449210015539914654745544695393788188877140048943589291212,-0.9387835408489191672115221579119677369430269318615159083298270243761766664020046916519077142230909519,-0.8643171572048457710718640406280357142585255185198700861463048224590606576929659585393850570821481779,-16.05299595951574260709532325750327431534540362922728581101780292200337149626507421786598928517026972,-7.401758270145237292626895752658752001634608337276849618390932186744358664370217525613044979812784875,-0.09387835408489191672115221579119677369430269318615159083298270243761766664020046932332374057076694356,-0.08643171572048457710718640406280357142585255185198700861463048224590606576929659574851652627590958554,-0.0006688748316464892752956384690626364298060584845511369087924084550834738123443780950329055524511439672,-0.0003084065945893848871927873230274480000681086807198687340996221744476816110154257283780107779026593438,-0.09454722891653840599644785426025941012410875167070272774177511089270114045254484745438954924949428995,-0.08674012231507396199437919138583101942592066053270687734873010442035374738031202147277649098223782175
16,4,2029/25600,1113/12800,11687/13913,23571/27629,325421723/384402277,0,0/10,1/10,-4.256454873099614676548354574478156911853715173249571998416366779482137929380518914221767036909537216,-4.256454873099614676548354574478156911853715173249571998416366779482137929380518450365057534766515345,-1.106741240131581344154505480674727288171347050673534809506223642256992202669316654473781018661964004,-1.081550146346200223135269527500672494003227221888918674664078064561370163856279479769452824852840246,-0.4256454873099614676548354574478156911853715173249571998416366779482137929380518918438646214201746506,-0.4256454873099614676548354574478156911853715173249571998416366779482137929380518444039738768828201410,-0.00004611421833881588933977106169478030367380612711139728372942598509404134177788819411279718251001962441,-0.00004506458943109167596396956364586135391680113424537161144433658602339042349401164468445736163481849155,-0.4256916015283002835441752285095104714890453234520685971253661039333078342798297801514810634504547079,-0.4256905518993925593307994270114615525392883184592025714530810145342371833615458556286819794137321502,0.3967644739853050372363352875428861731814642426106019209441495300358145854560117753649601310538949497,0.4554506523860990602202370818301894697968916702850161276599933501871543699404588443157483122087537454,-2.226296556343796271624900688734492719884211618254063742270372561447304662094363234772375993522275798,-1.950315993425786909995435028615007953234679541917538731470904835701116743325425805271578276679583421,0.03967644739853050372363352875428861731814642426106019209441495300358145854560117744425178110212241676,0.04554506523860990602202370818301894697968916702850161276599933501871543699404588449746356836606614469,-0.00009276235651432484465103752869727052999517548409391932259459885672697102758726513520942961298927455844,-0.00008126316639274112124980979285895866471811164757989744714462103482087986430522607462459143751914516627,0.03958368504201617887898249122559134678815124877696627277182035414685448751801391228574965339679031134,0.04546380207221716490077389839015998831497105538092171531885471398389455712974065842567013360275441543
16,4,2029/25600,1113/12800,11687/13913,23571/27629,325421723/384402277,1,1/10,2/10,-4.267384222596020267869904169547014593252468779418638196503373244849472446729883837100003980306204433,-4.267384222596020267869904169547014593252468779418638196503373244849472446729883356375777768994345402,-1.160416885983500492618297023698651678775172319385438516453193562618138788981370251563035601485230581,-1.085576403829590980882451175999102615554541849696325828200928903391731076991310674279717621826967626,-0.4267384222596020267869904169547014593252468779418638196503373244849472446729883844479542540567570690,-0.4267384222596020267869904169547014593252468779418638196503373244849472446729883348996239208732979145,-0.00004835070358264585385909570932077715328229884664105993818554973177575578287422376068597960111078308798,-0.00004523235015956629087010213233329594231477257707068024284170537097465546154130461113353810295258786170,-0.4267867729631846726408495126640222364785291767885048795885228742167230004558626083727186318221612738,-0.4267836546097615930778605190870347552675616505189344998931790298559219001345296394856631157275938614,0.3759545005470029416049181129962889298678572358100609582362385027017113176891073289227015233622233977,0.4345811570486962270500847905985050704095245106277547311262201812789687757801836007742083939972866476,-2.428573354780690774905573116897414250394887908693638436960588625085379799691638173671403326661080630,-1.916876945734050886552848079678468375606184725575989816325282731741373025908127115450473168466000162,0.03759545005470029416049181129962889298678572358100609582362385027017113176891073283955916262006972365,0.04345811570486962270500847905985050704095245106277547311262201812789687757801836010377633425780497282,-0.0001011905564491954489543988798707255937664536628622349348733578593785574916538182577023340190440505776,-0.00007986987273891878693970200331993618231692436356566624234688678048922387607950529590366513321934491862,0.03749425949825109871153741241975816739301926991814386088875049241079257427725691453681569969318042004,0.04337824583213070391806877705653057085863552669920980687027513134740765370193885482627518750693383128
16,4,2029/25600,1113/12800,11687/13913,23571/27629,325421723/384402277,2,2/10,3/10,-4.289529297014701558393833247456149528830906518784823435407434028992919930206675672648997228723558061,-4.289529297014701558393833247456149528830906518784823435407434028992919930206675200358529371996117610,-1.247525791056129280226213551967912737814421339395141019990257625322309383901275640759181356341655978,-1.117792326854132764501663899134856850686167517375153276864806539451655729555373484524271166346959349,-0.4289529297014701558393833247456149528830906518784823435407434028992919930206675678974315994661871996,-0.4289529297014701558393833247456149528830906518784823435407434028992919930206675194033210606057803676,-0.00005198024129400538667609223133199636407560088914146420916626073438842955766255315193543004280239619793,-0.00004657468028558886518756932913061903544525697989063138653603360581048565539814056154254963433076501659,-0.4290049099427641612260594169769469492471662527676238077499096636336804225783301214234657773235785974,-0.4289995043817557447045708940747455719185359088583729749272794365051024786760656594595021438940873935,0.3335039760746231686897895050565295537223104323004607894526514480835997536074052132815896491622680493,0.3919918017817021754500897056059226007749828733464672894914412636865627276370809841721982793746477350,-2.739752547978330075286485381248858402984979496835260429258545414558889458992939046297822119859726422,-1.959081886162979351800435647904993407743733434089251457768037388319300858161911443928207089371276926,0.03335039760746231686897895050565295537223104323004607894526514480835997536074052124909248034199788075,0.03919918017817021754500897056059226007749828733464672894914412636865627276370809844357532279554108156,-0.0001141563561657637531369368908853691001243741457014691845524393922732870607913724607819694010244616531,-0.00008162841192345747299168481866270805865598889308705214407366822451330420242341297625107014798900101767,0.03323624125129655311584201361476758627210666908434460976071270541608668829994914878496459850781920030,0.03911755176624676007201728574192955201884229844155967680507045814414296856128468552806543220327482178
16,4,2029/25600,1113/12800,11687/13913,23571/27629,325421723/384402277,3,3/10,4/10,-4.323483901127831011954381301470730876892959831846616498992648538389115498978002377164056364842844900,-4.323483901127831011954381301470730876892959831846616498992648538389115498978001904873588508115404449,-1.374502728211243134298889323539912489028007298470395843894667556418784081128333228721104975480933725,-1.180981988196408305138135334720687927730425001487637178644356044009757590490988636281511412691561229,-0.4323483901127831011954381301470730876892959831846616498992648538389115498978002382435155336458106512,-0.4323483901127831011954381301470730876892959831846616498992648538389115498978001897494049947854038192,-0.00005727094700880179726245372181416302037616697076959982682894448151744933671368055143796157300477386052,-0.00004920758284151701271408897228002866365543437506198488244351483516707323293712452617645205786813076769,-0.4324056610597919029927005838688872507096721501554312497260937983204289992345139192241311092407123361,-0.4323975976956246182081522191193531163529514175597236347817083686740786231307373140438126663774739479,0.2676664764189823195438413660162397282879612948016084856268164875312074817668600587082470031637937481,0.3258948460416300630903476275882453691738847787281927346618758492106725505935462629063825914713404246,-3.186357244109358047687325983404948280345076786286365598423105729795420198925290748527859723783154218,-2.089348020301570904482083873011678510181366020201113190022446204961251874470256341465562626754862814,0.02676664764189823195438413660162397282879612948016084856268164875312074817668600583129145802926491271,0.03258948460416300630903476275882453691738847787281927346618758492106725505935462633017150143424850456,-0.0001327648851712232519869719159752061783477115327619318999342960720748091749552204485560816616705457625,-0.00008705616751256545435342016137548660459089025084171304958426859187338549476959401364537142749296961232,0.02663388275672700870239716468564876665044841794739891666274735268104593900173078536085825661235524405,0.03250242843665044085468134259744905031279758762197756041660331632919386956458503236092381421591728436
16,4,2029/25600,1113/12800,11687/13913,23571/27629,325421723/384402277,4,4/10,5/10,-4.370194478859277699362807358717063177483339081823494199042356616078343159237700818907814995561546838,-4.370194478859277699362807358717063177483339081823494199042356616078343159237700346617347138834106387,-1.551679003593578442213655969878475818251818746166830786802450666429255763617003944686576399226558696,-1.280197710736811914305637749542823033159854447606862934014807909540644842704164728215740209383574179,-0.4370194478859277699362807358717063177483339081823494199042356616078343159237700826287353555822913095,-0.4370194478859277699362807358717063177483339081823494199042356616078343159237700341346248167218844775,-0.00006465329181639910175890233207826982576049244775695128278343544443455232348404183128289669488749390757,-0.00005334157128070049642940157289761762638166060198361928891728366289752686844600686331618473705979823801,-0.4370841011777441690380396382037845875740944006301063711870190970522688682472541248055480554702202445,-0.4370727894572084704327101374446039353747155687843330391931529452707318427922160408502704431110801961,0.1752759229642871894032076719284814614390847691567744429586526902479241718441367796914538678496153211,0.2337008172881409282472982535650721592539410355854467645367317091137314219211545268140267256822088627,-3.818247196422296422914304667870192509298411244865616012280325415496491212711209378189029110403510802,-2.327462094006351028015753748666892758245303774420839723673770310858758800983727894949026734161950196,0.01752759229642871894032076719284814614390847691567744429586526902479241718441367793620101821236614704,0.02337008172881409282472982535650721592539410355854467645367317091137314219211545269458041999725904030,-0.0001590936331842623509547626944945913545541004685360673338450135589790204671963003914421582018267629276,-0.00009697758725026462616732307286112053159355432393420165515307376295244828337432199502953430911073312485,0.01736849866324445658936600449835355478935437644714137696202025546581339671721737751258662507636420337,0.02327310414156382819856250228364609539380054923461047479852009714842069390874113071512224739628909465
16,4,2029/25600,1113/12800,11687/13913,23571/27629,325421723/384402277,5,5/10,6/10,-4.431036460864533045434038502123799278990912228798649300986294670107139375529723500411290464663141275,-4.431036460864533045434038502123799278990912228798649300986294670107139375529723028120822607935700824,-1.794920997296423206822025613015624288922293718134681451092891516512224915209086799424053240634177142,-1.423830174731520509446764259343611542375857663406130503281260203282972381790457837812686100807851414,-0.4431036460864533045434038502123799278990912228798649300986294670107139375529723503573949847632298242,-0.4431036460864533045434038502123799278990912228798649300986294670107139375529723023903943430643491534,-0.00007478837488735096695091773387565101203842890492227839379553714652134270480037861699441865364007269030,-0.00005932625728048002122694851080598381426566073597525543763671917513679051590793574283931308019796274560,-0.4431784344613406555103547679462555789111296517847872084924250041572352802577727291299743315585410710,-0.4431629723437337845646307987231859117133568836158401855362661861858507280688802378565524357106405618,0.05192390219673411218190847544092071773958536655186085776446016550774134919268957687792766419020375876,0.1111270581299421726834325709950529715619727394611601552107894047109508863610546305266913022702218706,-4.726995292032017095893304461444616847694523538222187856239316233889020737573409645679100464828208735,-2.705081142411320139807795356518354737522056679445244547079577204998166462306404248835996567857504067,0.005192390219673411218190847544092071773958536655186085776446016550774134919268957679556674275871529607,0.01111270581299421726834325709950529715619727394611601552107894047109508863610546306584687765606034109,-0.0001969581371680007123288876858935257019872718140925911606766381764120425307322254027619084586244425875,-0.0001127117142671383391586581398549314473967523616435518561283157168749236025961001763299609710762405763,0.004995432082505410505861959858198546071971264841093494615769378374362092388536732273963609143039671115,0.01099999409872707892918459895965036570880052158447246366495062475422016503350936290058416550234036269
16,4,2029/25600,1113/12800,11687/13913,23571/27629,325421723/384402277,6,6/10,7/10,-4.507934469987624430192155647774869627519066095359816106799852593249637876951259114882871762108244943,-4.507934469987624430192155647774869627519066095359816106799852593249637876951258617291128841627548754,-2.128681032727499990638071355807540721607528862374068916444686204185891924917267872702953245501553240,-1.624958650398265216058468578909602674268411111637863838805909235176655182505616352922250681095211579,-0.4507934469987624430192155647774869627519066095359816106799852593249637876951259118045531145077401911,-0.4507934469987624430192155647774869627519066095359816106799852593249637876951258612020029870012287142,-0.00008869504303031249960991963982531419673364703593225287151852859184107883020488616168588966851449026772,-0.00006770661043326105066910285745456677809451712965157765995024621813236063260440068097505534015063105385,-0.4508821420417927555188254844173122769486402565719138635515037879168048665253307983201335884521816694,-0.4508611536091957040698846676349415295300011266656331883399355055430961483277302618042204112225185028,-0.1088934942326870827075644719131486925057816270657966333613213581140350108872108760330379095051904268,-0.04792484027041067899941245630688853363186174994101947031268613290163185673596164749780187619132235679,-6.038641224587378504404667994821330296176058094410428870623260401748212769197199646198318482191661622,-3.256853158712158587517125077288214369792436628440729870261251906140423577422755891254164604928861926,-0.01088934942326870827075644719131486925057816270657966333613213581140350108872108761648153837955719671,-0.004792484027041067899941245630688853363186174994101947031268613290163185673596164739896877047353620156,-0.0002516100510244741043501944997842220956740024206004345362759691834061755320498833196320895775091234796,-0.0001357022149463399411465468782203422654080181928516970779275521627558509823926148280047286026771226332,-0.01114095947429318237510664169109909134625216512718009787240810499480967662077097093920216251074713754,-0.004928186241987407841087792508909195628594193186953644109196165452919036655988779561209780783722305196
16,4,2029/25600,1113/12800,11687/13913,23571/27629,325421723/384402277,7,7/10,8/10,-4.603548557937894064029890028885977974016668305016479682425348183937160247541552893289747344464297767,-4.603548557937894064029890028885977974016668305016479682425348183937160247541552395698004423983601578,-2.591322747228611533516505705069163611101458816301363715080929687193465217705575940475642757153852353,-1.904167769647499940521514647366349414884599371987736517340269082657979251741064514580883384664249539,-0.4603548557937894064029890028885977974016668305016479682425348183937160247541552900669285904725664024,-0.4603548557937894064029890028885977974016668305016479682425348183937160247541552389372685658045287644,-0.0001079717811345254805631877377112151504625607840125568214617054036330610507377323312519159094788671549,-0.00007934032373531249752172977697359789228685830716615568822251121177741580215587768764871784121976008654,-0.4604628275749239318835521906263090125521293912856605250639965237973490858048930227186159663264300698,-0.4604341961175247189005107326655713952939536888088141239307573296054934405563111165197784198808640338,-0.3164308636373843294276751318508192072065315540546799387668996042267659917887210856979167390776031623,-0.2525390774660975386316066154185729740118074418845809027589345334779041379915553657370727930519736223,-7.976502748537494269951900622311364541338461909303945136863217380134251460738582737889533384267293570,-4.073131888721744782570214228102251119991026983110850900224461402558256743954126046440553201183189099,-0.03164308636373843294276751318508192072065315540546799387668996042267659917887210862250266362391293235,-0.02525390774660975386316066154185729740118074418845809027589345334779041379915553652758516330356382312,-0.0003323542811890622612479958592629735225557692462209977140359673908389271441974409490469281814261832165,-0.0001697138286967393659404255928375937966662927909629521208426858917732606976647552508217779287003471584,-0.03197544064492749520401550904434489424320892465168899159072592781351552632306954959574311247583885149,-0.02542362157530649322910108713469489119784703697942104239673613923956367449682029176862658181227491533
16,4,2029/25600,1113/12800,11687/13913,23571/27629,325421723/384402277,8,8/10,9/10,-4.721565402348895449590608364416816745142682123212123536660520966418583760083589115153163372997353693,-4.721565402348895449590608364416816745142682123212123536660520966418583760083588600693903743347820345,-3.244934725642573244011224011875637334913732369724971402721750178102599506933515446292537638873007767,-2.293927316837269137874768789854971867568167258518732583619217666665350828476142564426523764809874521,-0.4721565402348895449590608364416816745142682123212123536660520966418583760083589119370042550289562983,-0.4721565402348895449590608364416816745142682123212123536660520966418583760083588592260145388763401766,-0.0001352056135684405518338010004948182222880721820718738084467395907542749794555631442599005011670489227,-0.00009558030486821954741144869957729049448200696910494719098413406944438961785317260628521699253155945929,-0.4722917458484579855108946374421764927365562845032842274744988362326126509878144755774887071548413349,-0.4722521205397577645064722851412589650087502192903173008570362307113027656262120316787738507629877735,-0.5841554846474753715263507108473832185543352906506194164589010688107117351627420283976615880277902502,-0.5163549310481757352700858851545400548886645800525154941204690578655877726938425421480738070037585949,-10.92442586738787680653510282060876487484345475748774418436701297726227972527913341858711904950406186,-5.298573434068397769075515507780391340178432402432047753872684263363364529585841993353709140235978664,-0.05841554846474753715263507108473832185543352906506194164589010688107117351627420287929940108989348711,-0.05163549310481757352700858851545400548886645800525154941204690578655877726938425416209639098422324336,-0.0004551844111411615336056292841920318697851439482286560076819588740525949885532972278513311958267033116,-0.0002207738930861832403781464794908496391741013501013353230780285109734735220660767482014531907297497628,-0.05887073287588869868624070036893035372521867301329059765357206575512376850482750015708204090356007093,-0.05185626699790375676738673499494485512804055935535288473512493429753225079145033090180437415233074541
16,4,2029/25600,1113/12800,11687/13913,23571/27629,325421723/384402277,9,9/10,10/10,-4.867164937386813373364339822140109742525282890127285581223218040085907909342508489271079911825732157,-4.867164937386813373364339822140109742525282890127285581223218040085907909342507949510545218422943071,-4.194226584951809469496514553374665294299994573339941013021744849168131487367349189169519981691705005,-2.847019980757916872762397547599551205842745492176978651301585314222578076005046457898118091418595130,-0.4867164937386813373364339822140109742525282890127285581223218040085907909342508495596398677764046092,-0.4867164937386813373364339822140109742525282890127285581223218040085907909342507942131006658161576814,-0.0001747594410396587278956881063906110539291664405558308755425727020486721453069728835992896900363664045,-0.0001186258325315798696984332311499813002434477288407074438042327214259407531668769349526878811917338084,-0.4868912531797209960643296703204015853064574554532843889978643767106394630795578228501535849138886616,-0.4868351195712129172061324154451609555527717367415692655661260367300167316874176710472899138835127491,-0.9326900059425316080300840870331479077507367699155299466417622117308849594218210978134312215711680081,-0.8595831493170926187127029565418314372704455483534971738996070909093037027580029045419646105917913477,-15.60024795930197214307096649086742921157843619183969235431567854625446923290606191775703979851678549,-7.186069817954818845950094620949349301100268272829425748262968294010893746457315904459614584903644653,-0.09326900059425316080300840870331479077507367699155299466417622117308849594218210988676510158942203305,-0.08595831493170926187127029565418314372704455483534971738996070909093037027580029032241898676879759447,-0.0006500103316375821726279569371194762171491015079933205147631532727606028847044192496507630890948182848,-0.0002994195757481174519145872758728895542125111780345594061776236789171205727690548273703310985864961918,-0.09391901092589074297563636564043426699222277849954631517893937444584909882688652916215365262585699593,-0.08625773450745737932318488293005603328125706601338427679613833276984749084856934508184155768640610894
17,3,1113/12800,131/1280,1149/1411,11687/13913,16238197/19631243,0,0/10,1/10,-4.264715423924275121918382106739321619163661677388416465020628841908016833972572022903647782104933016,-4.264715423924275121918382106739321619163661677388416465020628841908016833972571567480696634546329724,-1.066243055136486486437437097126018458628405906176823001299405577759590419562737904112145815156010489,-1.040813900994114240029237484526479526829289821651408775052192286596757927271185040253236636877311919,-0.4264715423924275121918382106739321619163661677388416465020628841908016833972572027120526959397142306,-0.4264715423924275121918382106739321619163661677388416465020628841908016833972571563263817457254120435,-0.00004442679396402027026822654571358410244285024609070095838747523240664960081511407950478694153026457398,-0.00004336724587475476000121822852193664695122040923547536562717467860819824696963270971765549969582381786,-0.4265159691863915324621064372196457460188090179849323474604503594232083329980723170620616342077894148,-0.4265149096383022669518394289024540985633173881480771218676900588694098816442267885983639727107203582,0.3682133049059502322878330955609204572856443219843968985730474514258379207755032683921265515599121131,0.4818308024787235754455109207878986468908466036368911773100862428111001292311217775679193553742886459,-2.313012942977660311893170824606735806141518410420249557895811093541760147079323733106984108998356075,-1.890035777412686072361722960103137121884135326685833234699734750471901900645629004410728368238647058,0.03682133049059502322878330955609204572856443219843968985730474514258379207755032679967941286887674921,0.04818308024787235754455109207878986468908466036368911773100862428111001292311217779632517782454332668,-0.00009637553929073584632888211769194732525589660043417706491232546223090667279497182265170608167023876889,-0.00007875149072552858634840512333763071341183897194524305144582228126966257919356787472290235916623943827,0.03672495495130428738245442743840009840330853559800551279239241968035288540475535493494642349330537404,0.04810432875714682895820268695545223397567282139174387467956280199984035034391860993897528232983168484
17,3,1113/12800,131/1280,1149/1411,11687/13913,16238197/19631243,1,1/10,2/10,-4.275239182508453930928491613600532528178321898730487651515301849502591468878156426021470646358809318,-4.275239182508453930928491613600532528178321898730487651515301849502591468878155962164761144215787447,-1.118417212844674641310846154696972819554564598002825746527574362942109636437032565647594057182168469,-1.043158945607689785457427022869825833102894558640875068331728071961226403195881387119968685252495417,-0.4275239182508453930928491613600532528178321898730487651515301849502591468878156429184130029327966285,-0.4275239182508453930928491613600532528178321898730487651515301849502591468878155954785222583954421190,-0.00004660071720186144338795192311237386748144019158345107277198226512258790151820969044876847375919795202,-0.00004346495606698707439405945928624274304595393994336979451382200299838443346649505752109944559599882762,-0.4275705189680472545362371132831656266853136300646322162243021672153817347893338530204090006845247385,-0.4275673832069123801672432208193394955608781438129921349460440069532575313212820900322261587718547874,0.3473097178982987913184426893268026281425224874896916933361815997747710252445841220714376343175482991,0.4608178203508903055531284385552721500308789502803117488422201732939778998928380917554881970706024166,-2.516032500694981744232549709155689727778137842677788632139999478924218651023529832065435095097221737,-1.852751950328115550609433689631173929383498077330603841137126685191177150977201129531799721594247363,0.03473097178982987913184426893268026281425224874896916933361815997747710252445841215443277371560221379,0.04608178203508903055531284385552721500308789502803117488422201732939778998928380922825980942321285778,-0.0001048346875289575726763562378814870719907557434449078596724999782885091104593137434811061476102797265,-0.00007719799793033814794205973706796558039097908655544182671404694521629904795738337992564204653782219124,0.03462613710230092155916791269479877574226149300552426147394565999918859341399909836539578290119987814,0.04600458403715869240737078411845924942269691594147573305750797038418149094132642591190650360660519273
17,3,1113/12800,131/1280,1149/1411,11687/13913,16238197/19631243,2,2/10,3/10,-4.296556997017433992921943585838282726414514872779335158929470051252024887147073036070245351804046165,-4.296556997017433992921943585838282726414514872779335158929470051252024887147072580647294204245442873,-1.202191721526405855433544746007374348776500286187659510573783967444740613668815811920873556313055515,-1.071961396436348960925883961618832973564556010978841516465456814423996193907494716476479833816406857,-0.4296556997017433992921943585838282726414514872779335158929470051252024887147073042395564117742360099,-0.4296556997017433992921943585838282726414514872779335158929470051252024887147072573267755643984076616,-0.00005009132173026691064306436441697393119902084525781914627390766531019752556953399233993095683179737167,-0.00004466505818484787337191183173411804056518983379078506318606070060099984141281227957916501072966887965,-0.4297057910234736662028374229482452465726505081231913350392209127905126862402768386373308473715434350,-0.4297003647599282471655662704155623906820166771117243009561330658258034885561200692920319941022458146,0.3047063280995691984980955914843771031711090527512316671253992741187317239012792762181160003724021577,0.4179561137753739515146136529677590930516914960408179674858811067364442161802849206160667997318233992,-2.829019395066120204128597720675675133535917668882558206722213523691139309768137098284198314415360930,-1.884442798477672467280499493742791987626890553154689625526112382440511800172863517100935977600440932,0.03047063280995691984980955914843771031711090527512316671253992741187317239012792759545610517916390770,0.04179561137753739515146136529677590930516914960408179674858811067364442161802849210113992226029680201,-0.0001178758081277550085053582383614864638973299028701065919467588968204641379070057128578145660622736505,-0.00007851844993656968613668747890594966615112043971477873439692134926835465834053597931880822949326562395,0.03035275700182916484130420091007622385321357537225306012059316851505270825222092188118271227599792610,0.04171709292760082546532467781786995963901802916436701801419118932437606695968795612503833752422105446
17,3,1113/12800,131/1280,1149/1411,11687/13913,16238197/19631243,3,3/10,4/10,-4.329228888163515454849389243153208677379995844586665882792834931463071593191321628809555653399591287,-4.329228888163515454849389243153208677379995844586665882792834931463071593191321173386604505840987996,-1.323558337587006065851733481645857247402962046076128584341282634379325469450820605003581281344290085,-1.129744480598956934263722032637484940857649776905423992740029928309029845970394443302996026398887436,-0.4329228888163515454849389243153208677379995844586665882792834931463071593191321631972215036368748255,-0.4329228888163515454849389243153208677379995844586665882792834931463071593191321168115505534225726383,-0.00005514826406612525274382222840191071864179008525317202434755344309913856122711752541575753899192471800,-0.00004707268669162320559432175135989520586906874070439266636416791367954291024876643484901843891711282184,-0.4329780370804176707376827465437227784566413745439197603036310465894062978803592807715390582758130249,-0.4329699615030431686905332460666807629438686531993709809456476610599867022293808827273970779033757355,0.2387305981198330624690245116050904363485784067887631940302855288377505235146067702389813412616991293,0.3514909019256583708478955630005285720178304444410607430921418747266205604610513920309598567994357351,-3.278066180284004049072895739200166901203214803429070111495171588962178757016875723343998566144118547,-1.996602635682243683097154714129143686214358181305081461950488614527274995815049118818293763357204441,0.02387305981198330624690245116050904363485784067887631940302855288377505235146067699754263926809360487,0.03514909019256583708478955630005285720178304444410607430921418747266205604610513924262922796705803560,-0.0001365860908451668353780373224666736208834672834762112546456321495400907815423698223269327683101694660,-0.00008319177648676015346238144642204765359226492422104506091460369227196979149229371269761717877982609031,0.02373647372113813941152441383804237001397437339540010814838292073423496156991830714252871580666145177,0.03506589841607907693132717485363080954819077951988502924829958378039008625461284556351942405955709820
17,3,1113/12800,131/1280,1149/1411,11687/13913,16238197/19631243,4,4/10,5/10,-4.374146248145078099381278133193826475718321873446862249760497429132645180418258180760857924994118670,-4.374146248145078099381278133193826475718321873446862249760497429132645180418257683169115004513422481,-1.492111493707174900568512571373215067907164605666969717042346792782833400277885827948875957310605540,-1.221048120837797801058762586047921402128657641531370394726064866467171340027828291404113181735572989,-0.4374146248145078099381278133193826475718321873446862249760497429132645180418258186031956896609380282,-0.4374146248145078099381278133193826475718321873446862249760497429132645180418257674735356649929003902,-0.00006217131223779895419035469047388396116279852523612373821009778303261805834491190981495937906583914553,-0.00005087700503490824171078177441866339175536073506380709978025270276946547250115951184911360765123363005,-0.4374767961267456088923181680098565315329949858699223487142598406962971361001707305372041697105036033,-0.4374655018195427181798385950938013109635875480797500320758299956160339835143269266089696298707020091,0.1460095991379841017152613733099450560839245811702303003729506099463458350359755711178847455784119007,0.2592505457377994804613416527259773736854217721013903798745791062663463571769664900522156252110477196,-3.912564550200854633661769716678580118753663090106408521981013680454890248361037402192042299538987260,-2.206140488630532337690256090608420715153642349288200744348670613370502783210078395119235454480126465,0.01460095991379841017152613733099450560839245811702303003729506099463458350359755709531629027154349753,0.02592505457377994804613416527259773736854217721013903798745791062663463571769664904475480480821923405,-0.0001630235229250356097359070715282741716147359620877670217492089033522870936817098924230662030400604721,-0.00009192252035960551407042733710868419646473509788700836434786127555710428263375326581162068644335280833,0.01443793639087337456179023025946623143677772215493526301554585209128229640991584720263584618903003562,0.02583313205342034253206373793548905317207744211225202962311004935107753143506289578962436611992204125
17,3,1113/12800,131/1280,1149/1411,11687/13913,16238197/19631243,5,5/10,6/10,-4.432601987482580174110226463316079261449661989801070414682952962648650325144947666576829219953785728,-4.432601987482580174110226463316079261449661989801070414682952962648650325144947168985086299473089538,-1.722508704916595445424786141586603475253035177470874273879543644318649954211464269660499293734011570,-1.353336314534517447584583916267392553380253218506693593943695341166190918093730022803981594583994373,-0.4432601987482580174110226463316079261449661989801070414682952962648650325144947671847928191569047340,-0.4432601987482580174110226463316079261449661989801070414682952962648650325144947160551327944888670959,-0.00007177119603819147689269942256610847813554313239461976141164765184661041475881101160510560165675708982,-0.00005638901310560489364935766317780802305751055077111223308098730588192462158723875062381074860206006545,-0.4433319699442962088879153457541740346231017421125016612297069439167116429292535786766650478559285891,-0.4433165877613636223046720039947857341680237095308781537013762835707469571360819545011498848806985447,0.02219516817194822689943864823449220842364153103440323717822220829212141975024781252406334055299085418,0.1370844335902842723980842549707538696918232128669115125442322746661957614748792199303638529449182606,-4.825155956644643707945857789919128228823820407706817314624306680154036861707305759165529896130704509,-2.540424639770638675831606015576749508528058608872706788835358981493642535861446228974680385554075954,0.002219516817194822689943864823449220842364153103440323717822220829212141975024781249935506412354431538,0.01370844335902842723980842549707538696918232128669115125442322746661957614748792200621413272352998009,-0.0002010481648601934878310774079132970095343258503211173881093461116730848692378044074376614270101748145,-0.0001058510266571099448263169173156978961886691087030294495348066242289017723275602588158355741343213597,0.002018468652334629202112787415535923832829827253119206329712874717539057105786976840953577708503848048,0.01360259233237131729498210857975968907299365217798812180488842084239067437516036175563438929254450500
17,3,1113/12800,131/1280,1149/1411,11687/13913,16238197/19631243,6,6/10,7/10,-4.506400566344380118353211139314350676127821043473101294649697094101907342362613866794580232865208390,-4.506400566344380118353211139314350676127821043473101294649697094101907342362613377636595666968930780,-2.037180685670590762519547182349215654916691301498813164532589812341471703987705170654804883703356384,-1.538469547306409930213896006099666133442113255336690527685150339646991697432360794513063789283180148,-0.4506400566344380118353211139314350676127821043473101294649697094101907342362613872065679204480470002,-0.4506400566344380118353211139314350676127821043473101294649697094101907342362613371311276901030616846,-0.00008488252856960794843831446593121731895486213756245054852219124218089465433282104918462692740087653773,-0.00006410289780443374709224566692081942222675471897236210532021459748529132072634836597579365301923684265,-0.4507249391630076197837594283973662849317369664848725800134919006523716288905942083477651392871888937,-0.4507041595322424455824133595983558870350088590662824915702899240076760255569876851868344500508954784,-0.1391170608461981884195046510233918862154427558071559581678967579288958467122899718621405524711305332,-0.02062453783537695009028968499833260868254135420392826550753931111840425573950501121704570682510006016,-6.137529147545130151285701223932567037698062456019595471745171872169542213260270804171923919054451274,-3.023695082836370729688333814853641835316427854476350441319083927323215789674148378388635281978183531,-0.01391170608461981884195046510233918862154427558071559581678967579288958467122899720268623953341074586,-0.002062453783537695009028968499833260868254135420392826550753931111840425573950501116762915396620698255,-0.0002557303811477137563035708843305236265707526023341498113227154946737309255525112848441557878650981808,-0.0001259872951181821137370139089522350764715178272698479350549618303051339912364228481475714865368034992,-0.01416743646576753259825403598666971224811502818304974562811239128756331559678150850297306808967993079,-0.002188441078655877122765982408785495944725653247662674485808892942145559565186923964138353244737297416
17,3,1113/12800,131/1280,1149/1411,11687/13913,16238197/19631243,7,7/10,8/10,-4.598027640286068454608671285334050328653604696567765593549466401677648085342789598997371660164645230,-4.598027640286068454608671285334050328653604696567765593549466401677648085342789118273145448852786199,-2.471071725448881618339826860627443450963941748474110105594104323892876481296981994669146915189295082,-1.794871427178724694917889407717789479054433634969531673239808337375254985790537459993362123231161424,-0.4598027640286068454608671285334050328653604696567765593549466401677648085342789604268470631779906842,-0.4598027640286068454608671285334050328653604696567765593549466401677648085342789114056266271560576910,-0.0001029613218937034007641594525261434771234975728530879210664210134955365200540409168584114183261168201,-0.00007478630946578019562157872532157456162726806812373048638499201405730229107460572698222229880677921876,-0.4599057253505005488616312879859311763424839672296296472760130611812603450543330015915603725292023934,-0.4598775503380726256564887072587266074269877377249002898413316321818221108253535169097196058308988180,-0.3468429546836082020043078652584084120761622281916897294716321866235729003216611601435623452300539032,-0.2225509342006300966700083053568266804893052546894020995727763071952443784696771701224591800988046278,-8.067044980612560599184644967307940829595475298599553527041865177714193223932241313405990476073937314,-3.735931674553280995296740343353656340976340212842734075968411607356525506352835886863154244760496422,-0.03468429546836082020043078652584084120761622281916897294716321866235729003216611604071172938108169838,-0.02225509342006300966700083053568266804893052546894020995727763071952443784696771698589042315180415472,-0.0003361268741921900249660268736378308678998114707749813969600777157380913843305100562736349260817304866,-0.0001556638197730533748040308476397356808740141755351139198320171503065218960980348276700884740337828184,-0.03502042234255301022539681339947867207551603428994395434412329637809538141649662611757559466503554454,-0.02241075723983606304180486138332240372980453964447532387710964786983095974306575178499156700429037704
17,3,1113/12800,131/1280,1149/1411,11687/13913,16238197/19631243,8,8/10,9/10,-4.710913699892489458513142186303473314819726468004126547104086945722941826890504647199514144350299693,-4.710913699892489458513142186303473314819726468004126547104086945722941826890504141174012869285184924,-3.080258142649257849419778871879641656033059725902687935892973495761511429171988401689405317348084237,-2.151403564301498662117133688198908728853591144393418506302287916260994721496501858513680148731115396,-0.4710913699892489458513142186303473314819726468004126547104086945722941826890504651416393321642508983,-0.4710913699892489458513142186303473314819726468004126547104086945722941826890504134848694103346870990,-0.0001283440892770524103924907863283184023347108219126119973288738956567296428821661839541707131232847355,-0.00008964181517922911092154723700828786370223296434972577109592866317754144672902091014202863159150547245,-0.4712197140785259982617067094166756498843073576223252667077375684679509123319326317585030961516354150,-0.4711810118044281749622357658673556193456748797647623804815046232354717241357794342845963286721893842,-0.6137293738110734745672262829979857373324034808883699591632238352959709273158375043788091372941201312,-0.4817819705431961516747565246737003180739154073983498227191765018850161992997661190965596468610667956,-10.98473992438802567379279587847521331062131006502639497015015680949065080518889310303966046125907657,-4.797527873969819669022798168146607251394396310272287987240005874717078451341399032634173337175125235,-0.06137293738110734745672262829979857373324034808883699591632238352959709273158375049059190344556462924,-0.04817819705431961516747565246737003180739154073983498227191765018850161992997661181741173268283960135,-0.0004576974968495010697413664949364672212758879193760997904229232003954437835495372144619283851174627673,-0.0001998969947487424862092832570061086354747665129280119994683335781132116021392249583766884948356729561,-0.06183063487795684852646399479473504095451623600821309570674530672999253651513328773027686401907543371,-0.04837809404906835765368493572437614044286630725276299427138598376661483153211583677218513086504765406
17,3,1113/12800,131/1280,1149/1411,11687/13913,16238197/19631243,9,9/10,10/10,-4.849853368960427411893466932866599835607113672227815865684702888431260190124614711906774855453934817,-4.849853368960427411893466932866599835607113672227815865684702888431260190124614189013756871219982889,-3.958329791017096106930759464641891894790730769490213540812660457275232639820573198434051545134010082,-2.654661890800507363380795013634387593825266377253044185691091939099192104350746454712302237744619339,-0.4849853368960427411893466932866599835607113672227815865684702888431260190124614718232093621392248752,-0.4849853368960427411893466932866599835607113672227815865684702888431260190124614180579998516635564310,-0.0001649304079590456711221149776934121622829471153954255642005275190531346933258572172822690982142217116,-0.0001106109121166878068075331255680994830760527657188768410704621641291330043479477683025580573832243224,-0.4851502673040017868604688082643533957229943143381770121326708163621791537057873292958104876750533312,-0.4850959478081594289961542264122280830437874199885004634095407510072551520168093653089728719794027490,-0.9594864808639221987889019876661750911777335389677806976495188914038278374193154551403522226210937448,-0.8172094457194325007546773175831742077605913704300869557234109883756070664549486679719483687738721419,-15.57918404264073779478844446618303395833309949331378004272301659570096359785735907836832390685500800,-6.417397528369839019039315935681946618030882217222685842471098421146439283529690493478237183083381392,-0.09594864808639221987889019876661750911777335389677806976495188914038278374193154559310170683633829866,-0.08172094457194325007546773175831742077605913704300869557234109883756070664549486661270637287085305776,-0.0006491326684433640747828518527576264149305458122214075017801256914875401499107232972326285681052030576,-0.0002673915636820766257933048306534144424179534257176119101029624342144349701470704356002590023327189455,-0.09659778075483558395367305061937513553270389970899947726673201483187032389184226891298358879810282896,-0.08198833613562532670126103658897083521847709046872630748244406127177514161564193703904102821214332465
18,3,131/1280,1507/12800,11293/14307,1149/1411,16186583/20187177,0,0/10,1/10,-4.275473479588038391741525431565179470132237564090841854298506722785637381030189967944433046015178187,-4.275473479588038391741525431565179470132237564090841854298506722785637381030189487220206834703319157,-1.012975514351274241961880681771413610760305166573666527166198137520317673840761474393550162971797591,-0.9873193827146943313925530067765184635901534912895056710172766204626537815692802097288969481086594875,-0.4275473479588038391741525431565179470132237564090841854298506722785637381030189975323971606276544444,-0.4275473479588038391741525431565179470132237564090841854298506722785637381030189479840668274441952900,-0.00004220731309796976008174502840714223378167938194056943863192492239667990307669839492082465114119910051,-0.00004113830761311226380802304194902160264958972880372940295905319251927724089872000844803862095256611240,-0.4275895552719018089342342881849250892470054357910247548684825972009604180060956963620292237093706857,-0.4275884862664169514379605661984669686158733461378879148328097254710830153439176679566106518786083544,0.3693685986077531920144521389446635516115435110954502324407924883615597762842931476920148080667511709,0.4782229193837384084807255478743454630696237749504619654607445369983606068904824650981928627266510013,-2.323354125154467299721052302771789708255997576258366036575856189661171351851821650692493476614244056,-1.910589758694649860505356263707202617691999098218026913934306272048603274375671811242365822282863794,0.03693685986077531920144521389446635516115435110954502324407924883615597762842931469013499623244619290,0.04782229193837384084807255478743454630696237749504619654607445369983606068904824656253027598881771625,-0.00009680642188143613748837717928215790451066656567743191819066067456921547299382590250992184460515653673,-0.00007960790661227707752105651098780010907049996242575112141392942800202513643231965830313849742864959020,0.03684005343889388306395683671518419725664368454386759132588858816158676215543548876922255600549283299,0.04774268403176156377055149827644674619789187753262044542466052427183403555261592690487058219007257028
18,3,131/1280,1507/12800,11293/14307,1149/1411,16186583/20187177,1,1/10,2/10,-4.285464148035095208415121747782508681755778452818135191921152646420708418340510236428346591669314859,-4.285464148035095208415121747782508681755778452818135191921152646420708418340509747270362025773037249,-1.063182454560960916234159327638603038995529314212175746085182274438619564039871874000594587652959973,-0.9876230479727650265117898415597064567487482275727090136523550189577185129019266894842583399419593921,-0.4285464148035095208415121747782508681755778452818135191921152646420708418340510243807885151930681116,-0.4285464148035095208415121747782508681755778452818135191921152646420708418340509743053482848480827959,-0.00004429926894004003817642330531827512662481372142550732275354926143494248183499466159685595678358767767,-0.00004115096033219854277132457673165443569786450948219620890218145912323827137091361181235913966136450644,-0.4285907140724495608796885980835691433022026590032390265148688139035057843158860191542160597810446275,-0.4285875657638417193842834993549825226112757097912957154010174461011940801054218878225742732812691291,0.3483024534849009254813275998149824478926098138219509515108743270838829097105997525027994153590782196,0.4570590908562783839819295158179825876397171212448935487861795592436598505374953707982778889734705346,-2.521070831119347431855340761826168235791504189164770152694371718676298940939335475045197930682359423,-1.872035305117031631982426847595282245683525992261487466723168677618395695354576768556512741154370589,0.03483024534849009254813275998149824478926098138219509515108743270838829097105997518439120439071705181,0.04570590908562783839819295158179825876397171212448935487861795592436598505374953714571652604253782361,-0.0001050446179633061429939725317427570098246460078818654230289321549448457892058056451964320877807960393,-0.00007800147104654298466593445198313676023681358301089531111346536156743315397310736478308344874802701973,0.03472520073052678640513878744975548777943633537431322972805850055344344518185416952606850044979278203,0.04562790761458129541352701712981512200373489854147845956750449056279855189977642983228032954873338505
18,3,131/1280,1507/12800,11293/14307,1149/1411,16186583/20187177,2,2/10,3/10,-4.305695500598962972489198879151520630353391080919612540287737034876844241559508724884702279610028495,-4.305695500598962972489198879151520630353391080919612540287737034876844241559508261027992777467006623,-1.142676219092847247950056677484365570777782951557252417280309673582300344898854359387773141514270440,-1.012211682842960547265898347437862614513116504370371370923467954289444168282187563294156566567502864,-0.4305695500598962972489198879151520630353391080919612540287737034876844241559508728047361662579185462,-0.4305695500598962972489198879151520630353391080919612540287737034876844241559508253648454217205640366,-0.00004761150912886863533125236156184856544907428964821885072001290306592918103745226519892405846390066249,-0.00004217548678512335613607909780991094227137985434876547378847783142872684034509114816671237390871664553,-0.4306171615690251658842511402767139116007881823816094728794937163907503533369883254197116285207350118,-0.4306117255466814206050559670129619739776104879463100195025621813191131509962959163676579766618692867,0.3054059168507682397476133317809524502089857605690497095485504076917418868606937654834132252201442328,0.4139277521354234537327276339190462091358859096849659293345595498997756904267426754218391020317047925,-2.824102828281161943586778890805271438714731485787509277013790412412622677190211880919320092887233068,-1.899433008358944655102236015320798966161721800256433939601288937944889208123263926834073330478426535,0.03054059168507682397476133317809524502089857605690497095485504076917418868606937649563033280586180716,0.04139277521354234537327276339190462091358859096849659293345595498997756904267426760807264734836124940,-0.0001176709511783817476494491204502196432797804785744795532089079338505259448829254955547766153469269460,-0.00007914304201495602729592650063836662359007174167735141415005370574770371700513599639994471901825960753,0.03042292073389844222711188405764502537761879557833049140164613283532366274118645098038614841079966960,0.04131363217152738934597683689126625428999851922681924151930590128422986532566913165478349744113773199
18,3,131/1280,1507/12800,11293/14307,1149/1411,16186583/20187177,3,3/10,4/10,-4.336684997842130536495337039291206567505981235935491719421966324132098260624901002323329671593142248,-4.336684997842130536495337039291206567505981235935491719421966324132098260624900513165345105696864638,-1.256897060243644294109776664025026461268318592078943972395541872320409584466416370758985034684332551,-1.063299545379909936484307010525476918896750004987239660291667718645976721620334405351146460073750057,-0.4336684997842130536495337039291206567505981235935491719421966324132098260624901005485989054562299215,-0.4336684997842130536495337039291206567505981235935491719421966324132098260624900504731586751112446058,-0.00005237071084348517892124069433437610255284660800328933218314757801335039935276734902064263384947933237,-0.00004430414772416291402017945877189487162069791687446831917881948827691569673418059990604647357815793864,-0.4337208704950565388284549446234550328531509702015524612743797799912231764618428679908546849293190746,-0.4337128039319372165635538833878925516222188215104236402613754519014867417592242306160259521099301462,0.2390758822764747649413776878684966467175688166764518677799092936237008830923491720670330114333638763,0.3471441120087303558317235215134250210532028588828607847633962869687379809641954070366329359542518731,-3.257181465785416861453212020318390329202757710775586538488076085817091319960156180996961540381129099,-2.003502008143879751953401174869634837767619189553058661312711398023902087132707715866653258465591504,0.02390758822764747649413776878684966467175688166764518677799092936237008830923491718034780628526007957,0.03471441120087303558317235215134250210532028588828607847633962869687379809641954075637428331157780343,-0.0001357158944077257025605505008465995970501149046156494391036698369090454716650065080535504590816336555,-0.00008347925033932832299805838228623478490698413289804411088802964158432925363052948755987582598620053504,0.02377187233323975079157721828600306507470676676302953733888725952546104283756991066560243095987000832,0.03463093195053370726017429376905626732041330175538803436545159905528946884278901127190294203927242025
18,3,131/1280,1507/12800,11293/14307,1149/1411,16186583/20187177,4,4/10,5/10,-4.379254834934045793753651697145113459406634811520345876667469849684859932886529312968876487960911325,-4.379254834934045793753651697145113459406634811520345876667469849684859932886528823810891922064633716,-1.414535637509265614281738570005282851985618782697068158744666761261490021104567322097328809704865463,-1.144739017398511524034139523857890598576698181518849384201917780347114066152183693872371738688617305,-0.4379254834934045793753651697145113459406634811520345876667469849684859932886529317185755665253120615,-0.4379254834934045793753651697145113459406634811520345876667469849684859932886528816431353361803267459,-0.00005893898489621940059507244041688678549940078261237783994769444838589541754602363864361127736166837980,-0.00004769745905827131350142248016074544160736242422995205767507990751446308608967432024582643933835558821,-0.4379844224783007987759602421549282327261628819346469655066946794168718887061989556822230951077114057,-0.4379731809524628506888665921946720913822708435762645397244220648760004563747425559129350982428784181,0.1460296425303858236513881521794567360395202432969150314258411602559011803179037840470825764021051073,0.2546850804054034880235381864769389930552326390943640231491665298828790702185525146562383921302344435,-3.866966302291156976172156680875511797318701243238853770152954776183328944278694355523458745564478273,-2.199410087655013238024053691311615272845707857945282610469025118462361594508651717095953114636056299,0.01460296425303858236513881521794567360395202432969150314258411602559011803179037839153051021117235669,0.02546850804054034880235381864769389930552326390943640231491665298828790702185525149197933407109975241,-0.0001611235959287982073405065283698129915549458851349522404230397823409720393449455989038449172229513809,-0.00009164208698562555158433557047131730303523782741438677543620937993593173310452715429903989136310442101,0.01444184065710978415779830868957586061239707844455655090216107624324914599244543278670697406606117206,0.02537686595355472325076948307722258200248802608202201553948044360835197528875072434720327572025250149
18,3,131/1280,1507/12800,11293/14307,1149/1411,16186583/20187177,5,5/10,6/10,-4.434594530683734888090634085607210309295446893624120746206527876822550373793421620625946039897350699,-4.434594530683734888090634085607210309295446893624120746206527876822550373793421114600444764832235930,-1.628763738959452336274496766204648505058438161186578934286083647477026811281231583731614663029979948,-1.263029588283185184418987869550527446765017293987851572590877650136487999592512531081858850837340808,-0.4434594530683734888090634085607210309295446893624120746206527876822550373793421623788605422866507666,-0.4434594530683734888090634085607210309295446893624120746206527876822550373793421107220906204570869673,-0.00006786515578997718067810403192519368771076825671610745559525348531154278380338464964507405707221017865,-0.00005262623284513271601745782789793864361520905391616048219128656875568699998302135515803822100627549417,-0.4435273182241634659897415125926462246172554576191281820762480411675665801631455473256483781957649461,-0.4435120793012186215250808663886189695731598984163282351028440742510107243793251315978823581588830498,0.02215211574208855440251070648250443247666940166924643761351451694647853669032667359133536471747220298,0.1325627727800893143208609046390033482412063923813725963166608523681864333446227399757388665528175775,-4.738424686189640720597694884834842826722727416876789306843209687697252028852581942151780986399856185,-2.511612070374542838715803586645942270769564396470069737334798313973740714938641893194923820254984269,0.002215211574208855440251070648250443247666940166924643761351451694647853669032667354191881185857912537,0.01325627727800893143208609046390033482412063923813725963166608523681864333446227401734050779883898879,-0.0001974343619245683633582372868681184511134469757031995544518004036540521678688575816916928077938863262,-0.0001046505029322726182798251494435809279487318498529195723889499297489058631224434115036900182889512737,0.002017777212284287076892833361382324796553493191221444206899651290993801501163809772500188378064026211,0.01315162677507665881380626531445675389617190738828434005927713530706973747133983062089342372974402211
18,3,131/1280,1507/12800,11293/14307,1149/1411,16186583/20187177,6,6/10,7/10,-4.504358626099081756307095807785822479596666461915662552755503918394497026695854658330359876666000461,-4.504358626099081756307095807785822479596666461915662552755503918394497026695854169172375310769722851,-1.919561489337677623052862023048473412781882170404781029344432739345068101488711456768319292588623625,-1.428532981667405401191010577378452219871868298028774038524770067315031289227056774717667661333402865,-0.4504358626099081756307095807785822479596666461915662552755503918394497026695854662547239053958209750,-0.4504358626099081756307095807785822479596666461915662552755503918394497026695854161792836750508356594,-0.00007998172872240323429386925096035305886591175710019920955601803080604450422869631102503512169679901780,-0.00005952220756947522504962544072410217582799451241786558493853208613812630371779403191682842391174681301,-0.4505158443386305788650034500295426010185325579486664544851064098702557471738141628703556608742883853,-0.4504953848174776508557592062193063501354946407039841208604889239255878289733032099618013382650214051,-0.1386445090403415540823661082890491707839116453910353033096256857747892259032974683160990970429378925,-0.02451508797324122647069829994871644087766536322401903796138024754889497945034810652813750124557186535,-5.983235725664367436089904784882429097327095098212679061873760631044329947313556299517125916753334216,-2.959011969518307989057540329762816582636014622653948849571421666464604018478036524487568003285734153,-0.01386445090403415540823661082890491707839116453910353033096256857747892259032974685467096770511055881,-0.002451508797324122647069829994871644087766536322401903796138024754889497945034810647872094838667878774,-0.0002493014885693486431704126993701012123886289624255282942447400262935137478047315134201674328742155414,-0.0001232921653965961662107308470734506909431672759439145353988092361026918341032515211432857194569842657,-0.01411375239260350405140702352827501829077979350152905862520730860377243633813447837066491393271878881,-0.002574800962720718813280560841945094778709703598345818331536833990992189779138062168243246919704658702
18,3,131/1280,1507/12800,11293/14307,1149/1411,16186583/20187177,7,7/10,8/10,-4.590816360712413104968706117682503814511149599345129848917522397154149349119250272684219014895091837,-4.590816360712413104968706117682503814511149599345129848917522397154149349119249758224959385245558489,-2.317775006156501573256901759028283091990738986913468229015442602845248393626534244302008752480449647,-1.657066902050820960403739687192511167403537374519372037922594133824497568362065264517426280539253981,-0.4590816360712413104968706117682503814511149599345129848917522397154149349119250277955317986510353449,-0.4590816360712413104968706117682503814511149599345129848917522397154149349119249750845420824984192232,-0.00009657395858985423221903757329284512883294745778806117620897677511855201640110559397552071056617680267,-0.00006904445425211754001682248696635463197514739060497383491344142224268739868175271894651985959133862169,-0.4591782100298311647290896493415432265799479073923010460679612164905334869283261335826694179063893069,-0.4591506805254934280368874342552167360830901073251179587266656811376576223106067273435543317390421779,-0.3447008483640887792411850122974931146268781089617792328938573756464462427008839212740657957763838920,-0.2248766899912878398236704325260140646978882354808584548886074131921145603132490914521493393330811614,-7.797459259953988216961591940280357803198053566695689418550533889030008175328405659518308109419415186,-3.616015682551041737638695606775932292540744996922947879527888212876957082095373236386823099664419486,-0.03447008483640887792411850122974931146268781089617792328938573756464462427008839216693982186475285129,-0.02248766899912878398236704325260140646978882354808584548886074131921145603132490909909281793167457703,-0.0003248941358314161757067329975116815751332522319456537257729389120429170073053502374014559394963448216,-0.0001506673201062934057349456502823305121891977082051228283136620088698732117539738839530896009066513763,-0.03479497897224029409982523422726099303782106312812357701515867647668754127739374241926919481370647997,-0.02263833631923507738810198890288373698197802125629096831717440332808132924307888296399994445154952141
18,3,131/1280,1507/12800,11293/14307,1149/1411,16186583/20187177,8,8/10,9/10,-4.697082431797010253525753862239861850532012571428198122365921086310208115014365138211031350246664258,-4.697082431797010253525753862239861850532012571428198122365921086310208115014364623751771720597130910,-2.872347331023376875088440198871782706040059643163877959602764962597673602586768430536666548912593619,-1.973298998985130810470307512447084746828638655210090190649013481046551077981116709269677786615117808,-0.4697082431797010253525753862239861850532012571428198122365921086310208115014365142427910527538873548,-0.4697082431797010253525753862239861850532012571428198122365921086310208115014364615318013366012712330,-0.0001196811387926407031286850082863242794183358184651615816501152067749030667744486850590226779171758142,-0.00008222079162438045043626281301862853111785994396708709127704222837693962824921319564270028724924613456,-0.4698279243184936660557040712322725093326195929612849738182422238377957145682109630474021004471995022,-0.4697904639713254058030116490370048135843191170867868993278691508593977511296856745368557171384667085,-0.6079538819586540686300285904211195421103026786366531133543934782601478152968664939045868448656190941,-0.4806865159254723619339414005396008986733703190816916846106421373231214133365268665261538094493558151,-10.51267603939842021181241297963570069317807860758611611919358198579878308759450413736608677466232916,-4.588000537634659116388715132397622550085551227437040853451549601776423498254531110994471034840376725,-0.06079538819586540686300285904211195421103026786366531133543934782601478152968664945634742163175267957,-0.04806865159254723619339414005396008986733703190816916846106421373231214133365268661308213865782111941,-0.0004380281683082675088255172074848208622157532753160881716330659160749492953164376740127637678112530968,-0.0001911666890681107965161964638499009395868979678098767022271479000740176457606054616080701893205339793,-0.06123341636417367437182837624959677507324602113898139950707241374208973082500308715403895031111686569,-0.04825981828161534698991033651780999080692392987597904516329136163238615897941329204406224118980688133
18,3,131/1280,1507/12800,11293/14307,1149/1411,16186583/20187177,9,9/10,10/10,-4.827480415176928413596238768738095733900272743695158048380471201379379975698784148792655373813425427,-4.827480415176928413596238768738095733900272743695158048380471201379379975698783609032120680410636340,-3.663869324816227092481402827709743421431775401441539161727229384203671957546558186254949271704821834,-2.416663870078602040633817045995054287279897467655444246887030980918194155885533121567708053105655284,-0.4827480415176928413596238768738095733900272743695158048380471201379379975698784151955314756782582394,-0.4827480415176928413596238768738095733900272743695158048380471201379379975698783603761021708795374728,-0.0001526612218673427955200584511545726425596573083933974650719678910084863315644399250882359474753958228,-0.0001006943279199417516930757102497939286366623944856435102869596242049247564952305461077606851965793300,-0.4829007027395601841551439353249641460325869316779092023031190880289464839014428556423246733183183661,-0.4828487358456127831113169525840593673186639367640014483483340797621429223263735906088523633058677917,-0.9467019256363202794004155327552289782697481547806030305462772883392631673614607959269933830749920191,-0.8094678908113541862730033647011487013542262476708656532979575816127092969344269646019011529093456848,-14.73397343940672745469759747588135210475967908269928726796413352486471372650700030679158648793232531,-6.055780467555751770145879132564872935885829042526754643072629169887004907768015739500629064666892068,-0.09467019256363202794004155327552289782697481547806030305462772883392631673614607969812131773980443416,-0.08094678908113541862730033647011487013542262476708656532979575816127092969344269632841264100055302818,-0.0006139155599752803106123998948283896710316532951124703028318388968693630719377916824036611523398997499,-0.0002523241861481563237560782971902030389952428767719481101280262154119585378236673206439170117961192592,-0.09528410812360730825065395317035128749800646877317277335745956773079567980808387140111520925001644958,-0.08119911326728357495105641476730507317441786764385851343992378437668288823126636362383352582395580574
19,3,1507/12800,213/1600,1387/1813,11293/14307,20159009/25938591,0,0/10,1/10,-4.285906763622780913639084209676137694319729378050652200229452315730630496693571783550083976875824324,-4.285906763622780913639084209676137694319729378050652200229452315730630496693571311259616120148383873,-0.9607487704893234783028124765176660078298433324235697610971902818343560924615072854153880306707984407,-0.9349589213364353679709653293097814675728292223883155835119680687975326487663364784552728127128557993,-0.4285906763622780913639084209676137694319729378050652200229452315730630496693571790929622537137190581,-0.4285906763622780913639084209676137694319729378050652200229452315730630496693571305988517148533122261,-0.00004003119877038847826261718652156941699291013885098207337904959507643150385256280373553572659670332692,-0.00003895662172235147366545688872124089448220121759951314931299866953323052703193068635367600229172986156,-0.4286307075610484798421710381541353388489658479439162020963242811681394811732097422197713726493029264,-0.4286296329840004428375738778563350103264551390226647331722582302425962801963890608548052319062083880,0.3703904444370233823438996355088652761065771139589932542407789961978703111863413278593579631919525208,0.4747568684574831929441804288467259683217871422654997552052158968602298217588348133357931067794123121,-2.333187351731251330465022427019250901963010857515263202315000038205046009164282402438349761205029682,-1.930266066696276257394122176767523193464526514269476747707737756910832042794548253731562331684405757,0.03703904444370233823438996355088652761065771139589932542407789961978703111863413273322480660304263596,0.04747568684574831929441804288467259683217871422654997552052158968602298217588348139946804782313200136,-0.00009721613965546880543604260112580212091512545239646930009645833492521025038184510048629204390312026458,-0.00008042775277901151072475509069864679972768860476122819782115573987128466844977284339278502790916789297,0.03694182830404686942895392094976072548974258594350285612398144128486182086825228759657692249312661255,0.04739525909296930778369328779397395003245102562178874732270043394615169750743370861038199536411053856
19,3,1507/12800,213/1600,1387/1813,11293/14307,20159009/25938591,1,1/10,2/10,-4.295375154885828579748082323008402300167594767836845379598873802012971428418477943756429407206925159,-4.295375154885828579748082323008402300167594767836845379598873802012971428418477454598444841310647549,-1.009040081946510358549845734511329936658262025800394631567242720030134438515757280627544056719277033,-0.9334412422568456216033954553197116480242459898721020086298617688874094678704570775615789585926120440,-0.4295375154885828579748082323008402300167594767836845379598873802012971428418477947973308584499134449,-0.4295375154885828579748082323008402300167594767836845379598873802012971428418477447218906281049281292,-0.00004204333674777126493957690560463874736076091774168310964863511333458893493815655352488918623820920560,-0.00003889338509403523423347481063832131866767691624467091702624424037030872782793571133291094265635073096,-0.4295795588253306292397478092064448687641202377014262210695360153146317317767859518555737692834918895,-0.4295764088736768932090417071114785513354271536999292088769136244416674515696756803054997663589090124,0.3491692611602995634348651599740869115373977897159234002714959263138436418630219736920330439815120778,0.4534485245914918387561118843633526204480954639265389413081568391396951146477238715626901390587780200,-2.525710277028578370365175584777179055162570559198765153170906013718238403321250293814971253828817125,-1.890426215893350026378605392658777170524356546143670311201684673953860285991490847822407759207592162,0.03491692611602995634348651599740869115373977897159234002714959263138436418630219729013681982392228360,0.04534485245914918387561118843633526204480954639265389413081568391396951146477238722215775105106857215,-0.0001052379282095240987652156493657157939651071066332818813821210839049266001383854293530197702943093415,-0.00007876775899555625109910855802744904877184818942265292963340352808141084524964545152382941215276117328,0.03481168818782043224472130034804297535977467186495905814576747154747943758616381182397876328893156750,0.04526608470015362762451207987830781299603769820323124120118228038588810061952274177552410134891043845
19,3,1507/12800,213/1600,1387/1813,11293/14307,20159009/25938591,2,2/10,3/10,-4.314543012112501334167982205201572559251499122396986201708166317951878897525199353005591885504024895,-4.314543012112501334167982205201572559251499122396986201708166317951878897525198897582640737945421603,-1.084456386411590303399840185424270282714173974215254797469716823234567965710547474889103756170276219,-0.9541926145081221987093054949648361208919334506819507117546900593933458237455643283100281516348686618,-0.4314543012112501334167982205201572559251499122396986201708166317951878897525199360385130445765391152,-0.4314543012112501334167982205201572559251499122396986201708166317951878897525198891257321972007107669,-0.00004518568276714959597499334105934459511309058225896894989457153430144033190460614494713503087288387516,-0.00003975802560450509161288772895686817170383056044508127965644541914138940932273184674095521367455866640,-0.4314994868940172830127732138612166005202630028219575891207112033294893300844245423685792194186559891,-0.4314940592368546385084111082491141240968537428001437014504730772143292791618426204550792702029800689,0.3059943041991873384476378358661673433371132595531401870188403070845381281320202964893398742671287946,0.4100599324022382225196438608763420459496938497036017536295293114542456126275571196003051428569696747,-2.819000113086110376775046039460140380442151552819366557977953645377875747894847203023484538075432447,-1.913512630708735230107718652506784619422587373098245592870379513091466847979719456433006731149289068,0.03059943041991873384476378358661673433371132595531401870188403070845381281320202960940074513959841737,0.04100599324022382225196438608763420459496938497036017536295293114542456126275571201274150400184958359,-0.0001174583380452545990322935849775058491850896480341402732490814018907448228289519672984785148782013270,-0.00007972969294619730125448827718778269247594114054576023303626581304547778533248831015862822815425448905,0.03048197208187347924573149000163922848452623630727987842863494930656306799037307763566781963788517990,0.04092626354727762495070989781044642190249344382981441512991666533237908347742322372999361993761258309
19,3,1507/12800,213/1600,1387/1813,11293/14307,20159009/25938591,3,3/10,4/10,-4.343888107734293509046731909005484883344604340452351910593727135142354713684573203965165950866734065,-4.343888107734293509046731909005484883344604340452351910593727135142354713684572740108456448723712193,-1.191930363532815735820020151275683912680020857560486234482972019500289376173050439964832620107391562,-0.9991594833519915523627694717332115586651519913174144951053035068934294832207705324701087204991756647,-0.4343888107734293509046731909005484883344604340452351910593727135142354713684573207127825333835891032,-0.4343888107734293509046731909005484883344604340452351910593727135142354713684572732728917888462345936,-0.00004966376514720065565916750630315349636166753573168692643679050081251205734054376854840861510142973158,-0.00004163164513966631468178206132221714827771466630489227062938764612055956180086543860498050612808892647,-0.4344384745385765515603323584068516418308221015809668779858095040150479834257978645141466216315492173,-0.4344304424185690172193549729618707054827381487115400833300021011603560309302581384275446238233325374,0.2393309567498510413692453094564784598670905267260460875467440954898263378636676082692035376858585489,0.3429753914393072933220976052112172861869227582572884426359376667069414214970140633209447171309655906,-3.236520395320598687519774532174912036233421616613772565398283380211559763317381911710327313266359575,-2.009547942717679538823776749812256472861859593456253873585627355700275534303768355862635205085377086,0.02393309567498510413692453094564784598670905267260460875467440954898263378636676078738711148147139280,0.03429753914393072933220976052112172861869227582572884426359376667069414214970140635844996657117286712,-0.0001348550164716916119799906055072880015097259006922405235582618075088149901382242470453534056379343835,-0.00008373116427990331411765736457551068636924414972734391139940113982084481392932368099839508575980392614,0.02379824065851341252494454034014055798519932677191236823111614774147381879622853651383183649007310949,0.03421380797965082601809210315654621793232303167600150035219436553087329733577208271824596538194719237
19,3,1507/12800,213/1600,1387/1813,11293/14307,20159009/25938591,4,4/10,5/10,-4.384168269852898988618194247431850378171371255026958715055202896304448869686877371381024369935917600,-4.384168269852898988618194247431850378171371255026958715055202896304448869686876873789281449455221410,-1.339335266026807630355332078097502643347481498456627417491478904967109132223300563419603858348387332,-1.071499821839361991600539015225976626225003009781461096889555028329543970096916377743964009414652295,-0.4384168269852898988618194247431850378171371255026958715055202896304448869686877378760562930197283857,-0.4384168269852898988618194247431850378171371255026958715055202896304448869686876867463962683516907476,-0.00005580563608445031793147216992072927680614506243569280906214495437362954717597085703821647349584342567,-0.00004464582590997341631668912563441569275937512540756087903706479284706433208737151542962045209261743905,-0.4384726326213743491797508969131057670939432705651315643145824345848185165158637087948008560969722257,-0.4384614728111998722781361138688194535098965006281034323845573544232919513007750578105781216170422800,0.1459875673302686559903798586931800782476786891027185861135191626411577792417166987285269764692606475,0.2503149801045786296431657881927743551770884597513696578566184550186678155805711031335601917167074605,-3.823013467084667359914241537799973451382107033173108440511043839310544356161008224181816435222403890,-2.192052615632486934534277589272491417949503759700731875647755898627942647325074335610212343931573770,0.01459875673302686559903798586931800782476786891027185861135191626411577792417166985638051336062837221,0.02503149801045786296431657881927743551770884597513696578566184550186678155805711035288926145878520814,-0.0001592922277951944733297600640749988938075877930488795183546268266379393481733753434388262387565847241,-0.00009133552565135362227226156621968714241456265665419716148532316244283094363854476342576360496548123903,0.01443946450523167112570822580524300893096028111722297909299728943747783857599829451036790832713777303,0.02494016248480650934204431725305774837529428331848276862417652233942395061441856559075038725118673413
19,3,1507/12800,213/1600,1387/1813,11293/14307,20159009/25938591,5,5/10,6/10,-4.436477183461156836665611994330546712341052087574957547764843825963282906455113924132705149680377262,-4.436477183461156836665611994330546712341052087574957547764843825963282906455113443408478938368518232,-1.538491786335047487070769896311583676407717551097755997797314242008141022150442622893273511819725551,-1.177082205273199172709718476929723335548954884534060857245795006244872465920743295612154967183330719,-0.4436477183461156836665611994330546712341052087574957547764843825963282906455113928349584326972586552,-0.4436477183461156836665611994330546712341052087574957547764843825963282906455113438137379966753256620,-0.00006410382443062697862794874567964931985032156462907316657488809341700587592293510961734975639703815257,-0.00004904509188638329886290493653873847231453978685558586905190812526020301941336430364993488799581263745,-0.4437118221705463106451891481787343205539555303221248279430592706897452965214343282475095465938491952,-0.4436967634380020669654241043695934097064197485443513406455362907215884936649247078820158607848958523,0.02207524918453302686680769226627369385088428159828661306846846109766170695720781776215950432439732286,0.1282494626221230773036088759857927574566426378837349963653091328223521049791246382926466198034555982,-4.654186584466845575823921685969936171557577638724110123093832264262963992252822953649391793991771495,-2.481382596246397939562896270663336017807554498928931542853715025892969771121939489513290091135809237,0.002207524918453302686680769226627369385088428159828661306846846109766170695720781773745122789495078405,0.01282494626221230773036088759857927574566426378837349963653091328223521049791246384573684626664325236,-0.0001939244410194518989926634035820806738148990682801712551289096776776234996772009572476301181129386959,-0.0001033909415102665808151206779443056674086481041220388142855714594122070737967474780811281641910204078,0.002013600477433850787688105823045288711273529091548490051717936432088547196043580816497492671382139709,0.01272155532070204114954576692063497007825561568425146082224534182282300342411571637820821116086169123
19,3,1507/12800,213/1600,1387/1813,11293/14307,20159009/25938591,6,6/10,7/10,-4.502331080810796457185927886348615581269387646264858868530397664367042671029420883318533805595203445,-4.502331080810796457185927886348615581269387646264858868530397664367042671029420411028065948867762995,-1.807202059536919125814776977666211750001397377211482690046693524276266936770898070912684699278537827,-1.324780686970118615460507653190359872200771153492058173961033861952349364585488710848775473802247532,-0.4502331080810796457185927886348615581269387646264858868530397664367042671029420888589632777210465058,-0.4502331080810796457185927886348615581269387646264858868530397664367042671029420403648527388606396737,-0.00007530008581403829690894904073609215625005822405047844541861223017817778903212075324639012587312738148,-0.00005519919529042160897752115221626499467503213139550242391504307758134789019106202924618739385059062111,-0.4503084081668936840155017376755976502831888228505363652984583786668824448919742099830911921680911167,-0.4502883072763700673275703097870778231216137967578813892769548095142856149931331020335768615821231890,-0.1382145058444597392690533952369457077094501514504100505364554548085205779761512412827265087378183454,-0.02820250662068367009422910705688718876562408361038035018600060364535975767531616838097436765009254420,-5.834853318618151433398564244583568591561559835108522758853027939237324431057699811643454986445771477,-2.896290631832262992546703855740154886869013135818524669598620762160510073799346892690124604567947160,-0.01382145058444597392690533952369457077094501514504100505364554548085205779761512414803927201733906558,-0.002820250662068367009422910705688718876562408361038035018600060364535975767531616832332172264805062031,-0.0002431188882757563097249401768576486913150649931295217816188761641348885179607374932609376997126184424,-0.0001206787763263442913561126606558397869528755473257718612332758650900212530749727863906870220368292775,-0.01406456947272173023663027970055221946226008013817052683526442164498694631557586164541825578862610716,-0.002940929438394711300779023366344558663515283908363806879833336229625997020606589618594170347105190586
19,3,1507/12800,213/1600,1387/1813,11293/14307,20159009/25938591,7,7/10,8/10,-4.583800733772811014470166894018692416405499592719093259778013869940308685001401485678268569795577720,-4.583800733772811014470166894018692416405499592719093259778013869940308685001400971219008940146044372,-2.172690599384418218215725639846126000127175449138954601491580348604369524443870687605472162302872772,-1.528203189993529811132377373123320457510664296561594176490695034231877582513017898827480358449612617,-0.4583800733772811014470166894018692416405499592719093259778013869940308685001401492003587335733891655,-0.4583800733772811014470166894018692416405499592719093259778013869940308685001400964893690174207730437,-0.00009052877497435075909232190166025525000529897704745644172881584785851539685182794564908372320295649835,-0.00006367513291639707546384905721347168572961101235673309068711229309299489927137574537644861667690143348,-0.4584706021522554522061090113035294968905552582489567824195302028418893838969919775917863045445234263,-0.4584437485101974985224805384590827133262795702842660590684884992871238633994114719303961235601527354,-0.3426033447380845835536037375541713268437023909394555385345230676678806711183609482404740338528191095,-0.2270286966214933257804086127132807832556350580385693657768425522602991980750022018533961229046548198,-7.540885457292379553778416931234990367403454250557290855753681365681480400833034382998030464146571710,-3.501282250262545723365816179803207219897017040208411198647569969013757583936128637790736566712932398,-0.03426033447380845835536037375541713268437023909394555385345230676678806711183609485040289824335821901,-0.02270286966214933257804086127132807832556350580385693657768425522602991980750022016557299114690825093,-0.0003142035607205158147407673721347912653084772604398871189897367235700616833680431004034570419978680676,-0.0001458867604276060718069090074918003008290423766753504666103154153755732326640053589587377374484676507,-0.03457453803452897417010114112755192394967871635438544097244204349035812879520413799713437359056834734,-0.02284875642257693864984777027881987862639254818053228704429457064140549304016422549596278426280915809
19,3,1507/12800,213/1600,1387/1813,11293/14307,20159009/25938591,8,8/10,9/10,-4.683713379447936068287494734566038893693938969506170413178878220817949973765402338057690631718140277,-4.683713379447936068287494734566038893693938969506170413178878220817949973765401840465947711237444088,-2.677685763646673874053841370552981825508117701429456546115041529102363779570697130522712333499778843,-1.808419169171553465995335446625620304258107768929652016835251621720726038903835436377340104679605651,-0.4683713379447936068287494734566038893693938969506170413178878220817949973765402341220350014687297244,-0.4683713379447936068287494734566038893693938969506170413178878220817949973765401835194848739622182476,-0.0001115702401519447447522433904397075760628382375595606894214600637125984908154457142553069234665209682,-0.00007535079871548139441647231027606751267742115703873550070146881757169691828765980940670905550669761710,-0.4684829081849455515735017168470435969454567351881766020073092821455075958673556802719023694009281926,-0.4684466887435090882231659457668799568820713181076557768185892908993666942948278431475688669287136266,-0.6023431924398818061245470006119271424851972940576201854564430914237772026145907840048270621797066417,-0.4795307277280893943988617578960030607983253152407022805865634753980891807030221426907465052600722443,-10.06885287289875327534724915663797824985331411014712418782287874795230612398628972618143948777893155,-4.390323906883530449423340638729776408512672417008441615732862950271492292895679386332225046779457185,-0.06023431924398818061245470006119271424851972940576201854564430914237772026145907849272693822123774238,-0.04795307277280893943988617578960030607983253152407022805865634753980891807030221419000816595177830025,-0.0004195355363707813864728020481932490937438880879227968411592866144980127551660954068581072184760479395,-0.0001829301627868137687259725266137406836880280173753517339888692895946455122039866399859899453026455403,-0.06065385478035896199892750210938596334226361749368481538680359575687573301662517391502771820811787707,-0.04813600293559575320861214831621404676352055954144557979264521682940356358250620076539230814925718287
19,3,1507/12800,213/1600,1387/1813,11293/14307,20159009/25938591,9,9/10,10/10,-4.805967720720402960434344807821447297149931920040475978114989630413834338634041852603722299925272701,-4.805967720720402960434344807821447297149931920040475978114989630413834338634041329710704315691320773,-3.391633928469074624864565012674120323211088656789838597417729359646435775274066982729328622373996222,-2.198795423167246119927541038256147487851546018623065931009784433177473809283253658221879062524009104,-0.4805967720720402960434344807821447297149931920040475978114989630413834338634041855766381682894429668,-0.4805967720720402960434344807821447297149931920040475978114989630413834338634041323385385549753006839,-0.0001413180803528781093693568755280883468004620273662432748924053899852681573030861248569151426193357481,-0.00009161647596530192166364754326067281199381441744262774712540768471572807538680223522973287023522247127,-0.4807380901523931741528038376576728180617936540314138410863913684313687020207072717694428436130402843,-0.4806883885480055979650981283254054025269870064214902255586243707260991619387909344400604794591038552,-0.9343986429489811864083858644274970750542801762907574783200324511960219429175900420411288911228507475,-0.8019630797178760780525289202133058291889363996905799054455582362510752397288938515190723200274315696,-13.95110939745463274954883298524570944541435434429657458637900969480222114419168988613322947194064813,-5.719722309144031972717671634848001750064848023388885087119750750596149579846244448674807821642302169,-0.09343986429489811864083858644274970750542801762907574783200324511960219429175900436224585826074292311,-0.08019630797178760780525289202133058291889363996905799054455582362510752397288938504648525257043792471,-0.0005812962248939430312312013743852378935589314310123572744324587372834258810079870809828420109394583209,-0.0002383217628810013321965696514520000729193686676412035452966562812748395658269268505593472270402183391,-0.09402116051979206167206978781713494539898694906008810510643570385688562017276699148440916098742661278,-0.08043462973466860913744946167278258299181300863669919408985247990638236353871631186512974274277636376
20,3,213/1600,1901/12800,10899/14701,1387/1813,20075087/26652913,0,0/10,1/10,-4.296028973165185442730138187515928739808542093738920638634038051929639376680211891657291107694201807,-4.296028973165185442730138187515928739808542093738920638634038051929639376680211410933064896382342777,-0.9095454665727443891259390364334074096515393648691557192552808281603430616853596504181149362498542619,-0.8837038734430984916584034047521548938208403174587251325127348443059620747613982815016875828862185965,-0.4296028973165185442730138187515928739808542093738920638634038051929639376680211894819950490663358774,-0.4296028973165185442730138187515928739808542093738920638634038051929639376680211404607746130444028842,-0.00003789772777386434954691412651805864206881414020288148830230336784001429423688998560361435229022434662,-0.00003682099472679577048576680853133978724253501322744688052136395184608175311505826149673896482928646872,-0.4296407950442924086225607328781109326229230235140949453517061085608039519622580794838134698254503929,-0.4296397183112453400434995855601242137680967443871195107439251691448100194211361983566017297473970664,0.3712897736152082261990352266493762232749301316836605079681899493045507704423869921186466754552563311,0.4714239741726847640324817277014222010937632962750153153285352967471560570856613729315809861843292349,-2.342539846127526966308416352423855673921561670160248236402261191907745930899055969834855862149999614,-1.949054748742385000554543459725131032408460985080835686179459749966950607002961140360515271125356969,0.03712897736152082261990352266493762232749301316836605079681899493045507704423869913279818297129670893,0.04714239741726847640324817277014222010937632962750153153285352967471560570856613735904683576362369364,-0.00009760582692198029026285068135099398641339840292334367651676088299615608045412733253424178254627335572,-0.00008121061453093270835643931082188045968368587437836815359081082291528960862512338036654341258934903365,0.03703137153459884232964067198358662834107961476544270712030223404745892096378457179949180755033023123,0.04706118680273754369489173345932033964969264375312316337926271885180031609994101403170013552255504247
20,3,213/1600,1901/12800,10899/14701,1387/1813,20075087/26652913,1,1/10,2/10,-4.304985674891923101830260834168558718100199970606477470363888651274010745776780108490883014596084136,-4.304985674891923101830260834168558718100199970606477470363888651274010745776779644634173512453062265,-0.9559758536491790972372853949586226618769455048976884714010838698550247427943157828079801151914412445,-0.8805665772427635855932579174842994137983124866899772916432890436640542155342613856922153647936468862,-0.4304985674891923101830260834168558718100199970606477470363888651274010745776780112707762191888293426,-0.4304985674891923101830260834168558718100199970606477470363888651274010745776779638308854746514748330,-0.00003983232723538246238488689145660927757820606270407035297504516124395936428309649112071666101103514238,-0.00003669027405178181606638574656184580890826302027874905381847037681933559231392755750810932746840800007,-0.4305383998164276926454109703083124810875982031233518173893639102886450339419611080517687726067587562,-0.4305352577632440919990924691634177176189282600809264960902073355042204101699918909807713673629437011,0.3499206780173050476515343191730075111393188591272781710187832573584620035416885325976304870320845690,0.4499771825607681299822564501609675573235744471826588213333890357237325627258794184126549911952923356,-2.529974012241677010648434060072878654577782936428928179033777831376664533866964695579334442628594037,-1.907969844659134619993006434525007042520481120701626358775659982870066740667321419390715046315641728,0.03499206780173050476515343191730075111393188591272781710187832573584620035416885322022980641609399481,0.04499771825607681299822564501609675573235744471826588213333890357237325627258794188079874140664369565,-0.0001054155838434032087770180858363699439407409556845386741264074096406943555777901961124191181616473542,-0.00007949874352746394249970860143854196010502004669590109828231916595291944752780505866015474423420663576,0.03488665221788710155637641383146438116999114495704327842775191832620550599859106297186967776483185394,0.04491821951254934905572593641465821377225242467156998103505658440642033682506013686048789070394630445
20,3,213/1600,1901/12800,10899/14701,1387/1813,20075087/26652913,2,2/10,3/10,-4.323112480428318746297999179835314316902426826345177731338830553533844177181889153982244294768832045,-4.323112480428318746297999179835314316902426826345177731338830553533844177181888681691776438041391594,-1.027513239934115421253249249870153982943664179554477234174274040289740385876743607667569001472976059,-0.8978287761840726643990980223994785391158911529255172356531510683552367119312303382450352741527629266,-0.4323112480428318746297999179835314316902426826345177731338830553533844177181889158199123472061041335,-0.4323112480428318746297999179835314316902426826345177731338830553533844177181888673258018083456973015,-0.00004281305166392147588555205207792308262265267414810321809059475167873918274486431714160494759664180911,-0.00003740953234100302768329575093331160579649546470522988481888129451480152966380126387442876836467602433,-0.4323540610944957961056854700356093547728653353086658763519736501050631569009337802149107606944047127,-0.4323486575751728776574832137344647432960391780992230030187019366478992192478526682465271793061494997,0.3064812168831764701182868510902647050271661379506547502307062093383504952487462040114147860681390824,0.4063431626209042321175054615486373429076680047174619841934584047192754660008394021611905158978775224,-2.813838681102498266335549025630874065978703096007983163528114467090046083678882328952219591886836127,-1.926738216954737061199068768745847331305024265391475677762101615187395283915046691275832350788814283,0.03064812168831764701182868510902647050271661379506547502307062093383504952487462035501936260518036913,0.04063431626209042321175054615486373429076680047174619841934584047192754660008394029518553616401667642,-0.0001172432783792707610973145427346197527491126290003326318136714361287519201532867641679068135175847650,-0.00008028075903978071088329453203107697213770934439131148657342090063280813682979361155790754155999414472,0.03053087840993837625073137056629185074996750116606514239125694949770629760472133355880790979722430435,0.04055403550305064250086725162283265731862909112735488693277241957129473846325414672969826904819554109
20,3,213/1600,1901/12800,10899/14701,1387/1813,20075087/26652913,3,3/10,4/10,-4.350850184243344339484230596727666768584565644137124122132809922598818003596659183560672537466574429,-4.350850184243344339484230596727666768584565644137124122132809922598818003596658711270204680739133979,-1.128626590402291506887700663920613109561104763570129970903838102597313130870336955392428792317130459,-0.9371089296235496335981693529059285569536817421032053154151274975745130953555140101069205973846894091,-0.4350850184243344339484230596727666768584565644137124122132809922598818003596659188831771509081836042,-0.4350850184243344339484230596727666768584565644137124122132809922598818003596658703890666120477767722,-0.00004702610793342881278698752766335887956504603181542208212099325427488804711959737332632010239476494159,-0.00003904620540098123473325705637108035653973673925430022147563031239893804563981308348009020537238278404,-0.4351320445322678627612100472004300357380216104455278342954019855141566884067855167016385135598261698,-0.4351240646297354151831563167291377572149963011529667124347566225722807384053056834144436459620287785,0.2395042901108519988028317194365859549694448457886018835559102629953547217101148183317070443020569453,0.3389743670586526665578156392161543361604608527580001036204097722228338074780517776894650376017829112,-3.216253730425063107779449053908645158042872135639032234635249566211871291238947343244696875172427978,-2.014803933868604180768463412634513333845957689937070883290511744216684348001154275646634401862326316,0.02395042901108519988028317194365859549694448457886018835559102629953547217101148180681520957212938647,0.03389743670586526665578156392161543361604608527580001036204097722228338074780517780847974604729275321,-0.0001340105721010442961574770439128602149184530056516263431098020652588279704682894732426074986894119114,-0.00008395016391119184086535264219310472224358157041404462013710465600902851450004809428326377743958858902,0.02381641843898415558412569489974573528202603157320856201248122423427664420054319233022668964028575576,0.03381348654195407481491621127942232889380250370538596574190387256627435223330512975846547753927821332
20,3,213/1600,1901/12800,10899/14701,1387/1813,20075087/26652913,4,4/10,5/10,-4.388896786235991871589582324857167032734155637536364990209275819270627138323029983400878105688917629,-4.388896786235991871589582324857167032734155637536364990209275819270627138323029468941618476039384281,-1.266437128496749076843482551795914636197603731767907012981193615494536250849109350620756637039546102,-1.001206198450420713327625427777682898207495759759075066356570318481153766633538425533556203421859108,-0.4388896786235991871589582324857167032734155637536364990209275819270627138323029986563537488658074596,-0.4388896786235991871589582324857167032734155637536364990209275819270627138323029464724739298747174991,-0.00005276821368736454486847843965816310984156682215699612554088306731227234378537955646958461049362790921,-0.00004171692493543419638865105949073678742531232332329479443152376327004807360973076747438805910671855702,-0.4389424468372865517038267109253748663832571305757934951464684649943749861760883783590783134870614592,-0.4389313955485346213553468835452074400608408760769597938153591056903327619059126767140609656997967133,0.1458898655840271150711642484200380436948449107015170027323631403654697084839597947571357170338165087,0.2461289081299138759996762933542043742202359421383334273001906464561481190722690551237022724963807230,-3.779873134567859851317283030294399981302025167342786595942619559411067212375103100450432775529931479,-2.184200219741910502727100136745885702768919605460234764554914069284310136624614950785808973850611446,0.01458898655840271150711642484200380436948449107015170027323631403654697084839597945594695055982441982,0.02461289081299138759996762933542043742202359421383334273001906464561481190722690552554797467867622633,-0.0001574947139403274938048867929289333325542510486392827748309424816421278005156292965981540456139801362,-0.00009100834248924627094696250569774523761537165022750978185645475288684625569269228902513576263951242378,0.01443149184446238401331153804907487103693024002151241749840537155490484304788035015754715135789662956,0.02452188247050214132902066682972269218440822256360583294816260989272796565153421325016386652812699054
20,3,213/1600,1901/12800,10899/14701,1387/1813,20075087/26652913,5,5/10,6/10,-4.438257199430085173516635564048275344686178578500441653883305786954746670083502558074124361907806895,-4.438257199430085173516635564048275344686178578500441653883305786954746670083502085783656505180366444,-1.451556054488601589104057180729899004214417207655803552447530317037576718881738940168811771785561950,-1.095210968065105904722992329124246346362406466320992537492727521812019199419191601769183174856425609,-0.4438257199430085173516635564048275344686178578500441653883305786954746670083502565453662922169173152,-0.4438257199430085173516635564048275344686178578500441653883305786954746670083502080512557533565104832,-0.00006048150227035839954600238253041245850893405031899181468531376320989902995340578940293838847537463575,-0.00004563379033604607936345801371351026443176693609670802239553031340883413330913298312050192647196412392,-0.4438862014452788757512095587873579469271267919003631572030158924586845660383036625895733312840601212,-0.4438713537333445634310270144185410447330496247861408734107261090088835011416593409547178015859646998,0.02194202258284713802792121730751447996954620860222482331154733389870722565025489728963247417764164049,0.1241323957249356480738079976720787886969646021162090018133197055619467186532796881135158485193262988,-4.572664671910727968269519133652933588854803742645524054596429848109867675590001148672338219280217001,-2.451504754592358013996222555173743652766385250638443350716590928222601604232506712487510109905963542,0.002194202258284713802792121730751447996954620860222482331154733389870722565025489724845201346189740915,0.01241323957249356480738079976720787886969646021162090018133197055619467186532796883111820599548986092,-0.0001905276946629469986778966305688722328689501559435635022748512436712444864829167153955491315483541821,-0.0001021460314413482505831759397989059855319327187766018062798579553426084001763544457215261825927411964,0.002003674563621766804114225100182575764085670704278918828879882146199478078542573009449652214641386733,0.01231109354105221655679762382740897288416452749284429837505211260085206346515161438977210376394494431
20,3,213/1600,1901/12800,10899/14701,1387/1813,20075087/26652913,6,6/10,7/10,-4.500320117262821478954303028630432647033849044547316959389165704754976854436255743155155377787252755,-4.500320117262821478954303028630432647033849044547316959389165704754976854436255270864687521059812304,-1.699838085412688189493311771746965749027993923247815500965434829873913426366320887146133247300045936,-1.226765363799421199558271438723674354967546276027544631255115505767047129167451742004688987403406394,-0.4500320117262821478954303028630432647033849044547316959389165704754976854436255749480474143725566689,-0.4500320117262821478954303028630432647033849044547316959389165704754976854436255264539368755121498369,-0.00007082658689219534122888799048945690620949974680199231254022645124474639276526337059905925620769720666,-0.00005111522349164254998159464328015309812364776150114769296896314607362696371531048893602277626460990146,-0.4501028383131743432366591908535327216095944042015336882514567969267424318363908385654718600437563528,-0.4500831269497737904454118975063234178015085522162328436318855336215713124073408368739599710594112097,-0.1377973181559474585060272227485342711548083314751099483979162158791903424333262459521529309429231183,-0.03169935497654882607431884273538431019879006737620315843994816226844027083924461878423300879566761108,-5.692084819850264400020535017088863407479177091249039141394213681335074735711191573056155098361298549,-2.835487407124757726731468513998876052609062832722976503319971935866805028574072693321039493544641140,-0.01377973181559474585060272227485342711548083314751099483979162158791903424333262460839304052333046586,-0.003169935497654882607431884273538431019879006737620315843994816226844027083924461872658036379362568720,-0.0002371702008270943500008556257120359753116323788020432975580922367222947806546329830933076704391721314,-0.0001181453086301982386138111880832865021920442846967906876383321639944502095239196947599172499111985139,-0.01401690201642184020060357790056546309079246552631303813734971382464132902398725759714866154218446980,-0.003288080806285080846045695461621717522071051022317106531633148390838477293448381566774508930590263619
20,3,213/1600,1901/12800,10899/14701,1387/1813,20075087/26652913,7,7/10,8/10,-4.576974346960862080663623985499566386034596368673876873755627707732185226022050229293115299997403840,-4.576974346960862080663623985499566386034596368673876873755627707732185226022049748568889088685544810,-2.035309186755554297282647718618721282294955373098318179048288850501935706572296909110816153051105848,-1.407561935988740054556949470552386320786462914515585728525058346025199184143392635330836794371717303,-0.4576974346960862080663623985499566386034596368673876873755627707732185226022050234564214271612665453,-0.4576974346960862080663623985499566386034596368673876873755627707732185226022049744352009911393335520,-0.00008480454944814809572011032160911338676228980721242992412701203543758065444051237151802925284626792423,-0.00005864841399953083560653956127301609669943595477148273868854409775104996600597469279372692268481468250,-0.4577822392455343561620825088715657519902219266746001172996897828086561032566455362048693609029092307,-0.4577560831100857389019689381112296547001590728221591701142513148709695725682109489919061642904573522,-0.3405497284549652048593269417516942329705902637678146363386493746972105089543888062513177236648366028,-0.2290194400952042159144175167332213530704237339044032472680244406238471688725872524383986407528086585,-7.296497641567188812984434846386653848191597169087529328123211545206051834714829190862021440527334415,-3.391478366358548782277227867947605021702310912040614417520401843719109797632756331878070415396728114,-0.03405497284549652048593269417516942329705902637678146363386493746972105089543888067784276208263627640,-0.02290194400952042159144175167332213530704237339044032472680244406238471688725872521748436921720455779,-0.0003040207350652995338743514519327772436746498820453137220051338143835854931131178841838800020893914512,-0.0001413115985982728659282178278311502092375962880016922673966834101549629082346981794276593270918256757,-0.03435899358056182001980704562710220054073367625882677735587007128410463638855199859136772034469343269,-0.02304325560811869445736996950115328551627996967844201699419912747253967979549342338172673365536569816
20,3,213/1600,1901/12800,10899/14701,1387/1813,20075087/26652913,8,8/10,9/10,-4.670785445053617574188152706321175203689366688544500660914910900262155510215700749998406147491806766,-4.670785445053617574188152706321175203689366688544500660914910900262155510215700227105388163257854838,-2.495279681067203450978066224398306371243511880198376178590772575617239984312153064815535568671989804,-1.655582110995031822683821971712025788202282356807399735659283292096216587466864806271694269516578782,-0.4670785445053617574188152706321175203689366688544500660914910900262155510215700757377944707753173023,-0.4670785445053617574188152706321175203689366688544500660914910900262155510215700219725849602996488581,-0.0001039699867111334771240860926832627654684796616749323407746155239840516660130063781580935998120584117,-0.00006898258795812632594515924882133440784176176486697498898580347050400902447778603316225909038120968680,-0.4671825144920728908959393567248007831344051485161249984322657055501996026875830825870827727511907074,-0.4671475270933198837447604298809388547767784306193170410804768934967195600460478077241758192461288860,-0.5968916535779757842101033295827472447196904234233334466508078971152723201489503088234059032740024748,-0.4783222735454689322786116716574525334027930692927492285541184125227926853624756402301289267162325327,-9.651075892097360715442568875601581523812046624837644370964306887564032360053111598537840019232033012,-4.203662804990842359830560374924409602176606367278017139105547090935019453150024845391476618113513523,-0.05968916535779757842101033295827472447196904234233334466508078971152723201489503097458482233066732569,-0.04783222735454689322786116716574525334027930692927492285541184125227926853624756398347965038450879118,-0.0004021281621707233631434403698167325634921686093682351821235127869818346816688796514792258982368356278,-0.0001751526168746184316596066822885170667573585986365840474627311287889591438812510342006240692898898440,-0.06009129351996830178415377332809145703546121095170157984720430249850906669656391066827402046254199845,-0.04800737997142151165952077384803377040703666552791150690287457238106822768012881500429662472118180583
20,3,213/1600,1901/12800,10899/14701,1387/1813,20075087/26652913,9,9/10,10/10,-4.785268735699609659836607648130976520316348869742973733581563535015877913505025689275911044840185842,-4.785268735699609659836607648130976520316348869742973733581563535015877913505025166382893060606233914,-3.139629593015692653960472394527837498959451605782261041602364801486087895626244500188216181854820198,-1.999047627592064092422543816930572618089235127214242499913455255002277724736170775568393513917544762,-0.4785268735699609659836607648130976520316348869742973733581563535015877913505025693492790222132395132,-0.4785268735699609659836607648130976520316348869742973733581563535015877913505025161111794088990972302,-0.0001308178997089871939150196831053265624566438169075942100667652000619203289844268547427993654545545675,-0.00008329365114966933718427265903877385908705146363392677082972730229176157186400711511505292630504536725,-0.4786576914696699531775757844962029785940915307912049675682231187016497116794869966889217465065823918,-0.4786101672211106353208450374721364258907219384379313001289860808038795529223665228068972072234946195,-0.9225514453306380181066099112001630919730199612009159305838956896336932368617881331109988524113788199,-0.7946845680883516545277728771415200664391782299159963762849173466866144970545003199948308993205807303,-13.22490010502316046633725703669217475305047987834784456596355553951580966062083102120701272914997780,-5.406664925018421715336986851412947193191098982419355075566238716686260433905919494125998068311649309,-0.09225514453306380181066099112001630919730199612009159305838956896336932368617881346923285438959573036,-0.07946845680883516545277728771415200664391782299159963762849173466866144970545003184135012078360022467,-0.0005510375043759650194307190431955072813771033282644935235818148141464920691925346286866422230995730884,-0.0002252777052091009048057077854755394663829624576008064614819266131952608514127466442392368233937660741,-0.09280618203743976683009171016321181647867909944835608658197138377751581575537134818542797563365179505,-0.07969373451404426635758299549962754611030078544920044408997366128185671055686277843668756050704771602
21,3,1901/12800,1049/6400,5351/7449,10899/14701,79925851/109507749,0,0/10,1/10,-4.305853083737970633557986396915329947944854914081248344571741267098126450979052802902868174995311630,-4.305853083737970633557986396915329947944854914081248344571741267098126450979052330612400318267871179,-0.8593475420198171527526736334779476327192572950416073436692594634416362401375860225505237886620515280,-0.8335261499149338693470796576732289554003595698163029416406130407987642376596983602117765080740836015,-0.4305853083737970633557986396915329947944854914081248344571741267098126450979052806065527557964468597,-0.4305853083737970633557986396915329947944854914081248344571741267098126450979052326395521140975661889,-0.00003580614758415904803136140139491448469663572062673363931955247764340151000573275112937844765930681311,-0.00003473025624645557788946165240305120647501498207567928923502554336661517656915409813591188041840112474,-0.4306211145213812224038300010929279092791821271287515680964936791874560466079110136749003706950734486,-0.4306200386300435189336881013439360460009605063902005137464091522531792602744743865625423789963349061,0.3720765758536384988463590964653485300814952977359729699035414500458005961598546590765953087826878776,0.4682162452347877396379207959597941714772180946731159826900838637390890034704735138333477868209034001,-2.351437041803052718638357442892702974922011085063357185787954918011984937366958264675154781793540905,-1.967057849105896100865291398022510929365415828528448914096282239149848438583683012489400958143227974,0.03720765758536384988463590964653485300814952977359729699035414500458005961598546584177079373307801761,0.04682162452347877396379207959597941714772180946731159826900838637390890034704735140969027354016664807,-0.00009797654340846052994326489345386262395508379521097321607449812158383270572362326148351871065633582934,-0.00008196074371274567086938714158427128872355899285535203808734509329791035160765345829332760368254841738,0.03710968104195538935469264475308099038419444597838632377427964688299622691026184251555673833486121813,0.04673966377976602829292269245439514585899825047445624623092104128061098999543969795461416942990161773
21,3,1901/12800,1049/6400,5351/7449,10899/14701,79925851/109507749,1,1/10,2/10,-4.314308457192407492915294728361936670046115962033429893729374113266716281211975098745643596147903323,-4.314308457192407492915294728361936670046115962033429893729374113266716281211974618021417384836044293,-0.9039740472390323048521692271947738352269429259177614852574488437634611353349761412758069245092923627,-0.8289542821838922175630332456812332713802697132952264719831596437016792460511486215897070823465056339,-0.4314308457192407492915294728361936670046115962033429893729374113266716281211975101908302979117060290,-0.4314308457192407492915294728361936670046115962033429893729374113266716281211974611696098618897730358,-0.00003766558530162634603550705113311557646778928857990672855239370182347754730562400603182466446386786490,-0.00003453976175766217573179305190338471964084457138730110299929831848756996858546452565214519363067447808,-0.4314685113045423756375649798873267825810793854919228961014898050284951056685031346760353896857750388,-0.4314653854809984114672612658880970517242524407747302904759367096451591980897829253481879366135218605,0.3505663241100693163632169160142874888985224063369879883922949454502760179393339145699938463953070289,0.4466368185714847152247032033798809438482394857992766667745753467807090808242598588877187507449571860,-2.533883705517347463276097112684506532150543933690290873449358338762756500816860562348357787067267348,-1.924709053019539186014003020546286055430690051426086544249882758452534393614694281609184477877244704,0.03505663241100693163632169160142874888985224063369879883922949454502760179393339137793290006530177871,0.04466368185714847152247032033798809438482394857992766667745753467807090808242598594148286479064833472,-0.0001055784877298894776365040463618544388396059972370954530603899307817815208673691905213206454880393185,-0.00008019621054248079941725012585609525230961208547608693934374511493552226640061226118635906289811812102,0.03495105392327704215868518755506689445101263463646170338616910461424582027306602212950155653829841406,0.04458348564660599072305307021213199913251433649445157973811378956313538581602537373421717147742781951
21,3,1901/12800,1049/6400,5351/7449,10899/14701,79925851/109507749,2,2/10,3/10,-4.331416133381734149886387742508170725412659882899405463464497198162320305775514384142528568904266960,-4.331416133381734149886387742508170725412659882899405463464497198162320305775513911852060712176826510,-0.9718258688200655970273633738009808610159999655280230929450051296446772314435142840393756175716176016,-0.8430493003977311504758666770021095955249283602642084571834060466383675400918723361767727806750915638,-0.4331416133381734149886387742508170725412659882899405463464497198162320305775514387305187951873423928,-0.4331416133381734149886387742508170725412659882899405463464497198162320305775513907635181534884617220,-0.00004049274453416939987614014057504086920899999856366762887270854706852821797681309532650892064846815548,-0.00003512705418323879793649444487508789981353868167767535238264191860993198083716134708538000942384791415,-0.4331821060827075843885149143913921134104749882885042139753224283633005587955282519788564534549280205,-0.4331767403923566537865752686956921604410795269716182216988323617348419625583885519077897644728452305,0.3068754997869267455230324231036545069570461904264714248736050010462280169104270031443455887215993160,0.4027686644776176571511380132247367030857085156401188496190577124864342477445701794084378668464410995,-2.808552417720170523201126032323461677302971210345267299142271862486629166161749979341734803561242293,-1.939162688037845409687610234900685449196700157898529894841024406290145936510785614218706488956194403,0.03068754997869267455230324231036545069570461904264714248736050010462280169104270028149019029956454652,0.04027686644776176571511380132247367030857085156401188496190577124864342477445701798037702897175857204,-0.0001170230174050071051333802513468109032209571337643861374642613276036095485900729162355550902826499093,-0.00008079844533491022540365042645419522704986250657910541228504268359542274735461606670523557374641485522,0.03057052696128766744716986205901863979248366190888275634989623877701919214245262734003160302088855492,0.04019606800242685548971015089601947508152098905743277954962072856504800202710240192576855373326202514
21,3,1901/12800,1049/6400,5351/7449,10899/14701,79925851/109507749,3,3/10,4/10,-4.357582486223704960106868048909712453378848123975075827440973955672282017071270203732752126121943108,-4.357582486223704960106868048909712453378848123975075827440973955672282017071269739876042623978921237,-1.066946403088052103382240693015707169833332489893403507466039032982577602617796598757914431726739991,-0.8771017436298389022507511185963157143830222943757082876139733653158595842687103064056121190979808212,-0.4357582486223704960106868048909712453378848123975075827440973955672282017071270206895411509091100076,-0.4357582486223704960106868048909712453378848123975075827440973955672282017071269732496504063717554980,-0.00004445610012866883764092669554232113207638885374555847947775162637427406677574152515706568753470053940,-0.00003654590598457662092711462994151315476595926226565451198391555688816081601119626251484176833146471819,-0.4358027047224991648483277315865135664699612012512531412235751471936024757739027626837050574670504929,-0.4357947945283550726316139195209127584926507716597732372560813111241163625231381690578289463996650603,0.2396035716298036371658830138866399899590330762930520373859161753496887686297050423641788290744624882,0.3351314196772247602375334381547405147856381471821718498840108723760696303038494536185080484225065072,-3.196556692932081565973220531888486641463298669381742672716610817123359683525653574173881717948999809,-2.019328784674013848201953430236621419037333853194447166842866225319448885943730956173482358177806515,0.02396035716298036371658830138866399899590330762930520373859161753496887686297050419029576690581270971,0.03351314196772247602375334381547405147856381471821718498840108723760696303038494542773954198744142087,-0.0001331898622055033985822175221620202767276374445575726113631921173801399868135688994016050825505080757,-0.00008413869936141724367508139292652589245988891054976863195178609272164370358098878933198307508463401433,0.02382716730077486031800608386650197871917567018474763112722842541758873687615693526000881628645402813,0.03342900326836105878007826242254752558610392580766741635644930114488531932680395667057979384653196760
21,3,1901/12800,1049/6400,5351/7449,10899/14701,79925851/109507749,4,4/10,5/10,-4.393449953124471918479217627091096005209736112705192081173012238160657526466381839839997786105899879,-4.393449953124471918479217627091096005209736112705192081173012238160657526466381359115771574794040849,-1.195771007155539897934639865709343542787888917353976798645306076890197551316860198631105631639301575,-0.9336906296679978960483240536471251911294233811999624970762496819740687368199224231263685344617953421,-0.4393449953124471918479217627091096005209736112705192081173012238160657526466381846165316552044213813,-0.4393449953124471918479217627091096005209736112705192081173012238160657526466381350682013220209622269,-0.00004982379196481416241394332773788931428282870488974903327688775320375823130486917513771199678651132636,-0.00003890377623616657900201350223529688296372597421666510404484373674891953070083010073213018266282910557,-0.4393948191044120060103357060368474898352564399754089571505781115692695108779430540093467087658371655,-0.4393838990886833584269237762113448974039373372447358732213460675528146721773389647264365329189796201,0.1457423993380356954120244007950259818086807925471045891830908233424967511372944415921887082768206784,0.2421163294105847832054664151493048601654488881358843330356359671764633613521153978592240468501491866,-3.737543431195874492115550467335586970393584233990307080367863775603406892346438541064138144063817835,-2.175921001428907255389151907463005821454013140967248291971954288566001011702842204718661455638069941,0.01457423993380356954120244007950259818086807925471045891830908233424967511372944413615781282686529829,0.02421163294105847832054664151493048601654488881358843330356359671764633613521153981886677325761030374,-0.0001557309762998281038381479361389827904330660097495961283486609906501419538477682731867542765016024188,-0.00009066337505953780230788132947762524256058388087363534549883142869025004215428509133685400450198915685,0.01441850895750374143736429214336361539043501324496086278996042134359953315988167585267594337142763803,0.02412096956599894051823876018545286077398430493271479795806476528895608609305725474580374869571981724
21,3,1901/12800,1049/6400,5351/7449,10899/14701,79925851/109507749,5,5/10,6/10,-4.439941275036217378879950274187405622502734600246756887547318577853816126216153570694611361031619299,-4.439941275036217378879950274187405622502734600246756887547318577853816126216153098404143504304178848,-1.367823012043833656645310484539767760992627574196947616101816889039270641963058685465336320983861468,-1.017155453583686114949702507270072637367181127277601804038361175775471309522474861663359935419714943,-0.4439941275036217378879950274187405622502734600246756887547318577853816126216153574911490538323828588,-0.4439941275036217378879950274187405622502734600246756887547318577853816126216153089970385149719760268,-0.00005699262550182640236022127018915699004135948225820615067090903704330294341512744545644548893302364608,-0.00004238147723265358812290427113625302655696588030323340850159838232397797123010311896143692587085991367,-0.4440511201291235642903552486889297192403148195069338949054027668224249155650304853039480777997280961,-0.4440365089808543914761179316898768152768304259049789221632334561677055905928454117165494829551278427,0.02177762238060529609769743567414374248886098652938222803713651496196331459859929593450942846316902208,0.1202227376219220060333071490898104143309578072205312868557045986714279405926810952859198445675926235,-4.493733679319799257726573680450522254376960623547102273930622495783088239181440480596942902391121570,-2.422017464770439188056312954102426701848306530146535254620408247454239742930578931619700924978170864,0.002177762238060529609769743567414374248886098652938222803713651496196331459859929589332896774742479074,0.01202227376219220060333071490898104143309578072205312868557045986714279405926810953847529502853787787,-0.0001872389033049916357386072366854384272657066926477959280804426039909620099658933541186717954837068709,-0.0001009173943654349661690130397542677792436794387561056356091836769772599892887741215022286156011188090,0.001990523334755537974031136330728935821620391960290426875633208892205369449894036234184713461365166419,0.01192135636782676563716170186922677365385210128329702304996127619016553406997933542752555947134621834
21,3,1901/12800,1049/6400,5351/7449,10899/14701,79925851/109507749,6,6/10,7/10,-4.498327601008730243715202066675722745513331904537242883968454583135802972329377536160493791424552496,-4.498327601008730243715202066675722745513331904537242883968454583135802972329377047002509225528274886,-1.597217742170256584832577959610420962918113718691232100215647109200620336360995985833039820308269642,-1.134078794147477961157046456812109486004051767783983753131780497179857308626458517776204201565567778,-0.4498327601008730243715202066675722745513331904537242883968454583135802972329377539323153174393709463,-0.4498327601008730243715202066675722745513331904537242883968454583135802972329377038568750870943856307,-0.00006655073925709402436802408165043420678825473827880133750898529621669251401504149966365616692660066171,-0.00004725328308947824838154360236717122858350215699099932304715752071582738785943577123976043558910797968,-0.4498993108401301183958882307492227087581214451920030897343544436097969897469527959184231658110262797,-0.4498800133839625026199017502699394457799166926107152877198926158342961246207971394018796914728548677,-0.1373920587696269956196635908362648061003932499539211443274220486784017826071051091217523464275991078,-0.03501729186735345386930495610200073897582842839646352110088842872800714989017985109761034001882641058,-5.554705333511894882008570975565695986991025402906537187061746143689037653223180157139857114713044230,-2.776233322518019700469656130283957288463614177165740413629247712225379366889695980504963362090930783,-0.01373920587696269956196635908362648061003932499539211443274220486784017826071051092535298207179806481,-0.003501729186735345386930495610200073897582842839646352110088842872800714989017985103995769501678448670,-0.0002314460555629956200836904573152373327912927251211057161275727559870432355509658408657267318979263759,-0.0001156763884382508208529023387618315536859839240485725172345519880093908069537373318298947410745480999,-0.01397065193252569518205004954094171794283061772051322014886977762382722149626147676699084244211619552,-0.003617405575173596207783397948961905451268826763694924627323394860810105795971722434024019086439186648
21,3,1901/12800,1049/6400,5351/7449,10899/14701,79925851/109507749,7,7/10,8/10,-4.570330957287402693126689765445951447881051692275726344522283629287215748813267719648409625692606766,-4.570330957287402693126689765445951447881051692275726344522283629287215748813267222056666705211910577,-1.905155595479554167189347271089000591162424909087681922525312952093513577516290428038821563608615044,-1.294493272716957305489393651460801602397699306006325817291580048387999704314420091504118682287933189,-0.4570330957287402693126689765445951447881051692275726344522283629287215748813267724919508597307868378,-0.4570330957287402693126689765445951447881051692275726344522283629287215748813267213622908350627491998,-0.00007938148314498142363288946962870835796510103787865341343855470633722973239651210150253230462648297124,-0.00005393721969653988772872473547753340009990413775026357572048250201616665434643417015435580928024899050,-0.4571124772118852507363018660142238531460702702654512878656669176350588046137232849185216538103193470,-0.4570870329484368092003977012800726781882050733653228980279488454307377415356731554548457602107989128,-0.3385392383391817372391046813355862294480755489059664973905363606622450620737037594622491771691239894,-0.2308604172353345329140330654483302414677951976602996694398950121862223728405080602872494711819554472,-7.063534444682371050680380306067119551092203946770255929099671966447194954398158426973217655937440366,-3.286361028635658120413921499787879086868452009976237961281633799439804321974270992263565988021037224,-0.03385392383391817372391046813355862294480755489059664973905363606622450620737037598575816000402686104,-0.02308604172353345329140330654483302414677951976602996694398950121862223728405080598260283111656200561,-0.0002943139351950987937783491794194633146288418311154273303791529986019664564332566022755642870143736852,-0.0001369317095264857550172467291578282952861855004156765817200680749766585134155946238327627971495240712,-0.03414823776911327251768881731297808625943639672171207706943278906482647266380363262869942924783866317,-0.02322297343305993904642055327399085244206570526644564352570956929359889579746640060051590268582329643
21,3,1901/12800,1049/6400,5351/7449,10899/14701,79925851/109507749,8,8/10,9/10,-4.658278697456146414034376074689386170829588158482126627256098092252482449745470362873481967855318069,-4.658278697456146414034376074689386170829588158482126627256098092252482449745469848414222338205784721,-2.324220468668833898882146273396500343974905011763369934439994158807823773594690060375216379620176030,-1.513729618779812372082181218451333488005033766088195332465079132726415359908064077900182765424579141,-0.4658278697456146414034376074689386170829588158482126627256098092252482449745470369198800733793632004,-0.4658278697456146414034376074689386170829588158482126627256098092252482449745469842088903572267470787,-0.00009684251952786807912008942805818751433228770882347374726833308995032599056644541957351505928374419904,-0.00006307206744915884883675755076880556200020974025367480551937829719693397332950266943206890687567476520,-0.4659247122651425094825576968969968045972911035570361364728781423151985709651134823996800122354228829,-0.4658909418130638002522743650197074226449590255884663375311291875224451789478764867887549240768790502,-0.5915937640769193734831123352375948567567010797076751391770060218527385140779700516852719636279372490,-0.4770680475154523629168475151563037952508047164844857478937512255292229840530222950149239891795382565,-9.257357697594111007787582687745316967887716522980451172662812655348727545370734797103378516708610269,-4.027250417878052925716645184074294499579920826276067316158205671592841797026051627929660713452542839,-0.05915937640769193734831123352375948567567010797076751391770060218527385140779700523441593350798449505,-0.04770680475154523629168475151563037952508047164844857478937512255292229840530222943560366177276305549,-0.0003857232373997546253244826119893882069953215217908521321942838606395303143904472849888913104019599399,-0.0001678021007449188719048602160030956041491633677615028048399252363163684082094188167967729657620090782,-0.05954509964509169197363571613574887388266542949255836604989488604591338172218745253484749758679054174,-0.04787460685229015516358961173163347512922963501621007759421504778923866681351164823129544862170614601
21,3,1901/12800,1049/6400,5351/7449,10899/14701,79925851/109507749,9,9/10,10/10,-4.765340102595967199825637856096276091118305346902851742658597363453965038475538516472690452073872381,-4.765340102595967199825637856096276091118305346902851742658597363453965038475538002013430822424339033,-2.906071297499755121679623750797374980484163620134846160665664845129115692255782041099346858509809740,-1.815644312597350296862367134960452370303488303789210129487366730272464876868505471030091061569970259,-0.4765340102595967199825637856096276091118305346902851742658597363453965038475538522798009218012186315,-0.4765340102595967199825637856096276091118305346902851742658597363453965038475537995688112056486025098,-0.0001210863040624897967366509896165572908535068175056185900277360352137131538439909188273201332275917903,-0.00007565184635822292903593196395668551542931201265788375539530694709468603653618772739575798626568399329,-0.4766550965636592097793004365992441664026840415077907928558874723806102170013978433893452506242366948,-0.4766096621059549429115997175735842946272598467029430580212550432924911898840899872196370444915312636,-0.9111647949255481867459621805383416541734979907715092251570151737178921271411996694033842675133871834,-0.7876222428647175237918571844805632634914605398975067066967958317663394071907929335850067496396083701,-12.55112416454234617665807079813339933133297982201296934351306384384445206168630504190896972183707658,-5.113197910855807955803224114221486400285504438994364628571552601599042790048690706470648366429107268,-0.09111647949255481867459621805383416541734979907715092251570151737178921271411996709847139589979656670,-0.07876222428647175237918571844805632634914605398975067066967958317663394071907929320036770581550298864,-0.0005229635068559310906940862832555583054722074925838737226463776601601855025702627120644386115754168084,-0.0002130499129523253314918010047592286000118960182914318595238146917332934495853621114566399927809008934,-0.09163944299941074976529030433708972372282200656973479623834789503194939821669022993716575121228549490,-0.07897527419942407771067751945281555494915795000804210252920339786836723416866465521685190828259875600
22,3,1049/6400,459/2560,2101/3019,5351/7449,15902509/22488531,0,0/10,1/10,-4.315391393814065755487927081167304412973293971311859744890106178949978480437805847187461002653858895,-4.315391393814065755487927081167304412973293971311859744890106178949978480437805383330751500510837023,-0.8101363975264935379530908415973095268422600545421145607179587484013649094885203084722652358351559340,-0.7843982361552989822058117546765563355907247738953029823483183035073875929651090701500670065995651908,-0.4315391393814065755487927081167304412973293971311859744890106178949978480437805851404340179946068184,-0.4315391393814065755487927081167304412973293971311859744890106178949978480437805377005432734572523089,-0.00003375568323027056408137878506655456361842750227258810669658161451672353789535501298822023084315839016,-0.00003268325983980412425857548977818984731628019891230429093117992931280781637354621105446853443450181603,-0.4315728950646368461128740869017969958609478246334585625957071995095145715816759403256080395931555441,-0.4315718226412463796730512836065086311446456773300982787799417978243106558601540837823940464960392848,0.3727599877236974868523909974934959530135249861823657067657517888063302594977465510870986193390642133,0.4651263113162245001947650237135051914789731191820172608449268037707786835407720219647812507666760517,-2.359902733845018162700729533814660781893328308197012994399018212549040226160904103723529402294042169,-1.984310371162913566514300208091251059984511965284450587058466393405330412683580666946127764772225690,0.03727599877236974868523909974934959530135249861823657067657517888063302594977465506917661964679195924,0.04651263113162245001947650237135051914789731191820172608449268037707786835407720227554460965089652935,-0.00009832928057687575677919706390894419924555534617487554143329242552287667609003767145725130290980692386,-0.00008267959879845473193809584200380212749935466522018544112743609972522210052848252723657430508997643127,0.03717766949179287292845990268544065110210694327206169513514188645511014927368461735988482006129213977,0.04642995153282399528753840652934671702039795725298154064336524427735264625354871978781553984497367487
22,3,1049/6400,459/2560,2101/3019,5351/7449,15902509/22488531,1,1/10,2/10,-4.323355573743921396131796985223393480129613432814422669555366505537118139534597756850580393831268760,-4.323355573743921396131796985223393480129613432814422669555366505537118139534597267692595827934991150,-0.8530177375187266991291606352784864612417725723462702145075824560034887295393324716619867420864626429,-0.7785616293329148230456355060763966556647039844816059544833268109804682587013086901019916235886199247,-0.4323355573743921396131796985223393480129613432814422669555366505537118139534597764230118954092635017,-0.4323355573743921396131796985223393480129613432814422669555366505537118139534597263475716650642781860,-0.00003554240572994694579704835980327026921840719051442792560448260233347869706413885312678760695204433485,-0.00003244006788887145096023481275318319398602933268673358143680528379085284411255452851763358712031210093,-0.4323710997801220865589767468821426182821797504719566948811411331560452926505239154458150500590554492,-0.4323679974422810110641399333350925312069473726141290005369734558375026667975722808506732330534001054,0.3511149889690707992447839699336005836683186483521036504747410772413919850904601186386315504196707191,0.4434198162367321524162683535653822224621595520985636386589585777726434949292386021596745175264484965,-2.537459647346657560965161785886154994056489780864134441552968754550647455727233251770355132033503520,-1.940684484967723775826496741144338254896523883918437236844203379520797077786118151004183881999504130,0.03511149889690707992447839699336005836683186483521036504747410772413919850904601182432991275485260982,0.04434198162367321524162683535653822224621595520985636386589585777726434949292386026867844146879746577,-0.0001057274853061107317068817410785897914190204075360056017313736981062769773219680526293007467085964994,-0.00008086185354032182399277069754768076062068849516326821820184180748003321157442158905002056042008490765,0.03500577141160096919277151525228146857541284442767435944574273402603292153172404375934647379342074392,0.04426111977013289341763406465899054148559526671469309564769401596978431628134943868529073425679221267
22,3,1049/6400,459/2560,2101/3019,5351/7449,15902509/22488531,2,2/10,3/10,-4.339465524998821563951232364658676818486978118323189582118913210579029418866366840094056799282050284,-4.339465524998821563951232364658676818486978118323189582118913210579029418866366376237347297139028412,-0.9173718272573348458886509969914883703787228936022563663960109162324877497305266569576509978240465005,-0.7897875090750198619529746890064109664839394884979566095798997952462043887487658276852771846435838216,-0.4339465524998821563951232364658676818486978118323189582118913210579029418866366846419375565220364218,-0.4339465524998821563951232364658676818486978118323189582118913210579029418866366372020468119846819123,-0.00003822382613572228524536045820797868209911345390009401526650045484302032290543861088227209062984399126,-0.00003290781287812582758137394537526712360349747868741485873249582480192518286453190929505423652597411489,-0.4339847763260178786803685969240756605307969252862190522271578215127459622095421234340138557619408837,-0.4339794603127602822227046104112429489723013093110063730706238168827048670695011688324729338117774197,0.3071852314894293918911741298668422943113228662864522419181461354520960973216518074646504213343008869,0.3993283258621339249381336034366352338904278665395304043549138350720528943198862592246701414081315798,-2.803140326860930784589029002997008487369808830235916461782346699907692720214507991242822604918307482,-1.950835545133293380465325700811608464913491832117593794442115818277683912212960348483961166328784061,0.03071852314894293918911741298668422943113228662864522419181461354520960973216518070693179984631562660,0.03993283258621339249381336034366352338904278665395304043549138350720528943198862596200025642792762007,-0.0001167975136192054493578762084582086869737420345931631859075977791628205300089378334845793828422571779,-0.00008128481438055389085272190420048368603806215967156640810175482576157016300887334735178310221021545064,0.03060172563532373373975953677822602074415854459405206100590701576604678920215624284462089796245240748,0.03985154777183283860296063843946303970300472449428147402738962868144371926897975266483715982303068657
22,3,1049/6400,459/2560,2101/3019,5351/7449,15902509/22488531,3,3/10,4/10,-4.364095614219093511842146072517373481446097960937528000608831109776628806182621553040485186597436214,-4.364095614219093511842146072517373481446097960937528000608831109776628806182621063882500620701158605,-1.006850892788981766144716521542641630067062872741759263163473606506807395470304423182260222059762160,-0.8190557335805873705816120666814211813545802114094191279356040716690257914532303365173030637343653688,-0.4364095614219093511842146072517373481446097960937528000608831109776628806182621556203144569566593182,-0.4364095614219093511842146072517373481446097960937528000608831109776628806182621055448742266116740025,-0.00004195212053287424025602985506427673458612761969757330263181140027111697481126268448096962549404484414,-0.00003412732223252447377423383611172588255644084214205913033065016965287607464388459709648023666430350534,-0.4364515135424422254244706371068016248791959237134503733635149223779339975930734187049536846934242610,-0.4364436887441418756579888410878490740271662369358948591912137611473157566929059897743064060205843405,0.2396319253763385386725706240733640459029649647008811478669916875233507760640458894085009572758631545,0.3314620704788271510760976300249935592320733707147830655992184561005592130137103582978276815973668604,-3.177059786653620630100515154237756870731821915980794662353346549660229771850366557689501275373949341,-2.023198109907580344559539801401588795475890628635786471936620136968478518459204515058890294998005014,0.02396319253763385386725706240733640459029649647008811478669916875233507760640458892108347458402908440,0.03314620704788271510760976300249935592320733707147830655992184561005592130137103586931601044685114813,-0.0001323774911105675262541881314265732029471592464991997775980561062358429071604319404569200754220787303,-0.00008429992124614918102331415839173286647816210952649110299735917237368660493580018762676799408932659615,0.02383081504652328634100287427590983138734933722358891500910111264609923469924415695025596473074563506,0.03306190712663656592658644884410762305672917496195181545692448643768223469643523572634430454139697240
22,3,1049/6400,459/2560,2101/3019,5351/7449,15902509/22488531,4,4/10,5/10,-4.397836725723589638380513810758402094472869415198436612149770130381208126608253005615513174802554615,-4.397836725723589638380513810758402094472869415198436612149770130381208126608252516457528608906277006,-1.127266728508540428017377807770388406367310382853135561333553114859548446381023695509544907139554459,-0.8687977896866696404076979040603091840591085240940586338025372257061899517091751945097449700930652296,-0.4397836725723589638380513810758402094472869415198436612149770130381208126608253012995051735063920872,-0.4397836725723589638380513810758402094472869415198436612149770130381208126608252512240649431614067716,-0.00004696944702118918450072407532376618359863793261888064838889804645248118526587598749409173161342272039,-0.00003619990790361123501698741266917954933579618850391910974177238440442458132121563283518385990505087118,-0.4398306420193801530225521051511639756308855794524625418633659110845732938460911773384748411326857991,-0.4398198724802625750730683684885093889966227377083475803247187854225252372421464666168952544123649741,0.1455504639529073095288515115100083107751325817974802594464064995637627255325689779919050712403437870,0.2382674455262285935855657665885052916228789239313749573829997212377168757296148300041319006584366971,-3.696020108795974409954351333507413083841525511186408668335152706446123788649310942796767813857208330,-2.167276082847431505590630710893482440776359160735688580976042840330201197395653140573415766949406149,0.01455504639529073095288515115100083107751325817974802594464064995637627255325689778271832283773668616,0.02382674455262285935855657665885052916228789239313749573829997212377168757296148302017981120940090076,-0.0001540008378664989337480979722294755451600635629661003611806313627685884911937212899551265095892770552,-0.00009030317011864297939960961295389510169901496503065369087400178501375838322481888025873629455407576067,0.01440104555742423201913705317877135553235319461678192558346001859360768406206317647757790143921672380,0.02373644138250421637915696704589663406058887742810684204742597033875792918973666415021619009378288283
22,3,1049/6400,459/2560,2101/3019,5351/7449,15902509/22488531,5,5/10,6/10,-4.441535598017746614768201930861494988434764584086777406525245039884818339835438561798122312101960871,-4.441535598017746614768201930861494988434764584086777406525245039884818339835438055772621037036846102,-1.287162802454023539134637376382349869998942054825436735512161835066085867378837665239591272677975315,-0.9426758569674300087399941816400858774518592318927489541072588182989315438301840537220352643762200261,-0.4441535598017746614768201930861494988434764584086777406525245039884818339835438568123441078040274806,-0.4441535598017746614768201930861494988434764584086777406525245039884818339835438051555741859744636813,-0.00005363178343558431413060989068259791124995591895105986397967340979442024447411823628071594909290959163,-0.00003927816070697625036416642423500357822716080132886453975446911742912214765959100200489060670680958917,-0.4442071915852102457909508029768320967547264143276288005165041773982762542280179754727192246554176227,-0.4441928379624816377271843595103845024217036192100066051922789731059109561312033957534314613380618704,0.02159377159138763218883671709605852186362459271819503331459874071717536002291798399856226248397495649,0.1164942641220938011766554044952934847490606934652113097209775108028621972875042687551157709194278200,-4.417051075299251654964750049628448408477928182388080462867655690694391879668126210177128291319829517,-2.393001793455271363063453310412535336417216884697611018516859559523362261944325334052237569783302735,0.002159377159138763218883671709605852186362459271819503331459874071717536002291798397385398605452841768,0.01164942641220938011766554044952934847490606934652113097209775108028621972875042689198376137824047453,-0.0001840437948041354856235312520678520170199136742661700192861523204455996616528385929774662662173520115,-0.00009970840806063630679431055460052230568405070352906712577153581498014009424768022155279507425191475160,0.001975333364334627733260140457538000169342545597553333312173721751271936340638959801319397785554672406,0.01154971800414874381087122989492882616922201864299206384632621526530607963450274667943919208555761039
22,3,1049/6400,459/2560,2101/3019,5351/7449,15902509/22488531,6,6/10,7/10,-4.496355114282236635950745931230420555090050606284201848703119136761220289044925390180241772111304555,-4.496355114282236635950745931230420555090050606284201848703119136761220289044924909456015560799445525,-1.499101481701176851599484595168100185727584119282903744528177167854812222004254849863577211382999279,-1.046347880713717302108709032530025182622251583118034419734947920013455529331496204249865142152362837,-0.4496355114282236635950745931230420555090050606284201848703119136761220289044925397559780332372670813,-0.4496355114282236635950745931230420555090050606284201848703119136761220289044924902076477000538079268,-0.00006246256173754903548331185813200417440531600497012098935534071532728384258351061897389678563123239304,-0.00004359782836307155425452954302208438260926048262991810082228949666722731372214567488658388095736935293,-0.4496979739899612126305579049811740596834103766333903058596672543914493127470760507523965902706415341,-0.4496791092565867351493291226660641398916143211110501029711342031727892562182146357432285066697867636,-0.1369979355726439548643445753788186872172437801328918325818344529615807791173471805907056641200141867,-0.03816714740001568605960182122218469451373358163302270747317637314547095880992322389972265637917131121,-5.422463055718704597252169126374848762048020490280071225181335221076032848826284038445301425108379555,-2.718414933316526792974547833305751669456847135640289483513756013204574302403757858879045086727537797,-0.01369979355726439548643445753788186872172437801328918325818344529615807791173471807883718755555864971,-0.003816714740001568605960182122218469451373358163302270747317637314547095880992322383383391923398054106,-0.0002259359606549460248855070469322853650853341870950029677158889675448347020344285025723737502472215335,-0.0001132672888881886163739394930544063195607019639850120618130731672168572626001565766917981925450103302,-0.01392572951791934151131996458481415408680971220038418622589933426370291261376914658707187465422070305,-0.003929982028889757222334121615272875770934060127287282809130710481763953143592478957630100260945750700
22,3,1049/6400,459/2560,2101/3019,5351/7449,15902509/22488531,7,7/10,8/10,-4.563864498179243060771385444207708239483247198701184166721938554783606079110695424087052808581543280,-4.563864498179243060771385444207708239483247198701184166721938554783606079110694934929068242685265670,-1.781786585879884368067436414982629770114598556358347478964042434800614530544094651507587493468501993,-1.188408321782814463319663130919446891805223798920185678157624752612041521034075832906406217275147248,-0.4563864498179243060771385444207708239483247198701184166721938554783606079110695427249712191550700247,-0.4563864498179243060771385444207708239483247198701184166721938554783606079110694926495309888100847090,-0.00007424110774499518200280985062427624042144160651493114495683510145002560543933727740730223393353225016,-0.00004951701340761726930498596378831028715855099162167440325656769802550173004308649272582493579803524956,-0.4564606909256693012591413542713951001887461614766333478171506905798106335165088803628362415915022819,-0.4564359668313319233464435303845591342354832708617400910754504231763861096411125788492320979654151981,-0.3365710765798865654532811563156069217895761066727759711271833425203238813335404688597542806917014914,-0.2325622228957321518094997717802230319490073479672525091977245723415902326556948741260328620375172162,-6.841293074634967830100964285575994082674386506623347217761597432645994251959438072337922975659015810,-3.185697585849820642255205151178647376501128851822563342449546247545599778072021062690816863605777163,-0.03365710765798865654532811563156069217895761066727759711271833425203238813335404692550867035628461123,-0.02325622228957321518094997717802230319490073479672525091977245723415902326556948739283666506019449057,-0.0002850538781097903262542068452323330867780994377759728007400665596935830938316432540230014115215259934,-0.0001327373994104091934273002146324436406875470354926068059353977603143999907530008767219330768449029142,-0.03394216153609844687158232247679302526573571010505356991345840081172597122718569019960714636673145001,-0.02338895968898362437437727739265474683558828183221785772570785499447342325632248825077001293548108794
22,3,1049/6400,459/2560,2101/3019,5351/7449,15902509/22488531,8,8/10,9/10,-4.646174300426915173767241939270495234422524117608061174028703395659327575235972217095759035011129406,-4.646174300426915173767241939270495234422524117608061174028703395659327575235971694202741050777177478,-2.163676593636295147361307392951695982298583769858632978406157536627169499112391559294794492222592453,-1.381912464037301164452158728367844870969845660940387745367677321877349723197239328839621761652991029,-0.4646174300426915173767241939270495234422524117608061174028703395659327575235972220258418417980286373,-0.4646174300426915173767241939270495234422524117608061174028703395659327575235971687877422284838863543,-0.00009015319140151229780672114137298733259577432374410970743358989735946539579634964864300223040223552363,-0.00005757968600155421518550661368199353629041023587251615605698655507822290513321830502669133471451310702,-0.4647075832340930296745309150684225107748481860845502271103039294632922229193935722010799854310102311,-0.4646750097286930715919097005407315169785428219966786335589273261210109804287303868982555874065777247,-0.5864441804634222620188256211885992405864425898605227662829557401152681305398637038829193834518751786,-0.4757742513214034866496064332398449505790966089656266299994231770072131639563889051828312903991098172,-8.886126460550562597187604373283251175939644424616810278073731311232081853964938728639805552854307949,-3.860041691050769103893600645100176985514015303395074261558859942856773294599156813135075884233870332,-0.05864441804634222620188256211885992405864425898605227662829557401152681305398637045418067549037828801,-0.04757742513214034866496064332398449505790966089656266299994231770072131639563889043921664446568205754,-0.0003702552691896067748828168488868021323308185176923670949197388046346700772485391152279837340423311860,-0.0001608350704604487126622333602125073743964173043081280942316191642856988872749648662839694240125207059,-0.05901467331553183297676537896774672619097507750374464372321531281616148313123490962603179270856893729,-0.04773826020260079737762287668419700243230607820087079109417393686500701528291385529237434203655110451
22,3,1049/6400,459/2560,2101/3019,5351/7449,15902509/22488531,9,9/10,10/10,-4.746141394203539786081188184089147059754313692989944501441626111261367996324673463292020486658373809,-4.746141394203539786081188184089147059754313692989944501441626111261367996324672957266519211593259041,-2.689357973479591977676271705039687576600779915792430854901276827036810556093566906138452837433316800,-1.647011445946963007439018051675742898874001605166330573226407658352866029595044226814730694359039046,-0.4746141394203539786081188184089147059754313692989944501441626111261367996324673468563119458273635422,-0.4746141394203539786081188184089147059754313692989944501441626111261367996324672951995420239977997428,-0.0001120565822283163324031779877099869823583658298246846189542198677932004398372319548383581881220716032,-0.00006862547691445679197662575215315595411975006688193044055110031909803608456646017561934004144375262956,-0.4747261960025822949405219963966246929577897351288191347631168309939300000723045789382949764753459280,-0.4746827648972684354000954441610678619295511193658763805847137114452348357170337549609116670268038683,-0.9002585581261406161275660689122880264346240223205344855110554650694577143964640279629227812679965007,-0.7807395720149620410177240088898192986935978792359081107887664964940554629922371940109353221432932161,-11.92374285590906742867608360415702768565969526444507736808676113597413530883849213634384129772818438,-4.839402872554738828409244582712705350883904440437278243980989154138034137768615694544510289418728003,-0.09002585581261406161275660689122880264346240223205344855110554650694577143964640292806975241718119038,-0.07807395720149620410177240088898192986935978792359081107887664964940554629922371924296056306587147324,-0.0004968226189962111428615034835065428202358206360185448903369483806655889712016038411831643184345371998,-0.0002016417863564474511837185242796960562868293516848865934992078814224180890736923193170728416563192257,-0.09052267843161027275561811037473534546369822286807199344144249488761136041084800687426309156076351751,-0.07827559898785265155295611941326162592564661727527569767237585753082796438829741148660853934234776737
23,3,459/2560,623/3200,2577/3823,2101/3019,7906043/11541637,0,0/10,1/10,-4.324655566295712956275125296926085060002781806491507025843847551273658775434523123607946565633457251,-4.324655566295712956275125296926085060002781806491507025843847551273658775434522659751237063490435380,-0.7619116707464746609743481855656148431537857401574482001400110499176470990253544428437633399889050984,-0.7362932076135379295487527028894236811663689308630024479171440555147808613537934654187976934099880972,-0.4324655566295712956275125296926085060002781806491507025843847551273658775434523128879045537248718864,-0.4324655566295712956275125296926085060002781806491507025843847551273658775434522654480138091875173768,-0.00003174631961443644420726450773190061846474107250656034167250046041323529579272310190646757969133426060,-0.00003067888365056408039786469595372598671526537211929176866321433564644920255640806082438794447900738538,-0.4324973029491857320717197942003404066187429217216572629260572555877791128392450364826253160262586392,-0.4324962355132218597079103943885622319869934460212699943530479694630123267460086734825856534257094367,0.3733483720141856511132123744694146273508893727517906518090541230352456963997976890347305646593980069,0.4621473663201265545035291411832105769990640602665714491001214621819433318399146139373281169615534103,-2.367959213998148489867052282661449583681161754369335930207404097971614745065384173519560122181156051,-2.000845826311789169300991144013805559477847161442100218137274932291391369085266346255691754144043823,0.03733483720141856511132123744694146273508893727517906518090541230352456963997976882440657189171087651,0.04621473663201265545035291411832105769990640602665714491001214621819433318399146143326605398326980312,-0.00009866496724992285374446051177756039932004840643205566375864183741548394771105767427447906549116815805,-0.00008336857609632454872087463100057523164491029839342084242238645551214130704521943055417995054045452675,0.03723617223416864225757677693516390233576888886874700951714677046610908569226871112889841776966408906,0.04613136805591633090163203948732048246826149572826372406758975976268219187694624205997845221556117031
23,3,459/2560,623/3200,2577/3823,2101/3019,7906043/11541637,1,1/10,2/10,-4.332138461610168417974681697304130833498900192950348847558700707267682978926779236198070852816259703,-4.332138461610168417974681697304130833498900192950348847558700707267682978926778772341361350673237832,-0.8030890376340643334941754835953652584372111155866880001333138838173391185966123993145890901041369567,-0.7293478081797543946269212541954644219640589111127166152204692729715800967333132022505062138145220169,-0.4332138461610168417974681697304130833498900192950348847558700707267682978926779239360730235785416671,-0.4332138461610168417974681697304130833498900192950348847558700707267682978926778764961822790411871575,-0.00003346204323475268056225731181647355243488379648277866667222141182572246327485885012123513794119201472,-0.00003038949200748976644278838559147768424850245462969652563418621970714917069722138322394748604460020940,-0.4332473082042515944780304270422295569023249030915176634225422921385940203559527830148101601587316934,-0.4332442356530243315639109581160045610341385217496645812815042569464754470633750976714448999127233894,0.3515747092813718210923891159091095597531538276282390113015553897994993464215333051968359673998156088,0.4403191323788132992783959961642189484842719063400524981329002716774456974689474575765280089466561156,-2.540720862023400957792826950095709840688092601590231789414452712134430840403851751512878100260694076,-1.955934655103999096727334361637982440571455977148690404316350436831546176682661948303164937956195327,0.03515747092813718210923891159091095597531538276282390113015553897994993464215333048015035445286709879,0.04403191323788132992783959961642189484842719063400524981329002716774456974689474578400829575274191962,-0.0001058633692509750399080344562539879100286705250662596578922688630056012850168271567989660239566441830,-0.00008149727729599996236363893173491593502381066571452876684651460153464775736177758061341037474598949288,0.03505160755888620706933087713465696806528671223775764147226327011694433335713650328114141619527261748,0.04395041596058532996547596068468697891340337996829072104644351256620992198953296822514331619349835230
23,3,459/2560,623/3200,2577/3823,2101/3019,7906043/11541637,2,2/10,3/10,-4.347271579233631946941438903979720069967826218601552411054484985296501966353560626584127407544720064,-4.347271579233631946941438903979720069967826218601552411054484985296501966353560154293659550817279613,-0.8641283916267255699957875855521867181728559768019484770541316462469367238859280904074273855755135062,-0.7379241801520941325702299768187074518877328086000690231644058786764763015494499915341027561258344375,-0.4347271579233631946941438903979720069967826218601552411054484985296501966353560631855226379159981676,-0.4347271579233631946941438903979720069967826218601552411054484985296501966353560146914120990555913356,-0.00003600534965111356541649114939800777992386899903341451987725548526028903016191367060471330495563389047,-0.00003074684083967058885709291570077947716198886702500287596518357827818651256456041610441535428056099126,-0.4347631632730143082595603815473700147767064908591886556253257540149104856655179770618366213900699071,-0.4347579047642028652830009833136727864739446107271802439814136821079283831479205748215053458450545398,0.3074178046423996489500322977954535307553943949130314076982035919308969988492210639956830658210432984,0.3960146141039765532216425051393019029867089559271221627552193725158128185092043949260885084381898335,-2.797645077645792832060231240491031632221544158888530045383094333471429986803253485032431030691629167,-1.961802372840457975558479341310900599471461010814395654694051185187270506879593184406331360748565560,0.03074178046423996489500322977954535307553943949130314076982035919308969988492210637321281172402802178,0.03960146141039765532216425051393019029867089559271221627552193725158128185092043957167533541804790753,-0.0001165685449019080346691763016871263180092310066203554185576289305613095827834688956702194452832242025,-0.00008174176553501908231493663922128752497797754211726648561225213271613627111998304879295490501145163413,0.03062521191933805686033405347785822675753020848468278535126273026252839030213863745103267069298444865,0.03951971964486263623984931387470890277369291805059494978990968511886514557980045654244309935301496579
23,3,459/2560,623/3200,2577/3823,2101/3019,7906043/11541637,3,3/10,4/10,-4.370399555826294757911779358565525097434831313086925766475763800455766506231168818540946499181820267,-4.370399555826294757911779358565525097434831313086925766475763800455766506231168346250478642454379817,-0.9483009413283475869513392106225524715451985255376027889796814913303879139830939290158967999286872506,-0.7628767470627207550058015105391033069230747136862380754087398493144387158010892993790376378249808702,-0.4370399555826294757911779358565525097434831313086925766475763800455766506231168821703605882150977235,-0.4370399555826294757911779358565525097434831313086925766475763800455766506231168342033599465162170527,-0.00003951253922201448278963913377593968631438327189740011620748672880543282974929558057401491911119668309,-0.00003178653112761336479190839627246263778846144640359325314203082705476827982504538723304928780262151526,-0.4370794681218514902739675749903284494297975145805899767637838667743820834528661782680067629962724250,-0.4370717421137570891559698442528249723812715927550961699007184108726314189029418792721522144255537353,0.2395753417755187997377575934110651838968016207897625315178251654936260229985260655870687948577172684,0.3279410139488229947653867279163908654599376210283010019518868417319933811370343752917469561656949296,-3.157769411371162206745859112294307214678451435520827431954322683499435458775489498701784344665479800,-2.026466155211320258547449728830751780816582838927336177713836055951183395878466753146562301707874589,0.02395753417755187997377575934110651838968016207897625315178251654936260229985260651258476348413818774,0.03279410139488229947653867279163908654599376210283010019518868417319933811370343758188568533272210908,-0.0001315737254737984252810774630122628006116021431467011429980967784791431441156453964449917959322600651,-0.00008443608980047167743947707203461465753402428495530567407140983566463264149493611420757725859487619373,0.02382596045207808154849468187809425558906855993582955200878441977088345915573696108473967039245095127,0.03270966530508182779909919571960447188845973781787479452111727433753470547220850147964617946964040013
23,3,459/2560,623/3200,2577/3823,2101/3019,7906043/11541637,4,4/10,5/10,-4.402065491536822022553870788159194767614460427748442754159406695127517918314364797731933485257855490,-4.402065491536822022553870788159194767614460427748442754159406695127517918314364300140190564777159301,-1.060854601531239282932345053738418783619177992882707159477390234131782959671744670024163792719495984,-0.8063834744601778669010633844773476878049442166102608087142679762365670134489951034715241839520591336,-0.4402065491536822022553870788159194767614460427748442754159406695127517918314364804057252251196169425,-0.4402065491536822022553870788159194767614460427748442754159406695127517918314364292760652004515793044,-0.00004420227506380163678884771057243411598413241637011279831155792642215762331965602809852434800662241533,-0.00003359931143584074445421097435322282032520600902542753369642783234319029222704146245092709038102230895,-0.4402507514287460038921759265264919108774301751912143882142522274391739494547561364614918715110142203,-0.4402401484651180429998412897902726995817712487838697029496370973450949821236634702957618303778414894,0.1452893802063752114368856988923423065177664094504376217287563258368529627215528645736392943492285300,0.2345732469112467623985018182105273834517841430890800487208487631565465378547708147945548505553905956,-3.655296933898871201328217127376852557455489201161977349843429947673283491408733785325591563010680879,-2.158320276951626228593757727382282722524738940096456023839070880326883483224564837389894003988367770,0.01452893802063752114368856988923423065177664094504376217287563258368529627215528644418618200588469897,0.02345732469112467623985018182105273834517841430890800487208487631565465378547708150581097991361536762,-0.0001523040389124529667220090469740355232273120500484157229101429144863868121420305751346189950923446945,-0.00008993001153965109285807323864092844677186412250401900099329462001362014513435686758525226422091946544,0.01437663398172506817696656084226019512854932889499534644996548966919890946001325586724991785447854415,0.02336739467958502514699210858241180989840655018640398587109158169564103364034272464839215388859380527
23,3,459/2560,623/3200,2577/3823,2101/3019,7906043/11541637,5,5/10,6/10,-4.443045891198435505992929205177519638344340699590285491086696489172437370304237558907685234063337961,-4.443045891198435505992929205177519638344340699590285491086696489172437370304237086617217377335897510,-1.209449541226470912255703692079561042882549736616563361052633741807005797864819984568151481809195459,-0.8715510669300857701791470691044896345450925664287563275252800527302732266250804264632889950916742449,-0.4443045891198435505992929205177519638344340699590285491086696489172437370304237562070344617032494928,-0.4443045891198435505992929205177519638344340699590285491086696489172437370304237082400338200043688220,-0.00005039373088443628801065432050331504345343957235902347337719307257529190824436749957234580423479568721,-0.00003631462778875357375746446121268706810604552360119818031355333553042805110937835087408548448977260957,-0.4443549828507279868873035748382552788778875095313875725820468419898190289386681239690679001004854130,-0.4443409037476323041730503849789646509025401154826297472889832022527741650815330862189968696497935053,0.02139300798742365483927298013677648690941374094148269957522685850616265535258004832690040944376109216,0.1129306613517769731188968852975486702904150451601296320339968957508132711758217088669540388956710113,-4.342538637058399672234859928238918262944170872352495676740946631610274718237358476522833421904024478,-2.364476662094903348377907436109959042456403121815556670432531350906945652114809682048443945134543026,0.002139300798742365483927298013677648690941374094148269957522685850616265535258004829395604087116570708,0.01129306613517769731188968852975486702904150451601296320339968957508132711758217089987315131860525516,-0.0001809391098774333196764524970099549276226737863480206531975394429837614465932232705387137071273552603,-0.00009851986092062097284907947650458162676901679674231486126802213962112273550478373611337818611393917166,0.001958361688864932164250845516667693763318700307800249304325146407632504088664781557827378862095609664,0.01119454627425707633904060905325028540227248771927064834213166743546020438207738717572784452800448322
23,3,459/2560,623/3200,2577/3823,2101/3019,7906043/11541637,6,6/10,7/10,-4.494403989449052404380481755797367429807318136856440536755418767519880196508897749464783975809748208,-4.494403989449052404380481755797367429807318136856440536755418767519880196508897243439282700744633439,-1.405261733479708903690166978127888394962132767437281320370229097629820086984847857405581849697243524,-0.9632311379014463573756827978225814921556836003311471612173848862510135971374635880572704208261165301,-0.4494403989449052404380481755797367429807318136856440536755418767519880196508897754735882947425009820,-0.4494403989449052404380481755797367429807318136856440536755418767519880196508897238168183729129371827,-0.00005855257222832120432042362408866201645675553197655338834875954573457583695770199431628696038341779467,-0.00004013463074589359822398678324260756217315348334713113171739103692712556654739431592917675053187804117,-0.4494989515171335616423685992038254049971885692176206070638906362977225954878474778867870805458452530,-0.4494805335756511340362721623629793505429049671689911848072592677889151452174371180623546996274937653,-0.1366142391687701199725722161165554217416782615142981979429852295228573210848793805858554914304845040,-0.04115898989123135060866657765408238884229268050341808681153769667557708796433979591561933263794256727,-5.295047139594569147465910884157198720372400835997666967966301500865006932805442506574327785190468216,-2.662363479681912269951933748806032641513875226475080763069929524604282449478031269290821510734331412,-0.01366142391687701199725722161165554217416782615142981979429852295228573210848793807505773342934614294,-0.004115898989123135060866657765408238884229268050341808681153769667557708796433979588267496406534718219,-0.0002206269641497737144777462868398832800155167014999027903319292292027086222002267719192050748283599370,-0.0001109318116534130112479972395335846933964114677697950317945803968585117687282513021884224128034700170,-0.01388205088102678571173496789849542545418334285292972258463045218148844073068816485701467580363715926,-0.004226830800776548072114655004941823577625679518111603712948350064416220565162230887882140024604173777
23,3,459/2560,623/3200,2577/3823,2101/3019,7906043/11541637,7,7/10,8/10,-4.557569083886737992707828856272519361053104153139780926031031857405221737876435936410562626318129330,-4.557569083886737992707828856272519361053104153139780926031031857405221737876435430385061351253014562,-1.664788733847427651105057650636015672929299164972962329898814728239530386061995827328387433614386402,-1.088772614580927600517674010691116532122973713696402847130502370413751839612772473990795944461178911,-0.4557569083886737992707828856272519361053104153139780926031031857405221737876435939573222009287286298,-0.4557569083886737992707828856272519361053104153139780926031031857405221737876435423005522790991648305,-0.00006936619724364281879604406877650065303872079854054009707911728034331376608591649316361948462757424612,-0.00004536552560753865002156975044546318883845723807068345196377093210057299331719885280755549998267624083,-0.4558262745859174420895789296960284367583491361125186327001823030208654875537295105971912117131950282,-0.4558022739142813379208044553776973992941488725520487760550669566726227467809607408755847581774789962,-0.3346444168477402726278407108015386856681476244767000655253270358129485171398769418356695941416748292,-0.2341346286688782558784927890325722344894314944883662071968351563248140805184345617062275650867734033,-6.629123969623172943455054386083676433269821751981935648210776092143460076937258779290191818566933936,-3.089265874597392357071748977934712491794531501548123779245714466409099041332866696547850351445209335,-0.03346444168477402726278407108015386856681476244767000655253270358129485171398769420992245427224379098,-0.02341346286688782558784927890325722344894314944883662071968351563248140805184345612450064050704380122,-0.0002762134987342988726439605994201531847195759063325806520087823371726441698723857838733056874899757285,-0.0001287194114415580148779895407472796871581054792311718241352381027670457933888694449091240340801972050,-0.03374065518350832613542803167957402175153433835400258720454148591846749588386008000100234058498900720,-0.02354218227832938360272726844400450313610125492806779254381875373524845384523232555885727148271453915
23,3,459/2560,623/3200,2577/3823,2101/3019,7906043/11541637,8,8/10,9/10,-4.634454445364179656836019954569689729147878678736991832619569067390908986417515368609621320471808858,-4.634454445364179656836019954569689729147878678736991832619569067390908986417514845716603336237856930,-2.012886358600980320810226696019285323756983725524426565176614648572016679196449429329830891443121298,-1.259277586131285200480881294763926280540440331756501653717428864267261240105663708190781491871333095,-0.4634454445364179656836019954569689729147878678736991832619569067390908986417515371772280703440965825,-0.4634454445364179656836019954569689729147878678736991832619569067390908986417514839391284570299542996,-0.00008387026494170751336709277900080355515654098856351777354902561035716736163318539321578444599433215800,-0.00005246989942213688335337005394849692835585168048985423557155953601113588500440265419583565365322739223,-0.4635293148013596731969690882359697764699444088622627010355059323494480660033847230873873257124177188,-0.4634979144358401025669553655109174698431437195541890374975284662751020345267558864037011399815790117,-0.5814497465514567193458427783138372689361588037456781229398073783207519810191325863266873270648709272,-0.4744461433553826021364375625744345905801281017457232716252858408612662114413734923499322915728968194,-8.536016454289553806725251022770999183763957661021965308060367621993951651440166776064875053596108960,-3.700989671005763329788728999755512161187018412716723211835082760472945459482531995777387175403923232,-0.05814497465514567193458427783138372689361588037456781229398073783207519810191325868537972242263970884,-0.04744461433553826021364375625744345905801281017457232716252858408612662114413734915592674458306075775,-0.0003556673522620647419468854592821249659901649025425818878358486509164146521433402837457808990688153930,-0.0001542079029585734720745303749898130067161257671965301338264617816863727274784388320743450154844235170,-0.05850064200740773667653116329066585185960604527711039418181658648299161275405659899126000095642104858,-0.04759882223849683368571828663243327206472893594176885729635504586781299387161578796483708044593905114
23,3,459/2560,623/3200,2577/3823,2101/3019,7906043/11541637,9,9/10,10/10,-4.727634876394704285195757303836011674476669660248958266658350085145232369243147641647476254063817526,-4.727634876394704285195757303836011674476669660248958266658350085145232369243147135621974978998702757,-2.488050837126204406213368515944278495886797323813687896180067817512470986180558494808992319813282453,-1.491751008562217532818952628380091877907208724003611616908259525379733525410749786459419518787077221,-0.4727634876394704285195757303836011674476669660248958266658350085145232369243147645864355431356026815,-0.4727634876394704285195757303836011674476669660248958266658350085145232369243147129296656213060388822,-0.0001036687848802585169255570214976782706619498884922369956741694923963529577575232709976174377735563735,-0.00006215629202342573053412302618250382824613369683348381737117748022415556355878124067728755639273569556,-0.4728671564243506870365012874050988457183289159133880636615091780069195898820722883326814150210120078,-0.4728256439314938542501098534097836712759130997217293104832061859947473924878734940592843538696588940,-0.8897343481710255869114593138563652916402633798300473760818917290546620705620252515487413514142298838,-0.7739885120403403107440450703143632403305938811429642205392933808504397540191644740452662923832843833,-11.33914500787968789414808479960173463913196640475235505030436266122672820980525544970778682279319445,-4.583372139540436865491454282639882326800003109705671369887182811466899181322529752153078222537367817,-0.08897343481710255869114593138563652916402633798300473760818917290546620705620252526029611457372822063,-0.07739885120403403107440450703143632403305938811429642205392933808504397540191644729910464980602320609,-0.0004724643753283203289228368666500722766304986001980147937626817775511136754085523124895951118568993491,-0.0001909738391475182027288105951099950969500001295710696404119659504777874658884387384650847449438928729,-0.08944589919243087902006876825228660144065683658320275240195185468301732073161107766698601357285004918,-0.07758982504318154927713331762654631913000938824386749169434130403552176286780488591402835240373440492
24,3,623/3200,2689/12800,10111/15489,2577/3823,39284753/59214447,0,0/10,1/10,-4.333656667138793280919910633892758622839099166586226054595789686241464427153407249442202930030572442,-4.333656667138793280919910633892758622839099166586226054595789686241464427153406777151735073303131991,-0.7146444639938468407671036958442475939842085328693652007537593758223263053326648285072423219550905492,-0.6891847411449719601094208668965949013263227774203227329880485250235409106076461757813742411552245351,-0.4333656667138793280919910633892758622839099166586226054595789686241464427153407255767521695968886377,-0.4333656667138793280919910633892758622839099166586226054595789686241464427153406770826416307364818057,-0.00002977685266641028503196265399351031641600868886955688336473997399259692938886103462666002733222336571,-0.00002871603088104049833789253612069145422193011572584678054116868854264753794198525715040806544376391250,-0.4333954435665457383770230260432693726003259253474921623429437085981390396447295870467978572233477571,-0.4333943827447603685903289559253965537381318467743484522401201373126890902532826622236502706895531671,0.3738493890647829524906037548547265793527569991145401981856024005106688263777658324560330312602988162,0.4592731174421048107601332592336813680615815561428723555117813549989774885313426461941935722154858291,-2.375627391344042392834834227780952228725236354364615421365929884413746125800541108755592126572021012,-2.016696266034867543857925517575349280461620158852443970598375727611890796229770267623345857171646320,0.03738493890647829524906037548547265793527569991145401981856024005106688263777658315335907112276280341,0.04592731174421048107601332592336813680615815561428723555117813549989774885313426469848584179577750709,-0.00009898447463933509970145142615753967619688484809852564255691374518390608857502254659691379987129084901,-0.00008402901108478614766074689656563955335256750661885183210826565531716211650957376066675916013285934308,0.03728595443183896014935892405931511825907881506335549417600332630588297654920156054988164595926979301,0.04584328273312569492835257902680249725280558810766838371906986984458058673662469095982489133062047138
24,3,623/3200,2689/12800,10111/15489,2577/3823,39284753/59214447,1,1/10,2/10,-4.340667962277766674784545067720638575581644098015435533357613167637199088411437596584214890825886441,-4.340667962277766674784545067720638575581644098015435533357613167637199088411437107426230324929608831,-0.7541693076830321709949130346564838978779438271303272895184254481417390245391138730383679238956985691,-0.6812738101568307737292219820406839101519537868214656408629479633911312934031933956356415601526462009,-0.4340667962277766674784545067720638575581644098015435533357613167637199088411437601855313862441148053,-0.4340667962277766674784545067720638575581644098015435533357613167637199088411437101100911558991294897,-0.00003142372115345967379145470977735349574491432613043030372993439367257245935579641155092928052563801974,-0.00002838640875653461557205091591836182958966474111756106836928949847463047055846639129281450025253611306,-0.4340982199489301271522459614818412110539093241276739836394912511573924813004995569301292915632219144,-0.4340951826365332020940265576879822193877540745426611144041306062621945393117021764906384439313675154,0.3519528387032867145109664699586889173869869555089709641396989454810252549772913567210978466726100142,0.4373282461277579136873202245690125319371579549331731784815963651626283349890438725709281583078768406,-2.543691668574818645226667114945051014520052352603395702089799808135057624754441204934354785987886857,-1.970495681117994283945860713836352048545875655752340822528092836727744403340578522004477488443028574,0.03519528387032867145109664699586889173869869555089709641396989454810252549772913561939879495110838530,0.04373282461277579136873202245690125319371579549331731784815963651626283349890438733615930040501660825,-0.0001059871528572841102177777964560437922716688480251414875870749920056274010314350506232366218416680319,-0.00008210398671324976183107752974318133535607815232301420093867053486365601680585743790896087985761400397,0.03508929671747138734087886919941284794642702670287195492638281955609689809669770055320419662112592979,0.04365072062606254160690094492715807185835971734099430364722096598139917748209852994869640390194567764
24,3,623/3200,2689/12800,10111/15489,2577/3823,39284753/59214447,2,2/10,3/10,-4.354844630497850756311163468758752063931049300816612887958537836688969868269077430726373444680253355,-4.354844630497850756311163468758752063931049300816612887958537836688969868269076966869663942537231484,-0.8120706555360972209077102568871302143777834939996195080895970200653596666866196843746681645769608346,-0.6874148839467822721724493547983318774684755786928738320075367803269329212674774247038473049844204207,-0.4354844630497850756311163468758752063931049300816612887958537836688969868269077437051692210618567290,-0.4354844630497850756311163468758752063931049300816612887958537836688969868269076962652784765245022194,-0.00003383627731400405087115459403696375893240764558331747950373320916938998611194248699359087512142498071,-0.00002864228683111592800718538978326382822785314911220307633364736584695553838614489253024228332681365303,-0.4355182993270990796819875014699121701520373377272446062753575168780663768130196864754715127673247956,-0.4355131053366161915591235322656584702213327832307734918721874310347439423652938408598938233173668594,0.3075799477582270621159617965930645358546074575431320761366475789585200391244906805674685641220665813,0.3928205188831897863324483963934067376533433177532726859229197549875526930892183175201863093663936369,-2.792310062638476610890567795564464194368671760160201325657646405311844400466660572401561485735111234,-1.972101323816914781004489020374613313528372586547644506930601167695316284994089912611390061132165294,0.03075799477582270621159617965930645358546074575431320761366475789585200391244906803039136155413035007,0.03928205188831897863324483963934067376533433177532726859229197549875526930892183179155187322375382578,-0.0001163462526099365254537736581485193414320279900066750552357352668879935166861108576295200529928588077,-0.00008217088849237144920852037584894222139701552443948518778877504865397151187475374577919293463974016440,0.03064164852321276968614240600115793424402871776430653255842902262896401039576295715783392449168020740,0.03919988099982660718403631926349173154393731625088778340450320045010129779704707809737694512353107552
24,3,623/3200,2689/12800,10111/15489,2577/3823,39284753/59214447,3,3/10,4/10,-4.376503727518749091750519291854552611105894720436322034551173513592280113521687400596973405846684556,-4.376503727518749091750519291854552611105894720436322034551173513592280113521686911438988839950406946,-0.8912569054583019706048452218703496336756331019409004605491692065757785407558645193619259198917415884,-0.7084766361284470408406569731227548555012070200577115472482226630102175825540498047172967572407417880,-0.4376503727518749091750519291854552611105894720436322034551173513592280113521687406922292171784998490,-0.4376503727518749091750519291854552611105894720436322034551173513592280113521686906167889868335145334,-0.00003713570439409591544186855091126456806981804591420418585621538360732410586482768845945778848304075742,-0.00002951985983868529336836070721344811897921695916907131446867594429209239927308540833762608891840002774,-0.4376875084562690050904937977363665256786592900895464076409735667428353354580335688446123027177889960,-0.4376798926117135944684202898926687092295686890028012747695860273035201037514417756588457181968485007,0.2394605553371347222712895654642114900826801520420422069835223085223802165451126854908855563325805883,0.3245514531326719970997493521504839289509468821168419179093338015778298779579147452218209414515484359,-3.138690898288226210750012092910192166272636635006641860962087627884493209615016087062517921265959997,-2.029182759992432204926994859564214980750904091547160320085383072130106897720823285556382497116021560,0.02394605553371347222712895654642114900826801520420422069835223085223802165451126850955531334614359674,0.03245514531326719970997493521504839289509468821168419179093338015778298779579147454853758900323115166,-0.0001307787874286760921145838372045913402613598597919434108734203178285205504006256709764945459102444325,-0.00008454928166635134187195811914850895753128767048113168000355762800542112073836763630106592366820954384,0.02381527674628479613501437270921655766800665534441227728747881053440950110411064281747383268341443374,0.03237059603160084836810297709589988393756340054120306011092982252977756667505310695907929714372200527
24,3,623/3200,2689/12800,10111/15489,2577/3823,39284753/59214447,4,4/10,5/10,-4.406144112583452681198536432276202223668696330152113370069502224459360623245417566681481714515790362,-4.406144112583452681198536432276202223668696330152113370069502224459360623245417094391013857788349912,-0.9964657711312739784157570156599506109709051561748269714042156947345088840402959481745144781046043385,-0.7463136398937847274466011684915865939528764829727832363553988452688697022734194660895849070521066920,-0.4406144112583452681198536432276202223668696330152113370069502224459360623245417569844141097484947330,-0.4406144112583452681198536432276202223668696330152113370069502224459360623245417090174134680496140622,-0.00004151940713046974910065654231916460879045438150728445714184232061393787016834566465878121497103416526,-0.00003109640166224103031027504868714944141470318679053263484814161855286957092805914419442159294952464266,-0.4406559306654757378689542997699393869756600873967186214640920647665500001947101027331711130813996896,-0.4406455076600075091501639182763073718082843362020018696417983640644889318954697679517805734018730581,0.1449927356491872791256970439592876294649012842164419847142562494035725037546319098439738254886410960,0.2310514928192627363962948781812126421255997188771590832485885468160692631945957335413301376438983945,-3.615402029383759107756917163494136991793042122875362455527093018768193591306492268894646808843287460,-2.148965767007361223738615963200080124551163020503283580521930523734842670788983088213146301662221899,0.01449927356491872791256970439592876294649012842164419847142562494035725037546319097121963511982595557,0.02310514928192627363962948781812126421255997188771590832485885468160692631945957339366625605150430155,-0.0001506417512243232961565382151455890413247100884531401023136288757820080663044371786338214889669300651,-0.00008954024029197338432244233180000333852296512585430348252174710515561844461620762804617305463030157672,0.01434863181369440461641316618078317390516541833319105836911199606457524230915875378640874452349739080,0.02301560904163430025530704548632126087403700676186160484233710757645130787484336577720208757317706503
24,3,623/3200,2689/12800,10111/15489,2577/3823,39284753/59214447,5,5/10,6/10,-4.444477452101014910255063640493358533852163976742439635879883787596529195881263489257485043907774297,-4.444477452101014910255063640493358533852163976742439635879883787596529195881263000099500478011496687,-1.134561518168946821126313179112463987409657989017346986820294306153868162572209181984094074887247598,-0.8035769452749418260777089834040395073887735910906095174165843401126115673239371856479129704742935215,-0.4444477452101014910255063640493358533852163976742439635879883787596529195881263493474364221199983586,-0.4444477452101014910255063640493358533852163976742439635879883787596529195881262992719961917750130430,-0.00004727339659037278421359638246301933280873574954238945778417892942307784010717538277415972878184599232,-0.00003348237271978924275323787430850164614119889962877539655902434750469214863849738248086877693039266721,-0.4444950186066918638097199604317988727180251334237863530457725576890759974282335250676329818384095002,-0.4444812275828212802682596019236443550313575965738727389845474031071576117367647965935428475866156433,0.02117544415675422457653266438971927889106295673074209012061069798684378813536131635354710141591728366,0.1095485927887573968495975776561995166493058304333680472675621407274819881612873673132225157577786537,-4.270122567966178819959977280977243420426223778192207525365068190434047317976144283791856759405514885,-2.336454682266605286039946668229121229244380511758344308727622297967608316366122382581303877168150166,0.002117544415675422457653266438971927889106295673074209012061069798684378813536131629589445641387535978,0.01095485927887573968495975776561995166493058304333680472675621407274819881612873673791112529029694238,-0.0001779217736652574508316657200407184758510926574246753135568778412680853049156726793533716759581423630,-0.00009735227842777522025166444450954671788518252132326434619698426241531701318192176536710657557596996686,0.001939622642010165006821600718931209413255203015649533698504191957416293508620458950236073965429393615,0.01085750700044796446470809332111040494704540052201354038055922981033288180294681498180962237576342447
24,3,623/3200,2689/12800,10111/15489,2577/3823,39284753/59214447,6,6/10,7/10,-4.492475338545439566700401876934088185536733911033578487083451690905163448084224318432359433497782303,-4.492475338545439566700401876934088185536733911033578487083451690905163448084223820840616513017086114,-1.315482540140393796517032252758982211438924796798437983779409737887675087458857379278516120793959110,-0.8844155779002842226266511506053042229499714456550047554476632089127587371208968778845509843116697400,-0.4492475338545439566700401876934088185536733911033578487083451690905163448084224325811897993759148560,-0.4492475338545439566700401876934088185536733911033578487083451690905163448084223814515297747078772179,-0.00005481177250584974152154301053162425880995519986660158265747540574531979531078572434679677326969281041,-0.00003685064907917850927611046460855434262291547690229186481031930037136494738003736966391560045360951294,-0.4493023456270498064115617307039404428124833463032244502910026444962616646037332183097189866906273223,-0.4492843845036231351793162981580173728962963065802601405731554883908877097558024185042971762067052972,-0.1362403322989094493659252995527893243220191092713081272563274532911873493954390160864921200618407654,-0.04400218675350562482769187803601402060993746624959387546135285893894922137314673204514148667715406818,-5.172224518397779591099513210447059720124781796264903177982821624336033175352909485503117379214378340,-2.608033885700231000346910836375396895279627938257598936048973163774482492829882660478528946254172604,-0.01362403322989094493659252995527893243220191092713081272563274532911873493954390161853252257796269206,-0.004400218675350562482769187803601402060993746624959387546135285893894922137314673199572493381826099056,-0.0002155093549332408162958130504352941550051992415110376324159509010140013823063712293807483770200511602,-0.0001086680785708429583477879515156415373033178307607332890020405484906034372012451101449681151164564127,-0.01383954258482418575288834300571422658720711016864185035804869623013273632185027285820838613391880106,-0.004508886753921405441116975755117043598297064455720120835137326442385525574515918307658438461155343902
24,3,623/3200,2689/12800,10111/15489,2577/3823,39284753/59214447,7,7/10,8/10,-4.551439011847141674073034420162714057105696949351451996324255533089227898813147972311440761465491882,-4.551439011847141674073034420162714057105696949351451996324255533089227898813147516888489613906888590,-1.553776417533915029126274241232896703011143104112394134821064522784002017532821254461295968713970535,-0.9951003088808633993959281858392514649730627759254742728340657279488382067272065976917492624399356248,-0.4551439011847141674073034420162714057105696949351451996324255533089227898813147976528319938757701171,-0.4551439011847141674073034420162714057105696949351451996324255533089227898813147512671610436614679300,-0.00006474068406391312621359476005137069595879762933801642228421102178266675073053421919223569998525661243,-0.00004146251287003597497483034107663547770721094899689476136808607199786825861363360793825470857322043852,-0.4552086418687780805335170367763227764065284925644832160547097643307054566320453321297881758683669218,-0.4551853636975842033822782723573480411882769058841420943937936393809206581399283847455095360551835224,-0.3327584114307586579632001943148498818679108481566745527222693288325681335452453130696735758024469918,-0.2355866539998226373748130562851704649124823918633845538614753163854303728991220218978222831263587031,-6.426426015787018112305464146481222295082117638593397649875042801559395283165241322176754718219845569,-2.996854198870945553136524388005136872923670596415662297559184907727119920065108581722468026098793602,-0.03327584114307586579632001943148498818679108481566745527222693288325681335452453135967834729639731530,-0.02355866539998226373748130562851704649124823918633845538614753163854303728991220216342673345455956225,-0.0002677677506577924213460610061033842622950882349413915687447934500649748034652183896470911298500972363,-0.0001248689249529560647140218495002140363718196081839859290649660378219633300027128567110978721283952983,-0.03354360889373365821766608043758837244908617305060884684097172633332178815798974980028625856198089882,-0.02368353432493521980219532747801726052762005879452244131521249767636500061991491500623942583512427947
24,3,623/3200,2689/12800,10111/15489,2577/3823,39284753/59214447,8,8/10,9/10,-4.623102288192356604182914669465831188788549672578934890511128661206055944136689353994514496271772771,-4.623102288192356604182914669465831188788549672578934890511128661206055944136688839535254866622239423,-1.871151387032557221972136014382888768402096967252403226979148526311661340133953301846653458298847253,-1.145056965581228956402707708629028496157661792222038600279839244083320833455185265754870813877338200,-0.4623102288192356604182914669465831188788549672578934890511128661206055944136689360319833262210086706,-0.4623102288192356604182914669465831188788549672578934890511128661206055944136688833209936100683925488,-0.00007796464112635655091550566726595369868342070696885013445746452192965255583891472121672848925544862381,-0.00004771070689921787318344615452620952067323590800925160834499330183680503472729938579360724013677512143,-0.4623881934603620169692069726138490725775383879648623391855703306425352469695078508300273517330744508,-0.4623579395261348782914749131011093283995282031659027406594578594224423994483961825715994861151252145,-0.5766448851469259475912284112322318683037466146604275558111776850335672519063661713576341772687103070,-0.4730760223041316271290201673423157055516409033819025034644102451605611272868044976826360961318237180,-8.204952857314244128497190780940689719601711423111754878561324046732194952694337447016304465073144184,-3.550357752735435302031767623934600764354852761289199194237396388071697994872303196780298172934794238,-0.05766448851469259475912284112322318683037466146604275558111776850335672519063661721482990230109995489,-0.04730760223041316271290201673423157055516409033819025034644102451605611272868044972873036732606790971,-0.0003418730357214268386873829492058620716500713092963231199400551686138414563622640618077869737174353878,-0.0001479315730306431375846569843306083651814521983870499664265581828363207497863459654556433761555714436,-0.05800636155041402159781022407242904890202473277533907870105782367197056664699888131781814999056162162,-0.04745553380344380585048667371856217892034554253657730031286758269889243347846679563833501085649536739
24,3,623/3200,2689/12800,10111/15489,2577/3823,39284753/59214447,9,9/10,10/10,-4.709785293066972853954823255626124271004009895755630121000948627045443796932464912070457035068413240,-4.709785293066972853954823255626124271004009895755630121000948627045443796932464389177439050834461313,-2.300854587429978423201607765371357944341309260687759601297333947322126193466478695461497301911959451,-1.348618634063949174560459669355824575178714709768865014243224931010851255580367844288224151408725615,-0.4709785293066972853954823255626124271004009895755630121000948627045443796932464916287336212360622530,-0.4709785293066972853954823255626124271004009895755630121000948627045443796932464383906340079219199701,-0.00009586894114291576763340032355713991434755455252865665005405558113842192472776994608691900694058213075,-0.00005619244308599788227335248622315935729911311290703604226013437212545213564918199317553065854380341034,-0.4710743982478402011631157258861695670147485441280916687501489182856828016179742619117281844736853278,-0.4710347217497832832777556780488355864577001026884700481423549970766698318288956202169643282118312862,-0.8795729008861380613706800056191729168386359449029362072713241174636451091323532631947315797223690963,-0.7674354854318434858132919951216250061808732228102041274579567060798404975100306248728786653292506789,-10.79422361248205741378691350146331647539446330206320529063749252667782907923028801864924555412189497,-4.343313325057982828876413789272139286577270308656304011431764396749333250961554080442403628586884487,-0.08795729008861380613706800056191729168386359449029362072713241174636451091323532645125063226261844994,-0.07674354854318434858132919951216250061808732228102041274579567060798404975100306238186588710061983564,-0.0004497593171867523922411213958943048531414359709193002204432288552782428783012620026246819022014701366,-0.0001809713885440826178698505745530058036073862628606793338096568498645555521233980854050741639434036627,-0.08840704940580055852930912195781159653700503046121292094757564060164275379153658854550183925735083482,-0.07692451993172843119919905008671550642169470854388109207960532745784860530312646041759703052619676025
25,3,2689/12800,1443/6400,4957/7843,10111/15489,78039773/121480227,0,0/10,1/10,-4.342405201334940176766429927753228543462073536920533783954993577609276211764182577939686428598333223,-4.342405201334940176766429927753228543462073536920533783954993577609276211764182080347943508117637034,-0.6683091887245952001908057589791551568530981199508733338632116692173738523580999489362921907485715675,-0.6430269705877420727693145027319894005861194173447068800116427613359781915779252081063007860381799302,-0.4342405201334940176766429927753228543462073536920533783954993577609276211764182581102345811567490191,-0.4342405201334940176766429927753228543462073536920533783954993577609276211764182075076844536502375422,-0.00002784621619685813334128357329079813153554575499795305557763381955072391051492083132596010362176009103,-0.00002679279044115591969872143761383289169108830905602945333381844838899909131574688351589700476246309188,-0.4342683663496908758099842763486136524777428994470513314510769915804783450869331793958968430007926815,-0.4342673129239351735963417142129366872378984420011094078488331762093166202677339539441028017747675186,0.3742700609490786058083776379024807892352063562378248096342835119918885251791137092138414039085219724,0.4564977393860015331383281330221904174442240185469954002832198945020297281240587841160445613441872215,-2.382929466670817800877970910012965694341300344497787762249747574371879746098761523315405243423913168,-2.031847914411652731169520978520384732210804743061697267774773973767175617119647132721058941233597839,0.03742700609490786058083776379024807892352063562378248096342835119918885251791137086867315067469958112,0.04564977393860015331383281330221904174442240185469954002832198945020297281240587843795995099249503021,-0.00009928872777795074170324878791720690393088751435407449009373948226549498942078173057740013277726818302,-0.00008466032976715219713206337410501603050878353096090405282394891557363231737998529662292970324536361990,0.03732771736712990983913451500233087201958974810942840647333461171692335752849058910515138196932692786,0.04556511360883300111670074992811402571391361832373863597549804053462934049502589315060262495029211864
25,3,2689/12800,1443/6400,4957/7843,10111/15489,78039773/121480227,1,1/10,2/10,-4.348954358225613577439789404373906527584021099744484587493053086750834844496081934248597603709269129,-4.348954358225613577439789404373906527584021099744484587493053086750834844496081436656854683228572940,-0.7062393349327675697494573540969200458438509676498308584327191136959222966237155938553113513524617642,-0.6343023227158560232599966521407184492181108756434025903190654946077467723313868504190854381279448439,-0.4348954358225613577439789404373906527584021099744484587493053086750834844496081940573916369647583064,-0.4348954358225613577439789404373906527584021099744484587493053086750834844496081429277316122967206683,-0.00002942663895553198207289405642070500191016045698540961910136329640399676235932148319870120612464025549,-0.00002642926344649400096916652717252993538408795315180844126329439560865611551380778527472585990147107300,-0.4349248624615168897260518344938113577603122704314338683684066719714874812119675160640647727848473124,-0.4349218650860078517449481069645631826937861979276002671905686030706921405651219503943081788986827990,0.3522561106603992387446935367013912453024195105233738629119416076780355967595912994989303967819579238,0.4344411130917699607666228783553842784963607857781663154042664424200375267389088810840715525437603361,-2.546387475740549673040114033294224291008829213665437810361977878883558195786506167078855260261478319,-1.984402311851827594007554630280167230718461552856613299835135313655672549234546171193359735855360561,0.03522561106603992387446935367013912453024195105233738629119416076780355967595912988400430253300502222,0.04344411130917699607666228783553842784963607857781663154042664424200375267389088816111814497052864974,-0.0001060994781558562363766714180539260121253678839027265754317490782868149248244377573785711339244719390,-0.00008268342966049281641698144292834030127993589803569222082646397140231968955143942331619607942327650699,0.03511951158788406763809268225208519851811658316843465971576241168951674475113469209278054024832826015,0.04336142787951650326024530639261008754835614267978093931960018027060143298433944877808158702869269951
25,3,2689/12800,1443/6400,4957/7843,10111/15489,78039773/121480227,2,2/10,3/10,-4.362194461239968626458562872434420113706275271948373973181641933635491212589121857714821499754893624,-4.362194461239968626458562872434420113706275271948373973181641933635491212589121385424353643027453173,-0.7611727789489018570572122568242010976344123254172285113769715605917098715403263068818893031139414861,-0.6382396788274692196187076457802067411120938119625171282332350544494719256534352291457006636362057264,-0.4362194461239968626458562872434420113706275271948373973181641933635491212589121860877480882724050591,-0.4362194461239968626458562872434420113706275271948373973181641933635491212589121381207474465735243883,-0.00003171553245620424404405051070100837906810051355905118797404048169132124464751359624739497867592347716,-0.00002659331995114455081744615190750861421300390883177154700971812726872799690222646769867573706469141393,-0.4362511616564530668899003377541430197496956277083964485061382338452404425035597000498581389225211379,-0.4362460394439480071966737333953495199848405311036691688651739114908178492558143642395060622145250694,0.3076778073211969911519899970228257416990025586992519053378772177693159022573592054199961103363137721,0.3897395469583334463885598502480147529767221542837953964849141975649130710471491813310824970264161508,-2.786861792707934268836942280547614709481779611294167441698277436531760911696706971742940016442712585,-1.981779801302866162520678088796475315343394563207383733961208891609458625033991130495661508083451073,0.03076778073211969911519899970228257416990025586992519053378772177693159022573592051564411617555506915,0.03897395469583334463885598502480147529767221542837953964849141975649130710471491815946374456071792314,-0.0001161192413628305945348725950228172795617408171372569767374282265221567046540294576724274454950719258,-0.00008257415838761942343836158703318647147264144013364098891505037048372744270974962986079277948305788920,0.03065166149075686852066412710725975689033851505278793355705029355040943352108189103828228095034478661,0.03889138053744572521541762343776828882619957398824589865957636938600757966200516856460634338961746190
25,3,2689/12800,1443/6400,4957/7843,10111/15489,78039773/121480227,3,3/10,4/10,-4.382417013233475932839277060928375519397126405314359621189572309358376715150432669640806763607692755,-4.382417013233475932839277060928375519397126405314359621189572309358376715150432205784097261464670884,-0.8356789083758762659304255791842283508067872504290279263788886824052348336267982191423373851872431458,-0.6557727785762446593012067429180587107222704372074672137747811960208996391281759464870841065616050726,-0.4382417013233475932839277060928375519397126405314359621189572309358376715150432674911905735222954367,-0.4382417013233475932839277060928375519397126405314359621189572309358376715150432200512998289849409272,-0.00003481995451566151108043439913267618128361613543454283026578702843355145140111659259947323706616202399,-0.00002732386577401019413755028095491911294676126821697780057394921650087081829700733091848801647220010460,-0.4382765212778632547950081404919702281209962566668705049492230179642712229664443844206976909900440914,-0.4382690251891216034780652563737924710526594017996529399195311801523385423333402270075404689580089724,0.2392985112904491299739124305989587760358268767822534647722694787747763413999936762037062549617085924,0.3212854742385367214040417927374292129869438861044913489721178205010562109255890736695042391346332733,-3.119828633998898852926663566635820478041142167050991087266385924876529607375917591615079093175334989,-2.031393712400528107449535371530443145135035976360871140969033277075821676795862370359232259387792984,0.02392985112904491299739124305989587760358268767822534647722694787747763413999936760060400435261362819,0.03212854742385367214040417927374292129869438861044913489721178205010562109255890744601690848769225151,-0.0001299928597499541188719443152764925199183809236271246286360994135365220669739965668135195138403569456,-0.00008464140468335533781039730714710179771395983234836963087370971987815923653316093160962654364765982903,0.02379985826929495887851929874461938508366430675459822184859084846394111207302537100213300566354489340,0.03204390601917031680259378196659581950098042877810076526633807233022746185602574654941067355242718833
25,3,2689/12800,1443/6400,4957/7843,10111/15489,78039773/121480227,4,4/10,5/10,-4.410079964065210547684973081984432393453581685494404420681394228751249762047191911659417703161163307,-4.410079964065210547684973081984432393453581685494404420681394228751249762047191430935191491849304276,-0.9340325002918961937940199958580267509153097573952203443830548720368156393884476039971923290689913811,-0.6884635360960357661410769262097407063516411057595496299786611014800559154884277954428820941449252025,-0.4410079964065210547684973081984432393453581685494404420681394228751249762047191917984736469099477241,-0.4410079964065210547684973081984432393453581685494404420681394228751249762047191422501433137264885697,-0.00003891802084549567474141749982741778128813790655813418101596061966820065164118531697082771993631994729,-0.00002868598067066815692254487192540586276465171273998123458244421256166899647868449130949113226499427693,-0.4410469144273665504432387256982706571266463064559985762491553834947931768563603771742553200895562745,-0.4410366823871917229254198530703686452081228202621804233027218670876866452011978264022931041826788086,0.1446677068407459786189278059677311225990719592516300172562567581428116354024660324172809316538856703,0.2276694473366597542150836497624112808299363970472226316034610448915681695101100356960401481668826977,-3.576312149759060907483112146745819750548076829861199022842903396581527884961612205443525820740079613,-2.139308207150901709798222440930649911818619051341284453507536963525826955856019418562774570668096666,0.01446677068407459786189278059677311225990719592516300172562567581428116354024660322525590887909087450,0.02276694473366597542150836497624112808299363970472226316034610448915681695101100360913725710380273186,-0.0001490130062399608711451296727810758229395032012442166259517876415242303285400671758857009473160776854,-0.00008913784196462090457492593503877707965910912713922018556281404014690945649400080851549949200094310603,0.01431775767783463699074765092399203643696769272391878509967388817275693321170653604937020793177479681,0.02267780689170135451693343904120235100333453057758304297478329044900990749451700280512587050258631406
25,3,2689/12800,1443/6400,4957/7843,10111/15489,78039773/121480227,5,5/10,6/10,-4.445835188815297627241581560655100957674917907055848006376947384047249559777352598065585754667307082,-4.445835188815297627241581560655100957674917907055848006376947384047249559777352117341359543355448052,-1.062381322495682929382100671365600334599501681033686462169134656181044854618114583506395789900276290,-0.7385647866735046073976306084270884929038167168824598393349360920490357826285074330083050847413511870,-0.4445835188815297627241581560655100957674917907055848006376947384047249559777352605445124314928673339,-0.4445835188815297627241581560655100957674917907055848006376947384047249559777352109961820983094081794,-0.00004426588843732012205758752797356668060831257004307026925704727734087686894242144118327643845544545725,-0.00003077353277806269197490127535112868720432569653676915997228900383537649094285447617819458952093079189,-0.4446277847699670828462157435934836624481001032756278709069517856820658328466776820271335465265404121,-0.4446142924143078254161330573408612244546961164021215697976670274085603324686780654504188286738216370,0.02091337526335878924467900976749089456464147073762397676323323758213915540250162160914940852489455619,0.1063059502499552297140021124750713225381700650469799478497674160621337539985818530343048330449915679,-4.199874063774776005533822055238406210813586224728112736717771412823707268829656504920132852520596697,-2.308914185819785407740152009326018520859455401766317210713314687228485126096186143564642504519467772,0.002091337526335878924467900976749089456464147073762397676323323758213915540250162158444113209544801739,0.01063059502499552297140021124750713225381700650469799478497674160621337539985818531001935701901823381,-0.0001749947526572823335639092523016002587838994260303380306965738088676544695345690218667524702534129829,-0.00009620475774249105865583966705525077170247730840692988377972144530118688025400775532022736885535384024,0.001916342773678596590903991724447489197680247647732059645626749949346261070715593134775715582977578634,0.01053439026725303191274437158045188148211452919629106490119702016091218851960417756396473331120533202
25,3,2689/12800,1443/6400,4957/7843,10111/15489,78039773/121480227,6,6/10,7/10,-4.490570079378411577612868897620153229933760093209253267980707997518324594416996249162075373633706244,-4.490570079378411577612868897620153229933760093209253267980707997518324594416995751570332453153010055,-1.229559147200845061635743962242271037235176289786443306731151320313073441873307390562061576651721688,-0.8096139428950286993241197109075918196526823793731557289203777620716449878064511334281398305523025852,-0.4490570079378411577612868897620153229933760093209253267980707997518324594416996254433174345248967856,-0.4490570079378411577612868897620153229933760093209253267980707997518324594416995743136574098568591475,-0.00005123163113336854423482266509342795988479901207443513778046463834637806007805447482346474021042575444,-0.00003373391428729286247183832128781632581886176580721482203834907341965187449193546363752030316873170671,-0.4491082395689745263055217124271087509532608083329997619358512643901788375017776802428874386906714857,-0.4490907418521284506237587280833031393191948710867325416201091488252521113161915096733142668527736951,-0.1358756407763034900851150693722844168586171131516256171354708727414656683661464394530737075537328431,-0.04670545994194387024759325347779761717085360463296321763368029219973783405376348287730649201386276469,-5.053776297189162339586609452289923533285282767553301124581881569643620680205939195583710644205963903,-2.555378800076353396625981211459274800749102540379339083141872812636422229011775296551746872804073661,-0.01358756407763034900851150693722844168586171131516256171354708727414656683661464396836842875619005386,-0.004670545994194387024759325347779761717085360463296321763368029219973783405376348282788993915496968707,-0.0002105740123828817641494420605120801472202201153147208801909117320684841950085808005640996465112686987,-0.0001064741166698480581927492171441364500312126058491391284642447005265175928754906367032693135163258005,-0.01379813809001323077266094899774052183308193143047728259373799900621505103162322478180142237637139485,-0.004777020110864235082952074564923898167116573069145460891832273920500300998251838912414371543494754745
25,3,2689/12800,1443/6400,4957/7843,10111/15489,78039773/121480227,7,7/10,8/10,-4.545468763378437770616399067486441381673988355195181739431841676604279863518630427354516371855785394,-4.545468763378437770616399067486441381673988355195181739431841676604279863518629938196531805959507785,-1.448389913245364690410596784350049058814179516307615727337685263692557458789101375936123249980392571,-0.9069490952876719470606312605890377757413751477236347219965860720264652564263936055807079563511460833,-0.4545468763378437770616399067486441381673988355195181739431841676604279863518630431571395549147994684,-0.4545468763378437770616399067486441381673988355195181739431841676604279863518629930816993245698141528,-0.00006034957971855686210044153268125204411725747984615065530573688598718989411621255756042445582577271449,-0.00003778954563698633112752630252454324065589063115515144674985775300110271901776639998664783065770823882,-0.4546072259175623339237403482813253902115160929993643245984899045464151762459792557251881279591663500,-0.4545846658834807633927674330511686814080547261506733253899340254134290890708807590770236013984164377,-0.3309121974793823118519352702151175486209424244545952193779873537051701728674215471985808332919555400,-0.2369266305104662257973029179764891093667761618256270230114725065108418198692918883896433184312716934,-6.233016520130174435422387791963592491504095072566712071509605868579133034077891314861900078338032691,-2.907682605704204982356814000046530243413479278216676138692303648785124407933237528688324363763204923,-0.03309121974793823118519352702151175486209424244545952193779873537051701728674215478574682047438632415,-0.02369266305104662257973029179764891093667761618256270230114725065108418198692918881260883698505086128,-0.0002597090216720906014759328246651496871460039613569463363129002445241305430865788060570160573567233030,-0.0001211534419043418742648672500019387601422283032590281724455126520327135169972182296176766877197232236,-0.03335092876961032178666945984617690454924024640681646827411163561504114782982873361548260144329598048,-0.02381381649295096445399515904765084969681984448582173047359276330311689550392640702768466348252340281
25,3,2689/12800,1443/6400,4957/7843,10111/15489,78039773/121480227,8,8/10,9/10,-4.612101890252657533540406909410362910358587169690973689600057995474336715051241763892304809966161984,-4.612101890252657533540406909410362910358587169690973689600057995474336715051241266300561889485465794,-1.737830763872225900477761303349523515324155466316584404698284215667557489358083617591342239725314506,-1.038557936963850758332594056731946681696926924968501074047535626007634964822108499350666363684463553,-0.4612101890252657533540406909410362910358587169690973689600057995474336715051241767054964192935318951,-0.4612101890252657533540406909410362910358587169690973689600057995474336715051241261029462917870204182,-0.00007240961516134274585324005430623014647183981109652435019576184231948156205658681774933000556641620227,-0.00004327324737349378159719141903049777840403862187368754475198065108365145686758785383607678596122120950,-0.4612825986404270960998939309953425211823305567801938933102015613897531530671807637336521657686039933,-0.4612534622726392471356378823600667888142627555909710565047577801985173229619917139011244021368585768,-0.5719695562734253778386828266384461502747111230652517787275331568865671708861160235715051745141699470,-0.4716321478101683607358790074104767310219414119639648240412314701000210788840375745870407408011575308,-7.891582870990520943428590469136276553213639517928957215321183698461491768062030360781656791808226218,-3.407585238226419075546055502336899598570791395416469891012795621567792840980250110291774627149037636,-0.05719695562734253778386828266384461502747111230652517787275331568865671708861160242303925459660776485,-0.04716321478101683607358790074104767310219414119639648240412314701000210788840375739281533693492498293,-0.0003288159529579383726428579362140115230505683132470398839717159874358954903359179332242854281650707932,-0.0001419827182594341281477523125973708166071163081423529121255331508986580350408437536147093034179014583,-0.05752577158030047615651114060005862655052168061977221775672503167609261257894752040516533712471911037,-0.04730519749927627020173565305364504391880125750453883531624868016090076592344460110190367308944443424
25,3,2689/12800,1443/6400,4957/7843,10111/15489,78039773/121480227,9,9/10,10/10,-4.692559670936957882926003401762965004947736398954058766246038567489854494947823898101393365505148353,-4.692559670936957882926003401762965004947736398954058766246038567489854494947823383642133735855615005,-2.126601050755791905763268327523897524913879518508899072267462916856746676899193043383065270344097184,-1.216504416845947403159839518668370338962721442784687358227170519347239793011477272706614992917623186,-0.4692559670936957882926003401762965004947736398954058766246038567489854494947823901264052748474305321,-0.4692559670936957882926003401762965004947736398954058766246038567489854494947823379425254558563405715,-0.00008860837711482466274013618031349573020474497993787079467781095486903111153746637717173162642604262815,-0.00005068768403524780846499331327784876412344672678269530659279877163946832470881155269364995128526987964,-0.4693445754708106129553404763566099962249783848753437474192816677038544806063198566926210589470699367,-0.4693066547777310361010653334895743492588970866221885719311966555206249178194911494089331717141680067,-0.8697567352255654894466182290771783587910704609654209629917586594225997252593508392444243322717777522,-0.7610719783902625000193551580901370990717145838816499760109865714496982684987941811531865080087086377,-10.28442466531435321381857558328078269432138485285823388240230233958997550843979292233669968196182432,-4.118506664678481466614661041103193567632671372030178258772260299303016877576709321084727275759450159,-0.08697567352255654894466182290771783587910704609654209629917586594225997252593508402986441265948300747,-0.07610719783902625000193551580901370990717145838816499760109865714496982684987941803625216622664193959,-0.0004285176943880980505757739826366992789300577022024264117667625974829156461849913737818717284865433494,-0.0001716044443616033944422775433792997319846946405012574274488441791376257032323628873833358358594914991,-0.08740419121694464699523759689035453515803710379874452271094262853974288817212007544379723358582017638,-0.07627880228338785339637779335239300963915615302866625502854750132410745255311178080163838719210914573
26,2,1443/6400,41/160,119/201,4957/7843,964837/1576443,0,0/10,1/10,-4.354999168939212114761173380067862742639446247805153569377619350470773882924099953554477369668514869,-4.354999168939212114761173380067862742639446247805153569377619350470773882924099464396492803772237259,-0.6009247181710748469250016502608335667475227906463308841639266950747474365505614197044410080635911747,-0.5759318992157143925550558243114345245192982136708232194984699253201346943552768997739576659152747903,-0.4354999168939212114761173380067862742639446247805153569377619350470773882924099958825576341283776481,-0.4354999168939212114761173380067862742639446247805153569377619350470773882924099458071174037833923324,-0.00002503852992379478528854173542753473194781344961026378684016361229478114318960672591358861931991635233,-0.00002399716246732143302312732601297643852163742556961763414576958022167227893146987066871604142400871105,-0.4355249554238450062614058797422138089958924382301256207246020986593721694355996030593650953501627225,-0.4355239140563885329091404653327992507024662622060849745719077046272990605713414155766044409568353977,0.3355263850134999574771637857157900973410346860029372719776748321893370159020739704776378061375410227,0.4910542101332425996645604732234644478714467957752084496639663061387397350752644853332000547702036839,-2.510554162772204641504334111661467409116324532365558834741028189246738441826141958596775168392549433,-1.940199690887203239497550259807346963070711791771834403874200773161762185690399965266977575602954116,0.03355263850134999574771637857157900973410346860029372719776748321893370159020739699505279089760148614,0.04910542101332425996645604732234644478714467957752084496639663061387397350752644861238649005124929257,-0.0001046064234488418600626805879858944753798468555152316181142095078852807684094225820642725677765569218,-0.00008084165378696680164573126082530612346127965799049310016142503221507342440376666467347312399388082090,0.03344803207790115388765369798359311525872362174477849557965327371104842082179797436653181108487596824,0.04902457935953729316481031606152113866368339991953035186623520558165890008312268200523697298956063491
26,2,1443/6400,41/160,119/201,4957/7843,964837/1576443,1,1/10,2/10,-4.360876508178805357349096731355776871212309995888844765704967733982109694511014019572269990416372859,-4.360876508178805357349096731355776871212309995888844765704967733982109694511013538848043779104513829,-0.6365851651762200342078898206795381019903167641721209475610618404481754389419637970688448198003117841,-0.5662520225916939206665447370776242639093394532857255220437685547694706122487325722114889662693895893,-0.4360876508178805357349096731355776871212309995888844765704967733982109694511014026951808550677739116,-0.4360876508178805357349096731355776871212309995888844765704967733982109694511013531468505218843147572,-0.00002652438188234250142532874252831408758292986517383837281504424335200730995591515832959569204944432279,-0.00002359383427465391336110603071156767766288914388690523008515702311539460884369719037017115585155232069,-0.4361141751997628782363350018781060012088139294540583149433118176415629767610573180945448348866638100,-0.4361112446521551896482707791662892547988938887327713818005819304213263640599450501575709331677321003,0.3133714224695448335140098661081872708905051052447062743093319566489111392440357930177589758119458483,0.4688288668555219422074585008928302634364548908750858765911202532955309766658441445771437242095111461,-2.673708325589388194796988485296451430906784566530935102059916339384823988657290893298095723903431445,-1.886954189011546914690044270914416104076054379963168480996628200349333938690980322814185661989876297,0.03133714224695448335140098661081872708905051052447062743093319566489111392440357927542040272311827677,0.04688288668555219422074585008928302634364548908750858765911202532955309766658441453678085699518003879,-0.0001114045135662245081165411868873521429544493569387889625858298474743676661940537876864363650898506597,-0.00007862309120881445477875184462143400433650226583179868670819284168122224744545751288641875744388220960,0.03122573773338825884328444542393137494609606116753183846834736581741674625820952546650029130147280683,0.04680426359434337976596709824466159233930898682167678897240383248787187541913895702543870551457656526
26,2,1443/6400,41/160,119/201,4957/7843,964837/1576443,2,2/10,3/10,-4.372756328311177920048524667133042385516264295879244786105553572876591848877500971446602692342526419,-4.372756328311177920048524667133042385516264295879244786105553572876591848877500482288618126446248809,-0.6873970511713963237407734786874673012276592441534307924376002619593941680397756919357935178064651632,-0.5672998016464154115511099379097644693579678601263780691520904918538519663333548751379185828045776935,-0.4372756328311177920048524667133042385516264295879244786105553572876591848877500974609262075311683386,-0.4372756328311177920048524667133042385516264295879244786105553572876591848877500473854859771861830230,-0.00002864154379880818015586556161197780421781913517305961635156667758164142366832398727311961747199159486,-0.00002363749173526730881462958074624018622324866083859908621467043716057716526388978632449533764911601973,-0.4373042743749166001850083322749162163558442487230975382269069239652408263114184217876807501740568374,-0.4372992703228530593136670962940504787378496782487630776967700277248197620530139369349263067035002832,0.2685737982331718912893951396866723185192862507408672169135532203592862801542690410741518670462885780,0.4238155387450393683720884112478559027353635363308406211035248309962906035097964857779913415321797852,-2.914446566109847689947546239330532943906198188156299143575709014788696107184710011926449079686860312,-1.868427804838211611779316691873078987913960062221773862619776599794944488625385414204722181415955521,0.02685737982331718912893951396866723185192862507408672169135532203592862801542690406788194441751439571,0.04238155387450393683720884112478559027353635363308406211035248309962906035097964863051012386937059464,-0.0001214352735879103204144810933054388726627582578398457976489878756161956711326962509365367964608555159,-0.00007785115853492548382413819549471162449641500259257391094249069165812268702605772509735472513076950196,0.02673594454972927880852503287536179297926586681624687589370633416031243234429420779313795376976390645,0.04230370271596901135338470292929087864903993863049148819940999240797093766395359091686608478080618949
26,2,1443/6400,41/160,119/201,4957/7843,964837/1576443,3,3/10,4/10,-4.390895560908559263200423359157455971065749640164160099248902220171716572934265869156396858484872192,-4.390895560908559263200423359157455971065749640164160099248902220171716572934265379998412292588594582,-0.7554644476900100235613010940089281397046511158332888569096729391785571942769927540350023914076460676,-0.5801900205736403043228693057063794725629350332657407799125995211759572123310484192406244875804291997,-0.4390895560908559263200423359157455971065749640164160099248902220171716572934265873373276035777081481,-0.4390895560908559263200423359157455971065749640164160099248902220171716572934265372618873732327228325,-0.00003147768532041708431505421225037200582102712982638703570456970579910654976154136490931686571900480630,-0.00002417458419056834601345288773776581135678895971940586582969164671566488384712701730338013290673422316,-0.4391210337761763434043573901279959691123959911462423969605947917229707638431881290455790116609446818,-0.4391137306750464946660557888034833629179317529761354157907199136638873221772736640430787211837179153,0.1998787154979902064361587883054606984460788719259691664447239949307241266782358805759149599268348924,0.3551729050598083939771796520144489435404874481803101070777882191837418116319735405777550233128159942,-3.247706373490655116472213846470029500187842955137851047770597510364882341911413019028706388249428035,-1.891150688249950122172688740947862339794430422324869733298902434936613796755682174101699251068801149,0.01998787154979902064361587883054606984460788719259691664447239949307241266782358801146937999104995014,0.03551729050598083939771796520144489435404874481803101070777882191837418116319735409730874461839606151,-0.0001353210988954439631863422436029178958411601231307437936571082295985367642463088763947838336388543496,-0.00007879794534374792175719536420616093082476793426353623888745426812235890819815342345831029342100651575,0.01985255045090357668042953658694315194876672706946617285081529126347387590357727911731552247374639602,0.03543849256063709147596076983723873342322397688376747446889136765025182225499920071142760472809166609
26,2,1443/6400,41/160,119/201,4957/7843,964837/1576443,4,4/10,5/10,-4.415696931097303245596692638721171115420814305608214038314772726491768166992152773157736475663309124,-4.415696931097303245596692638721171115420814305608214038314772726491768166992152275565993555182612935,-0.8444507023718133712762644295175350332767544689196834204149939239672867073286402808916475728777465756,-0.6060983063684038756560104646776256696808031047378574659667845087474386280529356555232035606714120847,-0.4415696931097303245596692638721171115420814305608214038314772726491768166992152780537275035924675381,-0.4415696931097303245596692638721171115420814305608214038314772726491768166992152269240674789244299000,-0.00003518544593215889046984435122989729305319810287165347585062474683197027947202667851513168380062438658,-0.00002525409609868349481900043602823440290336679603074406108194935453114327616887231882536358350463676739,-0.4416048785556624834501391082233470088351346286636930573073278973960087869786873047355242032395540310,-0.4415949472058290080544882643081453459449847973568521478925592220037079599753840991797065730972144818,0.1044945225662804806259163028362997927379763383860721435938948355158345378976258377979422296229880228,0.2619354926003549772139247276529371243458362866226362298714308829641275997245134026810485051838672180,-3.706395472850012559531135377149622469585002271997476748126154732965023051593037540421981331684560655,-1.957900988537716711737329275934216287946884069254934822059708617493636899446939937337647122119070705,0.01044945225662804806259163028362997927379763383860721435938948355158345378976258376332203867600110974,0.02619354926003549772139247276529371243458362866226362298714308829641275997245134030763809280550118390,-0.0001544331447020838566471306407145676028993750946665615311719231138735426271497098982814801017639121854,-0.00008157920785573819632238871983059234533112016955228895091915452572890153747695583012734430607912380312,0.01029501911192596420594449964291541167089825874394065282821756043770991116261287386066513462318937298,0.02611197005217975952507008404546312008925250849271133403622393377068385843497438448034190517362947600
26,2,1443/6400,41/160,119/201,4957/7843,964837/1576443,5,5/10,6/10,-4.447731857468219594882432981449967243439941314853863856745301971221102279900576273941400826988520014,-4.447731857468219594882432981449967243439941314853863856745301971221102279900575759482141197338986666,-0.9595663337141416155350092108604284810508206897260873880214949979950245478706888906539106154073386695,-0.6467761580309899345473412281142736672376737969132403195146881626575662553833010783180594643052750822,-0.4447731857468219594882432981449967243439941314853863856745301971221102279900576279212499798603781626,-0.4447731857468219594882432981449967243439941314853863856745301971221102279900575752102602637077620409,-0.00003998193057142256731395871711918452004378419540525364116756229158312602282794537060794844415968696609,-0.00002694900658462458060613921783809473613490307487138501331311200677739859397430421141822294053765259308,-0.4448131676773933820555572568621159088640379156807916393156977594136933540128855734542633702522541619,-0.4448001347534065840688494373628348190801290345602577706878433091288876265840318789983240471494884901,-0.02034113658590940216712977238697803956207705384769604573021574068257617330509204703615281623861154222,0.1420571662901241503575727613537115295643735332965414146841976821139564545814375501109252739900271312,-4.331274887305710776417459351889546246489382018762253357639688117398213002038357863230531537799061916,-2.066506026738426009118295938390749644732970266590711656105856505190407635347116094367390000270169156,-0.002034113658590940216712977238697803956207705384769604573021574068257617330509204705262500052490923476,0.01420571662901241503575727613537115295643735332965414146841976821139564545814375502756471168530040566,-0.0001804697869710712823507274729953977602703909174484272232349870048915922084182649118560640835111781692,-0.00008610441778076775037992899743294790186387376110794631900441068771626698480612983671211706106309287377,-0.002214583445562011499063704711693201716478096302218031796256561073149209538927469620721854448629721888,0.01411961221123164728537734713793820505457347956854619514941535752367937847333762520475100011580099087
26,2,1443/6400,41/160,119/201,4957/7843,964837/1576443,6,6/10,7/10,-4.487774911156730725869348709164375866555226297335693317326393126608437803822301908805218513775847756,-4.487774911156730725869348709164375866555226297335693317326393126608437803822301411213475593295151567,-1.108215081821081601490418369029737882803283113233034689717737480966278220432302847680838161007122746,-0.7049942971940735564994519146828798262953327234693063024874851943484611219394110219717417717165197206,-0.4487774911156730725869348709164375866555226297335693317326393126608437803822301914076317485391109368,-0.4487774911156730725869348709164375866555226297335693317326393126608437803822301402779717238710732987,-0.00004617562840921173339543409870957241178347012971804311207157239504026159251801261882666936222072042134,-0.00002937476238308639818747716311178665942897219681122109593697854976451921341414212572099735623278796240,-0.4488236667440822843203303050151471590673060998632873748447108850558840419747482044198605066764257673,-0.4488068658780561589851223480795493733149516019303805528285762912106082995956442820638574036176136525,-0.1780104526568336128345025699854439092369319218487158987413055905472430893578541002753314577042673941,-0.008311985983955017026194157225965068908192788346331346317946908139581970712861733302020481765028961898,-5.182158525810732077892475804229877144403532277070069085431200642378537657897729524221222890889098687,-2.226464835660032228109231407287836209159540848861449430942703344199755819419232142343424270235166235,-0.01780104526568336128345025699854439092369319218487158987413055905472430893578541004729976691398397046,-0.0008311985983955017026194157225965068908192788346331346317946908139581970712861733291725366586092904062,-0.0002159232719087805032455198251762448810168138448779195452263000267657724024124053976057621590521721995,-0.00009276936815250134283788464197032650871498086870256039295594597267498982580913467205200157344285419447,-0.01801696853759214178669577682372063580471000602974950941935685908149008133819781545108259818039777736,-0.0009239679665480030454573003645668333995342597033356950247506367866331868970953080004524045936319402630
26,2,1443/6400,41/160,119/201,4957/7843,964837/1576443,7,7/10,8/10,-4.536854151984852209613658373259985542070213571158277653576422574699765373914941021608336367399975428,-4.536854151984852209613658373259985542070213571158277653576422574699765373914940532450351801503697818,-1.301015462603819886250642609233332084141680102080663397512132653532465837229839198382346557887261199,-0.7849301215982079932255344794628156107738509468395061403672355603174317414094222870779664716274814534,-0.4536854151984852209613658373259985542070213571158277653576422574699765373914941027933655133338289362,-0.4536854151984852209613658373259985542070213571158277653576422574699765373914940527179252829888436206,-0.00005420897760849249526044344205138883683923667092002764156300552723051940988457663350014497689943119906,-0.00003270542173325866638439726997761731711557712278497942251530148167989298922539259506945224723244539394,-0.4537396241760937134566262807680499430438605937867477929992052629972070568013786796150732326756531748,-0.4537181206202184796277502345959761715241369342386127447801575589516564303807194447929627297600684445,-0.3733271814225681396557584028520998705622691481412685389045555715915966210619837640241953091457507192,-0.1942166372050909726539560500843114378528051844844839808618331030692291599348589695710980884339387979,-6.350287807901204111280849684662906268839965370794489916240148585900295479396865569692205289535135056,-2.455700277591460744711586972564766410072305895985412810090615773377500208730902118900837722838472054,-0.03733271814225681396557584028520998705622691481412685389045555715915966210619837648148601548880399610,-0.01942166372050909726539560500843114378528051844844839808618331030692291599348589693075431398531757173,-0.0002645953253292168379700354035276210945349985571164370798433395244125123116415360667284800400870700690,-0.0001023208448996441976963161238568652670863460789993922004204423238907291753637875875771719577716816782,-0.03759731346758603080354587568873760815076191337124329097029889668357217441783991259608678111094373511,-0.01952398456540874146309192113228800905236686452744779028660375263081364516884968448873302980364808713
26,2,1443/6400,41/160,119/201,4957/7843,964837/1576443,8,8/10,9/10,-4.596324259317726248888094991284015962758925915622385628984231141010370388891774457545097580361824093,-4.596324259317726248888094991284015962758925915622385628984231141010370388891773959953354659881127904,-1.553451697017147726121966684183260017511343538348020836378000961046128433807532933165186690504589516,-0.8927989624623563159460631210455951830698416509197349584589499706106241982687815794746229606541524520,-0.4596324259317726248888094991284015962758925915622385628984231141010370388891774461761976757654033383,-0.4596324259317726248888094991284015962758925915622385628984231141010370388891773955736475482588918614,-0.00006472715404238115525508194517430250072963931409783420151575004004358868474198053914372187482196496745,-0.00003719995676926484649775263004356646596124340212165562326912291544210934159453256557105168393243273502,-0.4596971530858150060440645810735758987766222308763363970999388641410806275739194268269147083919448300,-0.4596696258885418897353072517584451627418538349643602185216922370164791482307719277366152519765560824,-0.6134390689782993514700885355286012418166024275099621728166057368996529735513566592082747667447958823,-0.4218930287255782113252682408173705092885768124100489065798705855460950699306125781250321846169323398,-7.980349178902248601049863452229539456470459382104792733329030008489207144611007951848987473712003898,-2.780834324991350294365600331704950110930104003682937024385584543332502102383321102934560265799471207,-0.06134390689782993514700885355286012418166024275099621728166057368996529735513566599989396124870851241,-0.04218930287255782113252682408173705092885768124100489065798705855460950699306125777296997617457877189,-0.0003325145491209270250437443105095641440196024742543663638887095836870502976921253328562089193159692863,-0.0001158680968746395955985666804877062546220876668201223760160660226388542542659717118875452911382413060,-0.06167642144695086217205259786336968832567984522525058364554928327365234765282779133789772775749251062,-0.04230517096943246072812539076222475718347976890782501303400312457724836124732722947803700765967187488
26,2,1443/6400,41/160,119/201,4957/7843,964837/1576443,9,9/10,10/10,-4.667973658984876205298060112016312429161736318630094317579007814599886127978747765286832213650293505,-4.667973658984876205298060112016312429161736318630094317579007814599886127978747259261330938585178736,-1.888616368852472890465052220327901743736072646852506912232691842377411191580740548905075292319178226,-1.037901656777090861204067084511399239547256457099665847163692039170607186742962730726119301850523831,-0.4667973658984876205298060112016312429161736318630094317579007814599886127978747768449491596619450472,-0.4667973658984876205298060112016312429161736318630094317579007814599886127978747251881792378323812479,-0.00007869234870218637043604384251366257265566969361885445467636216009905879964919752317166216707156531489,-0.00004324590236571211921683612852130830164780235237915274363182050163210863278095678016946828350477840096,-0.4668760582471898069002420550441449054888293015566282862125771436200876715975239745343869319688339466,-0.4668406118008533326490228473301525512178214342153885845015326019616207214306556816136176437316704835,-0.9080421365932393714356289267189771254047803305652323356790198100339576023109645091162907271666738438,-0.7004253284115423899619363844407180000584404227655249009927392607429588771194022947252944966826748173,-10.30945159706533779753431237989568018435720692695038193769115854750369499287833243334868681509205681,-3.237313379476317938155329275278492134405479157202884811236611101656922986081885440453217674795454508,-0.09080421365932393714356289267189771254047803305652323356790198100339576023109645099069555729089630856,-0.07004253284115423899619363844407180000584404227655249009927392607429588771194022934075197537788594142,-0.0004295604832110557415639296824956533410148836219562659140704649394793206247032638532467673955755672008,-0.0001348880574781799140898053864699371722668949648834535338015254625690384577534118924023214426066436681,-0.09123377414253499288512682235439336588149291667847949948197244594287508085579971494329018616320483388,-0.07017742089863241891028344383054173717811093724143594363307545153686492616969364115697044449636575710
27,2,41/160,1837/6400,4563/8237,119/201,948683/1655637,0,0/10,1/10,-4.371104654261206989069574817953454609171040472394549551533212434488581297855533455986330873337236608,-4.371104654261206989069574817953454609171040472394549551533212434488581297855532958394587952856540419,-0.5135784929128262499685594296890309195130390792595272632236662514775432026180676317389804503047376134,-0.4890529267476184565067719687421208357543888631089408629798450908210616783946600020825400482501047685,-0.4371104654261206989069574817953454609171040472394549551533212434488581297855533463365869433598602865,-0.4371104654261206989069574817953454609171040472394549551533212434488581297855532952069269186918226484,-0.00002139910387136776041535664290370962164637662830248030263431942714489763344241948475342286104294101570,-0.00002037720528115076902111549869758836815643286929620586929082687878421090326644416662680925197617418730,-0.4371318645299920666673728384382491705387504238677574354559555628760030274189957660880481938252154758,-0.4371308426314018496759785972940430492852604801087511610226120703276423406888197389894172428297471646,0.3387263868235840979014313781095296037854502054002196076834970340236538764072092826146568206290409364,0.4833409229723698702647202077506348740175378166004959946860419792056882221467391623700206311269470709,-2.516748593589595961832109643614410081464018912234711692201701025072222943115538369867112266235606778,-1.972903231638244420134327377004568138506214418014716834779177547807610396785091008709159766924131562,0.03387263868235840979014313781095296037854502054002196076834970340236538764072092819557694491771332349,0.04833409229723698702647202077506348740175378166004959946860419792056882221467391626335755797077101515,-0.0001048645247328998317430045684839337533943341213431129871750708760446759559631474324769036428632381246,-0.00008220430131826018417226364070852367243775893408394653478246573115865043319937879143105896121968931954,0.03376777415762550995840013324246902662515068641867884778117463252632071168475778071535644463253411715,0.04825188799591872684229975713435496372931602272596565293382173218941017178147453751516598276108276874
27,2,41/160,1837/6400,4563/8237,119/201,948683/1655637,1,1/10,2/10,-4.376111560849245175403568257029687759595830157608699216927909891816499247688020590244146111235048328,-4.376111560849245175403568257029687759595830157608699216927909891816499247688020101086161545338770718,-0.5463940572266855707810691144958224410848317009119534996564573291559308384204741572144142581627105992,-0.4784716164237489871119731820580909240358621011606438697347984192606212576415877788351041275396638604,-0.4376111560849245175403568257029687759595830157608699216927909891816499247688020595515245082850309940,-0.4376111560849245175403568257029687759595830157608699216927909891816499247688020094760842779400456784,-0.00002276641905111189878254454643732593504520132087133139581901905538149711826751975663845224361703396850,-0.00001993631735098954112966554925242045516816092088169349457228326746919255240173282398120430676763642496,-0.4376339225039756294391393702494061018946282170817412530886100082370314218870695795717179091094111086,-0.4376310924022755070814864912522211964147511766817516151873632724491191173212037421900364387719341967,0.3163613511613063495050229283412988022821659058461591150172851294089784446879057601521101296214469454,0.4609222174992055879152795237209651679928128315047088136204802268754631503675771383496621954858765547,-2.670687225787931526218006532337824725554337863922741618097630505730949769670200813042374854509189041,-1.917504760611521894504498928086093624559786091036484917298783888850058650435969842379637883550287034,0.03163613511613063495050229283412988022821659058461591150172851294089784446879057594932227581695392439,0.04609222174992055879152795237209651679928128315047088136204802268754631503675771386132171440666396353,-0.0001112786344078304802590836055140760302314307443301142340874012710721229070695917010276458695205087969,-0.00007989603169214674560435412200358723435665775379318687155411599536875244376816540952502732200259446775,0.03152485648172280447024320922861580419798515984028579726764111166982572156172098422628882125245759196,0.04601232571822841204592359825009292956492462539667769449049390669217756259298954845192537602439806979
27,2,41/160,1837/6400,4563/8237,119/201,948683/1655637,2,2/10,3/10,-4.386231070447487029567585251550539840067000628553870079798808267578061264721087115912947004532233164,-4.386231070447487029567585251550539840067000628553870079798808267578061264721086618321204084051536975,-0.5922134083494869028841548531542801344108293010803177439938537557485389143286367487706691967750177623,-0.4763110606170587091046679838700532437885718280999505490937302072914488691927606276107043376521522879,-0.4386231070447487029567585251550539840067000628553870079798808267578061264721087121184045976147494777,-0.4386231070447487029567585251550539840067000628553870079798808267578061264721086609887445729467118396,-0.00002467555868122862095350645221476167226711788754501323933307723982285578809702653129503721012201121420,-0.00001984629419237744621269449932791888515785715950416460621223875863714370288303169268696526634845634752,-0.4386477826034299315777120316072687456789671807429320212192139039976289822602057390023716741732998201,-0.4386429533389410804029712196543819028918579200148911725860930655164432701749916926792116540026022084,0.2711995032990363123322093889899493323688588222841338112720496689242869015993393922338692888550558282,0.4155792832115955196590780259347254399576354773753794447999587299183748003347302441542863621857998140,-2.895238765228623487822541343651193961991360922712000681125708584187298418423784777756880825787449407,-1.891478801219645677436780671773059335980352400892236308793651745713894721259858715968523331166220219,0.02711995032990363123322093889899493323688588222841338112720496689242869015993393917726481288387204371,0.04155792832115955196590780259347254399576354773753794447999587299183748003347302449449512079280890558,-0.0001206349485511926453259392226521330817496400384463333617135711910078041007676576995083435693041744365,-0.00007881161671748523655986586132387747233251468337050984619973548940474561338582744596162663029742815869,0.02699931538135243858789499967634280015513624218996704776549139570142088605916628146694659837668500855,0.04147911670444206672934793673214866652343103305416743463379613750243273442008719711300665297059853962
27,2,41/160,1837/6400,4563/8237,119/201,948683/1655637,3,3/10,4/10,-4.401679800794898470179886959467812467596648524691049548127231308446915772074874427474590677605347651,-4.401679800794898470179886959467812467596648524691049548127231308446915772074873929882847757124651462,-0.6525826153063367946955505033031298822134830317688051492473763799555226880500374024094738858585638183,-0.4840128414885030290736490347052139045706330828706190777917710562442042800121785888653147202688028335,-0.4401679800794898470179886959467812467596648524691049548127231308446915772074874433799909443543661586,-0.4401679800794898470179886959467812467596648524691049548127231308446915772074873922503309196863285205,-0.00002719094230443069977898127097096374509222845965703354788530734916481344533541822522788258820993167530,-0.00002016720172868762621140204311271724602377637845294246157465712734350851166717410773040405842889667060,-0.4401951710217942777177676772177522105047570809287619883606084381938563906528228616864858923863025968,-0.4401881472812185346442000979898939640056886288475578972742977879720350857191545662204928471662243443,0.2020112592153090243263690597861655677148992755577371413170258241252211281848537633341473997172584976,0.3466765610398265903171326070774822041792550374867487151423631529313343293138581290867902739500295619,-3.202592572544065675320900087915744111982080512159820825797923373344537846425687494288085380871755329,-1.901119836716062361973807951539404025252301724932701743880464735628865609942154152255443755724528759,0.02020112592153090243263690597861655677148992755577371413170258241252211281848537631364811882816861872,0.03466765610398265903171326070774822041792550374867487151423631529313343293138581293503452225307926425,-0.0001334413571893360698050375036631560046659200213399925344082468072226890769344036461800994330332245572,-0.00007921332652983593174890866464747516771884590520552923932835269731786940041425642248559261569611641529,0.02006768456434156636283186847495340076682400753443372159729433560529942374155097265408436966251851897,0.03458844277745282309996435204310074525020665784346934227490796259581556353097155656737041796521765581
27,2,41/160,1837/6400,4563/8237,119/201,948683/1655637,4,4/10,5/10,-4.422796261334684248562899715899109824912518147654780696873631536951470403012476030712429667875777464,-4.422796261334684248562899715899109824912518147654780696873631536951470403012475533120686747395081274,-0.7304730991477206696611871056879882377611258507304422505623406527814594142974581808914029755986696057,-0.5023135682974975256315913325984633999645445711507224282976234678953115745106530636895037967494187987,-0.4422796261334684248562899715899109824912518147654780696873631536951470403012476037037748433814091398,-0.4422796261334684248562899715899109824912518147654780696873631536951470403012475525741148187133715017,-0.00003043637913115502790254946273699950990671357711376842710676419386589414226239409099144272733577657981,-0.00002092973201239573023464963885826930833185602379794676784573431116230464893794387753010215009083528876,-0.4423100625125995798841925210526479820011585283425918381144699178890129344435099979178572569668991579,-0.4423005558654808205865246212287692517995836707892760164552088880063093449501854960863935376557715101,0.1063359795812823266599564509436866264486050381002863307167540889174255694659472362996535569367036559,0.2532971753078854138053396788131216423184568132437118710340375266147309502065116390799434957117683091,-3.622220182803916052358041207074546797352191278049341407882802799076591629468298924295370702559670342,-1.947374697846994825509363758230174074869895111371471176738457594333135030248263416275285443935475766,0.01063359795812823266599564509436866264486050381002863307167540889174255694659472361678760826463221156,0.02532971753078854138053396788131216423184568132437118710340375266147309502065116393434984442925313897,-0.0001509258409501631688482517169614394498896746365853892253284501166281913178945124558941411137034110820,-0.00008114061241029145106289015659292391978624562964047796569743573309721395959367764179778977365650895054,0.01048267211717806949714739337740722319497082917344324384634695877511436562870021116037871139198199758,0.02524857691837824992947107772471924031205943569473070913770631692837588106105748632266526655398459919
27,2,41/160,1837/6400,4563/8237,119/201,948683/1655637,5,5/10,6/10,-4.450058697433012024267549805513842465160017673853985564525495356633483429065115771544424095098994038,-4.450058697433012024267549805513842465160017673853985564525495356633483429065115240217647756280623531,-0.8300488147765138579322727927517783887032805599317024933509966235498627286506002194847198861099927593,-0.5324361035927521491678005150904271190939552029210502119091521350856514183932587635495790976573744672,-0.4450058697433012024267549805513842465160017673853985564525495356633483429065115775761303272391203328,-0.4450058697433012024267549805513842465160017673853985564525495356633483429065115232838109196019257274,-0.00003458536728235474408051136636465743286263668999715427055629152598124428036044167599614589029087180024,-0.00002218483764969800621532502146210112996224813345504375882954800562856880909971911501903860407937427888,-0.4450404551105835571708354919177489039488644040753957107231058271893295871868720196331744236897820452,-0.4450280545809509004329703055728463476459640155188536002113790836689769117156112418764172073448685168,-0.01828759931482800973531267566907250105203827940910074983864583448666603599989223573891055347499737844,0.1337542581158548270604448487913660479050728170128187197411585043635581704276873412043682000001091902,-4.187280173975227533572539837885651958139316897807342631258918135708137767101989197502388733713208917,-2.026571303306349391402462435031535976026888576186160225514534434966196336931413001187289252017588448,-0.001828759931482800973531267566907250105203827940910074983864583448666603599989223575538273776129507097,0.01337542581158548270604448487913660479050728170128187197411585043635581704276873414020344114356815006,-0.0001744700072489678138988558265785688315891382040753059429691215889878390736292495505198168437482421431,-0.00008444047097109789130843593479298066566778702400775667606310560145692484737214220784780090003535571311,-0.002003229938731768787430123393485818936792966144985380926833705037654442673618473127344980017244756470,0.01329098534061438481473604894434362412483949467727411529805274483489889219539659193634499737537051676
27,2,41/160,1837/6400,4563/8237,119/201,948683/1655637,6,6/10,7/10,-4.484111741103451558882055233673052944272403937729598369340041878856839042868280423058549075961568095,-4.484111741103451558882055233673052944272403937729598369340041878856839042868279883298014382558779009,-0.9571393263445240682888228148949382042846160429907394804740885592294597297622055934983113001644959774,-0.5763467634366029730911398886100782079278759761740568506681573456574983643213448326303955578391138489,-0.4484111741103451558882055233673052944272403937729598369340041878856839042868280429383867841899882030,-0.4484111741103451558882055233673052944272403937729598369340041878856839042868279875918475822297412752,-0.00003988080526435516951203428395395575851185900179128081168642035663456082207342523322938208865860040364,-0.00002401444847652512387879749535875325866366149900725236877783988940239576518005603452683862335646134394,-0.4484510549156095110577175576512592501857522527747511177456906082423184651089014683222465702404549996,-0.4484351885588216810120843208626640476859040552719670893027820277750863000520080431234580443620713112,-0.1746359221433530403282792904665007971226386993840830222777358086966232224655772884305929117809210589,-0.01562611168939633412840222660548330876099174343731502164289715494383957722074599725719743102962138564,-4.948550243402305939534386536053827046599360159529710789446674748680755051641454474896777665994190366,-2.145949361700467273943052465047419665368402180662697043420039107020377340464249520890122629131060752,-0.01746359221433530403282792904665007971226386993840830222777358086966232224655772885623703860713025992,-0.001562611168939633412840222660548330876099174343731502164289715494383957722074599724072524674332369310,-0.0002061895934750960808139327723355761269416400066470712828936114478616981271517272705286140289664874295,-0.00008941455673751946974762718604364248605701675752761237680916829612584905585267706280110190681863019964,-0.01766978180781040011364186181898565583920550994505537351066719231752402037370945615765099817290492086,-0.001652025725677152882587849846591973362156191101259114541098883790509806777927276786487559761940897341
27,2,41/160,1837/6400,4563/8237,119/201,948683/1655637,7,7/10,8/10,-4.525804964131185323081602077819452123035194255817512035548286478431414332251198429393950233636952044,-4.525804964131185323081602077819452123035194255817512035548286478431414332251197923368448958571837275,-1.119973908381303339705611198127460907113918199948628983018737270042356747245495926497338934063742818,-0.6370165241950186459089006522716103176775050931951152895119173556456921427183956629660754454011858764,-0.4525804964131185323081602077819452123035194255817512035548286478431414332251198434665049205252213656,-0.4525804964131185323081602077819452123035194255817512035548286478431414332251197918097349986956575663,-0.00004666557951588763915440046658864420446307992499785954095911405291843153113522899714483569310821751615,-0.00002654235517479244357953752717798376323656271221646313706299655648523717261326648579365644201242176100,-0.4526271619926344199473146082485338565079825055067490630957877618960598647562550727715380445383860628,-0.4526070387682933247517397453091231960667559882939676666918916443996266703977330579972598650629318874,-0.3672029197206535851800960720404655838132294909581492982809694375138836960821498352530769007426295714,-0.1989594599940942440555385848681459857741816998356104793422969598853709226402445839122516343973366371,-5.980237062022445817238853862851232832729002927405841169562788966806134537984602865785833986109715804,-2.320608256793885332958811082653658607522565952204638731308889870961099757661368886300295861591501387,-0.03672029197206535851800960720404655838132294909581492982809694375138836960821498356484093236137741923,-0.01989594599940942440555385848681459857741816998356104793422969598853709226402445836486966858165735565,-0.0002491765442509352423849522442854680346970417886419100487317828736169222724160251207653256043502729852,-0.00009669201069974522220661712844390244198010691467519328047120374462337915656922370293249707287019923120,-0.03696946851631629376039455944833202641601999088445683987682872662500529188063100871288831318990824549,-0.01999263801010916962776047561525850101939827689823624121470089973316047142059368203833239845482308932
27,2,41/160,1837/6400,4563/8237,119/201,948683/1655637,8,8/10,9/10,-4.576248217828808910075483411993502006252231509849110028780979331449624307065028510505165531897859899,-4.576248217828808910075483411993502006252231509849110028780979331449624307065027987612147547663907971,-1.330342478988701106167556016594011036010883624295866270415148149494728188602268813266258420833785590,-0.7188421204812726269251303809296954558966793523829333744391023027650127559421932766475454647504247782,-0.4576248217828808910075483411993502006252231509849110028780979331449624307065028517884704092159226156,-0.4576248217828808910075483411993502006252231509849110028780979331449624307065027980232608987402541714,-0.00005543093662452921275698150069141712650045348434566109460063117289561367452509453409920298507205079679,-0.00002995175502005302612188043253873731066236163968262222393496259594854219816425805300541870517638677499,-0.4576802527195054202203053227000416177517236044692566639726985643178580443810279464467544390469108641,-0.4576547735379009440336702216318889379358855126245936251020328957409109729046670556685154118896943175,-0.6019356688847759790076018780685696887542467448123026112984186893562692942730855394630885715235293465,-0.4217410526406223896263026123074546507848484387991631764356246885467781481633731748062793705691174192,-7.401075495669505114806987852876651282650934697924233935254770534682078917370719052489965036420921905,-2.567750582784040719805687448088186243287199054303823866056630816353432366967397797481502306077981375,-0.06019356688847759790076018780685696887542467448123026112984186893562692942730855399901984686850555077,-0.04217410526406223896263026123074546507848484387991631764356246885467781481633731740156145248268281773,-0.0003083781456528960464502911605365271367771222790801764139689487722784199548904466287588027938351099090,-0.0001069896076160016966585703103370077601369666272626593277523596173480596819569749075938736638914901926,-0.06050194503413049394721047896739349601220179676031043754381081770790534938219900068594605042332938745,-0.04228109487167824065928883154108247283862181050717897697131482847202587449829429226990519952688058743
27,2,41/160,1837/6400,4563/8237,119/201,948683/1655637,9,9/10,10/10,-4.636891522524577491212681380911812526912454813333430445168046889661917965670333402045086119916100635,-4.636891522524577491212681380911812526912454813333430445168046889661917965670332904453343199435404446,-1.605477261313921041246613267307863937027485254571940538037756341365404416284929723797440891619702239,-0.8283342190370581802296851734722119502421636974549631845616292592871916325444921311578773890470073279,-0.4636891522524577491212681380911812526912454813333430445168046889661917965670333405207745502885257602,-0.4636891522524577491212681380911812526912454813333430445168046889661917965670332899182244227820142834,-0.00006689488588808004338527555280449433070947855227383085575157318089022518401187207211452927751822202041,-0.00003451392579321075750957021556134216459342348739395679935673455247029965135602050521010745719829120722,-0.4637560471383458291646534136439857470219549598856168753725562621470820217510452128868146179246684335,-0.4637236661782509598787777083067425948558389048207370013161614235186620962183893101245544677007251455,-0.8872071663746827098830980811751368517644764230059904536054387919632270799429062230666136407379359154,-0.6917354518552969124921568956817814114131484127520726473511448712001369010318746591619906634757694122,-9.394441998316429871092110895969859048722176248559793533745623344871121746152464457142017340707266668,-2.913503921935200149518380412665943994419999532315690953861270663194219439813917052602096101753093263,-0.08872071663746827098830980811751368517644764230059904536054387919632270799429062241208334350609882378,-0.06917354518552969124921568956817814114131484127520726473511448712001369010318746575806609719911909285,-0.0003914350832631845779621712873320774603634240103566580639060676393696300727563526873189160084196363259,-0.0001213959967473000062299325171944143331008333138464871230775529442997591433255798763729491770083310860,-0.08911215172073145556627197940484576263681106631095570342444994683569233806704697520286816706282584136,-0.06929494118227699125544562208537255547441567458905375185819204006431344924651304562594557635350517623
28,2,1837/6400,1017/3200,2183/4217,4563/8237,18611771/34735429,0,0/10,1/10,-4.386363618486412026411550496555574389771056958115573917967818353760930317863497821806003966013990693,-4.386363618486412026411550496555574389771056958115573917967818353760930317863497324214261045533294504,-0.4296087520197683764806452930096154628089129288471882349738717793594878280192640016042945195026164302,-0.4056160462984848217176354154769855186826787417923059169802904352362542016868169860264950542585813208,-0.4386363618486412026411550496555574389771056958115573917967818353760930317863497826022883143306199983,-0.4386363618486412026411550496555574389771056958115573917967818353760930317863497319997381868241085215,-0.00001790036466749034902002688720873397761703803870196617645724465747331199283413600014380159094182271692,-0.00001690066859577020090490147564487439661177828090801274654084543480151059173695070762824891945880393152,-0.4386542622133086929901750765427661729547227338502593579732390800335663437791839188595847897504240407,-0.4386532625172369728420599511312023133737174740924654045433226808108945423780866824862788372759154833,0.3414342199335566472110288983395076586458284119047723265971525218854592148915648534189608286251556915,0.4761988048876953065614403576570632961241848512341461126158934228587937398026818443523066527109623961,-2.522277693094023757274108418260579339524097960176163502384787610714468319438795645042321968063082740,-2.003084626468496499858014216263994097754587925266635098531289875866307133456203873755740512257781667,0.03414342199335566472110288983395076586458284119047723265971525218854592148915648527600734571732479900,0.04761988048876953065614403576570632961241848512341461126158934228587937398026818447476390755821070170,-0.0001050949038789176565530878507608574724801707483406734792660328171131028466432831523036675247558436458,-0.00008346185943618735416075059234433308740644116355277646243880374482776279722734182756663618787375352390,0.03403832708947674706454980198318990839210267044213655918044921937143281864251320209127406537892037317,0.04753641862933334330198328517336199652501204395986183479915053854105161118304084266830225748715586674
28,2,1837/6400,1017/3200,2183/4217,4563/8237,18611771/34735429,1,1/10,2/10,-4.390534101211830200672616439319708654228362476241419082329302401483092185939856836584880448837954640,-4.390534101211830200672616439319708654228362476241419082329302401483092185939856338993137528357258451,-0.4598046728981974355216973190751288595258679689870812409320348955405459779048033242138464864454972761,-0.3944915523064469982366620499401278939992921171242508601355951330463084021434174023575810911822235921,-0.4390534101211830200672616439319708654228362476241419082329302401483092185939856839747539831807111607,-0.4390534101211830200672616439319708654228362476241419082329302401483092185939856333722038556741996839,-0.00001915852803742489314673738829479703581357783204112838503883478731418941574603347191139246055374957497,-0.00001643714801276862492652758541417199558330383821351045250564979721026285008930905831651796667464887002,-0.4390725686492204449604083813202656624586498254561830366179690749356234080097317176151835422264745070,-0.4390698472691957886921881715173850374184195514623554186854358899455194814440749422321785452716843435,0.3188775149438612146332175639413383473746954064186954364416346451622229804353568388454966082353050519,0.4536021139584844498743565439738910937249598310745428278738844006390071020294932291055521008214037276,-2.667355358773667302112352546054298109436954606453026015572595589383877460303837057584580839495264415,-1.945515646446189172881134164857347168884347689843889120370123963648903706560222381037007177468449102,0.03188775149438612146332175639413383473746954064186954364416346451622229804353568384501641853641604310,0.04536021139584844498743565439738910937249598310745428278738844006390071020294932297644394722733114291,-0.0001111398066155694709213480227522624212265397752688760839821914828909948941793265444946441635953405585,-0.00008106315193525788220338059020238946537018115374349538001542183181870432110667593207375138023503447526,0.03177661168777055199240040837138157231624300086660066756018127303333130314935635724788799802051010685,0.04527914824391318710523227380718671990712580195371078740737301823208200588184264709687528325967000340
28,2,1837/6400,1017/3200,2183/4217,4563/8237,18611771/34735429,2,2/10,3/10,-4.398964312172997748662575993754283287611509729506432121673805447664285529306979491635505536904492916,-4.398964312172997748662575993754283287611509729506432121673805447664285529306979002477520971008215307,-0.5012045561327978784843513591380584454147970815729954070577408332139708704958349119975010915940411460,-0.3898123555613413247272483459837982844878109737317712784012344582378156105313951990014711231455138175,-0.4398964312172997748662575993754283287611509729506432121673805447664285529306979499015044097165859173,-0.4398964312172997748662575993754283287611509729506432121673805447664285529306978998260641793716006017,-0.00002088352317219991160351463996408576855894987839887480862740586805058211960399312140855513820896720425,-0.00001624218148172255519696868108265826185365879057215713660005143575990898377214146651619045378048093078,-0.4399173147404719747778611140153924145297099228290420869760079506344791350503019431916885093194778827,-0.4399126733987814974214545680565109870230046317412153693039805962021884619144700411027320114788133411,0.2733865565756428181311697187645123899540946714548075530032224916140178506218394696674606241825593913,0.4079586621633435515346649784423107926542668105721579836670986481075366117030649677398772501615804328,-2.876392434934370817535589778747974676904009296596426589827166303094176163663727025994541858551801031,-1.912146247391038661470681512491604795918438502403770523258293015367672532747255330882216021247777554,0.02733865565756428181311697187645123899540946714548075530032224916140178506218394692062394641662240002,0.04079586621633435515346649784423107926542668105721579836670986481075366117030649681352096730327250537,-0.0001198496847889321173973162407811656115376670540248511079094652626289240068193219598786899156405540398,-0.00007967276030795994422794506302048353316326827093349043846909554230698635553113563825244252309854266303,0.02721880597277534969571965563567007338387180009145590419241278389877286105536462494697553994915486862,0.04071619345602639520923855278121059573226341278628230792824076926844667481477536118105952706832549524
28,2,1837/6400,1017/3200,2183/4217,4563/8237,18611771/34735429,3,3/10,4/10,-4.411836819597300206645821499420339278486577355161706773174961905145129673247816804794987395673615642,-4.411836819597300206645821499420339278486577355161706773174961905145129673247816307203244475192919453,-0.5548617635705562546860348638536154891987473170917300682396908064297191321850808057077752923913490468,-0.3933716244067598204801442944450114518439896583068952819984959383141321926268782176996325764230555480,-0.4411836819597300206645821499420339278486577355161706773174961905145129673247816810066086367288877255,-0.4411836819597300206645821499420339278486577355161706773174961905145129673247816298769486120608500874,-0.00002311924014877317727858478599390064538328113821215541950998711693457163050771170034935438495478017018,-0.00001639048435028165918667267893520881049349956909612063674993733076308884135945325896829583536072240521,-0.4412068011998787938418607347280278284940410166543828327370061776314475389552893929495366425175233684,-0.4412000724440803023237688226209691366591512350852667979542461278452760561661410830488266679293985955,0.2037667552696583667257393745170799078622404298107226549905303371712776448433468231325736991401789850,0.3388212488913449741909882640992648215898487239070935652079523429385396709189240899089061573229673703,-3.159505411820937705721438481416281849728448052514235395950071450961135069860311765511891728295657113,-1.909100916938760094774405672243207206437635963451935142449707195189880605221574267008238168091591096,0.02037667552696583667257393745170799078622404298107226549905303371712776448433468228031300134142251342,0.03388212488913449741909882640992648215898487239070935652079523429385396709189240905677935287748750719,-0.0001316460588258724044050599367256784104053520021880931414979196437900472945775129908391329739386670036,-0.00007954587153911500394893356967680030026823483181049729760207113313291169188423226063598211549838901317,0.02024502946813996426816887751498231237581869097888417235755511407333771718975716927506070711697336545,0.03380257901759538241514989284024968185871663755889885922319316316072105540000817684581730150035559723
28,2,1837/6400,1017/3200,2183/4217,4563/8237,18611771/34735429,4,4/10,5/10,-4.429436049414916048075754093637637426060946829466584797735412683748504863430330842450589818787259274,-4.429436049414916048075754093637637426060946829466584797735412683748504863430330327991330189137725926,-0.6231793518202782745195902155900293343209243334145224028653481501025270195462428969587281223980885026,-0.4055565123015927563732614624338046553625184794657131442361617468245981598160524750879553868225674273,-0.4429436049414916048075754093637637426060946829466584797735412683748504863430330847721688790402520886,-0.4429436049414916048075754093637637426060946829466584797735412683748504863430330320611791628876359669,-0.00002596580632584492810498292564958455559670518055893843345272283958760529248109345413672108778191929793,-0.00001689818801256636484888589426807519397343826997773804767650673945102492332566885299954690491511725078,-0.4429695707478174497356803922894133271616913881272174182069939912144380916355141783017173188137406316,-0.4429605031295041711724242952580318178000681212166362178212177751143015112663587008104232521298361262,0.1078390077443518406232390732155433887166455140587895200956169217205838012033047181973998017158665911,0.2453552546462486609084169969952650431011635103444706608481018665239545378078024806181332912821957707,-3.541930619687829396509549841502155925504154969826738149202229936420154367291270387974496616939613716,-1.935273843666460310919043096826660962360591125489131817075765187100036822586418223454617411786372170,0.01078390077443518406232390732155433887166455140587895200956169217205838012033047180656223274254850508,0.02453552546462486609084169969952650431011635103444706608481018665239545378078024809475769770081496214,-0.0001475804424869928915212312433959231635626731237427807562167595806841730986371362668299821252531575039,-0.00008063641015276917962162679570111087343169129689538049237815688279583486760776742539834708192892785475,0.01063632033194819117080267607815841570810187828213617125334493259137420702169333553767322758150813600,0.02445488905447209691122007290382539343668465973755168559243202976959961891317248067334870775072375670
28,2,1837/6400,1017/3200,2183/4217,4563/8237,18611771/34735429,5,5/10,6/10,-4.452162098601092176818853046550944426303505216467939425313804682999418326227171131034925981413930401,-4.452162098601092176818853046550944426303505216467939425313804682999418326227170633443183060933234212,-0.7094748022607735011781307952238699091734798474817358421969847542339791939305081477066029550619846464,-0.4271922258900100592193804500914447080342293029727432812847346799477846128929598422942924457302490307,-0.4452162098601092176818853046550944426303505216467939425313804682999418326227171136306024953029192013,-0.4452162098601092176818853046550944426303505216467939425313804682999418326227170625009424706348815633,-0.00002956145009419889588242211646766124621556166031173899342487436475974913308043783959458694310904429365,-0.00001779967607875041913414085208714352950142622095719763672019727833115769220387332665948261870238206555,-0.4452457713102034165777677267715621038765660833071056815248053426647015817557975517889917582087701116,-0.4452340095361879681010194455071815861598519478677511401681006655782729903149209357144200307551556595,-0.01647661739757128813689801265826816652788414543259091387175273802360480142517250431808677854918294973,0.1261139008652755783700510294193373531073794850206904653857918906270961735420035516536905170988340552,-4.051739845375799394211458705979340000207852179244656538800015208401218882469191274444789443261812493,-1.986748238710674768404124470404807059611750611879830776416528786071498194399165800544379694230756488,-0.001647661739757128813689801265826816652788414543259091387175273802360480142517250433455896283548064227,0.01261139008652755783700510294193373531073794850206904653857918906270961735420035517854679913892155955,-0.0001688224935573249747588107794158058333419938408018606891166673003500507867695496370474157427766397599,-0.00008278117661294478201683851960020029415048960882832628235068869941964575809996524111488172694164949305,-0.001816484233314453788448612045242622486130408384060952076291941102710530929286800071532823544218309771,0.01252860890991461305498826442233353501658745889324072025622850036328997159610038994489587591670855199
28,2,1837/6400,1017/3200,2183/4217,4563/8237,18611771/34735429,6,6/10,7/10,-4.480551220498976727913604260845864121028950799364991556496304343009377684981107768271013799450689882,-4.480551220498976727913604260845864121028950799364991556496304343009377684981107262245512524385575114,-0.8183249855763056034456472225505750755263105461518360664660947251697361019307973556281910248124531395,-0.4596425272991333006735879824895831232980935589289201248183671761487255448864468176777801267276908749,-0.4480551220498976727913604260845864121028950799364991556496304343009377684981107772487892976742899172,-0.4480551220498976727913604260845864121028950799364991556496304343009377684981107255920193758447261179,-0.00003409687439901273347690196760627396148026293942299316943608728021540567091378322333271182368909136732,-0.00001915177197079722086139949927039929680408723162203833853409863233953023103693528394190490655554880069,-0.4480892189242966855248373280521926860643753428759221488190665215811531741690245605474050392439489315,-0.4480742738218684700122218255838568113996991671681211939881645329332772987291476607095664816717276319,-0.1716115559016033120218541007600852528153641430649881857330197824036886920281095082738556504265467988,-0.02227718621407913077524212662841826060981476880337444032565893980621912792498838498689528743421998098,-4.731250821436254919150182537375532906367601697672358654996754998935926784381926314848367174898745104,-2.069672066414076398452485113305213196593101029803581605577403870775034570748971741337265961714288646,-0.01716115559016033120218541007600852528153641430649881857330197824036886920281095084715218618621191092,-0.002227718621407913077524212662841826060981476880337444032565893980621912792498838492924264243217805709,-0.0001971354508931772882979242723906472044319834040696816106248647916223302826825802639910213917826296800,-0.00008623633610058651660218687972105054985804587624181590023239182794895977378120715527409120171631483883,-0.01735829104105350849048333434839917248596839771056850018392684303199119948549353114383019827111652423,-0.002313954957508499594126399542562876610839522756579259932798285808570872566280045648198355444934120548
28,2,1837/6400,1017/3200,2183/4217,4563/8237,18611771/34735429,7,7/10,8/10,-4.515305188643576430595629503900589707715473900365572791264187801323743644943036305279427444377457544,-4.515305188643576430595629503900589707715473900365572791264187801323743644943035807687684523896761354,-0.9560917642880237169736956792991380131257995713653831503969174382642717946931575569222259062018087481,-0.5049834307695584076957360114512018089654751851360121757635914255666229745835697751980482198588887658,-0.4515305188643576430595629503900589707715473900365572791264187801323743644943036312658966004638823801,-0.4515305188643576430595629503900589707715473900365572791264187801323743644943035801362365757958447420,-0.00003983715684533432154057065330413075054690831547355763126653822659434465811221489839400810962521869246,-0.00002104097628206493365398900047713340870689479938066717399014964273194262394098207383909749952829551570,-0.4515703560212029773811035210433631015220942983520308367576853183589687091524158466361286061181207995,-0.4515515598406397079932169393905361041802542848359379463004089297751063071182445618323092906982880653,-0.3614402114288138607147304859303560197499870792459207588961971708555340272217714922048654527646104985,-0.2031212963432666785276709992829540461074030334045566420135882885060099105391652962474025766260567548,-5.642098356760038312161533470203531753189753695103294626971957681174044427491401230252746413353394574,-2.194972064150860705780220550333243587218969686024642361651229402343151022214434487687097520023153870,-0.03614402114288138607147304859303560197499870792459207588961971708555340272217714927319753499261366597,-0.02031212963432666785276709992829540461074030334045566420135882885060099105391652957861814166097213638,-0.0002350874315316682630067305612584804897162397372959706094571649033822518511454750521321841857063110041,-0.00009145716933961919607417585626388514946745707025102676506880122509763129259226810305548287143811311765,-0.03637910857441305433447977915429408246471494766188804649907688198893565457332262437629053931405346326,-0.02040358680366628704884127578455928976020776041070669096642763007569862234650879766224159463216844033
28,2,1837/6400,1017/3200,2183/4217,4563/8237,18611771/34735429,8,8/10,9/10,-4.557332969368026119722945149886355952018568095892188571797760172975863980878330692051318675106378948,-4.557332969368026119722945149886355952018568095892188571797760172975863980878330186025817400041264179,-1.131735885357195691107822082643259542229087127226127397836915271555772785198034101584361436486248772,-0.5662812281232597781367303899495327393071339057961997904064309211365345809240219516021599952292901920,-0.4557332969368026119722945149886355952018568095892188571797760172975863980878330698376637441044692883,-0.4557332969368026119722945149886355952018568095892188571797760172975863980878330181808938222749054889,-0.00004715566188988315379615925344346914759287863030108864157653813631482386604991808776299493027723693876,-0.00002359505117180249075569709958123053080446391274150832460026795504735560753850091449163101867209626781,-0.4557804525986924951260906742420790643494496882195199458213525554339012219538829882484359777738653398,-0.4557568919879744144630502120882168257326612735019603655043762852526337536953715186856720414068566585,-0.5911056822799568250483257692714352201204768033731534157353872552835252123654720569561408357381028898,-0.4213400829760063537091894275072745527699496651152282462950759117326175101718654170404927322285155742,-6.878816486993649522635432979064329394064482521270967389188930273447830441812876345856827433286853687,-2.374784771011877306250049874989035484418599121300795702798718895632880270626879854901269471265900593,-0.05911056822799568250483257692714352201204768033731534157353872552835252123654720573514732586092475107,-0.04213400829760063537091894275072745527699496651152282462950759117326175101718654163816053607766078727,-0.0002866173536247353967764763741276803914193534383862903078828720947269929350755365157023949275041296268,-0.00009894936545882822109375207812454314518410829672086648761661328731803667794278666001519028494200778868,-0.05939718558162041790160905330127120240346703377570163188142159762307951417162274225342349958316289515,-0.04223295766305946359201269482885199842217907480824369111712420446057978769512932828208960889551520469
28,2,1837/6400,1017/3200,2183/4217,4563/8237,18611771/34735429,9,9/10,10/10,-4.607810059422718855459240181469372840748004739845511579751080899108985624904865824216770331442076205,-4.607810059422718855459240181469372840748004739845511579751080899108985624904865318191269056376961436,-1.358105375750292690627865287987324811993157211144920137388581924128037225878384499334443149217915712,-0.6480407918947181832639240746648406130195120201392779258209393950714016945735363191625162431237694113,-0.4607810059422718855459240181469372840748004739845511579751080899108985624904865830542089097380390140,-0.4607810059422718855459240181469372840748004739845511579751080899108985624904865313974389879084752147,-0.00005658772398959552877616105366613853383304821713103833905785758017200155107826602103449652536242484055,-0.00002700169966227992430266350311103502554247966750580324690920580812797507060723067978820044763877246498,-0.4608375936662614810747001792006034226086335222016821963141659474910705640415648492403513159455884664,-0.4608080076419341654702266816500483191003429536520569612220172957190265375610937619115401784451118063,-0.8677370809057508744283052146654114863381951616440311035516129596537280865307888899421243016996272924,-0.6834327010731897194984945776988951649597697777583524576782873936271155331296829106479640866951079566,-8.586015321377896016409266102745879592152335306203390467723882382577799917062778850480104851483373040,-2.626703481362088738056110584431114747201413289831381015513445611204886748147312026357721916691007309,-0.08677370809057508744283052146654114863381951616440311035516129596537280865307888904692341988611534536,-0.06834327010731897194984945776988951649597697777583524576782873936271155331296829088030794466297663923,-0.0003577506383907456673503860876144116496730139710918079361551617659407416632109491205037017649446393496,-0.0001094459783900870307523379410179631144667255537429742089797269004668702811728046670318928791218779866,-0.08713145872896583311018090755415556028349253013549491829131645773131355031628983826162742553832491391,-0.06845271608570905898060179571090747961044370332957821997680846626317842359414109542894601298433385210
29,2,1017/3200,2231/6400,4169/8631,2183/4217,18211073/36396927,0,0/10,1/10,-4.400838351869108843510763734091885356409073854376928650211281590903679842183748831007547959967991332,-4.400838351869108843510763734091885356409073854376928650211281590903679842183748333415805039487295143,-0.3488625834067325377114204161678287131083633618638827318987816954559636063412490832451226086263911997,-0.3254469040311517609815433645333021136512694686891539903210717007608629678346653211155983014363705240,-0.4400838351869108843510763734091885356409073854376928650211281590903679842183748838387086520229357589,-0.4400838351869108843510763734091885356409073854376928650211281590903679842183748327090486273548981208,-0.00001453594097528052240464251734032619637951514007766178049578257064399848359755204519685544415997927961,-0.00001356028766796465670756430685555425473546956119538141626337798753170262365977772163211879350563954995,-0.4400983711278861648734810159265288618372869005777705268016239416610119827019724359557943664275101796,-0.4400973954745788490077839377160440898956428549988882464373915370778996868420346102820289346350473378,0.3437166460764720083951259960704651863685888545802556252409539785898680395577949149331629632317916529,0.4695664135619214487317897789275414996653790829698272616957451088872483210479299086338411423193921081,-2.527249183823822316742069525498527847945611465263678085676782159151146686060191213229433728731565893,-2.030873743648482815847513681005579018535366738714585971796724273959639469930522238927788611072013356,0.03437166460764720083951259960704651863685888545802556252409539785898680395577949142742755917798839514,0.04695664135619214487317897789275414996653790829698272616957451088872483210479299092927285137712998096,-0.0001053020493259925965309195635624386603310671443859865869031992566312977785858413009829349018672006042,-0.00008461973931868678399364640337523245910564028077977441549153017808165164458043842606777082499527610966,0.03426636255832120824298168004348407997652781831363957593719219860235550617719365009015434327037159066,0.04687202161687345808918533148937891750743226801620295175408298071064318046021255250616492616607882148
29,2,1017/3200,2231/6400,4169/8631,2183/4217,18211073/36396927,1,1/10,2/10,-4.404204795601105345405647063325774919917334615058390389660042329374321700146152638387788969211664804,-4.404204795601105345405647063325774919917334615058390389660042329374321700146152123928529339562131456,-0.3766569961904883546037952194902667320169469714454490017475268819579878686719432119799743906155833009,-0.3139823483295598507854976448956889692073621499696933315699115502722751410854468750557240068622117386,-0.4404204795601105345405647063325774919917334615058390389660042329374321700146152643658887940826926416,-0.4404204795601105345405647063325774919917334615058390389660042329374321700146152116548990779300765199,-0.00001569404150793701477515813414542778050070612381022704173948028674824949452799763390319205717101023468,-0.00001308259784706499378272906853732037371697342291540388881541298126134479754522695303715378317707718256,-0.4404361736016184715553398644667229197722341676296492660077437132241804195091432620448331150477089049,-0.4404335621579575995343474354011148123654504349287544428548196459186935148121604384142915496444531842,0.3209848876546839894843610522811502616391815667044803299483767714275377167470715102732435790029578048,0.4468058818306212035718033457767426319381824239524749838871701773140422820240673894134396574309178225,-2.664002731715110009627545473071885066881064377923447001438422220450613026685156256245666672369794895,-1.970792351557754329171208174078826741121632596626328613188694077500872643784710737403039394575146339,0.03209848876546839894843610522811502616391815667044803299483767714275377167470715098779111561318131838,0.04468058818306212035718033457767426319381824239524749838871701773140422820240673896769946060116809031,-0.0001110001138214629170678143947113285444533776824134769583932675925187755427785481778418530193425799866,-0.00008211634798157309704880034058661778088006802485943035888286225322920302682436294687703754916049487230,0.03198748865164693603136829083340369761946477898803455603644440955023499613192860276722453460125409838,0.04459847183508054726013153423708764541293817437038806802983415547817502517558237608619640443825156270
29,2,1017/3200,2231/6400,4169/8631,2183/4217,18211073/36396927,2,2/10,3/10,-4.411013156416104021721443072266494663860878351103069160707701349274338701664626052423914213596593679,-4.411013156416104021721443072266494663860878351103069160707701349274338701664625537964654583947060331,-0.4141646476814151249189323559565035756044468374243812196061382352187693596405845163102618968695077689,-0.3074836349175241613560156255596068445748756536726626629656261163795200019986710356877230870947291215,-0.4411013156416104021721443072266494663860878351103069160707701349274338701664626057695013185211855291,-0.4411013156416104021721443072266494663860878351103069160707701349274338701664625530585116023685694074,-0.00001725686032005896353828884816485431565018528489268255081692242646744872331835768825260377084685103386,-0.00001281181812156350672316731773165028519061981890302761095690108818248000008327795973525840612965453552,-0.4411185725019304611356825960748143207017380203951995986215870573539013188897809638858698525611015102,-0.4411141274597319656788674745443811166712784549292099436817270360156163501665458308287041386600059846,0.2751963507982201281697572839762074059763058961989082332361484466391710938291126686419124789179208958,0.4008885242666919730852932359462457847154733657392524486469742626198351140097439357628241736605777633,-2.858023456926878176772320980416040054022193081045983223478980812307285153600658168935208775015119056,-1.930489089761059659574510775906754254819938800311858795333352977045319253748498633973271873978006130,0.02751963507982201281697572839762074059763058961989082332361484466391710938291126683124687931919670451,0.04008885242666919730852932359462457847154733657392524486469742626198351140097439364217115451124854648,-0.0001190843107052865906988467075173350022509247117102493009782908671794702147333607575410254825184117145,-0.00008043704540671081914893794899611476061749745001299411647222304071022163557285410919432279044372793998,0.02740055076911672622627688169010340559537966490818057402263655379673763916817790606559845063326614725,0.04000841538126248648938038564562846371092983912391225074822520322127328976540153959268849975863395399
29,2,1017/3200,2231/6400,4169/8631,2183/4217,18211073/36396927,3,3/10,4/10,-4.421417535077254677588638153750193438395381371458566513310903351987626267662700957856890099479752714,-4.421417535077254677588638153750193438395381371458566513310903351987626267662700468698905533583475105,-0.4620023775485119139443061306576624168270476280758039009631671296661864593538884826641773273091565103,-0.3078067751444156865465771476463091041019664535526013046282161379268451230577432470640233650379406795,-0.4421417535077254677588638153750193438395381371458566513310903351987626267662700964182208865418066649,-0.4421417535077254677588638153750193438395381371458566513310903351987626267662700463427806561968213492,-0.00001925009906452132974767942211073593403446031783649182920679863040275776913974535353150603048620681094,-0.00001282528229768398693944071448526287933758193556469172102617567241361854679407263520871326563842931397,-0.4421610036067899890886114947971300797735725974636931431602971338291653845354098419547480648778812997,-0.4421545787900231517458032560895046067188757190814213430521165108711762453130641185232670009028277740,0.2051993586953197142220777641734221936437494002363658865740042280751820463233231291491379795865221273,0.3315399966684065300046841907013882850664824943399790334673754068809607002693908308737279731612363375,-3.117816789406099857266681465976867603711143907419467442399082380267944179258495095085889822342346837,-1.915159243621273765098075593721963859613819845560516022276166911064829650156567207411856821293169619,0.02051993586953197142220777641734221936437494002363658865740042280751820463233231286879168195701867363,0.03315399966684065300046841907013882850664824943399790334673754068809607002693908316643928189035255794,-0.0001299090328919208273861117277490361501546309961424778100999617658444976741357706294293103050546281440,-0.00007979830181755307354575314973841516081724249356502150092817362129436790208985696643397097580851209195,0.02039002683664005059482166468959318321422030902749411084730046104167370695819654223086890162934179777,0.03307420136502309992692266592040041334583100694043288184580936706680170212484922621158731549084711091
29,2,1017/3200,2231/6400,4169/8631,2183/4217,18211073/36396927,4,4/10,5/10,-4.435657243954439456548911350251512358449696510572709730175566116786770316755467886314127073159661394,-4.435657243954439456548911350251512358449696510572709730175566116786770316755467414023659216432220943,-0.5221062329574428547175951181073745700294572643289308500425397980410416642566908842432999794031215178,-0.3151612440252558414606198451161125368409658878827242231283976603386577109218082232333846880173909800,-0.4435657243954439456548911350251512358449696510572709730175566116786770316755467891585226044774923006,-0.4435657243954439456548911350251512358449696510572709730175566116786770316755467406644120656170854686,-0.00002175442637322678561323312992114060708456071934703878541843915825171006934402878695105478609501186763,-0.00001313171850105232672752582687983802236837357866178017596368323584744407128840867588217927621643300838,-0.4435874788218171724405043681550723764520542117766180118029750508369287417448908182601824613896889304,-0.4435788561139449979816186608520310738673380246359327531935202949145244757468351488265358252294584404,0.1090875019607864884322517234609666278213058626226170226142282929462388460361118713402323807949413178,0.2381074927925639916423625585651617346319075420832618434931589220238179105677528143656924366056018638,-3.465242503789641382930165049800334635886957300517934669729201834411541395953465647718934805225900775,-1.921845924329417951102108309798330473952848757607731140013511190369182468421314331754091090573881857,0.01090875019607864884322517234609666278213058626226170226142282929462388460361118711755105379319643924,0.02381074927925639916423625585651617346319075420832618434931589220238179105677528147610248594767464848,-0.0001443851043245683909554235437416806098286232208549139445720500764338142248313944025490295569637964824,-0.00008007691351372574796258784624159710308136869823365546416722963293204926951755476333818720384602341993,0.01076436509175408045226974880235498217230196304140678831685077921819007037877979270444953117782318348,0.02373067236574267341627366801027457636010938551009252888514866256944974178725772671649627799619294602
29,2,1017/3200,2231/6400,4169/8631,2183/4217,18211073/36396927,5,5/10,6/10,-4.454067413648434747466860853451260921140456113550056636558521739350707409470373852450829242509690778,-4.454067413648434747466860853451260921140456113550056636558521739350707409470373346425327967444576009,-0.5971094519526103817559976850493978407377224016908950723283592387521765285847328346237212042755183725,-0.3300757057827237031626654757367792682203747877424695484172617026432641285816257820644236057644553282,-0.4454067413648434747466860853451260921140456113550056636558521739350707409470373857721928214124952390,-0.4454067413648434747466860853451260921140456113550056636558521739350707409470373341154228995829314397,-0.00002487956049802543257316657021039157669740510007045396134701496828134068869103053487422094084382815071,-0.00001375315440761348763177772815569913617584894948926956451738590427680267202423440749799441546028234418,-0.4454316209253415001792592519153364836907430164550761176171991889033520816357284165248409006227708656,-0.4454204945192510882343178630732817912502214603044949332203695598393475436190615680992125599153045917,-0.01487689079294344549567313638083325501606367351184935944777121606395563292957591459704179524035875397,0.1190688004738994181851091270912300175962678454987499524084085826351568046278901878888511654997419957,-3.923956838825752867080887901187837547117239568812916235840891581945486392410711419332705070436166655,-1.947696358814280770429003414063393897083615386385599424564513532446621697246874124615425640555983721,-0.001487689079294344549567313638083325501606367351184935944777121606395563292957591462175007166980529278,0.01190688004738994181851091270912300175962678454987499524084085826351568046278901879547399026449327658,-0.0001634982016177397027950369958828265644632183153672048431600371492477285996837796431091205036716843888,-0.00008115401495059503210120847558597474571181730776606664269018806385194257071861975467583779021320708693,-0.001651187280912084252362350633966152066069585666552140787937158755643291892641371105284127670652213666,0.01182572603243934678640970423353702701391496724210892859815067019966373789207039904401537596769758757
29,2,1017/3200,2231/6400,4169/8631,2183/4217,18211073/36396927,6,6/10,7/10,-4.477094619778448460669843170758395224726480951854005328593132895788060289813145487094435164431354312,-4.477094619778448460669843170758395224726480951854005328593132895788060289813144997936450598535076702,-0.6905924417887784406565692792499270736216022989422311560815910113335417225875130481144642047527567884,-0.3534655946675407490517132468459571177502717691675882353880333391176589583726663043168888401093785040,-0.4477094619778448460669843170758395224726480951854005328593132895788060289813145494473973724692720569,-0.4477094619778448460669843170758395224726480951854005328593132895788060289813144993719571421242867412,-0.00002877468507453243502735705330208029473423342912259296483673295880556423844114637713294352584245211958,-0.00001472773311114753121048805195191487990626132371531617647450138912990245659886109591981842773562494638,-0.4477382366629193785020116741291416027673823286145231258241500225376115932197556962004950534358856711,-0.4477241897109559935981948051277914373525543565091158490357877909679359314379133603681269461386122183,-0.1688181259164331361111377521418907663705160150472893018783693645812103981113612445229178865228181732,-0.02825673692542345031184070130912053902151818546061079186065720184279550201802505900381130957977518744,-4.528545283823633177064055851726318297726655730821353598651611724732275737835164046635022638587352079,-1.997735670560971591136207578253510292634443512309491462174601698809999561063478789897682160140778341,-0.01688181259164331361111377521418907663705160150472893018783693645812103981113612447205840979583904836,-0.002825673692542345031184070130912053902151818546061079186065720184279550201802505896263084886403095610,-0.0001886893868259847157110023271552632624052773221175563999438171551971781557431318360966367858630456109,-0.00008323898627337381629734198242722959552643514634622881092394173745041664837764494905916677346959484348,-0.01707050197846929832682477754134433989945687882684648658778075361331821796687925631304522629169672145,-0.002908912678815718847481412113339283497678253692407307996989661921729966850180150842877161804875376717
29,2,1017/3200,2231/6400,4169/8631,2183/4217,18211073/36396927,7,7/10,8/10,-4.505319092032932639173139928799577820420763378907445564982010252301934447615837286147785111971357854,-4.505319092032932639173139928799577820420763378907445564982010252301934447615836780122283836906243085,-0.8074574925414261838101914543544262948631934870231823745119149087913644188158229600826381912761792189,-0.3867466003451374134246946466080056411226504129125859107449488558194719876691448617756356840491268544,-0.4505319092032932639173139928799577820420763378907445564982010252301934447615837292473103877909671788,-0.4505319092032932639173139928799577820420763378907445564982010252301934447615836775905404659614033795,-0.00003364406218922609099209131059810109561929972862596593227132978786630685078399262349034539272230366351,-0.00001611444168104739222602894360866690171344376720469107961437286899247799948621436911616638579674511960,-0.4505655532654824900083060841905558831376956376193705224304723550180597516123677220318549412641704373,-0.4505480236449743113095400218235664489437897816579492475778153980991859227610698919302190373824298343,-0.3560082744265564295044535988154380385369624426317598748306922585093066864686113024559692959722939513,-0.2068092442734106836872949723915709037646354155686996323739190723507912727801039618586693777009413869,-5.331097097593071506842721506637157587681370372462436504563490408711403451142249262013350220295018477,-2.078762561636865397769762071164177798114241702110888792961716830168178365760385359228809238903836307,-0.03560082744265564295044535988154380385369624426317598748306922585093066864686113027195242445530570319,-0.02068092442734106836872949723915709037646354155686996323739190723507912727801039614633369548297967660,-0.0002221290457330446461184467294432148994867237655192681876901454336963084771309270534157348989703259097,-0.00008661510673486939157374008629850740825476007092128703304007153459034076524001605607104774749389294720,-0.03582295648838868759656380661098701875318296802869525567075937128462697712399205738199129283842434720,-0.02076753953407593776030323732545559778471830162779125027043197876966946804325041218258664651102165821
29,2,1017/3200,2231/6400,4169/8631,2183/4217,18211073/36396927,8,8/10,9/10,-4.539485899879893023275695908578492414196095734632666676047937627091963179876199307091386588967332189,-4.539485899879893023275695908578492414196095734632666676047937627091963179876198801065885313902217421,-0.9544972080944568114725256015623937552498171924537200010142088663902257527048159002211451056448374009,-0.4320159136609938792714558112481248534631606086754845415786340663637293689041561675404694540548065062,-0.4539485899879893023275695908578492414196095734632666676047937627091963179876199314470925149228698447,-0.4539485899879893023275695908578492414196095734632666676047937627091963179876198792632126959317798841,-0.00003977071700393570047802190006509973980207571635223833337559203609959273969603399599800395193713603170,-0.00001800066306920807830297732546867186889429835869481185589910975276515539037100650687301156241959506526,-0.4539883607049932380280476127579143411594116491796189059381693547452959107273159656856691702784878434,-0.4539665906510585104058725681833179132885038718219614794606928724619614733779908853304521171186956344,-0.5808964808984177906847054868881158858725059636819022967005114396429918473548527988876029064910573207,-0.4207302414675285749936346487141189269679733512060122619573626022009537567758987171652947769232394622,-6.406128570380216427453737343304158825145464008135888923198030011258282839682958157631075293677308187,-2.199717413242241993486588241562633273980740731620073301462185928900490516444878421136065531802893133,-0.05808964808984177906847054868881158858725059636819022967005114396429918473548527992829353293622019417,-0.04207302414675285749936346487141189269679733512060122619573626022009537567758987163746299311809502204,-0.0002669220237658423511439057226376732843810610003389953717999179171357617849867899246580993959774467713,-0.00009165489221842674972860784339844305308253086381750305422759108037085377151853660027977784121455263817,-0.05835657011360762141961445441144926187163165736852922504185106188143494652047206990494196398582473301,-0.04216467903897128424909207271481033574987986598441872924996385130046622944910840822551732168432300600
29,2,1017/3200,2231/6400,4169/8631,2183/4217,18211073/36396927,9,9/10,10/10,-4.580548790620011808543077436867532917331786953467070943204357367477106116771559816093078345295174557,-4.580548790620011808543077436867532917331786953467070943204357367477106116771559301633818715645641209,-1.141274144741212491585611267165583407549006796174325574183597899151355698409039791994066003579038816,-0.4923411961949714321600967570436578059301149017645876966623706449895307330080392879575321825364533879,-0.4580548790620011808543077436867532917331786953467070943204357367477106116771559820309957522587383846,-0.4580548790620011808543077436867532917331786953467070943204357367477106116771559293200060361061222629,-0.00004755308936421718714940046946523264198120861650726356559098324579797315410037665818540799387594019365,-0.00002051421650812380967333736487681907524708812090685782069426544354123044720866830352153769540566761912,-0.4581024321513653980414571441562185243751599039632143578860267199935085848312563588854317933510829273,-0.4580753932785093046639810810516301108084257834676139521411300021912518421243645971741779684759031812,-0.8495093299580028442087506660081184074032735644275171267437399066689882371910065451292711257443381809,-0.6754920839434716245260286316090038791195934701653745606585832596360145797743988199085296336453081225,-7.868288488810316626640443697075532298290854446265307733197299397717511911403107773090687852929569559,-2.371754276036446044417748277809420032467583062743223765733203572062735812034623798151250623955046907,-0.08495093299580028442087506660081184074032735644275171267437399066689882371910065461834909200673905033,-0.06754920839434716245260286316090038791195934701653745606585832596360145797743988191178647879030188807,-0.0003278453537004298594433518207114805124287856019277211555498874749048963296417961588428582382155369596,-0.00009882309483485191851740617824205916801948262761430099023888348216928065883477599100796143505490635336,-0.08527877834950071428031841842152332125275614204467943382992387814180372004874245084513971042593256901,-0.06764803148918201437112026933914244707997882964415175705609720944577073863627465784012292657358354235
30,2,2231/6400,607/1600,993/2207,4169/8631,8885783/19048617,0,0/10,1/10,-4.414585399804265297583214890290620978721244162310427252702485820994813630223676977682742395949421287,-4.414585399804265297583214890290620978721244162310427252702485820994813630223676463223482766299887938,-0.2711914160557538834294334129005720923806748783778604363016695547783006569267107708352333446418827301,-0.2483803215378384118899413330492337371673457566233813418086182587067353559524514207155145643283052693,-0.4414585399804265297583214890290620978721244162310427252702485820994813630223676980845401778918578254,-0.4414585399804265297583214890290620978721244162310427252702485820994813630223676459006603589007678649,-0.00001129964233565641180955972553752383718252811993241085151256956478242919403861294884039501132633315940,-0.00001034918006407660049541422221038473904863940652597422257535909411278063983135214245590275912490093767,-0.4414698396227621861701310487545996217093069443509751361217611516642637922164063113651406595443986223,-0.4414688891604906063588169032512724826111730556375686994928239411935941436621989977213456539657396956,0.3456306360683069796920197981364898839840050894926468722855211959181563108970714003077469015609262801,0.4633905518955533834840325645196167205000840476570674636666256639924390967847475082464371312448166875,-2.531689541475845833800388377800336905025085002889609211062308717350814368686859150852621592988345250,-2.056477276461384621427358758677623742435313487423071519402965978802703540906002619628257950492193959,0.03456306360683069796920197981364898839840050894926468722855211959181563108970713997806370043994001189,0.04633905518955533834840325645196167205000840476570674636666256639924390967847475087735470284063428487,-0.0001054870642281602430750161824083473710427118751204003837942628632229505986952857984007164176701619718,-0.00008568655318589102589280661494490098926813806197596131330845691578344598087108344187778529339187640649,0.03445757654260253772612696363124064102735779707414428684475785672859268049101185412986036434416667013,0.04625336863636944732251044983701677106074026670373078505335410948346046369760366749004102799560351500
30,2,2231/6400,607/1600,993/2207,4169/8631,8885783/19048617,1,1/10,2/10,-4.417178631174025884651879921269295560156984877524909467728546447803842421937606949847476737956472742,-4.417178631174025884651879921269295560156984877524909467728546447803842421937606426954458753722520815,-0.2967927390304693678845438639288513937958761265274614298664694274662252391158815211481815756955053502,-0.2368403900965288727581039346291085216153333184639582449558136215477151077062397142509589670461500146,-0.4417178631174025884651879921269295560156984877524909467728546447803842421937606955118575709571734354,-0.4417178631174025884651879921269295560156984877524909467728546447803842421937606422737579576430311525,-0.00001236636412626955699518932766370214140816150527197755957776955947775938496316173010064626059260558624,-0.000009868349587355369698254330609546188400638888269331593539825567564488129487759988026013782032260536521,-0.4417302294815288580221831814545932581571066492577629243324324143398620015787238575491226302518035791,-0.4417277314669899438348862464575391022040991266407602783663944703479487303232484020567181459546308110,0.3227388560879195787613145893335379569814304162390678605345727830460046321739117710978790449984874852,0.4404791853133670232932800644374081070949615381340234702314829364547855433419727238655021304282404896,-2.660564131447748333530616064291028395772402482867918050061413698465746410472682088404119720691028017,-1.993955442171964222691514745985237517658349145957592288385235034602288126325914825819980653756894175,0.03227388560879195787613145893335379569814304162390678605345727830460046321739117704389916735465797837,0.04404791853133670232932800644374081070949615381340234702314829364547855433419727246561669761705297314,-0.0001108568388103228472304423360121261831571834367861632520858922374360727671030284207932047782290078563,-0.00008308147675716517594547978108271822990243121441489967868271812644176200526357978389612595415622370847,0.03216302876998163502890101659734166951498585818712062280137138606716439045028814855889018164781530976,0.04396483705457953715338252666265809247959372259898744734446557551903679232893369269394602093788331812
30,2,2231/6400,607/1600,993/2207,4169/8631,8885783/19048617,2,2/10,3/10,-4.422429191669066135301334377493807598651046600773483395627732045531689995270155272789893494821192462,-4.422429191669066135301334377493807598651046600773483395627732045531689995270154758330633865171659113,-0.3308928214821514586906628226171858014147277745353012988034066607359243706613472114960912086137897278,-0.2290349187992186234104314405211999855539876629834295732960553156319907091867569306081317804292523318,-0.4422429191669066135301334377493807598651046600773483395627732045531689995270155277006772672113401751,-0.4422429191669066135301334377493807598651046600773483395627732045531689995270154749896875510587240534,-0.00001378720089508964411211095094238274172561365727230422078347527753066351544422280053549824490331952270,-0.000009543121616634109308767976688383332731416152624309565554002304817999612882781538714211577809619337088,-0.4422567063678017031742455487003231426068302737346206437835566798306996630424597505454335023732672806,-0.4422524622885232476394422057260691431978360762299726491283272068579869991398982560310029244367182909,0.2766811139912158175788272059348989214688251529368761311143030790410416678383615812022990636699962448,0.3943122594477279599594026598272589722533024542364033757040400751095208500665552132692111285320519592,-2.840069477094446001333531307183184540514405850889013942537120022021812681644718696763538422657000139,-1.946909253084790103994565733793590039250178895847007527093400064424910767520390693648228854924275178,0.02766811139912158175788272059348989214688251529368761311143030790410416678383615808069666407988516239,0.03943122594477279599594026598272589722533024542364033757040400751095208500665552136645435514031965801,-0.0001183362282122685833888971377992993558547669104537089142723800009175755284018632794570023578341008611,-0.00008112121887853292099977357224139958496875745399362531362889166935103794864668294504190947563294983978,0.02754977517090931317449382345569059279102774838323390419715792790318659125543429478901421244706449285,0.03935010472589426307494049241048449764036148796964671225677511584160104705800883846349372895858784458
30,2,2231/6400,607/1600,993/2207,4169/8631,8885783/19048617,3,3/10,4/10,-4.430467689635386928067038324200940597350336488717955303739976932259652609515730722275955224575947719,-4.430467689635386928067038324200940597350336488717955303739976932259652609515730233117970658679670109,-0.3737177734616750236242680160306778647891351591074344089244129772296747811684074087528919080926128840,-0.2269084120847956637932134853276190356548910527452949384311624056895398485962411580795088061340369498,-0.4430467689635386928067038324200940597350336488717955303739976932259652609515730726492834401868157009,-0.4430467689635386928067038324200940597350336488717955303739976932259652609515730225738432098418303852,-0.00001557157389423645931767783400127824436621396496280976703851720738456978254868364211012812728938637928,-0.000009454517170199819324717228555317459818953793864387289101298433570397493691510048196132081365910851678,-0.4430623405374329292660215102540953379793998628367583401410362104333498307341217564017443341383259572,-0.4430562234807088926260285496486493771948526026656599176630989916595356584452645323819540387269140098,0.2063449149017067982509839022015810947605191887981332752922345837730810205678827301551037791349945968,0.3247745087815086424085313909761038705587647900263747593621068283545667890672224218346806314446517132,-3.077726658339748335888075064944542855819422091834794665869526718349398592165347110486137896067810089,-1.919373616251234491495982528886066436419314953147891862548334929301518804091390514875340368117230012,0.02063449149017067982509839022015810947605191887981332752922345837730810205678827296938826191186592057,0.03247745087815086424085313909761038705587647900263747593621068283545667890672224222300130543157963341,-0.0001282386107641561806620031277060226189924759204931164444112302799312249413402227968522729237853438900,-0.00007997390067713477047899927203691943485080478971449549427284728872089661683714127088038760755007523289,0.02050625287940652364443638709245208685705944295932021108481222809737687711544805015194575863020846101,0.03239747697747372947037413982557346762102567421292298044193783554673578228988510098879726564898926422
30,2,2231/6400,607/1600,993/2207,4169/8631,8885783/19048617,4,4/10,5/10,-4.441496268320572127083044822367049211099448556855137684957727132775051957617556689003124320261742775,-4.441496268320572127083044822367049211099448556855137684957727132775051957617556174543864690612209426,-0.4268203471133134617961063111000420333430384814106422886516972212143179710873598515414968357869251215,-0.2305417876536806290417691889161425919760505707264376354445537637580196073076676706949861345397787146,-0.4441496268320572127083044822367049211099448556855137684957727132775051957617556694274223291877004387,-0.4441496268320572127083044822367049211099448556855137684957727132775051957617556167164326130350843169,-0.00001778418112972139424150442962916841805595993672544342869382071755059658212863999390293861061628757842,-0.000009605907818903359543407049538172607999002107113601568143523073489917483637819486222806481567377030993,-0.4441674110131869341025459866663340895280008156222392119244665339950557923438843096290935610032200435,-0.4441592327398761160678478892862430937179438577926273700639162363509951132453934358198540821523683060,0.1100529644451730665246359007116956866835592114397257532999665922507695674177108852950846496823504375,0.2313721450338629184235593804410450030772081596159511347718350883703658072479120832411802635840310747,-3.392069584340889559017477843711693255950984386567878167195935910701646663586645464887722064532593344,-1.908153068633749742343669098272471536470474961336554319432816457565724685123632156983911618911340617,0.01100529644451730665246359007116956866835592114397257532999665922507695674177108850644740696741827419,0.02313721450338629184235593804410450030772081596159511347718350883703658072479120834388464750196033851,-0.0001413362326808703982923949101546538856646243494403282569664973296125686109827768950546037415821413669,-0.00007950637785973957259765287909468631401960312338902309664303401906523852854681800607222540630708402555,0.01086396021183643625417119516101491478269129679453224707303016189546438813078831159569275257795864462,0.02305770812552655226975828516500981399370121283820609038054047481797134219624439034270260180564788196
30,2,2231/6400,607/1600,993/2207,4169/8631,8885783/19048617,5,5/10,6/10,-4.455796665777504602158260388300667377194711272393823927248849513018707807345729357473883971911699673,-4.455796665777504602158260388300667377194711272393823927248849513018707807345728868315899406015422064,-0.4922807818782949096272150989725193140770677575990034885912881686104117622368576324083640882514301740,-0.2402447063575432799923343064531426685077420349156114356649218130621663356053637555165654608052386504,-0.4455796665777504602158260388300667377194711272393823927248849513018707807345729360636543354880856641,-0.4455796665777504602158260388300667377194711272393823927248849513018707807345728859882141051431003484,-0.00002051169924492895456780062912385497141987782323329181202463700702543382342653573476372635752670410693,-0.00001001019609823096999968059610221427785448925145481714315270507554425693065022348974665804568967733667,-0.4456001782769953891703938394591905926908910050626156845369095883088962145579994719898106874690205184,-0.4455896767738486911858257194261689519973256164908372098680376563774150376652231090750517789906471498,-0.01349316579375883381015259296425556365659949044159844010366913455012702913579101396849836244994626789,0.1125620951106013036674759862845895353742307582735521515679991811983437456486250000462595747082773575,-3.803346475252015618083691563724176242280113210830889831225703578444544857845274275051960018083814947,-1.909992563520716356169423744975487096891779477501896241920495426533790458945587098118349897769470678,-0.001349316579375883381015259296425556365659949044159844010366913455012702913579101397673445459309511416,0.01125620951106013036674759862845895353742307582735521515679991811983437456486250002109814175712542829,-0.0001584727698021673174201538151551740100950047171179537429677376491018560357435530953676127533928619129,-0.00007958302348002984817372598937397862903715747822924567674668730943890793578939946196312211643844216927,-0.001507789349178050698435413111580730375754953761277797753334651104114558949322654494070569730595979112,0.01117662648758010051857387263908497490838591834912596948005323081039546662907310057457769240909107287
30,2,2231/6400,607/1600,993/2207,4169/8631,8885783/19048617,6,6/10,7/10,-4.473742019155372292587635498632753043500324713860614103213696085954620493338467564163092817674826967,-4.473742019155372292587635498632753043500324713860614103213696085954620493338467091872624960947386516,-0.5728869700438730375365182048359514491946470522479947158714128435826397945906340412506177466937703087,-0.2566015147671732070342898645406331381848477455671651142356456924723921814986173791519564067109327759,-0.4473742019155372292587635498632753043500324713860614103213696085954620493338467568379971994967036257,-0.4473742019155372292587635498632753043500324713860614103213696085954620493338467083438866606362967937,-0.00002387029041849470989735492520149797704977696051033311316130886848260999144127641848925148416651234605,-0.00001069172978196555029309541102252638075770198939863187975981857051968300756244239073571273678039238242,-0.4473980722059557239686609047884768023270822483465717434345309174639446593252880332763688921701903997,-0.4473848936453191948090566452742978307307901733754600422011294271659817323414091506139764923699202583,-0.1662224781172892181740511810850244405207841970840198156781346382811156761607325189251828855698771016,-0.03371860304956876669037724351022241522080850739997325503852433465972515765553984987228841566008425076,-4.339970940850024261101869730917722937822359082160668590743727662643392110458350576282084440421437385,-1.929612672523815119825705877136770858654582065725710494549426920716329759400280527832443049405863184,-0.01662224781172892181740511810850244405207841970840198156781346382811156761607325192546265712958309523,-0.003371860304956876669037724351022241522080850739997325503852433465972515765553984983934404708748886568,-0.0001808321225354176775459112387882384557425982950900278579476553192768080046024312746500506594449288102,-0.00008040052802182562999273774488069878577727425273857127060622612169651373997501168814149766305212938825,-0.01680307993426433949495102934729068250782101800349200942576111914738837562067568320474550961954925007,-0.003452260832978702299030462095902940307858124992735896774458659587669029505528996669244745697593600051
30,2,2231/6400,607/1600,993/2207,4169/8631,8885783/19048617,7,7/10,8/10,-4.495813511121791633610948423287487239794869173040906022551213317510323885389581613913760028964446551,-4.495813511121791633610948423287487239794869173040906022551213317510323885389581099454500399314913203,-0.6724003016583125484010939876361057658077782588063852058258874977938265719901232933807618935507366082,-0.2805437046601472970790238825199279978331530978234212453144029872679732265373174371192671945582655964,-0.4495813511121791633610948423287487239794869173040906022551213317510323885389581621293298589225812808,-0.4495813511121791633610948423287487239794869173040906022551213317510323885389581094183401427699651591,-0.00002801667923576302285004558281817107357532409411693271690941197907474277383292180399767689887940895873,-0.00001168932102750613737829266177166366657638137907597588522143345780283221777238822647075255497518654022,-0.4496093677914149263839448879115668950530622413982075349720307437301071313127910839885672632034394751,-0.4495930404332066694984731349905203876460632986831665781403427652088352207567304972273278887016161127,-0.3508810487075786443887538719791250747293503734524208421042050929777609257208801319296012531747629858,-0.2100783782295757363808019548851734574336001721110845923931970264296574237152651753087217164031151421,-5.044630980490298386830009407038880443566594859675700844526561424202348586020207726012324604251774621,-1.971138769616587717231985416065933162742368441176048195274863380820912005881990458609510119689626790,-0.03508810487075786443887538719791250747293503734524208421042050929777609257208801321931562017555260664,-0.02100783782295757363808019548851734574336001721110845923931970264296574237152651750451667678223520615,-0.0002101929575204290994512503919599533518152747858198208685219400593417645244175086560027432742514185684,-0.00008213078206735782155133272566941388178093201838233534146978597420087133357841626854181191246698886471,-0.03529829782827829353832663758987246082475031213106190507894244935711785709650552187737738648559123677,-0.02108996860502493145963152821418675962514094922949079458078948861716661370510493374577643347052164175
30,2,2231/6400,607/1600,993/2207,4169/8631,8885783/19048617,8,8/10,9/10,-4.522623518228686508897742557232363279622913914289522191972869769311547404794390089279494284577452592,-4.522623518228686508897742557232363279622913914289522191972869769311547404794389583253993009512337823,-0.7959508616359303639269155531863467459892713408689631326414733279442558404166016503671495364652171220,-0.3134662556526145807522558699264065857176458221796430618525664123362877763223298097702904388015768896,-0.4522623518228686508897742557232363279622913914289522191972869769311547404794390094550593256192714204,-0.4522623518228686508897742557232363279622913914289522191972869769311547404794389577982894037897076211,-0.00003316461923483043183028814804943111441621963920287346386006138866434399335069173556923276640519815123,-0.00001306109398552560753134399458026694107156857592415179424385693384734532401343040866119927771883695864,-0.4522955164421034813216045438712857590767076110681550926611470383198190844727897014562425300022269107,-0.4522754129168541764973055997178165949033629600048763709915308338650020858034523877632472249727494529,-0.5712602802695105305553163186929125502434550180501118438235249728318344123361273897775732429568968977,-0.4199455445165243238220389765119211813976604605658562641353683748466506149787168651609523809723183271,-5.977348413372295826428797056268888346612905605874839257439911784918976294239522834222056648889126956,-2.040398347834935229975815259301670159239049637150010344707540464688719622439598174594258520757527614,-0.05712602802695105305553163186929125502434550180501118438235249728318344123361273904364606144088045992,-0.04199455445165243238220389765119211813976604605658562641353683748466506149787168647656199581011737062,-0.0002490561838905123261011998773445370144422044002447849690599963243716240122599801190520904283805542135,-0.00008501659782645563458232563580423625663496040154791709769614751936202998426831659009024981153107994143,-0.05737508421084156538163283174663579203878770620525596935141249360755506524587271918071460343239911535,-0.04207957104947888801678622328699635439640100645813354351123298500402709148214000301762175958196547511
30,2,2231/6400,607/1600,993/2207,4169/8631,8885783/19048617,9,9/10,10/10,-4.554947767801649299297973158175166003390993378479729399327785058467849469344291093970564195909276529,-4.554947767801649299297973158175166003390993378479729399327785058467849469344290613246337984597417499,-0.9506357279422726170383482176560653232593438431856678360167106971605309469730055217218682581000443485,-0.3574114858645160392673295692122810594956839089012910054062803298428599761203477055993967882307145079,-0.4554947767801649299297973158175166003390993378479729399327785058467849469344291099241663167524538141,-0.4554947767801649299297973158175166003390993378479729399327785058467849469344290609029458807305208209,-0.00003960982199759469237659784240233605513580599346606949316736294571502212279054189689901497421223768343,-0.00001489214524435483496947206538384504414565349620422045855859501374345249900501448763357427121367004421,-0.4555343866021625246221739136599189363942351438414390094259458687924999690572196523219226851819052656,-0.4555096689254092847647667878829004453832449913441771603913371008605283994334340750315855714887407367,-0.8324149513458896364026628850093508580761542585000436011613826974315454995386472462896778057254476736,-0.6678907610623687911913921335344150396781068996711389645992679260205432676260604839355798438343131236,-7.228687555186423987433895876803795542386853320183226396595684722487810345262668765999490882981478426,-2.143157726795072595195500651450457289997471846909834980987184198944777427698964754398079068647199689,-0.08324149513458896364026628850093508580761542585000436011613826974315454995386472478710074972100261573,-0.06678907610623687911913921335344150396781068996711389645992679260205432676260604823542501523497346399,-0.0003011953147994343328097456615334914809327855550076344331914868634369920977192778668066002018460268793,-0.00008929823861646135813314586047710238708322799362124312420779934162269905948745686423364283209737672637,-0.08354269044938839797307603416246857728854821140501199454932975660659154205158400271876657555014580697,-0.06687837434485334047727235921391860635489391796073513958413459194367702582209350499143125974850553272
31,2,607/1600,105/256,151/361,993/2207,345865/796727,0,0/10,1/10,-4.427656187797394233276932372233239257278472522212254712088705711706208467557990769833638364495343508,-4.427656187797394233276932372233239257278472522212254712088705711706208467557990272241895444014647319,-0.1964517653274993965237799411826991239232130468935139367580598866339743105288290509054291051793752543,-0.1742599942206106417740308913790470554225272701549761882149123324348568142566268960848271202152784124,-0.4427656187797394233276932372233239257278472522212254712088705711706208467557990772996297747464500475,-0.4427656187797394233276932372233239257278472522212254712088705711706208467557990266970796472399385706,-0.000008185490221979141521824164215945796830133876953896414031585828609748929605367877153532055176034784687,-0.000007260833092525443407251287140793627309271969589790674508954680518119033927359453956048244579460700414,-0.4427738042699614024692150613875398715246773860981793676229021569992305956854044456793940470607778434,-0.4427728796128319487711004885104647193551565241908152618833795258511389657897263861140537114276836611,0.3472249466909876534324476324613273757199365181831751831300758373170140742599000516338721079787314392,0.4576249857991894460716176857051552016539176963046610666790556871865459533706958096001912356069945260,-2.535666733223904398995892656969322061073584017416272155771660009113827176193829561877040206296831258,-2.080162362271096907202878739853741090787673598404726987716060231507741408495910212058818039964973418,0.03472249466909876534324476324613273757199365181831751831300758373170140742599000509749847365268237377,0.04576249857991894460716176857051552016539176963046610666790556871865459533706958101273011327685206872,-0.0001056527805509960166248288607070550858780660007256780064904858337130761323414095654855533991756046575,-0.00008667343176129570446678661416057254544948639993353029115483584297948922535399625822391107286377418837,0.03461684188854776932661993438542568248611558581759184030651709789798833129364859550588906548695652235,0.04567582514815764890269498195635494761994228323053257637675073287567510611171558480379406612314467142
31,2,607/1600,105/256,151/361,993/2207,345865/796727,1,1/10,2/10,-4.429505543418823671140938182463717117577923831237767694177824678166643214654896514017230432722860838,-4.429505543418823671140938182463717117577923831237767694177824678166643214654896016425487512242164648,-0.2200767880336319681423734489687033593518403723664547955889155386533134655833154937833575331268113992,-0.1626788579623607608819430423469594307242641314750605916982818780370700141635101458257975694610221104,-0.4429505543418823671140938182463717117577923831237767694177824678166643214654896517179889815692017805,-0.4429505543418823671140938182463717117577923831237767694177824678166643214654896011154388540626903036,-0.000009169866168067998672598893707029306639660015515268949816204814110554727732638145621749886329880808162,-0.000006778285748431698370080960097789976280177672144794191320761744918211250590146256035580779023727427110,-0.4429597242080504351127664171400787410644320431392920383675986726307748761932222903629559898688646415,-0.4429573326276307988124638992064695017340725607959215636091032295615825327160797469341894176164049744,0.3241867692227832609246814449931150044138125299080007574062247116420285570152792079217884546730225269,0.4345747413171881480593042370860810725442627422978557868474721334179309041668884075665942160008548434,-2.657732233551747608409398854353548447171676675867927814979606891745985838210246003755472848671303010,-2.015235760924865405008210791977296554813933701643895125969616621842421816676191648750746782726271501,0.03241867692227832609246814449931150044138125299080007574062247116420285570152792072629010832211148254,0.04345747413171881480593042370860810725442627422978557868474721334179309041668884083572590617431440853,-0.0001107388430646561503503916189313978519654865281611636589574836204894160765920935839925561599326817831,-0.00008396815670520272520867544966572068978391390423516229691540069257676757569484131814098205143315391694,0.03230793807921366994211775288038010258941576646263891208166498754371343962493582708657524125618738772,0.04337350597501361208072174825894238656464236032555041638783181264921632284099399957922692625676090090
31,2,607/1600,105/256,151/361,993/2207,345865/796727,2,2/10,3/10,-4.433259121000480257513294028083890986451122121891831817425056287442831465451131708298953240472217493,-4.433259121000480257513294028083890986451122121891831817425056287442831465451131202273451965407102724,-0.2511949885290553202101479298630682932049489771036627481080714006090293946649649600099225874838241514,-0.1542020936666433456311216991308165162093039890591021844111532674770512268018166387225051309847220100,-0.4433259121000480257513294028083890986451122121891831817425056287442831465451131711461612623441374460,-0.4433259121000480257513294028083890986451122121891831817425056287442831465451131194893913405145736467,-0.00001046645785537730500875616374429451221687287404598594783783630835870955811104020670577258235932735701,-0.000006425087236110139401296737463784021508720999544129257683798052811543801116742359906341271890416606622,-0.4433363785579034030563381589721333931573290850632291676903434650526418561032242118051764858660656394,-0.4433323371872841358907306995458528826666209331887273110001894267970946903462298614926604144823986410,0.2778854002318146841779444445767122628392530293768093712221567975134096793938935057258475700336276584,0.3881805021134878254235135070722724290902529358272851933536186903325539054536036658623704623395424950,-2.822581785209304442470846403226508112280753939965989903486725436295190004274858166956707682567440741,-1.961641768923477093349226792972774605085713360668817847453303100207397603179724498238955870185738500,0.02778854002318146841779444445767122628392530293768093712221567975134096793938935052646264100172922673,0.03881805021134878254235135070722724290902529358272851933536186903325539054536036662577028852106871159,-0.0001176075743837210184362852668011045046783647474985829126452802265122995835114524241623170183105949263,-0.00008173507370514487888955111637386560854523805669453407697722096250864156679915518694824347594317695006,0.02767093244879774739935815919087012177924693819018235420957039952482866835587789809264865350316607759,0.03873631513764363766346179959085337730048005552603398525838464807074674897856121148437792971191759056
31,2,607/1600,105/256,151/361,993/2207,345865/796727,3,3/10,4/10,-4.439028471253198928234435884446286556188694431374681935408496724329571327031994847938610283555347315,-4.439028471253198928234435884446286556188694431374681935408496724329571327031994325045592299321395388,-0.2897354116213517894630633766237071278296457492144687195813101034446024833066071830398626571100306380,-0.1503097252614903118101949311789396352534177849074793215255583648685617702660163279149161406391511291,-0.4439028471253198928234435884446286556188694431374681935408496724329571327031994851101269666524504283,-0.4439028471253198928234435884446286556188694431374681935408496724329571327031994318720273533383081453,-0.00001207230881755632456096097402598779699290190621726952998255458764352510347110863268401331485557423211,-0.000006262905219228762992091455465789151468892407704478305063564931869523407094417346956475475248429605781,-0.4439149194341374491480045494186546434158623450436854630708322270206006578066705938959669043714469504,-0.4439091100305391215864356799000944447703383355451726718459132373648266561102938490315483880870519719,0.2072223499153009955853351291534696784392255304821965595039911539866025632218291606761906227501144171,0.3184822784219795372191650547565744151850367895798063989523527771351334117586892475299554760696581792,-3.039324284225534901887331044861546857124174710843427435604254010763146435008099083551680451647129963,-1.922316789082906686161625334490946927748029398657536586498462587338358860474284507943428220566528310,0.02072223499153009955853351291534696784392255304821965595039911539866025632218291603467469370241605664,0.03184822784219795372191650547565744151850367895798063989523527771351334117586892479252878989408028001,-0.0001266385118427306209119721268692311190468406129518094764835105837817977681253374625140348433076866108,-0.00008009653287845444525673438893712278865616789161073069110410260780576495251976185397533733244558267868,0.02059559647968736893762154078847773672487571243526784647391560481487845855405757854668024879124162688,0.03176813130931949927665977108672031872984751106636990920413117510570757622334916300058152151472444580
31,2,607/1600,105/256,151/361,993/2207,345865/796727,4,4/10,5/10,-4.446985607095363670411111702965125444566658049503336143555590345766297874953639423293433464688832600,-4.446985607095363670411111702965125444566658049503336143555590345766297874953638891966657125870462093,-0.3369179115646631504794331387986046584321827790285938199968994880785379267066701061518279122230732069,-0.1511805645374914940814281286473911832324844622992834051180308130788607986451931349970404742984092613,-0.4446985607095363670411111702965125444566658049503336143555590345766297874953639429618752230627146535,-0.4446985607095363670411111702965125444566658049503336143555590345766297874953638886695558154255200481,-0.00001403824631519429793664304744994186076800761579285807583320414533660574694611125447991623735282867007,-0.000006299190189062145586726172026974632634686852595803475213251283878285866610216380587749927315062227315,-0.4447125989558515613390478133439624863174338125661264724313922387219663932423100546280149714003060073,-0.4447048598997254291866978964685395190893004918029294178307722858605080733619741046714522310013926016,0.1108406593029390795197301670397819938713382887422884924366145502992658609793523364134242457349124193,0.2250987438549258184063457766270223938263070393146687130333414634552755923910290635178755527019434611,-3.322489239670881087328712312511139380621052055305548101032387450281235610575874200020528027450395392,-1.894211885306732351360297442856992259295749691614109277599029682521233457695361564410238569230930894,0.01108406593029390795197301670397819938713382887422884924366145502992658609793523362157580342993401089,0.02250987438549258184063457766270223938263070393146687130333414634552755923910290638473192384278973119,-0.0001384370516529533786386963463546308075258771689710645042096828104283848171073280923483722849774044329,-0.00007892549522111384797334572678570801080398957048392121989995957010505139407064006460311544429262845861,0.01094562887864095457333432035762356857960795170525778473945177221949820128082790552099133900180776019,0.02243094889027146799266123193591653137182671436098295008343418677542250784503226634432232906899683865
31,2,607/1600,105/256,151/361,993/2207,345865/796727,5,5/10,6/10,-4.457369042540312486952447394238328776383771222974550957790265927279475551383680491894183472018799080,-4.457369042540312486952447394238328776383771222974550957790265927279475551383679985868682196953684311,-0.3943754824142516319386231260077413623042937544920540178559801403239909316834750505228963028918570285,-0.1569648105335907257883247567202157502135878803956851711063523406046627601329023911100100598882543161,-0.4457369042540312486952447394238328776383771222974550957790265927279475551383680497165282443634060692,-0.4457369042540312486952447394238328776383771222974550957790265927279475551383679980597583225338422699,-0.00001643231176726048466410929691698922342934557310383558407733250584683295548681146051669688798040808241,-0.000006540200438899613574513531530008989592232828349820215462764680858527615005537599587909984177275679054,-0.4457533365657985091799088487207498668618064678705589313631039252337943880938548614822951063068405921,-0.4457434444544701483088192529553628866279693551258049159944893574088060827533735354346633867964736271,-0.01229101079031989779405905172742335209376808726547821450287500001175525858129066581691262287436215295,0.1065708836618378717844268732775629828570511307314348088349848353328767621423625482256810373465115202,-3.689298319911888232069261236765194237661887081661991262180020091938642332629814746910537314676618412,-1.873670684018144774867626371073592999336630836980759694496131195435510716558171004874395633957185305,-0.001229101079031989779405905172742335209376808726547821450287500001175525858129066582926676108908542236,0.01065708836618378717844268732775629828570511307314348088349848353328767621423625483904028802094884456,-0.0001537207633296620096695525515318830932359119617359163025908341704974434305262422816854446999172217366,-0.00007806961183408936561948443212806637497235961820753165393733879980981294652325712470687526645683140002,-0.001382821842361651789075457724274218302612720688283737752878334171672969288655308866156388085666172648,0.01057901875434969781282320289562823191073275345493594922956114473347786326771299772951870764342269847
31,2,607/1600,105/256,151/361,993/2207,345865/796727,6,6/10,7/10,-4.470492592180532072830508361341592303917014881686962071381870261759052847788374080391423581601177266,-4.470492592180532072830508361341592303917014881686962071381870261759052847788373591233439015704899656,-0.4642655233454646923711777048675145705270464148280180436658449507089092194352245692786829091751436909,-0.1680042048884527833406240673515011254181589713586647417256214228754820599976422423932333229065334467,-0.4470492592180532072830508361341592303917014881686962071381870261759052847788374084608302758893386555,-0.4470492592180532072830508361341592303917014881686962071381870261759052847788373583853900455443533399,-0.00001934439680606102884879907103614644043862693395116741848607687294620455080980102379715848505765142089,-0.000007000175203685532639192669472979213559089957139944364238567559286478419166568426722373104397820579698,-0.4470686036148592683118996352051953768321401151026473745566731030488514893296472097513996064485769056,-0.4470562593932568928156900288036322096052605781258361515024255937351917631980039266496748044661006729,-0.1638049616191717778818152065881054853930464864386140284480686021634612062225249330590548396368621234,-0.03872081633176884828813074237715118685811066929312394741496286582310919310225833243629185385482604511,-4.163674260936745180068932714096849958646735642873090636568966009361293310260372052818679099030542750,-1.865174815203226214285621134183908263320882193101747838286629516010429196772266032995297607591434072,-0.01638049616191717778818152065881054853930464864386140284480686021634612062225249332567210510724344339,-0.003872081633176884828813074237715118685811066929312394741496286582310919310225833237040311670963527496,-0.0001734864275390310491695388630873687482769473184530454431903735837233872212608488361710360881964500594,-0.00007771561730013442559523421392432951097170342471257282659527622983376788319884441756274787782911639694,-0.01655398258945620883735105952189791728758159596231444828799723380006950784351334217007923333858873972,-0.003949797250477019254408308451639448196782770354024967568091562812144687193424677651128458175901724373
31,2,607/1600,105/256,151/361,993/2207,345865/796727,7,7/10,8/10,-4.486757696734244600367312514930894323369708577349521902541721259769880428525897408779707987081916318,-4.486757696734244600367312514930894323369708577349521902541721259769880428525896911187965066601220129,-0.5494573081484417689369403621371832440213224718705542201428837153086555702258202364912935893163649011,-0.1848775222066013259218689645213382578603828834711070636237899387642869940765919539469877890173632797,-0.4486757696734244600367312514930894323369708577349521902541721259769880428525897414050806958697177931,-0.4486757696734244600367312514930894323369708577349521902541721259769880428525896902754206712016801550,-0.00002289405450618507370570584842238263516755510299460642583928682147119398209274250994268506059966317020,-0.000007703230091941721913411206855055760744182620144629460984324580781845291419857998025316387676574256467,-0.4486986637279306451104369573415118149721384128379467966800114127984592368346824843323616124964379008,-0.4486834729035164017586446626999444880977150403550968197151564505577698881440095481780070526571260556,-0.3460349943615075652061774951707654157245597998097918432211583181330579196465643663276251866274201140,-0.2129766239144906346622648005858444586595338683266364900442877809379618224765984280959866640421104295,-4.780086795597663394672821483415709467111287281196930157134427239804316337548109974503651933525678675,-1.871008097514156412035208897191882910673503702179561209018350486709384838307143138899045508227330302,-0.03460349943615075652061774951707654157245597998097918432211583181330579196465643668547350837889462752,-0.02129766239144906346622648005858444586595338683266364900442877809379618224765984278324317154613473489,-0.0001991702831499026414447008951423212277963036367165387565472678016585131807311712496713507056490796666,-0.00007795867072975651716813370404966178794472932092414838370909793694622436826279763032692541050506577538,-0.03480266971930065916206245041221886280025228361769572307866309961496430514538760796937611705450609950,-0.02137562106217881998339461376263410765389811615358779738813787603074240661592264038706017537087945173
31,2,607/1600,105/256,151/361,993/2207,345865/796727,8,8/10,9/10,-4.506670416693516248850107611818820455686397089679774867433615689415258063849082230300467991843999139,-4.506670416693516248850107611818820455686397089679774867433615689415258063849081732708725071363302950,-0.6538053127851566809726054167363707530700235535144783811235318429384237500348733772471874442125237578,-0.2084738890150273274550155752991476403710006967016234847221482106663387064594541175711829528620371177,-0.4506670416693516248850107611818820455686397089679774867433615689415258063849082233463127374813156107,-0.4506670416693516248850107611818820455686397089679774867433615689415258063849081727437626099748041338,-0.00002724188803271486170719189236401544804458431472976993254681382678910098958478639084406163010555946121,-0.000008686412042292805310625648970797818348791695695900978530089508777764112769143921500907004934673350558,-0.4506942835573843397467179530742460610166842932827072566759083827683149073744930102026890386089360354,-0.4506757280813939176903213868308528433869885006636733877218916584503035704976773163580669317107670939,-0.5621536581143554641870265953075229362999450177242002904903541139124179406102886177213634868730109316,-0.4190148957204823783452183551671892143727630274161840889644530484775985627022764791336170124613377045,-5.587073628896092326683200311009017618015215509446273688985637827046787809335917562648135430071804473,-1.894609013154717103740684722272855033972841476403843690216299152983975283675653150227970283854117652,-0.05621536581143554641870265953075229362999450177242002904903541139124179406102886183802508583249186331,-0.04190148957204823783452183551671892143727630274161840889644530484775985627022764783429521667190484627,-0.0002327947345373371802784666796253757340839673128935947370410682427936161587223298994642613943248530532,-0.00007894204221477987932252853009470229308220172818349348709234579804099897015315221410621631770287723512,-0.05644816054597288359898112621037766936407846908531362378607647963403541021975119177635340702730033470,-0.04198043161426301771384436404681362373035850446980190238353765064580085524038080002446529019858138904
31,2,607/1600,105/256,151/361,993/2207,345865/796727,9,9/10,10/10,-4.530864791411575433144766673575552684364606088220494563440037794224239971724260444781413123707247250,-4.530864791411575433144766673575552684364606088220494563440037794224239971724259947189670203226551061,-0.7825542785622967833481827558392116646159864118679420738065246030377533624338734447549921015596201628,-0.2401079322647713094573773272290329279603320423775240092965499253409990804430158931560445091363145558,-0.4530864791411575433144766673575552684364606088220494563440037794224239971724260448998292300999456540,-0.4530864791411575433144766673575552684364606088220494563440037794224239971724259942972791025934341771,-0.00003260642827342903263950761482663381935899943382783091974193852512657305676807806033178958297150399102,-0.00001000449717769880456072405530120970533168050176573016705402291355587496168512566215448007514416713409,-0.4531190855694309723471161749723819022558196082558772872637457179475505702291941231734629372964986063,-0.4530964836383352421190373914128564781417922893238151865110578023359798721341111195073654234910157921,-0.8163568062009024103927396269921686229747132321070318379166690530884236686491899527890413520832254833,-0.6605548872342089742987071094123660606216728700611487212161171226025819052318572880713009136586601172,-6.656217309177807303965002468767335178291634232347557358089838814888029794964859436483036817569609975,-1.936941898095033075519593801248666753150918874727504211385828378564340232172500462928223649378549332,-0.08163568062009024103927396269921686229747132321070318379166690530884236686491899538432611464062778057,-0.06605548872342089742987071094123660606216728700611487212161171226025819052318572864899712221740816336,-0.0002773423878824086376652084361986389657621514263478148899204099506203345747902024777184779408935575478,-0.00008070591242062637814664974171869444804795495311364600880774284910684750967385418538259107760263020453,-0.08191302300797264967693917113541550126323347463705099868158731525946270143970919797786463834455198878,-0.06613619463584152380801736068295530051021524195922851813041945510936503803285958273181462832486031737
32,2,105/256,1411/3200,1789/4611,151/361,671045/1664571,0,0/10,1/10,-4.440097569336753478973111847029470022480061284332473464397286226975308312333487561866691073540583337,-4.440097569336753478973111847029470022480061284332473464397286226975308312333487072708706507644305727,-0.1245057076844899598401923482699396859538933765963447840552466257176793311665517189624157637339877510,-0.1029381508160769491487671143693002807335811032146098441906027054102562942788464561427453644290521579,-0.4440097569336753478973111847029470022480061284332473464397286226975308312333487566083570250832792626,-0.4440097569336753478973111847029470022480061284332473464397286226975308312333487065329167947382939470,-0.000005187737820187081660008014511247486914745557358181032668968609404903305465272988308588967831088826823,-0.000004289089617336539547865296432054178363899212633942076841275112725427345594951935643552137960672259978,-0.4440149446714955349789711927174582497349208739906055274723975913069357345388140298127182577515637777,-0.4440140460232926844368590499993790564263700276458812885165698978102562585789436584187335980219508081,0.3485414206500877283813291373519595337993661080829789954868633898334682475417367368435461725543158442,0.4522293840936045420196492835249412311516966215223590558534551733512886628094507412830532944329293060,-2.539133691614470973971416655766699476747767275879377974701624186418715065444174645344632289083396272,-2.102087219222440848787846020473134706113948381770087217348327525588068780039919013199023888210192260,0.03485414206500877283813291373519595337993661080829789954868633898334682475417367363164362753927896830,0.04522293840936045420196492835249412311516966215223590558534551733512886628094507420737181401752185478,-0.0001057972371506029572488090273236124781978236364949740822792343411007797943935072773660235114965476558,-0.00008758696746760170203282691751971394608808118257375363405618031356616953250166329163872686329781396429,0.03474834482785816988088410470787234090173878717180292546640710464224604495978016632892588289965237822,0.04513535144189285249993210143497440916908158096966215195128933702156269674844341094713318844997901722
32,2,105/256,1411/3200,1789/4611,151/361,671045/1664571,1,1/10,2/10,-4.441230964958641432364094385284230602354928863820740613690930580433198678901393763838421804844705734,-4.441230964958641432364094385284230602354928863820740613690930580433198678901393224077887111441916647,-0.1463586225206974752299288880579940126783689240730268861271222391286839510092349246017497360611609620,-0.09132882570072968450237060173604011900639948495029342770827628293647325914943839622160110550863074724,-0.4441230964958641432364094385284230602354928863820740613690930580433198678901393771217960365106071991,-0.4441230964958641432364094385284230602354928863820740613690930580433198678901393217752568345503602712,-0.000006098275938362394801247037002416417194932038503042786921963426630361831292051455214774892548751136158,-0.000003805367737530403520932108405668338291933311872928892821178178455686385797893266486058646165275425943,-0.4441291947718025056312106855654254766526878184205771041560150214699502297214314288037768093366897116,-0.4441269018636016736399303706368287285737848196939469902619142362217755542759372150410632547335410960,0.3253692150327575628819634374286348743270789492786651220998836435316140164709703971809362050809894679,0.4290512545592807820939488996045696758474774405204770402685870571284518750388125915070518694770794435,-2.654622200122920224645292023665552109545541764353501380067077542982179084139095705668549532969718397,-2.034841970284301464215831884127940262049349674906488394696546998415656996719132572973576515715228786,0.03253692150327575628819634374286348743270789492786651220998836435316140164709703966538263079194633067,0.04290512545592807820939488996045696758474774405204770402685870571284518750388125919023842923482240645,-0.0001106092583384550093602205009860646712310642401813958908361282309575907951724623214957406656150243943,-0.00008478508209517922767565966183866417758538956978777034977902279160065237486329719002272139465431749027,0.03242631224493730127883612324187742276147683068768511631915223612220381085192457729318344787007122143,0.04282034037383289898171923029861830340716235448225993367707968292124453512901796204924619387985106440
32,2,105/256,1411/3200,1789/4611,151/361,671045/1664571,2,2/10,3/10,-4.443545309507800392987335315896306136208929495021801538759685929009947228766783869385789769668182689,-4.443545309507800392987335315896306136208929495021801538759685929009947228766783354926530140018649341,-0.1748844561234964331378990376073725473881740045094144027632984833430323676592332398641444244099892000,-0.08274579187066208090315319011843589111881821710224316297632373379798047703364391627432369776199114429,-0.4443545309507800392987335315896306136208929495021801538759685929009947228766783875711108535606496624,-0.4443545309507800392987335315896306136208929495021801538759685929009947228766783348601211374080335406,-0.000007286852338479018047412459900307189474507250187892266781804103472626348652468051690840403546041334271,-0.000003447741327944253370964716254934828796617425712593465124013488908249186543068496491075853438394799998,-0.4443618178031185183167809440495309208103674567523680461427503970044673492253308557179591218407523445,-0.4443579786921079835521044963058855484496895669278927473410926063899029720632214029596309633499508365,0.2788473175574081404967173507201885153932481376252515499785712712648644544406220923327944820085950730,0.3824500537921210282819610033610786760339268741958613110947566680884851482581070264998877923929854178,-2.806064679257027142648784015016482054664573430110895878504871616684039538793472424435824903225063446,-1.974858433705636751779832144734335388691019009924501435781530528875145508410128402790629751674671295,0.02788473175574081404967173507201885153932481376252515499785712712648644544406220918056845848470689118,0.03824500537921210282819610033610786760339268741958613110947566680884851482581070272905526381352746596,-0.0001169193616357094642770326672923534189443572262546206616043696506951683141163946848140865463412378424,-0.00008228576807106819799082633936393064119545912541352089315756377203646439618375534953048418597164961309,0.02776781239410510458539470240472649812038045653627053433625275747579127712994581449112157010784442731,0.03816271961114103463020527399674393696219722829417261021631810303681205042962694739844205376885082262
32,2,105/256,1411/3200,1789/4611,151/361,671045/1664571,3,3/10,4/10,-4.447137049721249189981336631890914778136508544964212076335206790616544796689957415018157819046136569,-4.447137049721249189981336631890914778136508544964212076335206790616544796689956892125139834812184642,-0.2097975234883183274399920955682974091419320923380052022969037195875219563381702494331520849916641816,-0.07768138874915378345592741694008184874262786215360576950930598553586474809465867989598976838152704174,-0.4447137049721249189981336631890914778136508544964212076335206790616544796689957422397696379307502826,-0.4447137049721249189981336631890914778136508544964212076335206790616544796689956884745601274550818385,-0.000008741563478679930309999670648679058714247170514083550095704321649480081514090427092272971961371290475,-0.000003236724531214740977330309039170077030942827589733573729554416063994364503944111642750740019295666730,-0.4447224465356035989284436628597401568723651016669352911836163833833039597505098326894950781789038936,-0.4447169416966561337391109934981306478906817973240109412072502334777184740334996324322185187414051753,0.2079028235020974950692793414136063964527464145389190711361516987018290140066177842342723865707818409,0.3126376305428909109734485326708308993814439720718452600762846780494777922677875704081819555628318040,-3.002385972282415869241374495598056494523059708384991240895716691024099073032147344937965677125719731,-1.924171973658075113216840235766179889461177263753208397686175617799401374914402610837261523228953030,0.02079028235020974950692793414136063964527464145389190711361516987018290140066177838389399636996372200,0.03126376305428909109734485326708308993814439720718452600762846780494777922677875710670693270147395055,-0.0001250994155117673278850572706499190206051274878493746350373215287926707947096728065476605930530129126,-0.00008017383223575312971736834315692416206088238598971701657025731740830839062143344157017593210917689743,0.02066518293469798217904287687071072062466951396604253247857784834139023060595210554517410084273552835,0.03118358922205333796762748492392616577608351482119480899105821048753947083615732366783922450383548883
32,2,105/256,1411/3200,1789/4611,151/361,671045/1664571,4,4/10,5/10,-4.452154306483549488892008998140074745493322146330120908502989571921869020203468660163630558145636175,-4.452154306483549488892008998140074745493322146330120908502989571921869020203468145704370928496102827,-0.2520238958076524169149431557671679126860479602660314015651998847577497449026208477643703915487948440,-0.07661879514324225910083921060338207284497768955914665172931551013299793139457845010024275249382413575,-0.4452154306483549488892008998140074745493322146330120908502989571921869020203468663326289941114793142,-0.4452154306483549488892008998140074745493322146330120908502989571921869020203468141487491751203893537,-0.00001050099565865218403812263149029866302858533167775130839854999519823957270427586870969702423307154872,-0.000003192449797635094129201633775140919701874070398297777155388146255541580474774102067027125112484473919,-0.4452259316440136010732390224454977732123607999646898421586975071873851415930511426061940955473728602,-0.4452186230981525839833301014477826154690340887034103886274543453384424436008215881372884282215311691,0.1114784666468189372279034904489374864933385965184506923421527575697646172146232235182957055054277623,0.2192447890629329521943596680127865278439747932404885185495192713849704105672192226500205604193669196,-3.256149341579962815728313369381974202428978386986967918650688401757527944694641656838951806188304833,-1.879543318496714664858173935911079493519645327481274467484293813829050124164402777840767796172540617,0.01114784666468189372279034904489374864933385965184506923421527575697646172146232233535738626424508369,0.02192447890629329521943596680127865278439747932404885185495192713849704105672192229135755090001300002,-0.0001356728892324984506553463903909155917678740994577903299437786834065636643622767363989454600444483522,-0.00007831430493736311103575724732962831222998522197838643614517890890954375517351678184071212211202519403,0.01101217377544939527213500265450283305756598555238727890427149707356989805710004558454527955369015437,0.02184616460135593210840020955394902447216749410207046541880674822958749730154840553872922809813203894
32,2,105/256,1411/3200,1789/4611,151/361,671045/1664571,5,5/10,6/10,-4.458801308576929495958998708409448626246024929003564209241609829206655988583063106515449509744382592,-4.458801308576929495958998708409448626246024929003564209241609829206655988583062608923706589263686403,-0.3028344992944110357109971425896047292702168884381207181154099862241248067901242435567156629525898982,-0.07959289104840705273462514366555770959187033837455366579352817253778087007247888578281347064151455588,-0.4458801308576929495958998708409448626246024929003564209241609829206655988583063111786548481359644204,-0.4458801308576929495958998708409448626246024929003564209241609829206655988583062600489948234679267823,-0.00001261810413726712648795821427456686371959237035158836325480874942600520028292184353369173619630060546,-0.000003316370460350293863942714319398237899661264098939736074730340522407536253019953553189632571555579658,-0.4458927489618302167223878290552194294883220852707080092874157916700916040585892332147071937182650026,-0.4458834472281532998897638135552642608625021541644553606602357132611880063945592795676155905547508414,-0.01122510684253293203557934000748610290694716364745351001581564428173695153881831364105561406255065989,0.1010343690144793508520818924598597277429898344619782296681090056103250765788461139318251882643636113,-3.581332974272614678489099468426208319674482075857291842623481329372453787689853032485629850069918886,-1.838507163838256472976483336556561909406223246178133476456626833870310288428191035983836948679139105,-0.001122510684253293203557934000748610290694716364745351001581564428173695153881831364929170620569950616,0.01010343690144793508520818924598597277429898344619782296681090056103250765788461139977139254095543814,-0.0001492222072613589449370458111844253466531034198273871601093117220571855744870772103574564124076151873,-0.00007660446515992735304068680568985674622525930192408889485235945141126292868450795931584509087904069264,-0.001271732891514652148494979811933035637347819784572738161690876150230880728368908575544004912450967249,0.01002683243628800773216750244029611602807372414427373407195854110962124472920010345100804050848585673
32,2,105/256,1411/3200,1789/4611,151/361,671045/1664571,6,6/10,7/10,-4.467344828974212083752418689835348316326919589268592807131869532351479251909066168270154269352494825,-4.467344828974212083752418689835348316326919589268592807131869532351479251909065670678411348871798636,-0.3638846148260970094015231129986150839490324627707289056453693170169931655438487484455808036318601940,-0.08676892421940297318483436003779472662362518356941623371752703467452318878594911774663310507977701091,-0.4467344828974212083752418689835348316326919589268592807131869532351479251909066173541253240967756437,-0.4467344828974212083752418689835348316326919589268592807131869532351479251909065662244652994287380056,-0.00001516185895108737539173012970827562849787635261544703773522372154237471523099369791813110780248281350,-0.000003615371842475123882701431668241446942651049315392343071563626444771799532747879882034156902582948535,-0.4467496447563722957506335991132431072611898352794747277509221769566902999061376113805863183523750722,-0.4467380982692636834991245704152030730796346099761746730562585168615926969904393139958746219757021948,-0.1615486104636221657862753345983893748456324290222103308656875183217649484568398968168990859878917520,-0.04330955380167556501378150613091985124101009743716595068645752058199894798335560124908824897046933708,-3.998539463172701467726920815044470057977563625818479865544331186933927530064574640812932675363854940,-1.804120425381725444294090494124686753122175861451500786888735098285341970656007370338520777739739111,-0.01615486104636221657862753345983893748456324290222103308656875183217649484568398970145652974234640625,-0.004330955380167556501378150613091985124101009743716595068645752058199894798335560119967169611157625947,-0.0001666058109655292278219550339601862524157318177424366610643471327889136470860239440240338765562811124,-0.00007517168439090522684558710392186194804675732756047919945369729576188924877733363995342152527582058126,-0.01632146685732774580644948849379912373697897471996346974763309896496540849277001365088549908784411773,-0.004406127064558461728223737717013847072147767071277074268099449353961784047112893752842699450914906765
32,2,105/256,1411/3200,1789/4611,151/361,671045/1664571,7,7/10,8/10,-4.478123153505083941407680366327598770188379153289286763902126659467297575617798056976740304158268417,-4.478123153505083941407680366327598770188379153289286763902126659467297575617797567818755738261990807,-0.4373453120838705616743511498825676538213079239619593222496478049139240558351871125269813158332349313,-0.09847032828151821830214245207283540022549644038000899485561956206706107844671754330033931561858400017,-0.4478123153505083941407680366327598770188379153289286763902126659467297575617798063302059070096582352,-0.4478123153505083941407680366327598770188379153289286763902126659467297575617797562547656766646729195,-0.00001822272133682794006976463124510698557588783016508163842706865853808016899313279645103545932382346001,-0.000004102930345063259095922602169701475009395685015833708118984148419460878268613230941420600597648768025,-0.4478305380718452220808378012640049840044138031590937580286397346052678377307729392294794053186059363,-0.4478164182808534573998639592349295784938473110139445100983316500951492184400483692808664774393771925,-0.3414488061614113419121199410346535758297559421922377962921855787045773780432711399230275650830019785,-0.2155404146269957299557707030514606129849590295220883674446421329041365466683486916293273879210868481,-4.535182123888921297700053238489244211699785397911350408625395826507391491838154783507805027517508281,-1.777754423886698112686769309508904172664260557878758200466487185839725979171271953649311435023520681,-0.03414488061614113419121199410346535758297559421922377962921855787045773780432711404501374622445281397,-0.02155404146269957299557707030514606129849590295220883674446421329041365466683486913657724393403237674,-0.0001889659218287050540708355516037185088208243915796396003593914927711413121599231168689898276066382421,-0.00007407310099527908802861538789620434052767752324494825835277029940998858246546966427656900998472971747,-0.03433384653796983924528282965506907609179641861080341922957794936322887911648703719894515069622926042,-0.02162811456369485208360568569304226563902358047545378500281698358982364324930033879454805489691877104
32,2,105/256,1411/3200,1789/4611,151/361,671045/1664571,8,8/10,9/10,-4.491558361861130198638560763462873802603675720740256289186193370937253920313542777734059875279653471,-4.491558361861130198638560763462873802603675720740256289186193370937253920313542263274800245630120123,-0.5260914207750063687103937262071108809420428115023024671339235121331991550008061830794776419937528042,-0.1152239711231678648964449352006002955965284043529415932601603266750479438520791406079336682636761975,-0.4491558361861130198638560763462873802603675720740256289186193370937253920313542780896719258248810438,-0.4491558361861130198638560763462873802603675720740256289186193370937253920313542259057921068337910833,-0.00002192047586562526536293307192529628670591845047926260279724681300554996479170025771161620873929730150,-0.000004800998796798661037351872300025012316522016848039233052506680278126997660503297491163656010892466284,-0.4491777566619786451292190094182126765470734905245048915214165839067309419961459787649469792442800119,-0.4491606371849098185248934282185874052726840940908736681516718437740035190290147287293138623807996694,-0.5535371196031564117872289725634260524819648099694404482325746901559915328798422389100908976717744913,-0.4178928635358476341725898442025541720586506469733916838442310606455168801341116551883039590045242360,-5.230701565598252984137961201089541732414574187411965761058985321085546097682292821430682676061171634,-1.760679731178756559813652991302833598645540513020008578128962712100323199921132910334518738682051979,-0.05535371196031564117872289725634260524819648099694404482325746901559915328798422398325332177044452734,-0.04178928635358476341725898442025541720586506469733916838442310606455168801341116545294165875526165345,-0.0002179458985665938743390817167120642388506072578088319067107910550452310874034288684607775268320850807,-0.00007336165546578152332556887463761806661023085470916702408870677967084679999671387075330056790319036379,-0.05557165785888223505306197897305466948704708825475287672996826007064438437538765290756509914300472618,-0.04186264800905054494058455329489303527247529555204833540851181284422253481340787931339984414422878598
32,2,105/256,1411/3200,1789/4611,151/361,671045/1664571,9,9/10,10/10,-4.508173061891248040075272284880090893807005901757917263183200220579272167273730845617187632212667087,-4.508173061891248040075272284880090893807005901757917263183200220579272167273730356459203066316389477,-0.6339743176112989758980030072688960752620905856055548370978147218351476900505789152398802386842581497,-0.1378309794739411804702695535440417539976511788274104259879143635430745021056450309469689067097436951,-0.4508173061891248040075272284880090893807005901757917263183200220579272167273730851942506398150981022,-0.4508173061891248040075272284880090893807005901757917263183200220579272167273730351188104094701127865,-0.00002641559656713745732908345863620400313592044106689811821240894674313115375210745490444124314822240030,-0.000005742957478080882519594564731001739749902132451142101082829765147628104254401876252480415761893979568,-0.4508437217856919414648563119466452933838365106168586244365324310046703478811251929600032149922469209,-0.4508230491466028848900468230527400911204504923082428684194028518230748448316274368265125510657309086,-0.8012811349615548698413719616404700700015963602970864480662546830632505391811228602462686261054112680,-0.6534653042021081541258209442365199839259502233797917179593871998600525938048164738313864467044876419,-6.141704354568852348315736442150669212089406490350315113445920095526758452705823225949581012552752325,-1.751558472275181202945414286278709423228818801595496494066025724814613551917697598951036695048219570,-0.08012811349615548698413719616404700700015963602970864480662546830632505391811228615640433690092266711,-0.06534653042021081541258209442365199839259502233797917179593871998600525938048164733042765495429614806,-0.0002559043481070355145131556850896112171703919370979297963935800039802816021960759687787834087738286049,-0.00007298160301146588345605892859494622596786745006647902058608440520060889799657073278139100962686576025,-0.08038401784426252249865035184913661821733002796680657460301904831030533552030836221938342419696142491,-0.06541951202322228129603815335224694461856288978804565081652480439120586827847821805484426488103746683
33,2,1411/3200,3019/6400,3381/9419,1789/4611,16220191/43431009,0,0/10,1/10,-4.451952307144015159881254122823484492269546116773989623170511490860944733803015341317598188950111308,-4.451952307144015159881254122823484492269546116773989623170511490860944733803014826858338559300577960,-0.05522115170360061745268440892603919952083262181688689031940658680391403868954436163185832189517260819,-0.03427518763533777128062090201685466806189892637894364335152177705835542721075160551531803223178108773,-0.4451952307144015159881254122823484492269546116773989623170511490860944733803015346588697160565372920,-0.4451952307144015159881254122823484492269546116773989623170511490860944733803014819478799999039211703,-0.000002300881320983359060528517038584966646701359242370287096641941116829751612064348410142622450929524864,-0.000001428132818139073803359204250702277835912455265789318472980074044098142800447983554725211907704068892,-0.4451975315957224993471859407993870341936013130366413326041477910272113031319135994314627332273544358,-0.4451966588472196550619287714865991515047905241326647516355241291601385715231019299289393661437469119,0.3496160620945633171557013823246281713072544686934343928999194766281300635867932473843024695788215343,0.4471684386672970560386595129179481190082028453779971745065193307573740572666336941541062076266589357,-2.542139153190795361899671968884244458952951532541010583014899911474232535793009115782934899101866655,-2.122396149806216730812494178918014416006137012383531690655355087321804594027738835437054143095237471,0.03496160620945633171557013823246281713072544686934343928999194766281300635867932469889700467076769134,0.04471684386672970560386595129179481190082028453779971745065193307573740572666336944176611562074220163,-0.0001059224647162831400791529987035101857897063138558754409589541629780930223247087135790356687870270781,-0.00008843317290859236378385392412158393400025570884931382044397312863840852475115578429409198549760506369,0.03485568374474004857549098523375930694493574055548756384903299349983491333635461593847519493782160110,0.04462841069382111324008209736767322796682002882895040363020795994709899720191221369543526085757130984
33,2,1411/3200,3019/6400,3381/9419,1789/4611,16220191/43431009,1,1/10,2/10,-4.452396306540820777697983212959378880985324753442173913436548166336687916818957873016994584515203333,-4.452396306540820777697983212959378880985324753442173913436548166336687916818957366991493309450088564,-0.07556133733350526828553863996545015849820450711813300353214524124778309413833337576752832553445563103,-0.02278257475662732363446149787041505133169655416745618361975926939599211791008233134426252115734697092,-0.4452396306540820777697983212959378880985324753442173913436548166336687916818957879342313350453517267,-0.4452396306540820777697983212959378880985324753442173913436548166336687916818957362774614132157879274,-0.000003148389055562719511897443331893756604091854463255541813839385051990962255763890671018165406880755155,-0.0000009492739481928051514358957446006271388206897569773409841566362248330049129200971337570269146543674000,-0.4452427790431376404893102187392697818551365671986806468854686560187207826441515522500463732777833052,-0.4452405799280302705749497571916824887256712960339743686846389732698936246868086559715373894579891456,0.3263210764826968763092258041190730720660306080321956133876264210661346192510419445946142417950951389,0.4238725323249523503512042511163434408161050627275084275835199693057092264488053191044191410090112121,-2.651291126752215802736276142446652983177891647777574754506710123891755519501421278115122348707374511,-2.052518803386249621726890123727793120407595620680961060762721477227628856277385784530698891296013836,0.03263210764826968763092258041190730720660306080321956133876264210661346192510419441992818189239505180,0.04238725323249523503512042511163434408161050627275084275835199693057092264488053194997515638801558330,-0.0001104704636146756584473448392686105409657454853240656147711129218288231466458925536748374638300650977,-0.00008552161680776040090528708848865804668364981752837337753178006155115120234489107383005174250563042490,0.03252163718465501197247523557263869666563731531789549572399152918478463877845830184875164862437368838,0.04230173161568747463421513802314568603492685645522246938082021686901977144253564092182967825203870952
33,2,1411/3200,3019/6400,3381/9419,1789/4611,16220191/43431009,2,2/10,3/10,-4.453326261904564376442978464407082161739234508473291917874205310474163531789761236540863981386153427,-4.453326261904564376442978464407082161739234508473291917874205310474163531789760738949121060905457238,-0.1018353240684149117081354161575028237822110699836668673189132580768708690428691099406991209458948106,-0.01385007941866673409342795997077389753956995953659064224243847650478976467111067304562925894337495499,-0.4453326261904564376442978464407082161739234508473291917874205310474163531789761239703523364355310394,-0.4453326261904564376442978464407082161739234508473291917874205310474163531789760733678022089290195625,-0.000004243138502850621321172309006562617657592127915986119471621385753202952876786212933777963702680243783,-0.0000005770866424444472538928316654489123974820816473579434267682698543662401946296113735231344545522291469,-0.4453368693289592882656190187497147787915810429752451779068921524331695561318529106831863438651812218,-0.4453332032770988820915517392723736650863209329289765497308472993172707194191707026161321684781410596,0.2795986258438724412702073493126430831351310100526933610041161235968789209185970435111653719091003795,0.3770922050300533281769791944106752600543588688313526935958032636840218861458571657815960719498392109,-2.790617337631064709938017451234834195710461751454995678127306763530230628563309828375553883748359518,-1.986685373990667106596568057514935234139560727588320919940754505858918490993497653315527756860109080,0.02795986258438724412702073493126430831351310100526933610041161235968789209185970430499442118927649885,0.03770922050300533281769791944106752600543588688313526935958032636840218861458571665722609176921284528,-0.0001162757224012943629140840604681180914879359063106248199219711151470929428568045766754507622272188170,-0.00008277855724961112944152366906312230142248169698284670499753143774412160379139573506202080997076524322,0.02784358686198594976410665087079619022202516509895871128048964124454079914900289971326236447785529545,0.03762644194575572168825639577200440370401340518615242265458279493065806701079432097930196020233720103
33,2,1411/3200,3019/6400,3381/9419,1789/4611,16220191/43431009,3,3/10,4/10,-4.454827040952676064899039775156942888161592343415230766230940667778582856948875348747588049781191212,-4.454827040952676064899039775156942888161592343415230766230940667778582856948874825854570065547239285,-0.1336769893678051643901164347314304502397153855601436757284576349571874124780565989694084555820630301,-0.008527680828106857046356571795623985555919869533390225082709231736234582422570895186572637034017171861,-0.4454827040952676064899039775156942888161592343415230766230940667778582856948875352964467227073400502,-0.4454827040952676064899039775156942888161592343415230766230940667778582856948874820583471093931977672,-0.000005569874556991881849588184780476268759988141065005986488685734789882808853252358311539901412650445060,-0.0000003553200345044523769315238248176660648299945638912593784462179890097742676071206305191224114472715775,-0.4454882739698245983717535657004747650849192224825880826095827525126481685037407876846945272150027063,-0.4454830594153021109422809090395191064822240643360869678824725129958472954691550889198614429734206159,0.2083873895153348623723248444711888629582110603501434959038187500853446419322651148073074080040944906,0.3071668981603635819257773730085604762922556712106676560187031765840824112117088001834499392680028026,-2.968107319402916778929400650373541235033319865076612501849212634842278132627539742931352094119206585,-1.925021973757794468737350443160570585124745056194962079040992473970777527016891463902540454431486363,0.02083873895153348623723248444711888629582110603501434959038187500853446419322651145437524594233314100,0.03071668981603635819257773730085604762922556712106676560187031765840824112117088006446710992843381936,-0.0001236711383084548657887250270988975514597216610448588542437171931184282555261474899099449530507757638,-0.00008020924890657476953072293513169044104686437734145675329337468641544906362570381049422390588116137989,0.02071506781322503137144375942001998874436138437396949073613815781541603593770036396420792310980896379,0.03063648056712978342304701436572435718817870274372530884857694297199279205754517627121720394727055486
33,2,1411/3200,3019/6400,3381/9419,1789/4611,16220191/43431009,4,4/10,5/10,-4.457028402616972195015836670098121087249337737480606738916105806304063654943092064058828795073305575,-4.457028402616972195015836670098121087249337737480606738916105806304063654943091524298294101670516488,-0.1717907576190896071167152869093937756926197459811237201893370830945249381581312217005852697566439627,-0.006448463345315482802739397941601375741141029134649299027420168634585081743382686087135236329606242671,-0.4457028402616972195015836670098121087249337737480606738916105806304063654943092068275707972365514864,-0.4457028402616972195015836670098121087249337737480606738916105806304063654943091520081414924378307198,-0.000007157948234128733629863136954558073987192489415880155007889045128938539089922134268066561270703803360,-0.0000002686859727214784501141415809000573225475428806103874594758403597743784059742785850175479668826616766,-0.4457099982099313482352135301467666667989209662374765540466184696755353040333991291864010636383649518,-0.4457031089476699409800337811513930087822563212909412842790700564707661398727151257743776363650076914,0.1119736310726361466948718257979480601602976362206224176762684932142084501130465921772496797239542499,0.2137735684545952780427887325745156550551584817681141923678823085601429968303641671199503670623342222,-3.193483034012425442832297191966580755549959976746038466150342573889039253617570827769861502303207419,-1.864541360543380637230064951414621804110752747016136976150656044691749686749595846878595460836440406,0.01119736310726361466948718257979480601602976362206224176762684932142084501130465920784165740061680947,0.02137735684545952780427887325745156550551584817681141923678823085601429968303641673176165784979065327,-0.0001330617930838510601180123829986075314812483323644182694229309405787099689007321184304696838079319843,-0.00007768922335597419321791937297560924183794803112567237400627733519548957028123315982847551873886377656,0.01106430131417976360936917019679619848454851528969782349820391838084213504240392708426363012734084857,0.02129966762210355361106095388447595626367790014568574686278195352081881011275518359651276982076162758
33,2,1411/3200,3019/6400,3381/9419,1789/4611,16220191/43431009,5,5/10,6/10,-4.460108151776600396236773051005313528417916525749587935490194252701619106710038553462037423835664845,-4.460108151776600396236773051005313528417916525749587935490194252701619106710038047436536148770550076,-0.2171486120375296700361013910496443663922853829197931857455910005440449424083964854667378229858155057,-0.007563743514483017246100251187328279189098965636786992008661512024365794594718515987297859100930626930,-0.4460108151776600396236773051005313528417916525749587935490194252701619106710038557678916601127874134,-0.4460108151776600396236773051005313528417916525749587935490194252701619106710038041111217382832236141,-0.000009047858834897069584837557960401848599678557621658049406066291689335205933683186938287441428045025689,-0.0000003151559797701257185875104661386782995457902348661246670275630010152414414466048307410328973847926573,-0.4460198630364949366932621426584917546903913311325804515984254915618512458769375393689187833919842098,-0.4460111303336398097493958926109974915200911983651936596736864528331629259124452503580469221880098894,-0.01027765162871659340867407425558532960675453654727156523558510068403147657473932869858928093917219125,0.09588810449068813243769039619815430662469565920849180989331694296341144664923218240124832198499013138,-3.479331872601339961522311047212815134867717105274914002129227489273690065674933220806337789881712560,-1.804490916121846565539643979775725543102121886793061478311230456314378020873072590834950307876745011,-0.001027765162871659340867407425558532960675453654727156523558510068403147657473932871917951129704430692,0.009588810449068813243769039619815430662469565920849180989331694296341144664923218253302579627537167168,-0.0001449721613583891650634296269672006306194882127197880834220511453864037527364555514324757350746254671,-0.00007518712150507694023081849915732189762925507861637756159630126901309908420304469078993772656067119548,-0.001172737324230048505930837052525733591294941867446944606980561213789551410210388423350426864779056159,0.009513623327563736303538221120658108764840310842232803427735393027328045580720173564829042816237108986
33,2,1411/3200,3019/6400,3381/9419,1789/4611,16220191/43431009,6,6/10,7/10,-4.464296712012713239240997638290015767090622004358836219200146490906979629529906668171727933707063878,-4.464296712012713239240997638290015767090622004358836219200146490906979629529906136844951594888693371,-0.2709893383552763089331451906711404047228255239631265055669127692858374040739816564948611164027989839,-0.01211013965996496475387273200970253643871397956562342094934580812228128547844403893160711424654785306,-0.4464296712012713239240997638290015767090622004358836219200146490906979629529906673442826905322325490,-0.4464296712012713239240997638290015767090622004358836219200146490906979629529906130519632828950379436,-0.00001129122243146984620554771627796418353011773016513027106528803205357655850308256907016445498207973600,-0.0000005045891524985401980780305004042723516130824819009758728894086717617202282685016189625641488783030528,-0.4464409624237027937703053115452795408925923181660487521910799371227515395114937500931795621517868015,-0.4464301757904238224642978418595019809814138135183655228958875384993697246732188813275431389586970810,-0.1594384731646524487278332968752861240721339906790903089871211691400529914118113170263135308845484363,-0.04752221982466540878214120827225026791189448025094459005106793351132762736554996195191356651648330687,-3.843549705941985506031640159221650189196874766351815766789193308941447046221005218384353141020140918,-1.746395752601215335382932485693627756120660379636996647368546862426440976158260290553674026118414912,-0.01594384731646524487278332968752861240721339906790903089871211691400529914118113172239797423201207468,-0.004752221982466540878214120827225026791189448025094459005106793351132762736554996188602482937129253672,-0.0001601479044142493960846516733009020912165364485979923236162163878725602935925418848131426999487392149,-0.00007276648969171730564095552023723448983836084915154152697368945260110170733992751163728900276808091924,-0.01610399522087949426886798136082951449842993551650702322232833330187785943477367361132916300353523703,-0.004824988472158258183855076347462261281027808874246000532080482803733864443894923696250414808059612180
33,2,1411/3200,3019/6400,3381/9419,1789/4611,16220191/43431009,7,7/10,8/10,-4.469883481117118005105342398246822322375557748619187869536133087087595514126392759071211768050893705,-4.469883481117118005105342398246822322375557748619187869536133087087595514126392227744435429232523198,-0.3349365733327192685962869159335505962496489998279784859619408371920001108450126426019565299096724185,-0.02022705988632822342893917832098214067440853487470680378203730974165057513995832373272215334127358059,-0.4469883481117118005105342398246822322375557748619187869536133087087595514126392766450750328312259962,-0.4469883481117118005105342398246822322375557748619187869536133087087595514126392223527556251940313908,-0.00001395569055552996952484528816389794151040204165949910358174753488300000461854219349764208490521003144,-0.0000008427941619303426428724657633742558614336889531127834909182212392354406308315968165692962953169238272,-0.4470023038022673304800590851128461301790661769035782860571950562436425514172578191129214083173100600,-0.4469891909058737308531771122904456064934172085508718997371042269299987868532700538173171635876410046,-0.3371031658103315860288946159001394185858375437584042661099949006891221394460115704130019594516357699,-0.2177601796108811855663619306579780526261854221293337415454667899563091129097911778176320726297822322,-4.307977740807844492906249646141871460016229182475667088139391815798988284879422300412959448585733035,-1.690874322498819791890258240275596689021947828547546501255803462993622017468238625393014666386757915,-0.03371031658103315860288946159001394185858375437584042661099949006891221394460115710718893309035434714,-0.02177601796108811855663619306579780526261854221293337415454667899563091129097911774222996497586376113,-0.0001794990725336601872044270685892446441673428826031527953391413256582911785366425966391457997309075734,-0.00007045309677078415799542742667814986204258115952281443755232514429140091739450994226383095492241072400,-0.03388981565356681879009388865860318650275109725844357940633863139457050512313779972570519864532437761,-0.02184647105785890271463162049247595512466112337245618859209900413992231220837362766712078906633157425
33,2,1411/3200,3019/6400,3381/9419,1789/4611,16220191/43431009,8,8/10,9/10,-4.477225498802287581097799422076502837720184450656689305539167871825832060020639901562731659717264474,-4.477225498802287581097799422076502837720184450656689305539167871825832060020639370235955320898893967,-0.4111116181972702945208894484033100108058847130811464328019360511221353576847198592112927913782956028,-0.03218319891608955229487341217284802594733775408428567479457137840114518464554711960961764626369074609,-0.4477225498802287581097799422076502837720184450656689305539167871825832060020639904725391042686421441,-0.4477225498802287581097799422076502837720184450656689305539167871825832060020639361802196966314475387,-0.00001712965075821959560503706035013791711691186304504776803341400213008897323686332754306367408541574333,-0.000001340966621503731345619725507202001081139073086845236449773807433381049360231129974709756695284309557,-0.4477396795309869777053849792680004216891353569287139783219502011847132949753008538705071902136370305,-0.4477238908468502618411255619331574857730995841387557757903665609900165870514241669862943988942840331,-0.5454301279689920375000316236788798049509991915217184692625736599072242350411583868967829143256004473,-0.4166679265882156776100854388795285093715331189708108158998658917472639439763594741592137936479470645,-4.904412586395597419576191003335387245130789223306369952104797874269940452656376350233563577383832218,-1.636997264134425498015114861420760295995621727583209851267428470718321832630701388208903292901170383,-0.05454301279689920375000316236788798049509991915217184692625736599072242350411583874238928114871266085,-0.04166679265882156776100854388795285093715331189708108158998658917472639439763594735003264221960393630,-0.0002043505244331498924823412918056411352137828843044320813376999114279141855273490155676693859969398176,-0.00006820821933893439575062978589253167899981757198263374380280951961326340969294589066610593968617843833,-0.05474736332133235364248550365969362163031370203647627900759506590215033768964318776928157723153926428,-0.04173500087816050215675917367384538261615312946906371533378939869433965780732889322680034266772643666
33,2,1411/3200,3019/6400,3381/9419,1789/4611,16220191/43431009,9,9/10,10/10,-4.486759188505609543159141072645551363893857665863894243092423034505744984182511546890935138695204409,-4.486759188505609543159141072645551363893857665863894243092423034505744984182511057732950572798926799,-0.5023161222217756879037128593315886077116369304751738453937001467415991934528381238472377484992402303,-0.04841928177974977066734548753301332380955111118565710258849590024886465072347572400213080406492889828,-0.4486759188505609543159141072645551363893857665863894243092423034505744984182511551107814315987413699,-0.4486759188505609543159141072645551363893857665863894243092423034505744984182511050353412012537560542,-0.00002092983842590732032932136913881619198798487210313224355807083944756663306053492190855702731386993462,-0.000002017470074156240444472728647208888492064629632735712607853995843702693780144821821078702699626826418,-0.4486968486889868616362434286336939525813737514584925565528003742900220650513116903641605251528621270,-0.4486779363206351105563585799932023452778778312160221600218501574464182011120312496998762448926399943,-0.7871459001783772020230329289918356304479551130886647526972972369841543918164485126915174769963878409,-0.6466706216208976974686150727089553774485847792503169593619984696008659783586588762130455965010764678,-5.677666588024408912127765077020728529400161146596910092997121010619720779800463492466873633897279300,-1.584326317046696109378422110671050740046295209852946271699561744315032611794861326091566349605085151,-0.07871459001783772020230329289918356304479551130886647526972972369841543918164485142728471684809663246,-0.06466706216208976974686150727089553774485847792503169593619984696008659783586588746317159050164979841,-0.0002365694411676837046719902115425303553916733811082045872082133754424883658250193130200240642395406556,-0.00006601359654361233789076758794462711416859563374387276132081507267979302549145255478607386493721698695,-0.07895115945900540390697528311072609340018718468997467985693793707385792754746987080799512321384075339,-0.06473307575863338208475227485884016485902707355877556869752066203276639086135733998565674049267513394
34,2,3019/6400,201/400,199/601,3381/9419,1953181/5660819,0,0/10,1/10,-4.463259496749259541634593177658987398615038153271630055035032692080946397661524796628822431193324300,-4.463259496749259541634593177658987398615038153271630055035032692080946397661524273735804446959372372,0.01152804325551815834709618467093291302243481487666876769994174962740853182663866652374894381845505463,0.03186071162913311297187506055829747877649587999436944856899772665826902566161247210828762213169371311,-0.4463259496749259541634593177658987398615038153271630055035032692080946397661524801899921402808585912,-0.4463259496749259541634593177658987398615038153271630055035032692080946397661524269518925269667163082,0.0000004803351356465899311290076946222047092681172865278653208309062344753554927766111018102935592814084794,0.000001327529651213879707161460856595728282353994999765393690374905277427876069233853011016137751346320419,-0.4463254693397903075735281887582041176567945472098764776381824383018601644106597036215828857449497746,-0.4463246221452747402837521563050421441332214613321632401098128943028172118900831928973124051429405249,0.3504799295533461397567181070238029524587316665788216451162171552751458811197671289029436310881081989,0.4424111314833440796902195407078500804428577428581499183740710323926538347701897048153921968279385946,-2.544726589295968374612402726624051761458355934648226739941425206031748006888493557710698268817934743,-2.141161332634754995374976160459538390483101282757361790598394402715239792045404837356867447588978705,0.03504799295533461397567181070238029524587316665788216451162171552751458811197671281122787853458189571,0.04424111314833440796902195407078500804428577428581499183740710323926538347701897054742795682798462961,-0.0001060302745539986822755167802760021567274314972770094474975593835846561669536872319964673514241398029,-0.00008921505552644812480729067335248076627012922011489007460826643344646832466855853425260184740673213264,0.03494196268078061529339629392210429308914573516060515506412415614392993194502302556700596190817118723,0.04415189809280795984421466339743252727801564506570010176279883680581891515235041204521890097501637750
34,2,3019/6400,201/400,199/601,3381/9419,1953181/5660819,1,1/10,2/10,-4.463039379478515040929583095098180987982012729223217926382688460774314932597154842763433158745870231,-4.463039379478515040929583095098180987982012729223217926382688460774314932597154345171690238265174042,-0.007677868912981643978330762256604599634624727633665633222644981770362344378824622999110873995966467950,0.04312360934845988567342581090779526558246912068425374785753292080278901942262385720154151613627101202,-0.4463039379478515040929583095098180987982012729223217926382688460774314932597154845926092541715027199,-0.4463039379478515040929583095098180987982012729223217926382688460774314932597154339900591266649912430,-0.0000003199112047075684990971150940251916514426969847360680509435409070984310157843592932114213007622158842,0.000001796817056185828569726075454491469399269546695177239494063871700116209142609327390952676342720097111,-0.4463042578590562116614574066249121239898527156193065287063197896183385916907312694574871268186830614,-0.4463021411307953182643885834343636073288020033756266153987747822057313770505728245549696067818137194,0.3270724078900915802014720569583421249937527227582035308646691793238338856203925542030759205045046207,0.4190067458486846761938677141003371027827538671923525015962998006166818603427047428616911731286875566,-2.647752922936025464475835596494313847908332988587531862410253786757951334098111215246914924115933524,-2.068661520380366754870474622917197978984720139277240011163325965051809308628321088502366795089983644,0.03270724078900915802014720569583421249937527227582035308646691793238338856203925536759660233429784595,0.04190067458486846761938677141003371027827538671923525015962998006166818603427047431252461217094506372,-0.0001103230384556677276864931498539297436628472078578138276004272411149146389207546344761706334930448815,-0.00008619423001584861478626977595488324912436333913655166713180524854382538785951337818142212016439314154,0.03259691775055349029246071254598028275571242506796253925886649069126847392311850067353745260271236634,0.04181448035485261900460050163407882702915102338009869849249817481312436064641096096458509088890534047
34,2,3019/6400,201/400,199/601,3381/9419,1953181/5660819,2,2/10,3/10,-4.462637040122843113771230105862648426833874937952643217111578720791134870867698289782289874988390257,-4.462637040122843113771230105862648426833874937952643217111578720791134870867697775323030245338856909,-0.03183029853224151265739172267532144548382360880802563863692325602429079765383351189536863597295315391,0.05214246435224660217477430391175530044255498505437072230698668509584584037824166413526866595495977280,-0.4462637040122843113771230105862648426833874937952643217111578720791134870867698297161828435249756515,-0.4462637040122843113771230105862648426833874937952643217111578720791134870867697770051931273723595297,-0.000001326262438843396360724655111471726895159317033667734943205135667678783235576396333751270053264729086,0.000002172602681343608423948929329656470851773124377265446762791111878993576682426736014505007178310948690,-0.4462650302747231547734837352413763144102826531122979894461010772147811658700054063353475262431763758,-0.4462615314096029677686990616569351862125357206708870562643950809672344935100873502499919057563124953,0.2801560526676941819189708643463455931854604342354199920349571794081153884637069940857227327095120481,0.3721018515168828744478540015055288186501903932314677995554532250977411071584497612800452060290768216,-2.775640123050233578847630563296247380664613517364704252535986827377761948744043860581598255644833179,-1.996745903254542807543757406230079883455866466049745207602578901242117790203895968705895686985766663,0.02801560526676941819189708643463455931854604342354199920349571794081153884637069938221677841287489675,0.03721018515168828744478540015055288186501903932314677995554532250977411071584497619389325774809845231,-0.0001156516717937597324519846068040103075276922298901960105223327844740734145310018280431070656702453641,-0.00008319774596893928364765655859291999514399443608540605031677412088508824125849566480028919434853365118,0.02789995359497565845944510182783054901101835119365180319297338515633746543183969753255392947143892993,0.03712698740571934816113774359195996186987504488706137390522854838888902247458648057632180943711908398
34,2,3019/6400,201/400,199/601,3381/9419,1953181/5660819,3,3/10,4/10,-4.462128910082683439700216723910368254988879659362479137261103566388814387970814624581142955156685572,-4.462128910082683439700216723910368254988879659362479137261103566388814387970814101688124970922733645,-0.06118850821546715308708460024328685061544503561488224170581163977337262349939564733758995507039958328,0.05796798706457182924072044539718582915945798568710174921876471927208046008999854498000846908426942766,-0.4462128910082683439700216723910368254988879659362479137261103566388814387970814630906461721094999507,-0.4462128910082683439700216723910368254988879659362479137261103566388814387970814093254366616338315065,-0.000002549521175644464711961858343470285442310209817286760071075484990557192645808151985043269790397495333,0.000002415332794357159551696685224882742881644082736962572884115196636336685837083272718052845936920685435,-0.4462154405294439884347336342493802957843302761460652004861814321238719959897272713095615286304750398,-0.4462104756754739868104699757058119427560063218535109511532262414422451021112443258559853921654133556,0.2087304258505472776636958695080903082055483437646218377334647879635938544272928966322545532188197409,0.3020866141177371233489017419761738921292383584972202188104780992549980331216335168164321298642462233,-2.935400042128766474731412539258962723842718854817057310971860567667778037846661397761651944089118770,-1.925111891680652042972762999025812056486374158201111223306176355461535634582910428486520642198385828,0.02087304258505472776636958695080903082055483437646218377334647879635938544272928962369221303476751199,0.03020866141177371233489017419761738921292383584972202188104780992549980331216335170799870784450093039,-0.0001223083350886986031138088558024567801601132856173773879571608569861574182436108921437515452501042195,-0.00008021299548669383512386512495940883568693225659171296763775734814423065144095460065056285926903079623,0.02075073424996602916325577809500657404039472109084480638538931793937322802448567872974681633320359765,0.03012844841628701849976630907265798037723690359313030891341005257735557266072239712420639609073969430
34,2,3019/6400,201/400,199/601,3381/9419,1953181/5660819,4,4/10,5/10,-4.461631289253943629172079097351006685850815370399586407790643409217325307028352152664921826195888146,-4.461631289253943629172079097351006685850815370399586407790643409217325307028351638205662196546354797,-0.09596459591889984910244271971128933960511204480063254213535695538417878085743178898149280944076253877,0.06069167662700615065833341480476134334011035536511815945553792156659294855745933887244012849992395613,-0.4461631289253943629172079097351006685850815370399586407790643409217325307028352155827581209165045113,-0.4461631289253943629172079097351006685850815370399586407790643409217325307028351633988783019254145508,-0.000003998524829954160379268446654637055816879668533359689255639873141007449202392991225085344354179187558,0.000002528819859458589610763892283531722639171264806879923310647413398608039523227472463570831745906290788,-0.4461671274502243170775871781817553056408984167084920004683199807948735381520376088816221597601753125,-0.4461606001055349043275971458428171368624423657751517608557536935083339226633119355155431187493174113,0.1123408200291485019004650224922103141361099046469759633740401816565699134572197773607522875200615793,0.2086639216453805670169396577258679386741054846964191658728793979406606761578398608243069756036868265,-3.135357992318400419372501006001690228044352168419551617929513946535989186331328765611401357528089275,-1.849430280588459727251766407054177030632203523532173706571629881610720158234923609783751744100806537,0.01123408200291485019004650224922103141361099046469759633740401816565699134572197772289748132296800389,0.02086639216453805670169396577258679386741054846964191658728793979406606761578398610878619241844499071,-0.0001306399163466000174738542085834037595018480070174813174137297477723328827638053659496620653390242747,-0.00007705959502451915530215693362725737627634181348050723777381791173378000659312181654652675116407837396,0.01110344208656825017257264804063762765410914245768011501999028841788465846295817234176252436869829431,0.02078933256951353754639180883895953649113420665616140934951412188233228760919086430691020479726479476
34,2,3019/6400,201/400,199/601,3381/9419,1953181/5660819,5,5/10,6/10,-4.461302474576622522711350539083237637488662023557918566049812372113994315905007539587476283375976361,-4.461302474576622522711350539083237637488662023557918566049812372113994315905007025128216653726443013,-0.1368966996527582091269700994293621507391337958332472539573280991375884507649905372133481967446509436,0.06038371940547840767454733980599393878599796795909646315966090742918441138795106409114206158826191694,-0.4461302474576622522711350539083237637488662023557918566049812372113994315905007544858575254991237973,-0.4461302474576622522711350539083237637488662023557918566049812372113994315905007017748678093465076756,-0.000005704029152198258713623754142890089614130574826385302248222004130732852115207939075092866040824727158,0.000002515988308561600319772805825249747449416581998295685964985871142882683807831294347651240056319530641,-0.4461359514868144505298486776624666538384803329306182419072294592155301644426159624634749558163064886,-0.4461277314693536906708152811024985140014167857737935609190162513402565489066928703899995535897827132,-0.009434732178225268463989910059667789839852356656928097942919620898509956809904154938527845451109296748,0.09109674536065385692946244190850093451905053770173756891097256096988747078245810553940062418454690351,-3.386033183414426180331035254892608512053615502672255835854118311333475723275807546785292408973529757,-1.771186681366463285721130524309253180840378407241277489434079848854797798499694862164875061987325386,-0.0009434732178225268463989910059667789839852356656928097942919620898509956809904154944704914558470931450,0.009109674536065385692946244190850093451905053770173756891097256096988747078245810567117809847492844381,-0.0001410847159756010908471264689538586880022339792780106598272549296388948218031586483867006075381457996,-0.00007379944505693597023838043851288554920168243363505322872641999370228324160415395207476102762407326207,-0.001084557933798127937246117474920637671987469644970820454119217019489890502793574143886703581278844728,0.009035875091008449722707863752337207902703371336538703662370836103286463836641656629198832190905850644
34,2,3019/6400,201/400,199/601,3381/9419,1953181/5660819,6,6/10,7/10,-4.461345854508407443177328416537708117789953443284853924343283943395592872924573004579059337367917688,-4.461345854508407443177328416537708117789953443284853924343283943395592872924572490119799707718384340,-0.1849202869627492288726088383950083112940292566852775786268408384214920187708051680552783377390598589,0.05704889282604339343228159741909115337103142838889050206271100055940206732858037447373118545941883474,-0.4461345854508407443177328416537708117789953443284853924343283943395592872924573008795938514660126978,-0.4461345854508407443177328416537708117789953443284853924343283943395592872924572481686041353133965760,-0.000007705011956781217869692034933125346303917885695219899109451701600895500782116882039365678716630635664,0.000002377037201085141393011733225795464723792976182870437585946291689975086138690848945563828938737652898,-0.4461422904627975255356025336887039371252992622141806123334378460411601827932394182738151972967982058,-0.4461322084136396591763398299205450163142715513523025219967424480478693122063185568551960587985042979,-0.1574613280719406047269831703203179971661226046283049720791312793818384923532724174728428362130447989,-0.05136241869459726887755687908659303371416372689959796023898368801555474716463994213679972432931893945,-3.701175547072451199198634718985207714129042288502318881121442609469493623154289599026025505630803653,-1.691010913235659290122369332207284679113264204856053242359019499387422672351467519438896811112612438,-0.01574613280719406047269831703203179971661226046283049720791312793818384923532724178022865219389986496,-0.005136241869459726887755687908659303371416372689959796023898368801555474716463994203796661861153278422,-0.0001542156477946854666332764466243836547553767620209299533800601087278955676314287339571291622819570846,-0.00007045878805148580375509872217530352829638600853566888509829247914114261134797781287858870779893802824,-0.01590034845498874593933159347865618337136763722485142716129318804691174480295867051624480439196903362,-0.005206700657511212691510786630834606899712758698495464908996661280696617327811972012428515557641092593
34,2,3019/6400,201/400,199/601,3381/9419,1953181/5660819,7,7/10,8/10,-4.462014220421504678804583084800404396959086664993516533764058322437897680858817757491509129364685039,-4.462014220421504678804583084800404396959086664993516533764058322437897680858817268333524563468407429,-0.2412380339347619200316485113441105002972503653523368991783402286324235865682132997218914238005739203,0.05079459926977872582772202153067531734155667486979679895588558218247055294965715898214753192382978874,-0.4462014220421504678804583084800404396959086664993516533764058322437897680858817760654168512333842007,-0.4462014220421504678804583084800404396959086664993516533764058322437897680858817259899766208883988850,-0.00001005158474728174666798535463933793751238543188968070413243084285968431610700888753834345127619712718,0.000002116441636240780242821750897111471555898194786241533289828565924269606372902381632867582047540464575,-0.4462114736268977496271262938346797776334210519312413340805382630866494524019887852707525313644428331,-0.4461993056005142271002154867291433282243527683045654118431160036778654984795088234340546920798240748,-0.3330324307418358713771812381572851415260427633968109586317527213150402577083193872889831558382583229,-0.2197266183731172465068527509184921688389121939624662985737917784700094054760120098091390671270627189,-4.099485784343910601973192173976707114310785325503753570014678894853864420567817051282571343894420284,-1.608944483882876789797855590699629625761247751042625703398797730141592787354215136734744898142887674,-0.03330324307418358713771812381572851415260427633968109586317527213150402577083193879478705272901660245,-0.02197266183731172465068527509184921688389121939624662985737917784700094054760120094138066442559180980,-0.0001708119076809962750822163405823627964296160552293230654172782872855776841903257110939911191724592834,-0.00006703935349511986624157731627915123440671865629344273764161657208923303280642563027380863306238380740,-0.03347405498186458341280034015631087694903389239491041892859255041878960345502226456482057824759799284,-0.02203970119080684451692685240812836811829793805254007259502079441909017358040762654668881874973425335
34,2,3019/6400,201/400,199/601,3381/9419,1953181/5660819,8,8/10,9/10,-4.463615653587750523941547542557915877482687849456812920477447447847007226948927876084490659152158409,-4.463615653587750523941547542557915877482687849456812920477447447847007226948927395360264447840299378,-0.3073978824702280868882614501860593753667298675988981398442724994876786242798197793921191323341963191,0.04194973516721858306162177855633470766232424353401159689835073272319942792130761934447957603080819650,-0.4463615653587750523941547542557915877482687849456812920477447447847007226948927879247150042121315376,-0.4463615653587750523941547542557915877482687849456812920477447447847007226948927389034945681901985444,-0.00001280824510292617028701089375775247397361374448328742249351135414531994267832582419392917721965654207,0.000001747905631967440960900907439847279485930176813917149870764613863466642830054484146999583503972642809,-0.4463743736038779785644417651495493402222423986901645794702382561388460426375711138641177066886325164,-0.4463598174531430849531938533483517404687828547688673748978739801708372560520626843840827775894718017,-0.5377591124272319789304635495372135218229203667919312964794702134711466853328817754568396617311019236,-0.4153697093534446508478438414929870578127193281670351095962618245898457317184969563455923254194510469,-4.606526347653284184717592690584024628392535395591774609075857274881625734510645031195442253052243138,-1.522580283516871809553638557100327758501468917301277695751644722826212252970484986778752857641463079,-0.05377591124272319789304635495372135218229203667919312964794702134711466853328817761157270331830096251,-0.04153697093534446508478438414929870578127193281670351095962618245898457317184969559502599025483064260,-0.0001919385978188868410298996954410010261830223081496572753781607197867344056046102104807745769429122259,-0.00006344084514653632539806827321251365660422787155421990398965186345109217720710354063053827363454143561,-0.05396784984054208473407625464916235320847505898734278692332518206690140293889278785371095707047225258,-0.04160041178049100141018245242251121943787616068825773086361583432243566534905679907517272685221584424
34,2,3019/6400,201/400,199/601,3381/9419,1953181/5660819,9,9/10,10/10,-4.466521494657360509172907103429706477619536076315682870039163591417504677546348263837658162965693033,-4.466521494657360509172907103429706477619536076315682870039163591417504677546347766245915242484996843,-0.3853920553610983194885424459035450977857969622358927750658983626649547376819926393896500565482928228,0.02993342942510090250621755076867323344011194750535670391143299493029489638037815401505516845017047945,-0.4466521494657360509172907103429706477619536076315682870039163591417504677546348268054537340257902322,-0.4466521494657360509172907103429706477619536076315682870039163591417504677546347762029036065192787554,-0.00001605800230671242997868926857931437907440820675982886562774576511103978073674969337842362466522419713,0.000001247226226045870937759064615361384726671331146056529329643041455428954015849089755270824594256387730,-0.4466682074680427633472693996115499621410280158383281158695441049068615075353715765319695596326558926,-0.4466509022395100050463529512783552863772269363004222304745867161002950388006189270308799094386317899,-0.7737997722202013555613793011775199101532748376544226758585702689574786597484211895858964945758752855,-0.6401529703140601486793526681211069082234084004115733993727340647049126076712584480140674432159724595,-5.257824241710754508589612036797038564044888211109902682651753147852324024361781449876222690690675705,-1.432830414535771158014481558295426822452591918655053068648626545093432585635700589226086544635127825,-0.07737997722202013555613793011775199101532748376544226758585702689574786597484211906401162888989276079,-0.06401529703140601486793526681211069082234084004115733993727340647049126076712584464327377517313939759,-0.0002190760100712814378579005015332099401685370087962459451104897144938468343484075612330594700578755697,-0.00005970126727232379825060339826230945093552466327729387786035943937889302440148752414923427687532620182,-0.07759905323209141699399583061928520095549602077423851353096751661024171280919052662653157775731764359,-0.06407499829867833866618587021037300027327636470443463381513376590987015379152733209394162486035861098
35,1,201/400,361/640,279/1001,199/601,183439/601601,0,0/10,1/10,-4.479115776860931740976585316878537920277097683489058983637733228416155982972305121566470928198458476,-4.479115776860931740976585316878537920277097683489058983637733228416155982972304615540969653133343707,0.1061470825863483547736553893482318828371786402064586884217488199801426002706331186327454542612837372,0.1257702795490219472271014478714586348809000952478518466595582748301520632265809012322749891165337305,-0.4479115776860931740976585316878537920277097683489058983637733228416155982972305124729130311167615443,-0.4479115776860931740976585316878537920277097683489058983637733228416155982972304608161431092871977450,0.000004422795107764514782235641222842995118215776675269112017572867499172608344609713243934781113904906866,0.000005240428314542581134462560327977443120037503968660493610814928117923002634440870907305929783558782558,-0.4479071548909854095828762960466309490325915525722306292517557499741164256888859030657557394993903090,-0.4479063372577786315165240691275258145845897308449372378701625079134976752945960196664392584765856138,0.3086754604519525253929980409327257852362782026313673796547809901486992943106446459131311356335789536,0.4774676295702241381556119426889279326905374007422165359817703248041571126426879307298152465544036981,-2.692533155448555025397438981054236497814392265467833656001522161591128537631934408660311339579501548,-2.025449632271391494633588743012532128451472456354836341498691875186439584413839237502045665475922671,0.03086754604519525253929980409327257852362782026313673796547809901486992943106446453860212384720527923,0.04774676295702241381556119426889279326905374007422165359817703248041571126426879309933701951351667787,-0.0001121888814770231260582266242105931874089330110611597356667300900662970224013306008028499174981339809,-0.00008439373467797464560973286429218883868547801901478484756244549479943498268390996772033004238275765226,0.03075535716371822941324157746906198533621888725207557822981136892480363240866313391206148598236700066,0.04766236922234443916995146140460060443036826205520686875061458698561627628158488315465200968400334962
35,1,201/400,361/640,279/1001,199/601,183439/601601,1,1/10,2/10,-4.477953529464450630765981114503629546810894422235882845573629648272100584743795680644284849872011734,-4.477953529464450630765981114503629546810894422235882845573629648272100584743795166185025220222478385,0.08818248239241900875672629067244610766678660686249133143767466258931084500956043176183011429382348550,0.1366625975837356608778426021383582311152678343977680646379052704939741600900448956011991472997319460,-0.4477953529464450630765981114503629546810894422235882845573629648272100584743795688023823410133377991,-0.4477953529464450630765981114503629546810894422235882845573629648272100584743795160913926248607216773,0.000003674270099684125364863595444685254486116108619270472143236444274554618542065017965464495037598631964,0.000005694274899322319203243441755764926296469493099907002693246052937248923337085204009078189438250075435,-0.4477916786763453789512332478549182694266033261149690140852197283829355038558375042080568446021522085,-0.4477896586715457407573948680086071897547929727304883775546697187742728095510424308467339278319530864,0.2851247746666919964723577899949197874920388838556687533907335189903503211316972263689859417830406954,0.4539327321608741462860501849079294044154774803052849434173254218590944690635861081069213420878803342,-2.793912837920824455270888874499898503528730988142815318609702795533876830402566318737009906666889364,-1.943724324574959323036374613798107792528564158975396943214215328992180987925807173195034053665843025,0.02851247746666919964723577899949197874920388838556687533907335189903503211316972259736535189118960745,0.04539327321608741462860501849079294044154774803052849434173254218590944690635861085022537649590249551,-0.0001164130349133676856362870364374957709803637911726173049420709498139115346001069304662492177961643718,-0.00008098851352395663845984894224158782468869017329064153930059230537467420783024196503435098561067816372,0.02839606443175583196159949196305448297822352459439425803413128094922112057856961564527936079762772162,0.04531228470256345799014516954855135261685905785723785280243194988053477269852836893229117745392428195
35,1,201/400,361/640,279/1001,199/601,183439/601601,2,2/10,3/10,-4.475663388642343816044961278298332259803844004982611470025595894748353052006863752583682303386988468,-4.475663388642343816044961278298332259803844004982611470025595894748353052006863229690664319153036540,0.06598064621492156701343451634805745778899109213208229303449561796685848348312154518675623236783154724,0.1455227529801784859100645649296283636085399282639895428797616942581145365590892820840283392273725050,-0.4475663388642343816044961278298332259803844004982611470025595894748353052006863755746341686356145435,-0.4475663388642343816044961278298332259803844004982611470025595894748353052006863223365345553214722606,0.000002749193592288398625559771514502394074541295505503428876437317415285770145130064366041223437910495424,0.000006063448040840770246252690205401181817022497010999564286656737260754772356628720111199620057955857922,-0.4475635896706420932058705680583187235863098592027556435736831521574200194305412457481536540448346913,-0.4475602754161935408342498751396278247985673780012501474382729327375745504283296935238960080307264849,0.2379045017911915013536356163130235871908758007521241323535263125055691221884978195254541537873634664,0.4070237495021144813576784599323980894523652021677605913212232907006416922094840135653882331353545058,-2.920410748286072968243071135738999764073946922748126725178192439923661940845964881017869279335769677,-1.850359664805826675421513135641823053401860973128529225127618278475890088638740623482244010798272397,0.02379045017911915013536356163130235871908758007521241323535263125055691221884978193277879423517911559,0.04070237495021144813576784599323980894523652021677605913212232907006416922094840143560530788776437476,-0.0001216837811785863736767946306557916568364144551145052802157580183301525808685818704857875136785032940,-0.00007709831936690944480922971398507596055841087388035538438031742826982875369328085876817808566877082943,0.02366876639794056376168676700064656706225116562009790795513687323222675963798120004015850908678808795,0.04062527663084453869095861627925473298467810934289570374774201164179434046725512063243075176835031625
35,1,201/400,361/640,279/1001,199/601,183439/601601,3,3/10,4/10,-4.472314335248961783916153225576307170683720059309617764907897205492480524984920179695049118726735056,-4.472314335248961783916153225576307170683720059309617764907897205492480524984919673669547843661620287,0.03969612823208039921615291368235733954046661310011260137121128519550283439440393900232191961180406090,0.1514034510731265486326761833358850076041003452761710351314466647978495248211722631270567401534310201,-0.4472314335248961783916153225576307170683720059309617764907897205492480524984920187074587678988101313,-0.4472314335248961783916153225576307170683720059309617764907897205492480524984919665235789489077201708,0.000001654005343003349967339704736764889147519442212504691723800470216479284766433497448462049193386559039,0.000006308477128046939526361507638995208650170847719840459797143611033243730200882177656482230076144889624,-0.4472297795195531750416479828528939521792244864887492717990659200790315732137255855911447192913731812,-0.4472251250477681314520889610499917218597218350832419360309925769382148087682910840960326748851718533,0.1654834760612089227409317061741944646550880373833350721741005671482998114625026110543205450730324918,0.3376621159497904755395762858950191151051479501420590661044748044559574567220348434906621773976120570,-3.079744273106466706249323583285010744847192844961556844802199253411269733309429099149155941820716190,-1.746483724221290820435798120502084830168813772678504293089177495020126216037728643321160742264804460,0.01654834760612089227409317061741944646550880373833350721741005671482998114625026109225430707826509515,0.03376621159497904755395762858950191151051479501420590661044748044559574567220348442813270231399012989,-0.0001283226780461027794270551493035421143686330352067315352000916355588029055545595463352865099163253936,-0.00007277015517588711751815825502092020125703390719493767887871572895917192566823869301632776951276189421,0.01642002492807478949466611546811590435114017070312677568220996507927117824069570152352714505416284396,0.03369344143980316043643947033448099130925776110701096893156876471663657374653524576690254265944244656
35,1,201/400,361/640,279/1001,199/601,183439/601601,4,4/10,5/10,-4.468010554166138368394913573436802742351206381506443388221469853180739951717552729795875641305867500,-4.468010554166138368394913573436802742351206381506443388221469853180739951717552223770374366240752731,0.008803749989825152258927068935526622984443024400980049679120963015014866907086952587178963816019755334,0.1544679135196044954884353118046785803299892894428540029287301166515888950432160235055085352575252377,-0.4468010554166138368394913573436802742351206381506443388221469853180739951717552735066974612921129112,-0.4468010554166138368394913573436802742351206381506443388221469853180739951717552218499275394625491119,0.0000003668229162427146774552945389802759576851260167075020699633734589589527877952896887061341077151115915,0.000006436163063316853978684804658528274180416220393452250122030421527149537293467334339518269924253418731,-0.4468006885936975941248139020491412939591629530246276313200770219446150362189674784056677461943501489,-0.4467946192535505199855126725390217459609402219302508865720249548965468456344617541581464480152050567,0.06777821412938514673231346895055399820264393684534229584114803964175112854225717108289710764294237837,0.2456522241286368858182261462284683719523162520685744379282406350805018957465647767067849074728005430,-3.278730690443731877059674387444411625706610298249351116737610031776584378496561502113877250641184496,-1.623752578521048303775470264366031242408049066363496464590323797411309253021411924606501240130170794,0.006777821412938514673231346895055399820264393684534229584114803964175112854225717095111963335256083806,0.02456522241286368858182261462284683719523162520685744379282406350805018957465647768385623817631820833,-0.0001366137787684888282108197661435171510711087624270562965307337513240243491040233964546985183789371499,-0.00006765635743837701265731126101525130176700204443181235269126349155880455220922549636306600772596819923,0.006641207634170025845020527128911882669193284922107173287584070212851088505121693698399886937403745210,0.02449756605542531156916530336183158589346462316242563144013280001649138502244725220448011221383673556
35,1,201/400,361/640,279/1001,199/601,183439/601601,5,5/10,6/10,-4.462892380379793480837303757828216383901135818038746106232551880271849468145933831634861458522507756,-4.462892380379793480837303757828216383901135818038746106232551880271849468145933325609360183457392987,-0.02718780652201421522154972681945497037875765368103284168461133707398674826917521839621515543687837990,0.1548495906554905529562707508679436851272265058097689898562181670452080778127380653390568994256151330,-0.4462892380379793480837303757828216383901135818038746106232551880271849468145933837960180224460821690,-0.4462892380379793480837303757828216383901135818038746106232551880271849468145933321392481006165183697,-0.000001132825271750592300897905284143957099114902236709701736858805711416114511215634105075648359162428563,0.000006452066277312106373177947952830986880301104408740374577342423626883669908864086082840162977397232481,-0.4462903708632510986760312736881057823472126967061113203249920468328963629291045999332003357601386327,-0.4462827859717020359773571978348688074032332806994658702486778456035580631446844678343538476074820245,-0.05525863945392777421097614209453166544167846346878404205464430970915511599891002751472926064082178541,0.1306282411778388925051571096878820671373526811706761639160179659360321064187698400724339023515715360,-3.527415989754419250047370208862918097554053337422237625817949944728434251392258803003840648134419973,-1.483180068723643121342357783106031495815305185777299335305869151386235843873982519892947054116135542,-0.005525863945392777421097614209453166544167846346878404205464430970915511599891002761356236635860794064,0.01306282411778388925051571096878820671373526811706761639160179659360321064187698401712670080693576912,-0.0001469756662397674687519737587026215873980855557259265677424145810303514271413441174081609223845728280,-0.00006179916953015179672259824096275131232563771607405413897107788130775982682808260456932169218021951981,-0.005672839611632544889849587968155788131565931902604330773206845551945863027032346883397199388766592919,0.01300102494825373745379311272782545540140963040099356225263071871229545081504890141384426851212255683
35,1,201/400,361/640,279/1001,199/601,183439/601601,6,6/10,7/10,-4.457137716514246791701790791419539695302275448647457149187441354932693421197333269487677020694178621,-4.457137716514246791701790791419539695302275448647457149187441354932693421197332771895934100213482431,-0.06863470534219172748974686680081052694536102595117753984385094610374801551195906996016249921681294683,0.1529579637191782035204531765730904764793970864690414381286946224927653997545363138757047023262196684,-0.4457137716514246791701790791419539695302275448647457149187441354932693421197333272650336403663335588,-0.4457137716514246791701790791419539695302275448647457149187441354932693421197332766624835128598220819,-0.000002859779389257988645406119450033771956056709414632397493493789420989500646331627926181260401170718894,0.000006373248488299091813352215690545436519974878602876726588695609270531891656439013102884087182995141777,-0.4457166314308139371588244852614040033021836015741603473162376292826903316203796589907714588853608227,-0.4457073984029363800783657269262634240937075699861428381921554398839988102280768373853672258440640098,-0.2043301160355764610959092853114857802012352693685519812171793301526532534199785501821656537731818918,-0.007818626158362300795242462536213791305919846195558648934732716727002274772832493661720073439899674231,-3.838388200494827133371036969508395830524265973527624217521005483460417843680545120201793611669605596,-1.322854502135937076388218200743674050345896290943201679779985775721381341464587833760080591267930516,-0.02043301160355764610959092853114857802012352693685519812171793301526532534199785503798318652087542022,-0.0007818626158362300795242462536213791305919846195558648934732716727002274772832493649365935225176404827,-0.0001599328416872844638904598737295164929385110822303176757300418951441840768200227141179930849780123273,-0.00005511893758899737818284242503098641876441234545596673665749940732172422256102449275247226822598996895,-0.02059294444524493057348138840487809451306203801908551579744797491040950941881787777346354360214575256,-0.0008369815534252274577070886786523655493563969650118316301307710800219516998442738567882432125867253910
35,1,201/400,361/640,279/1001,199/601,183439/601601,7,7/10,8/10,-4.450964069674627174905160197295675091753078500733501425803108206649945690788336379204061630265045423,-4.450964069674627174905160197295675091753078500733501425803108206649945690788335890046077064368767813,-0.1164289497636941591400686728034958797094374956331218478698478593243689394102433977845976468486667889,0.1487026912107032086369787009421670021936188539073312158752105249385600073177034089706259204344493931,-0.4450964069674627174905160197295675091753078500733501425803108206649945690788336385529380396203359358,-0.4450964069674627174905160197295675091753078500733501425803108206649945690788335884774978092753506201,-0.000004851206240153923297502861366812328321226562318046743661243660805182039142093474928281798976566565209,0.000006195945467112633693207445872590291758067452246138800661467105205773333638237642065558538090048149143,-0.4451012581737028714138135225909343215036290766356681893239720643257997511179757323032606524558520495,-0.4450902110219956048568228122836949188835497826211040037796493535597887957451953504499204025797729250,-0.3803186367121632762176571809468639817322311879552047729277652298003240114276535676873857150695109090,-0.1701205351891586744527018114725693924437936528065902754193832026662308189724998598458177866173614285,-4.229130729887459634812928739020324707815042392465236975977464487015777694193205621473408493974933939,-1.139647014930686908749968167742569837211792732081010473490102021141289667696580664717560129405383012,-0.03803186367121632762176571809468639817322311879552047729277652298003240114276535684780505608118001508,-0.01701205351891586744527018114725693924437936528065902754193832026662308189724998594504853637462168076,-0.0001762137804119774847838720307925135294922934330193848739990610202923240705913835682511647375710047892,-0.00004748529228877862119791534032260707655049136383670876972875425088088706948735752742185701536728048223,-0.03820807745162830510654959012547891170271541222853986216677558400032472521335674043381529450241571964,-0.01705953881120464606646809648757954632092985664449573631166707451750396896673734343997643610647202869
35,1,201/400,361/640,279/1001,199/601,183439/601601,8,8/10,9/10,-4.444631412512287199743595837983116810266847377978685282172845382580188901758927809437106235843085205,-4.444631412512287199743595837983116810266847377978685282172845382580188901758927311845363315362389016,-0.1715465602382468091888104493309678837429927912549962188306594043885005479849064483951418867401097539,0.1421255107402156292776762513602096233610202905411216796355804064572636845405768736318405169699107764,-0.4444631412512287199743595837983116810266847377978685282172845382580188901758927814708205207458346817,-0.4444631412512287199743595837983116810266847377978685282172845382580188901758927303411604960777970436,-0.000007147773343260283716200435388790328489291366302291509117944141849520856166037768713351364629006459521,0.000005921896280842317886569843806675400973375845439213403318149183602385986855857369760869668933454329593,-0.4444702890245719802580757842337004713551740291641708197264024823998684110320588192585235337803605886,-0.4444572193549478776564730139545050056257113619524293148139663890744165041890368729444553796514918754,-0.5843756671776407529009510571109748628574796922060753686643275786452372192673258409550899253066967487,-0.3569553064201439519094760236006741690945468706858426769116225605051080100867850931009096175069004666,-4.723482658007484874571467595066324781588697792578068354193232782086387476478121263384153980823416372,-0.9281126494333035792657332806731127960340159723340678113872523041497037763469919799280158535713738578,-0.05843756671776407529009510571109748628574796922060753686643275786452372192673258417457547710489859905,-0.03569553064201439519094760236006741690945468706858426769116225605051080100867850925737997203453743054,-0.0001968117774169785364404778164610968658995290746907528480913846992535994781865883868549152675059731624,-0.00003867136039305431580273888669471303316808399884725282547446884600623765734779133227033654137589837071,-0.05863437849518105382653558352755858315164749829529828971452414256377732140491917257249764118976083439,-0.03573420200240744950675034124676212994262277106743152051663672489651703866602630057929084892710892071
35,1,201/400,361/640,279/1001,199/601,183439/601601,9,9/10,10/10,-4.438446148371464414694004537031606739694778860145390749636436442394764187509815098746698978787692422,-4.438446148371464414694004537031606739694778860145390749636436442394764187509814634889989476644670550,-0.2350296487423040210075868169121918069567055214453797174904133743415990047288009786709096425782668455,0.1332157223756513207576104895587422348538013480761416600592078424298212302416071188857387012440144344,-0.4438446148371464414694004537031606739694778860145390749636436442394764187509815102963578156079901711,-0.4438446148371464414694004537031606739694778860145390749636436442394764187509814628564670710706356616,-0.000009792902030929334208649450704674658623196063393557488228767223930899958530366707481726546064843160347,0.000005550655098985471698233770398280926452241722836505902502466993434575884593400296641644372861371821684,-0.4438544077391773708036091031538653486281010820779326324518724114634073187095118771195469850948160518,-0.4438390641820474559977022199327623930430256442917025690611411772460418428663880621578816095476566692,-0.8180345314321741704136567515475626618619611096094925515027851480293854654624316033792849750292620699,-0.5693521884078702342061902344038001634824537393645241851535132680246681702646312088039336044551639093,-5.353678297153465850378628376339245450323654374023825887686558433548334573497968032061407000228226200,-0.6812743340881561800489230867359528666218475454623794428113739574359994279152286866297266151585401839,-0.08180345314321741704136567515475626618619611096094925515027851480293854654624316044335047693523143923,-0.05693521884078702342061902344038001634824537393645241851535132680246681702646312080132687587128746674,-0.0002230699290480610770991095156808018937634855989176594119869399347311806072290820021512650805145785390,-0.00002838643058700650750203846194733136944257698106093247678380724822649997616313452844502168468827784991,-0.08202652307226547811846478467043706807995959655986691456226545473766972715347224247947562210623500863,-0.05696360527137402992812106190232734771768795091751335099213513405069331700262625532932148626689729206
36,1,361/640,1001/1600,599/2601,279/1001,662639/2603601,0,0/10,1/10,-4.498876889504487081034433431125796228179977381189433271731026979613169262018298654126947938196818042,-4.498876889504487081034433431125796228179977381189433271731026979613169262018298164968963372300540432,0.2257680231098202273381018633819094496877744663896367251215128051220843552868597339555330489010962807,0.2446675953618879868090372170776110418364073113681405029527934124118913679625312465349552932302407548,-0.4498876889504487081034433431125796228179977381189433271731026979613169262018298657289607321165975009,-0.4498876889504487081034433431125796228179977381189433271731026979613169262018298156535205017716121853,0.000009407000962909176139087577640912893736990602766234863546729700213420181470285822180413931756128864514,0.00001019448314007866611704321737823379340985030464033918762303305885049547366510546864315741130779774231,-0.4498782819494857989273042555349387099242607475161770923095559682611035060203595799565025072756091139,-0.4498774944673086294373262998952013890245878878143029879854796649024664307281647099570496626739428451,0.3139129803011553412518079300620283976291608240202248647718366072138385289377024952869790844689958795,0.4651595773735767679466662554280239129872694318243691731974591758227258236786465106634695587587240298,-2.685502931680018264362820140979728571496735654038978111376974031702340213331079213091046403152415041,-2.066199084580306956784701738957118018579560750579906228797367181126773142744401087822121453999631641,0.03139129803011553412518079300620283976291608240202248647718366072138385289377024944963142387267066377,0.04651595773735767679466662554280239129872694318243691731974591758227258236786465113223569302106317314,-0.0001118959554866674276817841725408220238123639855849574213073739179875975088887949676208430060684454562,-0.00008609162852417945653269590578987991744081503127416275953322363254694888094768337815582392833334475686,0.03127940207462886669749900883366201773910371841643752905587628680339625538488145442654564784008420672,0.04642986610883349733813392963701251138128612815116275456021269394972563348691696779152835055610973876
36,1,361/640,1001/1600,599/2601,279/1001,662639/2603601,1,1/10,2/10,-4.496522739066377429472510972298396548021590843472501422087766141631300092103516521854329090307672881,-4.496522739066377429472510972298396548021590843472501422087766141631300092103516041130102878995813850,0.2088368214438664827109655054388352192994523240360997926946572177808172365856210761633844801628888754,0.2550545902124457115128030902471994093136639631781004019991692046978365231332451071827767070953936459,-0.4496522739066377429472510972298396548021590843472501422087766141631300092103516526071208267599882170,-0.4496522739066377429472510972298396548021590843472501422087766141631300092103516035859003907380552238,0.000008701534226827770112956896059951467470810513501504158028944050740867384857734211446667055503168898613,0.00001062727459218523797970012876029997538806933179908751674996538352907652179721854618503499091505749640,-0.4496435723724109151771381403337797033346882738337486380507476701123891418254939184334121912822725351,-0.4496416466320455577092713971010793548267710150154510546920266487796009326885543850187712308049921237,0.2901844072956155868898693395492116731948693342861536341913674949200130192251548279318185106606049436,0.4414551306814189853941923914512997128397794898362557177902358776478384898791935933202908216258037015,-2.775619795317058146622954207230301327313725690005479559272679840088998583074977129761158454334917661,-1.977952438096300912418559986069917953709361277814625629680936874518835220588773367484600442797342154,0.02901844072956155868898693395492116731948693342861536341913674949200130192251548276023748249346510928,0.04414551306814189853941923914512997128397794898362557177902358776478384898791935935838457702065667821,-0.0001156508248048774227759564253012625553047385704168949816363616600037082742947907142479406177581337558,-0.00008241468492067920468410666608624658140455671990894273457003903643828480085786555647509388619991602821,0.02890278990475668126621097752961990476418219485819846843750038783199759364822069202848784607151567721,0.04406309838322121933473513247904372470257339226371662904445354872834556418706149380641359602524128749
36,1,361/640,1001/1600,599/2601,279/1001,662639/2603601,2,2/10,3/10,-4.491848006890289765526601956052223713577975728181533858973626397940161389709261315565873572234036038,-4.491848006890289765526601956052223713577975728181533858973626397940161389709260784239097233415665531,0.1875772874112199750159071484730917588841251132864745468164553206116635267608059976917986554523728943,0.2631729254625066350910600422281995112978517858385387866634011873525274661962042613469276883390291746,-0.4491848006890289765526601956052223713577975728181533858973626397940161389709261320836972543849297650,-0.4491848006890289765526601956052223713577975728181533858973626397940161389709260777913778467477351596,0.000007815720308800832292329464519712156620171879720269772784018971692152646948366916518029419544520542537,0.00001096553856093777646212750175950831297074382440993911611097504947302197775817517760798362972801660696,-0.4491769849687201757203678661407026592011774009384331161245786208223239863239777653681752627166446862,-0.4491738351504680387761980681034628630448268289937434467812516647445431169931679025615060674674395619,0.2425129780731167237339046606960063713531572025184259886433750720903752269472667221251502991687970411,0.3944225581894450809253958672145141305054941976085674820346621437216846369972051989120278378351341447,-2.881374075441671722524725082974387105450834886268897794707674758796098357105445503351437980230049833,-1.874451610326385243070315684946697529759176943813769551073831441421781048741146127448051187244823139,0.02425129780731167237339046606960063713531572025184259886433750720903752269472667217298178762976524202,0.03944225581894450809253958672145141305054941976085674820346621437216846369972051991755827864158972253,-0.0001200572531434029884385302117905994627271181202612040747794864482831707648793935631413585288964026283,-0.00007810215043026605179459648687277906373996570599224039796140964339257421036421442143273371034211470650,0.02413124055416826938495193585781003767258860213158139478955802076075435192984727859259611117615094252,0.03936415366851424204074499023457863398680945405486450780550480472877588948935630553344533745489081748
36,1,361/640,1001/1600,599/2601,279/1001,662639/2603601,3,3/10,4/10,-4.484919725190773361272967525859251330787461629184807794215911641106652704246284905393235862587178128,-4.484919725190773361272967525859251330787461629184807794215911641106652704246284399367734587522063359,0.1621755000474334115872630966571771426447103838134882799766634755604587077682760883685358473537280949,0.2684044223406257172901804335614175542789208901924806100964749287141698264921367124884994376605544912,-0.4484919725190773361272967525859251330787461629184807794215911641106652704246284908555895245556335095,-0.4484919725190773361272967525859251330787461629184807794215911641106652704246284391988196027260697102,0.000006757312501976392149469295694049047610196265992228678332360978148352446157011503639554976859960765378,0.00001118351759752607155375751806505906476162170375802002542068645536309040943717236306243542652975757354,-0.4484852152065753597351472832902310840311359666524885507432588031325169179784714794154901335737695307,-0.4484807890014798100557429950678600740139845412147227593961704776553021800151912666795770528115865377,0.1698046700595207082635313257611026240906842327185918365596160719154166777309114861672427353980570618,0.3249492493129088615073502642919551751802040520987765023056748000718163162132762501127360458496004080,-3.007250014303181385450725082842075371803623895783014622774782925539978035825536213282553431720088832,-1.750499860827365887440303181784573828851829222862967505218196833775930467634881393601946556478493059,0.01698046700595207082635313257611026240906842327185918365596160719154166777309114858377990496721032110,0.03249492493129088615073502642919551751802040520987765023056748000718163162132762507716234173015081095,-0.0001253020839292992243937802117850864738251509956576256092822826218974990848260640095820365047391521405,-0.00007293749420114024531001263257435724286882621761929031271742486807399710281812005762234196796253071421,0.01685516492202277160195935236432517593524327227620155804667932456964416868826508457085195602931695017,0.03242198743708974590542501379662116027515157899225835991785005513910763451850950508015249037817432075
36,1,361/640,1001/1600,599/2601,279/1001,662639/2603601,4,4/10,5/10,-4.475838200073143843135723428263716863608458900676539314059997082492927930705332337385591385865203657,-4.475838200073143843135723428263716863608458900676539314059997082492927930705331856661365174553344627,0.1329407148578045053993284379561876161815272047586995515697929908062284256563032183766703247223306749,0.2708252437646259321826021791116726230155905402015045689108421665912172645436560169772557927744653840,-0.4475838200073143843135723428263716863608458900676539314059997082492927930705332343710910151803517591,-0.4475838200073143843135723428263716863608458900676539314059997082492927930705331848227606819968926047,0.000005539196452408521058305351581507817340896966864945814648741374616926184402345967393797477922332461477,0.00001128438515685941384094175746298635929231627250839602370461842360796738602265233409515441287422713014,-0.4475782808108619757925140374747901785435049931007889855913509668746758668861308887276555373721064091,-0.4475725356221575248997314010689087000015535737951455353822950898256848256845105321425405380446946956,0.07244631203310190032210568418713750813749959693031853401434239269149956224267074700782539216842952337,0.2329683861577252610352691464413063756769569466619163238982745767552176133152837212318859979806571525,-3.159407237151031788689754390474553046592668912732137219918535053453887533647136279256034603333230031,-1.602860699748038272470346643932305513169192723369682288927286917074836875205960683751938446359521517,0.007244631203310190032210568418713750813749959693031853401434239269149956224267074687604791787804798307,0.02329683861577252610352691464413063756769569466619163238982745767552176133152837215613296837066110033,-0.0001316419682146263245287397662697730436080278713638390508299389605605786472352973456567151357584799147,-0.00006678586248950159468626444349717939638204969680707009537197028821145153646691502802466806634970145095,0.007112989235095563707681828652443977770141931821668014350604300308589377577031777335256251785737880798,0.02323005275328302450884065020063345817131364496938456229445548738731030979506145713467143623088313575
36,1,361/640,1001/1600,599/2601,279/1001,662639/2603601,5,5/10,6/10,-4.464736779308701219032499162929458669425944712457055627214348081442636264274184351027110739709492352,-4.464736779308701219032499162929458669425944712457055627214348081442636264274183836567851110059959004,0.09967871160765919900600924263739173471493146717475406899814647632413056354712478964710651097749035105,0.2706540228331044550829942808633005170272541020038196563229158929822656863296360694366748092254283861,-0.4464736779308701219032499162929458669425944712457055627214348081442636264274184357352429505647806287,-0.4464736779308701219032499162929458669425944712457055627214348081442636264274183830242532344121645070,0.000004153279650319133291917051776557988946455477798948086208256103180172106814463532873608308235409038670,0.00001127725095137935229512476170263752154280225425015915234678816220759440359706816961249522673670344511,-0.4464695246512198027699579992411693089536480157679066146352265520410834543206039724522350048728167609,-0.4464624006799187425509547915312432294210516689914554035690880199820560320238213147323379880831608539,-0.04955720193867377137517833547986330369551791423215393803997980247662559043829494598282167300897094697,0.1184544716221321579879328615475176343160823642883253607639496458980324501172062837083157551141175111,-3.344767728027461175001456493528934321646821831499084969449881312268933384075080951743144454918342989,-1.433498001694835813719591445594790996455995643104885594582841540662565886787205985165437622644309937,-0.004955720193867377137517833547986330369551791423215393803997980247662559043829494601576604158156633205,0.01184544716221321579879328615475176343160823642883253607639496458980324501172062838071488608319036664,-0.0001393653220011442156250606872303722634019509096457952070604117213445388910031283736866201537415332753,-0.00005972908340395149223831631023311629151899981846270356644095173086094024528280024901006799106427229184,-0.005095085515868521353142894235216702632953742332861189011058391969007097934832622981440293419259801182,0.01178571807880926430655496984451864714008923661036983250995401285894230476643782814811265790855543652
36,1,361/640,1001/1600,599/2601,279/1001,662639/2603601,6,6/10,7/10,-4.451781641233253609183692797862178605310225154183849016134886508485350098645678316396856490912809596,-4.451781641233253609183692797862178605310225154183849016134886508485350098645677810371355215847694827,0.06225928582527917513293650480815715345748242497464725686867427755628059748976782451593573589862320826,0.2682301676261669985403621298074479468159626029158556196397397119736345348650665990810916993714863379,-0.4451781641233253609183692797862178605310225154183849016134886508485350098645678321667955462528071208,-0.4451781641233253609183692797862178605310225154183849016134886508485350098645677805100256244232433215,0.000002594136909386632297205687700339881394061767707276969036194761564845024895406992671144876715597296400,0.00001117625698442362493918175540864366445066510845482731748498915466556810561937777500495163789201004032,-0.4451755699864159742860720740985175206496284536506776246444524560869701648396724252069199733621163484,-0.4451669878663409372934300980308092168665718503099300742960036616938694417589484022390534990401067252,-0.1963900754772154438372339668653202092357677367374172632102814425081558740432059039143162939592346868,-0.01845522593077885746123234728731071375019663983724030441027082361037446035994226233504183101293120081,-3.572498344133418557345023987332389729988550901460824849807590753301525633420262914492881656065873784,-1.239893483970134659122900579445262019056830830721804880233213354632618976473101524527314510399412321,-0.01963900754772154438372339668653202092357677367374172632102814425081558740432059043096487168303793077,-0.001845522593077885746123234728731071375019663983724030441027082361037446035994226230209746244033581573,-0.0001488540976722257732227093328055162387495229542275343687419829480542302347258442887064774774764686597,-0.00005166222849875561079678752414355258412736795128007520334305055644302579068637922985318893501964229554,-0.01978786164539377015694610601933753716232629662796926068977012719886981763904643475210096197416298162,-0.001897184821576641356920022252874623959147031935004105644370132917480471826680605459355146010501369892
36,1,361/640,1001/1600,599/2601,279/1001,662639/2603601,7,7/10,8/10,-4.437171691880022218569854187324517419317174257843175255512625349176358778759084165263414904581450831,-4.437171691880022218569854187324517419317174257843175255512625349176358778759083684539188693269591801,0.02046565138692471445849765769805741259848479404074902178858173010981825565721282709480790970008944005,0.2636836574302479751407662646612397304626939609332262210744428035922436402994080725496969776144839616,-0.4437171691880022218569854187324517419317174257843175255512625349176358778759084172642953464842817089,-0.4437171691880022218569854187324517419317174257843175255512625349176358778759083677159650133008225544,0.0000008527354744551964357707357374190588582701997516978759078575720879090939857172011230440434408380664048,0.00001098681905959366563086526102755165543594558170555109254476845014967681834580866974164683168072172429,-0.4437163164525277666605496479967143228728591555845658276753546773455479687819227003197810644228471913,-0.4437061823689426281913545534714241902762814802026119744587177664674862010575625590161423268056880387,-0.3683595510377795456813442308617361734582554217991724543939871266364941643250083621943157197179174219,-0.1776562526951429252767108821350464528554108125422517671088324656349254682230221155898853818495457469,-3.855133143642875030115001014884727446776228890088646913119962535506871186883733926802929108854783611,-1.020523030314914112414431424984352155200493335677986464394124941940841126454206633720849471462598268,-0.03683595510377795456813442308617361734582554217991724543939871266364941643250083627214256168794435831,-0.01776562526951429252767108821350464528554108125422517671088324656349254682230221153922191704139734364,-0.0001606305476517864595881250422868636436156762037536936213799984389794529661201555810096041701565725965,-0.00004252179292978808801726797604101467313335388898658276934975520591420171360225860943878087627056897811,-0.03699658565142974102772254812846048098944121838367093906077871110262886939862099189072933626121754201,-0.01780814706244408061568835618954565995867443514321175948023300176940674853590447011970568647691024996
36,1,361/640,1001/1600,599/2601,279/1001,662639/2603601,8,8/10,9/10,-4.421138683438967840733879185790888855550643357625485849124256060911203390915578652331191556821548714,-4.421138683438967840733879185790888855550643357625485849124256060911203390915578180040723700094108263,-0.02599712658308776297651773027909985287564675691875313119646753397169879159783809135173617470782104616,0.2572328325295776238109830681215831998062035529883292912043200771227420095378401399682030097710298958,-0.4421138683438967840733879185790888855550643357625485849124256060911203390915578659710730117082914971,-0.4421138683438967840733879185790888855550643357625485849124256060911203390915578174769624728478846651,-0.000001083213607628656790688238761629160536485281538281380466519480582154116316576587144197321111033606604,0.00001071803468873240099212429450506596665859181470784705380018000321344758373074333921831873893206804328,-0.4421149515575044127301786068178505147156008210440868662928921255717024932078744429026350593525315421,-0.4421031503092080516723957942845838195884057439478407378586254260879068915078270737116068162883352406,-0.5659223965479053217082608384441367887874136659642476143268617220950393207635030379384314896164331339,-0.3591758616843782190073726476121546411799068395590785312336654393741141680735393659708187647223586568,-4.208131422742199931921013979669815995124033885718731956665834568394687942896106262979317309311113218,-0.7721260155886520798555454749842700196645943619915039435617228195997285453266792717034325021273759847,-0.05659223965479053217082608384441367887874136659642476143268617220950393207635030384655413867779592951,-0.03591758616843782190073726476121546411799068395590785312336654393741141680735393655754863418512140359,-0.0001753388092809249971633755824862423331301680785716138315277431070164453309540044283907811315460681576,-0.00003217191731619383666064772812434458415269143174964599764840511748332202272194496944394616743238055091,-0.05676757846407145716798945942689992121187153467499637526421391531652037740730430828858594742143227430,-0.03594975808575401573739791248933980870214337538765749912101494905489473883007588146148991002657311615
36,1,361/640,1001/1600,599/2601,279/1001,662639/2603601,9,9/10,10/10,-4.403947697397793202532111844273649460342420662622865078654183353498911037898881179538847261384660392,-4.403947697397793202532111844273649460342420662622865078654183353498911037898880715682137759241638521,-0.07750148102663360529753017448499072877292713981497140979470719204287681930443735579762698951061846679,0.2490899493905544591446635089182448649265463654095844751992041429219077448677947742773048932435805225,-0.4403947697397793202532111844273649460342420662622865078654183353498911037898881183755726438676869682,-0.4403947697397793202532111844273649460342420662622865078654183353498911037898880709356818993303324586,-0.000003229228376109733554063757270207947032205297492290475408112799668453200804351556505766470913891749216,0.00001037874789127310246436097953826020270527276522539935313330017262174615603615811564177337426255381850,-0.4403979989681554299867652481846351539812742715597787983408264481495595569906924701140928294786969450,-0.4403843909918880471507468234478266858315367934970611085122850351772693576338519125035135925561873891,-0.7897130271813940097000203714642031696190813277809596393239895719587599380987250897636581677764784648,-0.5632498218125798624577835207716361993518405744425834437495219739379088609950003856868190727900870310,-4.653683551731561736139619965196497933273606550091944576339838311191350884632472143580472642940724833,-0.4874166110615920607538492134516576737741937084351000859179471163541652978373200888697855648310472615,-0.07897130271813940097000203714642031696190813277809596393239895719587599380987250913449878592610569484,-0.05632498218125798624577835207716361993518405744425834437495219739379088609950003846325992784670347086,-0.0001939034813221484056724841652165207472197336062538310240141599296329729535263530068411322993791307582,-0.00002030902546089966919807705056048573640725807118479583691324779651475688740988833690412042040494756033,-0.07916520619946154937567452131163683770912786638434979495641311712550896676339886221005981204488301166,-0.05634529120671888591497642912772410567159131551544314021186544519030564298690992675988441012952109213
37,1,1001/1600,2199/3200,1001/5399,599/2601,2918801/14042799,0,0/10,1/10,-4.517001353951265868167100767561275839440627643415490723392601596009204877662855803863652416179725791,-4.517001353951265868167100767561275839440627643415490723392601596009204877662855297838151141114611022,0.3371036700386955677646871843907453521613837667662041112008933207582104701364199164003248475624256226,0.3555479231852951561369026970708483857038315063736087122628595975875060934581487690673949994551627905,-0.4517001353951265868167100767561275839440627643415490723392601596009204877662855809134751387794987403,-0.4517001353951265868167100767561275839440627643415490723392601596009204877662855292567052169499349410,0.00001404598625161231532352863268294772300672432361525850463337055503159210292235082975658536506625634274,0.00001481449679938729817237094571128534940432631276556702967761914989947942056075619877505696504652647534,-0.4516860894088749745013865481234446362210560400179338138346267890458888956633632305611866920725263413,-0.4516853208983271995185377058104162985946584380287835053095825404510210083457247730301011767668268832,0.3180331314759372542358721008344310154018956563452080421773169325743756343632026894477027726388973324,0.4542882058230816680915579125343251466061645564930819499710934627888465088265559546646400608619680483,-2.678576899338956124222789628716124463013959385321015573235494348590799135491386509731710132515108857,-2.100733338110650234938240904201962549795335796468866153654941656683620433614942450475373831350597726,0.03180331314759372542358721008344310154018956563452080421773169325743756343632026890523703497677527114,0.04542882058230816680915579125343251466061645564930819499710934627888465088265559549281950094427311289,-0.0001116073708057898385092829011965051859589149743883756488848122645246166306454744383416576352690538527,-0.00008753055575461042645576003767508177290813899151953608973562256902848418473395593491107986500790475366,0.03169170577678793558507792718224659635423065066013242856884688099291294680567479441760751342234984040,0.04534129002655355638270003121575743288770831665778865890737372370985616669792163960359299468579396479
37,1,1001/1600,2199/3200,1001/5399,599/2601,2918801/14042799,1,1/10,2/10,-4.513536615646008667576570605654932673145741626194315793555844245281378908850929235901862676264324317,-4.513536615646008667576570605654932673145741626194315793555844245281378908850928704575086337445953810,0.3202201992541279176129640576512366016151402388779374012121114238016163890341819156041888236659144722,0.3655443803691079465884987165155289508210426256745836191446136779961397939363788381776111082907517572,-0.4513536615646008667576570605654932673145741626194315793555844245281378908850929242227181442202638252,-0.4513536615646008667576570605654932673145741626194315793555844245281378908850928699303987365830692198,0.00001334250830225532990054016906880152506729750995324739171717130932506734954309091307313275573037493687,0.00001523101584871283110785411318814703961754344273644098413102556991650582474734911831741240507599609369,-0.4513403190562986114277565203964244657895068651094783319638672532188128235355498336798187466171530798,-0.4513384305487521539265492064523051202749566191766951383714533989582213850603455202849875131339341501,0.2941552629638564947120980828012169784711560780851011441257359078949072231937893779884506042797926891,0.4304394935912819204987327929908240587728913042958733927551446821794193590319969283240439075114568235,-2.758401730876975746023297483300240298985170605181720192666206218656141638444835976454895134753771070,-2.005248990653536100345629610026836113472051633669049892197698647437762361444297285628327547868881910,0.02941552629638564947120980828012169784711560780851011441257359078949072231937893776590069185538388384,0.04304394935912819204987327929908240587728913042958733927551446821794193590319969288511538046729829847,-0.0001149334054532073227509707284708433457910487752159050080277585924440059016018681661478713021489694581,-0.00008355204127723067084773456708445150472800215140287707884157077697657343172684571969333375992179797266,0.02930059289093244214845883755165085450132455903329420940454583219704671641777706958598310400140793702,0.04296039731785096137902554473199795437256112827818446219667289744096536247147284718614096600498531689
37,1,1001/1600,2199/3200,1001/5399,599/2601,2918801/14042799,2,2/10,3/10,-4.506643649037148920122318360420159010375162324114944617612623882905634286991007751548640642206724131,-4.506643649037148920122318360420159010375162324114944617612623882905634286991007228655622657972772203,0.2980273685291343483282048857734102561299348679390004705934462499653692662267443433187437184570433596,0.3724498135190857687640409621650959114554844732102459037648644977503732394336506929973515847764913692,-0.4506643649037148920122318360420159010375162324114944617612623882905634286991007756819739613821985743,-0.4506643649037148920122318360420159010375162324114944617612623882905634286991007224438743480680562913,0.00001241780702204726451367520357389209400541395283079168627472692708189038609278101422353045239562414926,0.00001551874222996190703183504009021232964397851971709357932353602073959888497640211227874452167473246990,-0.4506519470966928447477181608384420089435108184586636700749876613634815383130079946743457390913088622,-0.4506488461614849301052000010019256887078722538917773681819388522698238298141243199607784236950784256,0.2460780822189267541053512880571627485462163392422513530808012593196646746961653560909048221567708674,0.3833336562283995776036631927152331907522620302252341353195265285430201737333236367865006849329677501,-2.845192214156547554809030422325253431602664762913645887830786399319408142514702729346851603044770262,-1.887320774851344012945569144588708035638071194116705541392094003962969183211401624450929351083811570,0.02460780822189267541053512880571627485462163392422513530808012593196646746961653556955723992856262464,0.03833336562283995776036631927152331907522620302252341353195265285430201737333236371818331078041123710,-0.0001185496755898561481170429342635522263167776984547352453262827666383086726047792808506733101432008186,-0.00007863836561880600053939871435786283481825296642152939755800391683179038263380840046800006088874638786,0.02448925854630281926241808587145272262830485622577040006275384316532815879701175628047047447527057756,0.03825472725722115175982692055716545624040795005610188413439464893747022699069855534615556640133335049
37,1,1001/1600,2199/3200,1001/5399,599/2601,2918801/14042799,3,3/10,4/10,-4.496395058012958030211179596530291100884668692252443913861946711621066231377013240620502859680863583,-4.496395058012958030211179596530291100884668692252443913861946711621066231377012726161243230031330234,0.2720939624166692767334048266132112477582116320256225938873595808342178487842556626091562832860637217,0.3765272185708715275105688096444715433032291722543224979168770373779806479838749874515743567428740395,-0.4496395058012958030211179596530291100884668692252443913861946711621066231377013243783162242650020550,-0.4496395058012958030211179596530291100884668692252443913861946711621066231377012721944364052739120945,0.00001133724843402788653055853444221713532325881800106760807863998253475907703267731919692415487744411431,0.00001568863410711964697960703373518631430430121551059677074653654322408252699932812453231359036475212822,-0.4496281685528617751345874011185868929531436104072433237781160311795718640606686474739641834688464789,-0.4496238171671886833741383526192939237741625680097337946154481346188825406107019440561665473666545402,0.1732489263050935383476804740449932675057861006890472415982393702726872037953159226734752610541014720,0.3137564344623762538500296185865959078056851211768180009536789742152887361943321306274078372591851975,-2.941240142256850469247913542854957838759650322194733372838254329578799192384673741881223321389178941,-1.744165989484968335285120794268576587100283221647562246061383462920838567050496947569085257814252525,0.01732489263050935383476804740449932675057861006890472415982393702726872037953159224099203124733383914,0.03137564344623762538500296185865959078056851211768180009536789742152887361943321311545177344207113587,-0.0001225516725940354362186630642856232432816520967581138905349272637324499663493614064340231484692384568,-0.00007267358289520701397021336642785735779584513423531509358589097762170160696043737229650474739054987357,0.01720234095791531839854938434021370350729695797214661026928900976353627041318223080547430771837023729,0.03130296986334241837103274849223173342277266698344648500178200644390717201247277579771937914304169253
37,1,1001/1600,2199/3200,1001/5399,599/2601,2918801/14042799,4,4/10,5/10,-4.482898729013820696139794083466970874727802822925903979137157975377336822394023973715374108273079977,-4.482898729013820696139794083466970874727802822925903979137157975377336822394023476123631187792383788,0.2424389800476497384064759871948455057295387679434713917649630083623274279326847681160800095019097504,0.3777086142249916802811633081743521572119606150100393704755345808126737830623733778872332713229342858,-0.4482898729013820696139794083466970874727802822925903979137157975377336822394023976878033491242236944,-0.4482898729013820696139794083466970874727802822925903979137157975377336822394023470852532216177122176,0.00001010162416865207243360316613311856273873078199764464132354012534843030949719519860008097217537733836,0.00001573785892604132001171513784059800655049835895875164043648060753386140762759889080261086080119965053,-0.4482797712772134175415458051805639689100415515105927532723922574123852519299052028195638625736261605,-0.4482741350424560282939676932088564894662297839336316462732793169301998208317747478507224527201833869,0.07623677268075450860788540483112921741149805198239732107077300013299006882101696251670321323419822726,0.2217825653379679600939927587103086729324708082027471007298297641279592532126527968080305161924716608,-3.052065220470469389739455687451881674796201281383365054871533986394155199337215903642625271184188455,-1.574461688607790792103202778038001811380969633618825654309798369790060531238787604573261136873696163,0.007623677268075450860788540483112921741149805198239732107077300013299006882101696241787010751641207203,0.02217825653379679600939927587103086729324708082027471007298297641279592532126527970056967276280439712,-0.0001271693841862695579058106536438284031165083867243068772863139160997564666390506631651591298889526031,-0.00006560257035865794967096678241825007547420706806745106892957493207458585546828281637952586973377092318,0.007496507883889181302882729829469093338033296811515425229790986097199250415462645575533317068071437249,0.02211265396343813805972830908861261721777287375220725900405340148072133946579699691507549242987879971
37,1,1001/1600,2199/3200,1001/5399,599/2601,2918801/14042799,5,5/10,6/10,-4.466296665653784937727051523175853454183088752746400304629276603420643604758190241839678379414699975,-4.466296665653784937727051523175853454183088752746400304629276603420643604758189761115452168102840944,0.2091249750708618008803223704947090999880613796231981619866621286790474069547904791165467890635951388,0.3760035152515549793814432095487895831789715552687783543016392249961696999288404077506737775589358317,-0.4466296665653784937727051523175853454183088752746400304629276603420643604758190246056557556706909264,-0.4466296665653784937727051523175853454183088752746400304629276603420643604758189755844353196487579332,0.000008713540627952575036680098770612879166169224150966590082777588694960308623116269912185733095337410921,0.00001566681313548145747422680039786623263245714813619909809590163437484040416370168373863899549644412235,-0.4466209530247505411976684722188147325391427060504890638728448827533694001671959088226542595488698619,-0.4466139997522430123152309255171874791856764181265038313648317587076895200716552738368669665438579305,-0.04471774829014065560959146128817554342895356474916012600005682005163782890037535916422541922986591428,0.1078000897328280147843877399057006238643894036543811605349445301435932346358221515768514083192297140,-3.182971201887095147606469388472697999936006115577518082832306813426953333551777786842380363369451650,-1.378602997744607046257958550024257964935383586237823456408810450683692709135421657569356448974486197,-0.004471774829014065560959146128817554342895356474916012600005682005163782890037535923011415637505668443,0.01078000897328280147843877399057006238643894036543811605349445301435932346358221517745176197548020245,-0.0001326238000786289644836028911863624166640002548157299201180127838927897222313240750660410541502452697,-0.00005744179157269196026074827291767741520564098275990931068370043544515386288064256870042801894732034126,-0.004604398629092694525442749020003916759559356729731742520123694789056572612268859999879101847969723834,0.01072256718171010951817802571765238497123329938267820674281075257891416960070157261023125676350494042
37,1,1001/1600,2199/3200,1001/5399,599/2601,2918801/14042799,6,6/10,7/10,-4.446763529606647729720833918420176844657680098199543867538108435448638012337942141971449450639130443,-4.446763529606647729720833918420176844657680098199543867538108435448638012337941635945948175574015674,0.1722201504084723182543374228197444549119698127530084005046638509830341574956792101214255197467526083,0.3716809741046321781134766838873430081356930354297048545145429023107350748016507579565403936189956023,-0.4446763529606647729720833918420176844657680098199543867538108435448638012337942148296768216577444377,-0.4446763529606647729720833918420176844657680098199543867538108435448638012337941631729068998281806384,0.000007175839600353013260597392617489352287998742198042016687694327124293089895653300378014720125548679783,0.00001548670725435967408806152849530595867232054314290436893810595426294729478340211499395665135895019447,-0.4446691771210644199588227944494001951134800110777563447371231492177395081438985620127027229410680672,-0.4446608662534104132979953303135223785070956892768114823848727375906008539390107607590328806383342592,-0.1894101120034745473637647698175372876291976004849266737522056950678930825259889325542570049976432201,-0.02763660883091670828814565495660234886136996727214637706603544751177713381567536821914328006868504354,-3.341013141869788329333442632518298944951987207948025538580461851715155337343268708617538861040230286,-1.156919236823866409616704403740264949442612926855539796576149600455662834717709664820832007971994295,-0.01894101120034745473637647698175372876291976004849266737522056950678930825259889326860344792880247604,-0.002763660883091670828814565495660234886136996727214637706603544751177713381567536818619891149608965846,-0.0001392088809112411803888934430215957893729994669978343974408525771547981390559695301887362034001583866,-0.00004820496820099443373402935015584437289344220528564749152400623335231928477990456905782328536584002240,-0.01908022008125869591676537042477532455229275951549050177266142208394410639165486280445449748061746624,-0.002811865851292665262548594845816079259030438932500285198127550984530032666347441385296969049845842494
37,1,1001/1600,2199/3200,1001/5399,599/2601,2918801/14042799,7,7/10,8/10,-4.424504965684624463867685183990291595718801714735960198624566661447680802222532806103735502425440629,-4.424504965684624463867685183990291595718801714735960198624566661447680802222532342247026000282418758,0.1317941320404460678922669617798647412268740550663110892466337302141672050857126722734872698224509901,0.3650328753429824475365815706706197424491497343264940139752265442664612642644681289374044490199288752,-0.4424504965684624463867685183990291595718801714735960198624566661447680802222532813483274062686806886,-0.4424504965684624463867685183990291595718801714735960198624566661447680802222532333813267645698000179,0.000005491422168351919495511123407494364217786418961096295385276405425590300211904694644066641328823683608,0.00001520970313929093531402423211127582260204790559693725058230110601110255267768617209357973284427924276,-0.4424450051462940944672730072756216652076623850546349235670713897393424899220413767039444136532670411,-0.4424352868653231554514544941669178837492781235679990826118743650387569776695755468736285161211073407,-0.3576644858013145244522464551198042669793999052833186455284387791763139279542322414127420312101119482,-0.1839636362102403977289265406744408725479662318184186706006734738389007084951486128933142438273565979,-3.535272815926261964119804170778755058141769814931106037316041841526272619663842069089002968786781229,-0.9061002581880569666786784176106153070618709090978754107818806205455678774616643058787657205040177123,-0.03576644858013145244522464551198042669793999052833186455284387791763139279542322422034068769524011900,-0.01839636362102403977289265406744408725479662318184186706006734738389007084951486124320930838110212068,-0.0001473030339969275818383251737824481274225737422887960848881684100635946924859934201720044675906906048,-0.00003775417742450237361161160073377563779424462121241147544924502585606532822756934580494659702024840246,-0.03591375161412838002706297068576287482536256427062066063773204632769498748790921769224564593698450023,-0.01843411779844854214650426566817786289259086780305427853551659240974613617774243058586137595457320137
37,1,1001/1600,2199/3200,1001/5399,599/2601,2918801/14042799,8,8/10,9/10,-4.399755805017121345090356866289750479795856209481785722586027699356467092992946837441151928605066486,-4.399755805017121345090356866289750479795856209481785722586027699356467092992946373584442426462044615,0.08790318226397033301654306359900252066964526395385414172067951804539975245317646726354046956446198127,0.3563667444729076378204670024439941943185206602535710587788661354678221427443266052089479756124312485,-0.4399755805017121345090356866289750479795856209481785722586027699356467092992946843766470694543380421,-0.4399755805017121345090356866289750479795856209481785722586027699356467092992946369367563249169835325,0.000003662632594332097209022627649958438361235219331410589238361646585224989685549019444520117175914909930,0.00001484861435303781824251945843516642476327169417723212744911942231115925594768027527203257256466807763,-0.4399719178691178024118266640013250895412243857288471616693644082890614843096091357512802550458739160,-0.4399607318873590966907931671705398815548223492540013401311536505133355500433469565278730006627893388,-0.5493338944514376255766420218021543102940403164647337732599167733864906945536443224431393069027436903,-0.3606624692457480966619301096433710836870874169561237741094071275713517673191822426272354346043248052,-3.778138131269305661294290224379422647083183467004994739182615345209177080780559752706476149481022743,-0.6248432407546291904347929404221597849894597129446521778929731781436025490256000799073508715312101450,-0.05493338944514376255766420218021543102940403164647337732599167733864906945536443229702492040642698515,-0.03606624692457480966619301096433710836870874169561237741094071275713517673191822419683480631524171037,-0.0001574224221362210692205954260158092769617993111252081141326089727170490450325233237844116193503535223,-0.00002603513503144288293478303918425665770789415470602717407887388242265010620940000315059532674645308447,-0.05509081186727998362688479760623124030636583095759858544012428631136611850039695568155051158150007990,-0.03609228205960625254912779400352136502641663585031840458501958663955782683812762415272438852368482295
37,1,1001/1600,2199/3200,1001/5399,599/2601,2918801/14042799,9,9/10,10/10,-4.372778254758588374799203761858246938314018164240816863030273258515206102385803756502702199387947231,-4.372778254758588374799203761858246938314018164240816863030273258515206102385803284212234342660506780,0.04057298818027889381743550088586026359001212640790590476748619536607255811670767047055165449655039129,0.3459982189855960496397568870756672533503071876162096945252939804302467745298030439389789565233555249,-0.4372778254758588374799203761858246938314018164240816863030273258515206102385803762828020965326261165,-0.4372778254758588374799203761858246938314018164240816863030273258515206102385803277886915576722192845,0.000001690541174178287242393145870244177649583838600329412698645258140253023254862819592478313877926970034,0.00001441659245773316873498987029481946888959613281734207060522058251792694893874179356356067523322508490,-0.4372761349346846591926779830399544496537522325854813568903286805933803572153255138641540853212229935,-0.4372634088834011043111853863155298743625122202912643442324221052690026832896415855396174086814667629,-0.7643257818097681449687887776719873430000228566851349462407669939960881634574501365401201736846218355,-0.5573246266845622272315973164026768737415440290599486833186381751467538944237602420272113155889791547,-4.083691589181397400767862031780826285202430617426460507483468137253722776933150649481137713026378324,-0.3115100625554841368021303164780259053992647918926750141820898683861114407381086160831941009002655507,-0.07643257818097681449687887776719873430000228566851349462407669939960881634574501375943399680076741580,-0.05573246266845622272315973164026768737415440290599486833186381751467538944237602413683239441370714532,-0.0001701538162158915583653275846575344285501012757261025211451445057189051157055479444229578421149851322,-0.00001297958593981183903342209651991774605830269966219479225758707784942131003075452558249591957681787228,-0.07660273199719270605524420535185626872855238694423959714522184390532772146145056179136543366383889254,-0.05574544225439603456219315373678760512021270560565706312412140459252481075240677862375995005987248353
38,1,2199/3200,599/800,201/1399,1001/5399,1242799/7553201,0,0/10,1/10,-4.533678995648719825808179789857930928854134972349031649341797851536137219108538072183557877678217306,-4.533678995648719825808179789857930928854134972349031649341797851536137219108537566158056602613102538,0.4409610679285663248139982926794051177942199152063651080581442153379189028765337219544564404858248983,0.4590882521075300863478121883052267014690303459777178532942697503285751370725378860734310473819646230,-0.4533678995648719825808179789857930928854134972349031649341797851536137219108538075346217260647374274,-0.4533678995648719825808179789857930928854134972349031649341797851536137219108537558778518042351736281,0.00001837337783035693020058326219497521324142582980026521283575600897241328761985557161692542578196576717,0.00001912867717114708693115884117938444589454293108240491055392790626369063071135574534708834560853118753,-0.4533495261870416256506173957235981176721720714051028997213440291446413086232339524484516535607247638,-0.4533487708877008354938868201446137084395189543038207600236258572473500312801423996874983622800539969,0.3212635143599123504061107861618457647059730956201748061420955162984511401504072165192701219026586354,0.4446186451901568719692853749282455785584224525126739014261821563976975605854307796772267231081412851,-2.672223046600311827336739073629690308515341509029596393091455854926491546857694786882432024819842860,-2.130521847131468159269765206994397339603375876183069791383062012957984086673591320301041901316481998,0.03212635143599123504061107861618457647059730956201748061420955162984511401504072162557151733218955548,0.04446186451901568719692853749282455785584224525126739014261821563976975605854307804678915688504305270,-0.0001113426269416796594723641280679037628548058962095665163788106606219371477857372832919149858139560237,-0.00008877174363047783996957355029143322248347399484096124130762758387324933694473297111160606235617876120,0.03201500880904955538113871448811667270774250366580791409783074096922317686725498428462695734433367557,0.04437309277538520935695896394253312463335877125642642890131058805589650672159834511763014517685130962
38,1,2199/3200,599/800,201/1399,1001/5399,1242799/7553201,1,1/10,2/10,-4.529177554450815005014741734300866195514370255904915537042578745932832298925431977786857812748881557,-4.529177554450815005014741734300866195514370255904915537042578745932832298925431488628873246852603947,0.4231913394888336010795161591125524404252302371918322132234270337654086520049004956183910268579880602,0.4685500875575907559911435988693688803785275002952682645573881246026585662596422427358443736811387513,-0.4529177554450815005014741734300866195514370255904915537042578745932832298925431980949517195718038524,-0.4529177554450815005014741734300866195514370255904915537042578745932832298925431480195114892268185367,0.00001763297247870140004497983996302301835105125988299300888430945974022536050020418719071725012501152397,0.00001952292031489961483296431661955703668243864584563617768989117185844410692748509352814350305802883532,-0.4529001224726027991014291935901235965330859743306085606953735651335430045320429940754748630335340580,-0.4528982325247666008866412091134670625147545869446459175265679834214247857856156628704540682273741459,0.2972602983523220556777859387793222619252752179908522926210373968512815184477332930334055728194115026,0.4206472509193572299056253820172352117579474704240599459668594751523572404435138925116634472236868733,-2.742875717641823606398842348558700079504921739404422754304451726318449209448648029018264936143525171,-2.027517709123572059490805567745874057489036511961807709839757748152092192280854887247758536958693916,0.02972602983523220556777859387793222619252752179908522926210373968512815184477332926380731499482668817,0.04206472509193572299056253820172352117579474704240599459668594751523572404435138930387733443852130345,-0.0001142864882350759835999517645232791699793717391418509480960188219299353837270270016929647857493082671,-0.00008447990454681550247878356532274475239537652133174198790998990617300384134503561980748123994505026842,0.02961174334699712958417864211340894702254815005994337831400772086319821646104630223097162679279580494,0.04198024518738890748808375463640077642339937052107425260877595760906272020300635369552316883514261752
38,1,2199/3200,599/800,201/1399,1001/5399,1242799/7553201,2,2/10,3/10,-4.520217089826361768263715625506496792154105810625476655260332800301777001461368476199028980896981945,-4.520217089826361768263715625506496792154105810625476655260332800301777001461367978607286060416285756,0.3998076048158309935586283001177896547835246976715361540085721576401331348313924536752836805279037624,0.4750638904514926546161198399107146903264366202819784603711628338800128925878801458307732687330823919,-0.4520217089826361768263715625506496792154105810625476655260332800301777001461368479361688363866138913,-0.4520217089826361768263715625506496792154105810625476655260332800301777001461367973336187088801024144,0.00001665865020065962473160951250490790228264686240298067308369050656833888061797468545424081880510540755,0.00001979432876881219394233832666294644543026819251174910251546511807833387052449500616018740823887397103,-0.4520050503324355172016399530381447713131279342001446848529495895236093612655188734682954204276355332,-0.4520019146538673646324292242239867327699803128700359164235178149120993662756123023047449236083358628,0.2488440331761332566010139128562413877941969074475379504106279108076879161574673841199664372546712703,0.3735336114719478307480754241783804284378895821491894517412928209524687221342715727555095925510009148,-2.811635203474907687045040108087874655842365095833679107127685656071380631702009887421711156608102327,-1.893909137126342629387066332138345724897525224059582999103371245042294059619448986972211731682660152,0.02488440331761332566010139128562413877941969074475379504106279108076879161574673837905227515287174195,0.03735336114719478307480754241783804284378895821491894517412928209524687221342715734143969640029086164,-0.0001171514668114544869602100045036614439934318789930699627969869023363075263209170790869771034160774269,-0.00007891288071359760955779443050576440520406355100248262496264046854342891915081037395168533353435039993,0.02476725185080187117314118128112047733542625886576072507826580417843248408942582127229717600606500909,0.03727444826648118546524974798733227843858489466391646254916664162670344329427634701600374134749268379
38,1,2199/3200,599/800,201/1399,1001/5399,1242799/7553201,3,3/10,4/10,-4.506881726449207439696890185864049337214697656490898239502671562607011582033780430672081818444592556,-4.506881726449207439696890185864049337214697656490898239502671562607011582033779941514097252548314946,0.3723268400960901056437612344670544159728261316871860136393958993580401393432220082802170654406357951,0.4776164575285919276586971960351047632382440562199854769637559446009546773605503567004760652253714140,-0.4506881726449207439696890185864049337214697656490898239502671562607011582033780438051620378705958813,-0.4506881726449207439696890185864049337214697656490898239502671562607011582033779937297218075256105656,0.00001551361833733708773515671810279393399886775548696608390164149580658500580596758355728898174770334474,0.00001990068573035799698577904983479603180159350234249939487348983102503977822335626494573868374745694309,-0.4506726590265834068819538618683021397874708978936028578663655147648945731975720767130356375083740637,-0.4506682719591903859727032395365701376896681721467473245553936664296761184251546371931780615275562329,0.1759880652168914497172572438911029774076578449799445478768678479830406131607271385053009672301245215,0.3038113876504756222935618066793344973952336623591831466775797311087056561827632960302116315998044709,-2.881775970256133709597571377639648830289217385413489498220531263434766212494364595444710888473514935,-1.730088607138586672052332786501478097560291371568913649747116723275602518970788016789715163155540166,0.01759880652168914497172572438911029774076578449799445478768678479830406131607271383076347557945522110,0.03038113876504756222935618066793344973952336623591831466775797311087056561827632964914327916161398619,-0.0001200739987606722378998988074016520345953840577255620624258554693097819255205985253393652072170431617,-0.00007208702529744111133551386610422825406501214048203806873946319680315010495711616688476991192990453546,0.01747873252292847273382582558170864570617040044026889272526092932899427939055211529435686155488191577,0.03030905173975012111802066680182922148545835409543627659901850991406741551331921351147089856991514577
38,1,2199/3200,599/800,201/1399,1001/5399,1242799/7553201,4,4/10,5/10,-4.489295902206810202713317006806184225264403543998715209344114347023858872311952001104230242984719395,-4.489295902206810202713317006806184225264403543998715209344114347023858872311951495078728967919604626,0.3408504640706186897053788118404580997894575043282337093697268016896983316983337508684782392999013262,0.4764408431169323226136744216788257939451221736635920990443453746581948954671503687223891059847111114,-0.4489295902206810202713317006806184225264403543998715209344114347023858872311952004266889625953876362,-0.4489295902206810202713317006806184225264403543998715209344114347023858872311951487699190407658238369,0.00001420210266960911207105745049335242082456072934700973789040528340373743048743057286011143073391356758,0.00001985170179653884677556976756995107474771342390264967079351439061075812064446459878573316642066872944,-0.4489153881180114111592606432301250701056157936705245111965210294189821498007077702919181742633171588,-0.4489097385188844814245561309130484714516926409759688712636179203117751291105506837643153968567580077,0.07935445060729801070366495273833036138623810155066272706167378712921908712940058587331741406588850590,0.2118605580813585948018062323618184598110471356520827900742409542243611430485315312242698452548957012,-2.956713079320316097585285743894991686683194843655011664051538015290790004326225822889142040826760756,-1.535656219860722856733213814389377856010335905636709079426760945967475288713247296045839255192988076,0.007935445060729801070366495273833036138623810155066272706167378712921908712940058580742867692069773575,0.02118605580813585948018062323618184598110471356520827900742409542243611430485315315537135309808495519,-0.0001231963783050131707327202393289579869451331184856254860021474173037829168469260765240636326141726356,-0.00006398567582753011903055057559955741066709732940152954497611503941531147036305197024544740177876919275,0.007812248682424787899633775034504078151678677036580647220165231295618125796093132502417158903141790818,0.02112207013230832936115007266058228857043761623580674946244798038302080283449010118628410615393649251
38,1,2199/3200,599/800,201/1399,1001/5399,1242799/7553201,5,5/10,6/10,-4.467622346344870895978081047781577353724540075061730357870723691358305087246990472530899746632565555,-4.467622346344870895978081047781577353724540075061730357870723691358305087246989974939156826151869366,0.3056242274103673899072036333478952946117336210541623251675170941963296303325709914731942616819365610,0.4719190038290028901832696556272572392979488966951520286717389253292528602302500086812088558812593079,-0.4467622346344870895978081047781577353724540075061730357870723691358305087246990477801998718247827167,-0.4467622346344870895978081047781577353724540075061730357870723691358305087246989966505398471567450787,0.00001273434280876530791280015138949563727548890087725676354864654559151373459719045789530277265271545852,0.00001966329182620845375763623565113571830408120402896466786132245522205220250959375043215278201094000019,-0.4467495002916783242898953046267682397351785186052957790235237225902389949901018574829244519609995911,-0.4467425713426608811440504685425065996541499263021440711192110466806084565221894023952288115527230273,-0.04056750727188575691302936661507516629700242158027925725133454880099507060041786935115317820602586656,0.09842580090621595695130905124007317813657037556490660677866085421001355813117434589785687271676148003,-3.040783546079714766565363208199458764631189787003760296375322329365199793906728924495136296985231035,-1.311809010593787773572848110731732012134879862601913329117241529249282752912402816770397535522623488,-0.004056750727188575691302936661507516629700242158027925725133454880099507060041786940056973106491894417,0.009842580090621595695130905124007317813657037556490660677866085421001355813117434602963434700714302033,-0.0001266993144199881152735568003416441151929662411251566790156384303902166580794470390456815531667902428,-0.00005465870877474115723220200461382216717228666094174638871321839705205344803801678366490745593138991586,-0.004183450041608563806576493461849160744893208399153082404149093310489723718121233984507590128600115024,0.009787921381846854537898703119393495646484750895548914289152867023949302365079417827277241508458356940
38,1,2199/3200,599/800,201/1399,1001/5399,1242799/7553201,6,6/10,7/10,-4.442059507942045761445308246467169998175504362213609555617906363939284787289687757751312076481124311,-4.442059507942045761445308246467169998175504362213609555617906363939284787289687268593327510584846701,0.2669236732712421763136072221064355558135028843326596248049081493886307709770828461675674992037575393,0.4643639993695000462332672957846686138716848545914023352366352223321468534240276181867382969852982801,-0.4442059507942045761445308246467169998175504362213609555617906363939284787289687763022411048096385923,-0.4442059507942045761445308246467169998175504362213609555617906363939284787289687262268008744646532767,0.00001112181971963509067973363425443481482556262018052748436687117289119294879071178518658912909751460201,0.00001934849997372916859305280399102785891132020227464176396819313426383945222600115084374497411850351127,-0.4441948289744849410538510910124625650027248736011804280774237652210372857801780645947987213989754020,-0.4441866022942308469759377718427259719586391160190863137978224432596646392767427247950935185151854453,-0.1832392969285502426427517949957000360706030748118398118549177188871229193651129801876403993738255857,-0.03560145927999808897984374876828843094422166790945553637384334402914185535858941307800785002834622337,-3.140148050561424166125452541013168325820498594180228468452746396149404756424437283724232433211274614,-1.058985491976959850607616738703804666812850919657329792007160182918678669543650510750288833173446368,-0.01832392969285502426427517949957000360706030748118398118549177188871229193651129803194178736642071260,-0.003560145927999808897984374876828843094422166790945553637384334402914185535858941303682738931260199203,-0.0001308395021067260069218938558755486802425207747575095195188644331728918648510182206582643131278118019,-0.00004412439549903999377531736411265852778386878831905540800029834095494494456431877100724038570287885925,-0.01845476919496175027119707335544555228730282825594149070501063632188518380136231626624107929163880104,-0.003604270323498848891759692240941501622206035579264609045384632743869130480423260073338745449727720471
38,1,2199/3200,599/800,201/1399,1001/5399,1242799/7553201,7,7/10,8/10,-4.412838533215547301470292580209517148575052047636497061527012988325394967219430946627094913110867984,-4.412838533215547301470292580209517148575052047636497061527012988325394967219430474336627056383427533,0.2249843013750192393067431892261390502638047741272250757950752526366062382243114554391965129746447826,0.4541495679583348941669922116171913739495750273987668413111229441982590549447962880385335771816828733,-0.4412838533215547301470292580209517148575052047636497061527012988325394967219430951898193884726129596,-0.4412838533215547301470292580209517148575052047636497061527012988325394967219430466957088496122061276,0.000009374345890625801637780966217755793760991865588634378158128135526525259926012977243005376397613589764,0.00001892289866493062059029134215071630724789895947494861838796345600826079395603317875809711231878722434,-0.4412744789756641043453914770547339590637442128980610717745431706970129714620170822746205381667721821,-0.4412649304228897995264389666788009985502573058041747575343133353765312359279870132647526028508880986,-0.3480542018544132120850100919582689336840875481845662170910088414193479067548405725447904706030080406,-0.1892587805835756403283334632164952549548330535792525981950293122186135421545729803993155400235852301,-3.263355726755366988179222830677735002052296962187617947534573217164352073310211797624929169148695018,-0.7767029451615807079039463457247769410685632911609456805663139521041977853511176416845983381827766307,-0.03480542018544132120850100919582689336840875481845662170910088414193479067548405732036778420549157421,-0.01892587805835756403283334632164952549548330535792525981950293122186135421545729800698718542976313793,-0.0001359731552814736245074676179449056250855123734244840811472738840485146697212588253903998568866229082,-0.00003236262271506586282933109773853237254452347046503940335692974800434157438962990148685855049578508849,-0.03494139334072279483300847681377179899349426719188110579024815802598330534520531616248774622814929110,-0.01895824068107262989566267741938805786802782882839029922285986096986569578984692787700959821463559626
38,1,2199/3200,599/800,201/1399,1001/5399,1242799/7553201,8,8/10,9/10,-4.380219905576267446056199137060193431396673560981682964831469700010272416725511667203431879587281437,-4.380219905576267446056199137060193431396673560981682964831469700010272416725511220214239086613096724,0.1800433487177666071030829873061831899032884669321109941170793828932290610757520211764300520211721539,0.4416827991573313338521190579702705856575954070949481788863377085853975002422896573330227394885302846,-0.4380219905576267446056199137060193431396673560981682964831469700010272416725511670366091262556438404,-0.4380219905576267446056199137060193431396673560981682964831469700010272416725511211780480732028678145,0.000007501806196573608629295124471090966245970352788837958088211640953884544211489667505563953516456228961,0.00001840344996488880557717162741542794106906647529562284078693073785772489584342873580740135891771797379,-0.4380144887514301709969906185815482521734213857453794585250587583600733571283396775710969393363462564,-0.4380035871076618558000427420786039151985982896228726736423600392631695167767076921408190027456628282,-0.5343563219275085074071240385029452220619026508040872548631900002511007700916728210162735029272161785,-0.3615669722477850728940530353125314993896995411184298895500170750170093553535865918321469027576854905,-3.418261584040663747073024672607673975671318611130183044642032641297020178646271239910731736582949492,-0.4656124398073801154828471067627217279773813909509978126717845756940050781681224302540930381900161817,-0.05343563219275085074071240385029452220619026508040872548631900002511007700916728219387158229598869607,-0.03615669722477850728940530353125314993896995411184298895500170750170093553535865911732595313057777889,-0.0001424275660016943227947093613586530823196382754637576268600846933873758407769279689404573229744956605,-0.00001940051832530750481178529611511340533239089128962490886132435732058354492367176780148188615524850101,-0.05357805975875254506350711321165317528850990335587248311317908471849745284994421017362191055684605246,-0.03617609774310381479421708882736826334430234500313261386386303185902151908028233087348108597056161197
38,1,2199/3200,599/800,201/1399,1001/5399,1242799/7553201,9,9/10,10/10,-4.344489872822964840553290915408184803718893811139118812468238412145828394703674264116120894856914784,-4.344489872822964840553290915408184803718893811139118812468238412145828394703673825560686456467148651,0.1324891066276764699509020192573359399556803816865121036927773290380283871996680269490181761142067844,0.4273845000765664259358498804278871833939150588201364227183020846501037167212722797525909998720045595,-0.4344489872822964840553290915408184803718893811139118812468238412145828394703674270441439660795228719,-0.4344489872822964840553290915408184803718893811139118812468238412145828394703673817126928101882730072,0.000005520379442819852914620917469055664164820015903604670987199055376584516133319501084719486706160184992,0.00001780768750319026774732707835116196597474646078417235094659592019375432153005301173391449267598515901,-0.4344434669028536642024144706233494247077245610980082765758366421592062549542341076554931646290254246,-0.4344311795947932937875817644624673184059146346531277088958772452943890851488373286492259419214433314,-0.7414607399566093963842812045235680387519781554543362140232384031651962228631337952207993211073293513,-0.5515907845894710036247334449631093815009580415607720847417760413704831260547372923912401581760272345,-3.614481844583689709203010064662070890644270000056558180433591383447449699347542002846804685388370803,-0.1249706259071108811243155443280784536044649442293238563550300377910163700872612591455587478640651720,-0.07414607399566093963842812045235680387519781554543362140232384031651962228631337965385740640111447543,-0.05515907845894710036247334449631093815009580415607720847417760413704831260547372913370203638529749120,-0.0001506034101909870712167920860275862871101779166690232575180663076436437374728142507445598647704944332,-0.000005207109412796286713513147680336602233519372676221827348126251574625682086969219097326997460031009300,-0.07429667740585192670964491253838439016230799346210264465984190662416326602378619397460874948265016315,-0.05516428556835989664918685764399127475232932352875343030152573038862293828756069834510215617475611022
39,1,599/800,2593/3200,607/5793,201/1399,1006793/8104407,0,0/10,1/10,-4.549072032081665131679733340563090640755990517554741760867201617801857466657323110881287019325904016,-4.549072032081665131679733340563090640755990517554741760867201617801857466657322596422027389676370668,0.5378230730706008694784510898879122613919274506170780379326902153159174017480214767599998847638153579,0.5560139137603450802931370929993932490786611295900212818293817500345340219631775800719216318591886906,-0.4549072032081665131679733340563090640755990517554741760867201617801857466657323114043946402295060984,-0.4549072032081665131679733340563090640755990517554741760867201617801857466657322592205148212384161378,0.00002240929471127503622826879541199634422466364377571158491386209230482989173950089470774211084024402313,0.00002316724640668104501221404554164138537827754706625088674289090625143891758179906594923316445646496305,-0.4548847939134552381317450652608970677313743881116984645018062996878809167739928109184351429573615256,-0.4548840359617598321229611200107674226902207742084079251999772708739343077481504601297286227047764333,0.3237810516896492456240398851813650666818195144283648000688862082758470149046295046982069900473172600,0.4360090890228668528174257246280434329473942714382187837881101514923605194056984530262357654174015653,-2.666312562473936843207009808421925606265026628598690879766899492035160616524631450522914427651404097,-2.156107668769478650196394591538357844365767126925228465147734174544682015585019224007663439997907873,0.03237810516896492456240398851813650666818195144283648000688862082758470149046295043028745671761726391,0.04360090890228668528174257246280434329473942714382187837881101514923605194056984536851231368693092668,-0.0001110963567697473684669587420175802335943761095249454533236208121681316923551929775529589447691936866,-0.00008983781953206161042484977464743157684857363028855118604782225727269508398270913377016667253947926248,0.03226700881219517719393702977611892643458757533331153455356500001541656979810775745054678579732415793,0.04351107108275462367131772268815691171789085351353332719276319289196335685658713625456024373384335876
39,1,599/800,2593/3200,607/5793,201/1399,1006793/8104407,1,1/10,2/10,-4.543601130931731955539635400116661669015930976474825516400974498162286319489571189773221924743624507,-4.543601130931731955539635400116661669015930976474825516400974498162286319489570675313962295094091159,0.5183935006027331870763240355044819378257911513836199096115264603582741953194218317280848728432744154,0.5654100045787058981864889018712634006860041503511796729222303597658818196824264307449573655568160985,-0.4543601130931731955539635400116661669015930976474825516400974498162286319489571197152760485004990764,-0.4543601130931731955539635400116661669015930976474825516400974498162286319489570670042863323478829547,0.00002159972919178054946151350147935341407607463130765082956714693584826142480497590952947908663930979359,0.00002355875019077941242443703757796930836191683959796581970509293165691174248676776805529051051808247516,-0.4543385133639814150045020265101868134875170230161749008105303028803803705241521440127749012152770547,-0.4543365543429824161415391029740881975932311808078845858203923568845717202064702991191884511468355647,0.2996697965641846285670291997992368053613176058122256472960931185252683287921892535150580230867597073,0.4119486636471102650935457611069043694060513921374934755453826053218793683363810503099491719215404807,-2.729285931568544169214074322635900428713394641911077913860392351652168186711179107794432283263243158,-2.044668036767805772867847119705503879154067951311356285097314628384055807104585890222268407916441115,0.02996697965641846285670291997992368053613176058122256472960931185252683287921892530538368630704243163,0.04119486636471102650935457611069043694060513921374934755453826053218793683363810508370590690830666419,-0.0001137202471486893403839197634431625178630581100796282464108496813188403411129657966395695650042114364,-0.00008519450153199190720282696332106266163141949797130651187905477618266899196269107826372297305039612927,0.02985325940926977351631900021648051801826870247114293648319846217120799253810595947953172742180715608,0.04110967186317903460215174914736937427897371971577804104265920575600526784167541405537349255309614857
39,1,599/800,2593/3200,607/5793,201/1399,1006793/8104407,2,2/10,3/10,-4.532710006177113506685428676975339140280381928859442267285198245300934450262204374527622251004489251,-4.532710006177113506685428676975339140280381928859442267285198245300934450262203885369637685108211642,0.4927536700670150457456249461665413908302692759685488214385535392355500757231761688765634236593544345,0.5707569181019055460139171405752368172874604567119025030571178932211697591964679151339342461837495968,-0.4532710006177113506685428676975339140280381928859442267285198245300934450262204378744501428296698541,-0.4532710006177113506685428676975339140280381928859442267285198245300934450262203877990099124846845384,0.00002053140291945896023940103942360589128459455316535620089327306413481458648846567358393839182979709817,0.00002378153825424606441724654752396820072031085236299593762737991221754873996651949657604488974823479647,-0.4532504692147918917083034666581103081367535983327788705276265514659586304397319722955169196141834387,-0.4532472190794571046041256211500099458273178820335812307908924446178758962862538677793454998001820400,0.2509653721316848989750697495022472107218281468202444990757097421347181482862446673832336217793480024,0.3647695086283695012786702224136387521300429743007751786686158150761925087618082023742461351768066546,-2.782284332242836599268241355717335751174331754915574233861705700022716028884691875395658446312591601,-1.896947347069149000080151419544678415927376559196640475211441448949687831381964540942466494966213423,0.02509653721316848989750697495022472107218281468202444990757097421347181482862446669220124617630126114,0.03647695086283695012786702224136387521300429743007751786686158150761925087618082027695785580479512755,-0.0001159285138434515249695100564882223229655971564548155930775710708342798345368621619827114507572035033,-0.00007903947279454787500333964248102826733030735663319335313381006037290365964091518863627306405579702567,0.02498060869932503837253746489373649874921721752556963431449340314263753499408760451271683892135275931,0.03639791139004240225286368259888284694567399007344432451372777144724634721653990514134142591226002838
39,1,599/800,2593/3200,607/5793,201/1399,1006793/8104407,3,3/10,4/10,-4.516498990422077937220854245243844698480950239534909854960138639640366800178191600594855941515282619,-4.516498990422077937220854245243844698480950239534909854960138639640366800178191077701837957281330691,0.4623396107009936524306921832831159908294726876450837557189457761298105941171534995406339413079964566,0.5715290169556315357609207530613581740269636636565318349724470427227469735055060448011807006669466003,-0.4516498990422077937220854245243844698480950239534909854960138639640366800178191604811735118807491909,-0.4516498990422077937220854245243844698480950239534909854960138639640366800178191072430738985666069079,0.00001926415044587473551794550763679649961789469531854515648828940733874210808821472900562541000483118851,0.00002381370903981798065670503137755659058445681931902215979051862678011445722939608530686101584258437506,-0.4516306348917619189865674790167476733484771292581724403395255745566979379097309461003358129283881656,-0.4516260853331679757414287194930069132575105671341719633362233453372565655605897111189994944550832307,0.1781579408288006033936243776579335718481119717085097017106841819264867018949370806017565935579465755,0.2948998561603876641814310735049853921704202796233402153382953023898901204710212355548486863343880158,-2.828942889632338452934402727115245383175096107178076452747806192882873844015483934384102006875142082,-1.713596732455728213443702366125640293999789163893912605296283782186002863304644679969732499490899584,0.01781579408288006033936243776579335718481119717085097017106841819264867018949370803382016449771834949,0.02948998561603876641814310735049853921704202796233402153382953023898901204710212358184036349151510964,-0.0001178726204013474355389334469631352242989623377990865188644919247034530768339784977996343870613165846,-0.00007139986385232200889348759858856834558332454849557969188734515759108345263769352784648592153897008806,0.01769792146247871290382350431883022196051223483305188365220392626794521711265972951195569837989399772,0.02941858575218644440924961975190997087145870341383844184194218508139792859446443007239639595232434294
39,1,599/800,2593/3200,607/5793,201/1399,1006793/8104407,4,4/10,5/10,-4.495116066906190399188698959957669005379992517563621570895753771184825468295051412988072648071074092,-4.495116066906190399188698959957669005379992517563621570895753771184825468295050906962571373005959324,0.4274583395700344906299084505652668738687706220950004675511659283634321191656874525001528006279538504,0.5678111282645623132722391535743336729003673648921462125108122038209674643660386652317935731347648269,-0.4495116066906190399188698959957669005379992517563621570895753771184825468295051418259171619686335705,-0.4495116066906190399188698959957669005379992517563621570895753771184825468295050901691472401390697711,0.00001781076414875143710957951877355278641119877592062501948129858034847633829857031041660165883943715818,0.00002365879701102342971967663139893056970418197353717275885461717515920697768191827782077096541699351185,-0.4494937959264702884817603164769933477515880529804415320700940785381340704912065720181273866864129820,-0.4494879478936080164891502193643679699682950697828249843307207599433233398518231716957836252437360291,0.08193352369366686342798513892266721742726027766849053765249487149694513701664399568710582369007568928,0.2030151539929163332558068809749243921504293905901207671803595444346990629028674913469644112750677517,-2.871578028198718045997755116863401598595031089710523650212570935168340434326158663215457436335740511,-1.495941308418629648132006171550598070420457850671534145721803194371828099273921800429407847452758739,0.008193352369366686342798513892266721742726027766849053765249487149694513701664399558827271797228953406,0.02030151539929163332558068809749243921504293905901207671803595444346990629028674916105193598558308323,-0.0001196490845082799185832397965359750666081262954046051520921904556320141847635899447951527589422178327,-0.00006233088785077623533883359048127491960085241044464725607174179976549283746974674131873890095233702569,0.008073703284858406424215274095730746676117901471444448613157296694062499516900809602578803401720371230,0.02023918451144085709024185450701116429544208664856742946196421264370441345281700243131520166093381127
39,1,599/800,2593/3200,607/5793,201/1399,1006793/8104407,5,5/10,6/10,-4.468753961776309741058048061203108685517652520184219475817667091305319646849190341122417458649106130,-4.468753961776309741058048061203108685517652520184219475817667091305319646849189818229399474415154202,0.3884902658248010093465617434238893720228961997043053291743506865950493194608215554823536106840522949,0.5599676156315509508959844894907252714688161204790894332110593475479410143461549087428355134582861656,-0.4468753961776309741058048061203108685517652520184219475817667091305319646849190346393516430264367742,-0.4468753961776309741058048061203108685517652520184219475817667091305319646849189814012520297122944912,0.00001618709440936670872277340597599539050095400832101272204893127860812705497753423136003757588740418050,0.00002333198398464795628733268706211355297786733835329539305046080614783087559775645463613323980555864779,-0.4468592090832216073970820327143348731612642980101009348597177778519238376299415008631643852992598271,-0.4468520641936463261495174734332487549987873846800686521887162483243841338093212248973923770232009061,-0.03698966088221834136180898399387659303332311004219750884223368056696304176488029582464003487455720207,0.09013700122908380044102552570568360461046921251909214781987902469687403049602948420203272131321549573,-2.915454470173823062338327442485709242056312036907790696079167587358683467945551354264773339655300281,-1.245430113623434933811151555833328922761342722195895639473920152910866497213098610964501383268773333,-0.003698966088221834136180898399387659303332311004219750884223368056696304176488029588229267987659912595,0.009013700122908380044102552570568360461046921251909214781987902469687403049602948426792145845840626588,-0.0001214772695905759609307636434369045517523463348711579456699653161399451444977313068751932289300581590,-0.00005189292140097645557546464815972203844838928009149565164474667303795277071721244179030232967796848359,-0.003820443357812410097111662042824563855084657339090908829893333372836249320985760898192995770270788105,0.008961807201507403588527087922408638422598531971817719130343155796649450278885735991564979442734394975
39,1,599/800,2593/3200,607/5793,201/1399,1006793/8104407,6,6/10,7/10,-4.437646445064699063484900873262762076877507575543898129633336381155239128541270081442009643652586349,-4.437646445064699063484900873262762076877507575543898129633336381155239128541269592284025077756308740,0.3458837781007928177485648130935831199662935952003604522889447618262128982270129770755081030619448032,0.5484259156875117418159108271834275243139593867452415442013247979215253797465797687163423465927052032,-0.4437646445064699063484900873262762076877507575543898129633336381155239128541270087767328409590900284,-0.4437646445064699063484900873262762076877507575543898129633336381155239128541269587012926106141047128,0.00001441182408753303407285686721223262999859556646668168551203936507609220409279220729256802603600838603,0.00002285107982031298924232961779930948017974830778105173100838853324673022415610749046896323957159737773,-0.4437502326823823733144172304590639750577521619879231312778215987504478206500342169511799265445096271,-0.4437417934266495933592477577084768982075710092466087612323252495822771826299708511281731758286370761,-0.1777550991965647432751231862857814807106731942245870467654323153844263412972383078998488994455284303,-0.04254298746117344290912340571906753036983708884884841279055120171776434306718446676691544680891067852,-2.966198962678133514264910108941950615343879298546188050405547483197163624131225910041786367670774996,-0.9628410698017368784726340076204678973770239063364175664682762299862981511087835644254300773465792334,-0.01777550991965647432751231862857814807106731942245870467654323153844263412972383081634038480262915109,-0.004254298746117344290912340571906753036983708884884841279055120171776434306718446668455452537742221583,-0.0001235916234449222297610379212059146089726616374394245021002311451332151510054677467864007469456948951,-0.00004011837790840570326969308365085282905737599609735073193617817624942908962953264826086312950831949171,-0.01789910154310139655727335654978406268003998105989812917864346268357584928072929859272524168901601227,-0.004294417124025749994182033655557605866041084880982192010991298348025863396347979311504413607914161795
39,1,599/800,2593/3200,607/5793,201/1399,1006793/8104407,7,7/10,8/10,-4.402063979226150539132609745522962238159302816637650291126628048058992589376772109209744972042422611,-4.402063979226150539132609745522962238159302816637650291126628048058992589376771603184243696977307842,0.3001387072380678368252776923300397112997737073120180893791076864004045669119580175505800181112801564,0.5336611322125314930079505988545785715977305041943832236594769776337773573168703177574449775284245921,-0.4402063979226150539132609745522962238159302816637650291126628048058992589376772114480843943657684223,-0.4402063979226150539132609745522962238159302816637650291126628048058992589376771597913144725362046230,0.00001250577946825282653438657051375165463749057113800075372412948693335019028799825064766925290569343684,0.00002223588050885547887533127495227410714990543767476596765247820740140738988820292999166649287622243612,-0.4401938921431468010867265879817824721612927910926270283589386753189659087473892134505196112225517882,-0.4401841620421061984343856432773439497087803762260902631450103265984978515477889568541162254180731601,-0.3393803008551324718319671635959431713676213483400190824995259470466240749393130305072225586908582870,-0.1937150176818727746257666900558992105405990890257637399884879809707825585259993257769526291528977590,-3.029258534444159772286712673257574722793317305924668056329392663185978954569371710193696394502337100,-0.6499749846827160491243546264910642989473970546591875909707428753529389411952721695825966772369878101,-0.03393803008551324718319671635959431713676213483400190824995259470466240749393130310343324558523844482,-0.01937150176818727746257666900558992105405990890257637399884879809707825585259993255133976805721346784,-0.0001262191056018399905119463613857322801163882210801945023470580276327491231070571551329270748496340214,-0.00002708229102844650204684810943712767912280821061079948295711428647303912254980300688131579600928785489,-0.03406424919111508717370866272098004941687852305508210275229965273229515661703836027014817723639114391,-0.01939858405921572396462351711502704873318271711318717348180591238355129497514973553222591802640920966
39,1,599/800,2593/3200,607/5793,201/1399,1006793/8104407,8,8/10,9/10,-4.362308873128510393341293105004304409790783054442406449095310451994068680300795056063315942524707334,-4.362308873128510393341293105004304409790783054442406449095310451994068680300794575339089731212848303,0.2517882331009583933824684336413315644408587213065313166779245596296632709576329995173231635358560790,0.5161800645284669561585893453370948730810135773821428499659132986077242788679853011546938764198622523,-0.4362308873128510393341293105004304409790783054442406449095310451994068680300795062388634708463021268,-0.4362308873128510393341293105004304409790783054442406449095310451994068680300794566905331376628429724,0.00001049117637920659972426951806838881518503578005443880486158018998456930295656804157830709744029705322,0.00002150750268868612317327455605571228637837556572425595208191305410865517828616605431035189742861733076,-0.4362203961364718327344050409823620521638932696641862061046694650094222987271229387192314172034528745,-0.4362093798101623532109560359443747286926999298785163889574491321452982128517932903970543912647560615,-0.5207777971236691590171968021535636914826322393229277168686952607479768592668415623378220387462125530,-0.3620088670375567433246081141811417948121679879009382255243706011696142113320212911206485020036048885,-3.113083603778505115777497741256496274568783430419210185192120729931134123954655866868596632989823403,-0.3077557595628648657094769702840214491148485349433984322181744147059353152519499539468943887054121262,-0.05207777971236691590171968021535636914826322393229277168686952607479768592668415627331544616173571739,-0.03620088670375567433246081141811417948121679879009382255243706011696142113320212904617611305516971870,-0.0001297118168241043798240624058856873447736993096008004243830050304137972551647773283805628427051510476,-0.00001282315664845270273789487376183422704645202228930826800909060061274730480216458132711703909475128128,-0.05220749152919102028154374262124205649303692324189357211125253110521148318184893365574536369385517208,-0.03621370986040412703519870629187601370826325081238313082044615071757416843800429361379785801230584298
39,1,599/800,2593/3200,607/5793,201/1399,1006793/8104407,9,9/10,10/10,-4.318710110007409770803355371938523348607088616309112125703697646088998355364945934191732335111738704,-4.318710110007409770803355371938523348607088616309112125703697646088998355364945470335022832968716832,0.2013801230187642362263643979185095334387918273954720008832719044478016944037403372113572724470314364,0.4965054879375686072123281757278104303231982466193593453819300895440536708667755279196644892239590331,-0.4318710110007409770803355371938523348607088616309112125703697646088998355364945937354391718080895671,-0.4318710110007409770803355371938523348607088616309112125703697646088998355364945462955484272707350575,0.000008390838459115176509431849913271230559949659474811333370136329351991737266822514001056666826399898904,0.00002068772866406535863384700732199210126346659360913997272424708706433556961944898042212730123580934401,-0.4318626201622818619038261053439390636301489119714364012369996282795478437992277712234971381770503788,-0.4318503232720769117217016901865303427594453950373020725976455175218354999668750972481437068365465219,-0.7207767510715051490731969632643375103478352099045862376077206009490984913394412478902726534617205211,-0.5460547127444872225993728901300515018594674390298476655592486832951887526578645426309873538442120304,-3.224754652473210643091125899240309238759290020282875102128810416592693317109750834797529994999637572,0.06214459826781491000974949895820989980631316549131808619755470883693289629824616714301727076883836085,-0.07207767510715051490731969632643375103478352099045862376077206009490984913394412484173825506232466823,-0.05460547127444872225993728901300515018594674390298476655592486832951887526578645418403225081019227886,-0.0001343647771863837767954635791350128849483037508451197959220337673580288882129062853103403136198443934,0.000002589358261158954583739562456592079158596381895471586924898112868205537345760256975413255490948152511,-0.07221203988433689868411515990556876391973182474130374355669409386226787802215703119293733252113528278,-0.05460288191618756330535354945054855810678814752108929496899997021665066972844069390194238665921083024
40,1,2593/3200,279/320,41/599,607/5793,300553/3470007,0,0/10,1/10,-4.563319817351479992106105055573364879901467979108080402583190961410442761560581722627725607461300774,-4.563319817351479992106105055573364879901467979108080402583190961410442761560581191300949268642930267,0.6285757217615043803739700193464187939084681160646180290067514844119877301950849698676550972318749828,0.6468190466233281590688520075652544379538488359059871853694329378393051714606421787071935055999873041,-0.4563319817351479992106105055573364879901467979108080402583190961410442761560581730007264167722667031,-0.4563319817351479992106105055573364879901467979108080402583190961410442761560581187084070091350720977,0.00002619065507339601584891541747276744974618617150269241787528131185049948875812854025020532842062775344,0.00002695079360930533996120216698188560158141036816274946605705970574330438214419342422947770142794145981,-0.4563057910800746031947615901398637205404006117393053478404438148291937766673000447710026230285049199,-0.4563050309415386938706493033903546023885653875426452907922620364353009717739139248327367308372980202,0.3257243984080243013380347177136205394921908750439221059634382124386843039774607691356624596760197171,0.4290532299650829936808281186069319705135164772854204006746138081827504704181443170637022712333272251,-2.661318694472809764625370771263939227424621893851659414133008782973336908554905810326719561478214394,-2.178427141420301221422297084600560968089156402893645744567743612168959536940043539985001762145703889,0.03257243984080243013380347177136205394921908750439221059634382124386843039774607686085525625144935559,0.04290532299650829936808281186069319705135164772854204006746138081827504704181443175908121683948533863,-0.0001108882789363670735260571154693308011426925789104858089222086992905557045231210759354269665080548376,-0.00009076779755917921755926237852502337367038151678723523935698931717370664737250181358676992602126880780,0.03246155156186606306027741465589272314807639492548172478742161254457787469322295572726718428289937687,0.04281455519894912015052354948216817367768126621175480482810439150110134039444193000623562646918681106
40,1,2593/3200,279/320,41/599,607/5793,300553/3470007,1,1/10,2/10,-4.556940760945957369249909453519390646119497351755224528073109555601158158185785033245352125517356685,-4.556940760945957369249909453519390646119497351755224528073109555601158158185784535653609205036660495,0.6073659324331710007101023569835176603122214941064994906350212203084566977062113814985079821207282265,0.6560356138596854791215194146746512257255146476995732180237284024641696512253995145096366774682504454,-0.4556940760945957369249909453519390646119497351755224528073109555601158158185785037462231302809565974,-0.4556940760945957369249909453519390646119497351755224528073109555601158158185784531436730027744451206,0.00002530691385138212502958759820764656917967589558777081210979255084618569573775880740234879155590797675,0.00002733481724415356163006330894477713440522977698748221741765535010267373546772497988370899489105353375,-0.4556687691807443547999613577537314180427700592799346819952011630092696301228407453216060327362169899,-0.4556667412773515833633608820429942874775445053985349705898933002100131420831107277980874992827847876,0.3014529462957736789152135549967140221725574739244708764843072424354638304228892944232295520321457111,0.4042721891080628959059195096220907641033143974698946770964973633389497248264467994345786414016134813,-2.717614043971050568622225308284508030874821838200633424766739279366401433122948413442399805004330546,-2.058944870325915980989546916413610180538510198529262062561169382359391138842885636401631961991922795,0.03014529462957736789152135549967140221725574739244708764843072424354638304228892940937858663061918603,0.04042721891080628959059195096220907641033143974698946770964973633389497248264467996981335899823765619,-0.0001132339184987937736925927211785211679531175765916930593652808033069333930467895176498958923961190832,-0.00008578936959691316587456445485056709085577125827205258594004872426497463078512023435590246982739934033,0.03003206071107857411782876277849288104930262981585539458906544344023944964924213989057049028059276044,0.04034142954120937642471738650735850931947566848871741512370968760962999785185955975604768688628237253
40,1,2593/3200,279/320,41/599,607/5793,300553/3470007,2,2/10,3/10,-4.544243439628265781894107961016484613218164045790786056119158297561374648133636843570310851851715286,-4.544243439628265781894107961016484613218164045790786056119158297561374648133636354412326285955437677,0.5791473611236812848514991670021510859345675166355867860933055816747751576810986400128277299271693362,0.6601718126777057431313902672800559805935177517236606250988387678784903322846651104177965803309778572,-0.4544243439628265781894107961016484613218164045790786056119158297561374648133636848841409823466976899,-0.4544243439628265781894107961016484613218164045790786056119158297561374648133636348087007520017123742,0.00002413114004682005353547913195842296191394031319314944942055439923644896490337910983546947537802392837,0.00002750715886157107263047459447000233252472990632181919271245161532827043051186104639566816745136913126,-0.4544002128227797581358753169696900383599024642658854561624952753569010158484603062716882649536679601,-0.4543968368039650071167803215071784589892916746727567864192033781408091943828517734215689436464116659,0.2526001916515934369563604866643546749682521295182324420468909177175686950980946762273444987294897659,0.3569008468422197268033499360653389340107081729978529458833035076915068629767728018553502821277979728,-2.759384957069117426676082461545070965246059054771694286736173275622128944549198641584272755513173596,-1.898149007127582746850722075728837719530994480772631149941417622803251133521711987963071934723203822,0.02526001916515934369563604866643546749682521295182324420468909177175686950980946758320120758583451450,0.03569008468422197268033499360653389340107081729978529458833035076915068629767728025142376535797056743,-0.0001149743732112132261115034358977112902185857939488205952806738864842553726895499438464958674181716785,-0.00007908954196364928111878008648870157164712477003219296458089240095013546389673799904204455768063492851,0.02514504479194813046952454523053775620660662715787442360940841788527261413711991761889317030028092787,0.03561099514225832339921621352004519182942369252975310162374945836820055083378054225675714475133775708
40,1,2593/3200,279/320,41/599,607/5793,300553/3470007,3,3/10,4/10,-4.525348064894581811023099253133689483891545836392452755576406043325018875156381281264815104077855756,-4.525348064894581811023099253133689483891545836392452755576406043325018875156380783673072183597159566,0.5453193039619468003034522756031350498550385015062978468905251711635804842958672324345433939894409779,0.6585549242922078813953841901362521012905393458582205650087543123851069913111906535019494851940594458,-0.4525348064894581811023099253133689483891545836392452755576406043325018875156381286535914075693117368,-0.4525348064894581811023099253133689483891545836392452755576406043325018875156380775239313829012740987,0.00002272163766508111667931051148346396041062660422942907695377188213181585351232780118860490300272139264,0.00002743978851217532839147434125567717088710580607742585687536476301604612463796627733177008387332405286,-0.4525120848517930999856306148018854844287439570350158464806868324503700716621258012773980261467631529,-0.4525073667009460057739184509721132712182674778331678497007652395694858413910001109783153457013139425,0.1798822790109626119519140366614935186970412527833926999231819632539056023327947034077361692600898948,0.2869112209711704038658767415643557348609058787065717682101549524346830541805231708400489401072420262,-2.788228446552973953439276817588475720130251557990138020210641531361992602373543955984343862894624308,-1.697137328754927505831604187240675756608311629692756690839368699965023057221473056277870802034543414,0.01798822790109626119519140366614935186970412527833926999231819632539056023327947030124037463889452739,0.02869112209711704038658767415643557348609058787065717682101549524346830541805231712353813629783866471,-0.0001161761852730405813933032007328531550054271482495890841754433971400830250988976652420834079029665795,-0.00007071405536478864607631684113502815652534631790386486211830702916520929405089471016657739235831723446,0.01787205171582322061379810046541649871469869813008968090814275292825047720818057263175155621968043695,0.02862040804175225174051135731530054532956524155275331195889718821430309612400142242920029849309453640
40,1,2593/3200,279/320,41/599,607/5793,300553/3470007,4,4/10,5/10,-4.500431583115539200534690570263749872943027713420196988685202903953998408206182270214355435799690907,-4.500431583115539200534690570263749872943027713420196988685202903953998408206181789490129224487831877,0.5063072973167734351254373060042278937474261536629087393612554074081399662072206497453277188240137902,0.6515417239219820667310468645899796142124109287439197182802807099364731162159583650897563891921663280,-0.4500431583115539200534690570263749872943027713420196988685202903953998408206182273377014818768847874,-0.4500431583115539200534690570263749872943027713420196988685202903953998408206181783164810458549517942,0.00002109613738819889313022655441684282890614275640262119747338564197533916525863419360400789034799141404,0.00002714757183008258611379361935791581725885045536432998826167836291401971317566493198443636538675045745,-0.4500220621741657211603388304719581444653966285856170776710469047534245016553595935752697665743525683,-0.4500160107397238374673552634070170714770439208866553688802586120324858211074425132007288035455564114,0.08406998365353706076045945166807297187528264103484140512101051509125433170319324956194664686111633266,0.1951411857765188436324704818330598697873376059918090519313548373606408742374484220270607805086635070,-2.806195365353415856027743436904334703775770141336514236747818440247748892020427604054185881815813146,-1.458237561367520254806594277965665516802238709857756602319782049313114914824478546693233003315502741,0.008406998365353706076045945166807297187528264103484140512101051509125433170319324936428043542554402220,0.01951411857765188436324704818330598697873376059918090519313548373606408742374484222906157290894265876,-0.0001169248068897256606678226432043472793239904225556880931978257683436562038341844839398001401804413391,-0.00006075989839031334395027476158190272986675994624407319176332425205471312145101993907835893375609321803,0.008290073558463980415378122523602949908204273680928452418903225740781776966485140439748038368440589309,0.01945335867926157101929677342172408424886700065293683200137215948400937430229382229796192823886201037
40,1,2593/3200,279/320,41/599,607/5793,300553/3470007,5,5/10,6/10,-4.469723788621425738434721202922647463414536530299242872347885086530470140525896300414620423513945472,-4.469723788621425738434721202922647463414536530299242872347885086530470140525895828124152566786505022,0.4626464580486429849479446027389888960226453431916025099885372442771871701822640574286330742321066543,0.6395890836845098990934378044028275538936332170412053586131138202644618056095106645404637782754661314,-0.4469723788621425738434721202922647463414536530299242872347885086530470140525896305685719395129207085,-0.4469723788621425738434721202922647463414536530299242872347885086530470140525895820744614006525138765,0.00001927693575202679103949769178079120400094355596631677124952238517821613209092766892877841532051650941,0.00002664954515352124579555990851678448141223471737671688994221307584435257523372961113439290903924958396,-0.4469531019263905470524326226004839551374527094739579704635389862678687979204987029352899974046662922,-0.4469457293169890525976765603837479618600414183125475703448462955772026614773558520981077967707179751,-0.03389031255701909241535847649701360350408295087323228569478622282097357934179767770227223452958944191,0.08283567031884508799866786174108085265378696292744658621966461634583338018576289541596150671959083107,-2.818862435365700285003588294863876797794970841021732761736069158476453132289048071841525483620397599,-1.182912428056503721823444185968305360870272798908724773700946618465676749057347259759279241181167362,-0.003389031255701909241535847649701360350408295087323228569478622282097357934179767775992487953163136579,0.008283567031884508799866786174108085265378696292744658621966461634583338018576289554773898100997237138,-0.0001174526014735708452084828456193281999081237850425721984056695482698522138453770035143297232050144265,-0.00004928801783568765507597684108201272336959469995453019890420610910273653121072280214594153615310204070,-0.003506483857175480086744330495320688550316418872365800767884291830367210148025144783367485868469172694,0.008234279014048821144790809333026072542009101592790128423062255525480601487365566767877595923643170767
40,1,2593/3200,279/320,41/599,607/5793,300553/3470007,6,6/10,7/10,-4.433502393515315490633933157281712007949448378176413621354820342619832222037736945169136814762048355,-4.433502393515315490633933157281712007949448378176413621354820342619832222037736456011152248865770745,0.4149619145768400480308533420680716184832775145703290222804605607311312593737940216634532321899754299,0.6232340786034561345935943074786546911144212802638777561532537878853033415408019076719693536991842689,-0.4433502393515315490633933157281712007949448378176413621354820342619832222037736951494455580700362289,-0.4433502393515315490633933157281712007949448378176413621354820342619832222037736450740053277250509133,0.00001729007977403500200128555591950298410346989644043037592835252336379713580724141746524409540750365828,0.00002596808660847733894139976281161061212976755334432823983971890782855430589753341291695422817841175776,-0.4433329492717575140613920301722516978108413679212009317595536817386194250679664538685514512702023675,-0.4433242712649230717244519159653595901828150702642970338956423153541546678978761114346601840301475795,-0.1728572505865750454901464491170172992813658921695279659033494355996353239373634362726973219243594057,-0.04854829371115182805432446881615074544334946300764318067866074698206239702416689092711782119130004544,-2.831489678026498935857950769445541348031741586102474062875804890297246670436627369555636689821509522,-0.8738262386288872644127679129036236332582770958026052365593473383308479553728082198856975334727920471,-0.01728572505865750454901464491170172992813658921695279659033494355996353239373634366680297447955040266,-0.004854829371115182805432446881615074544334946300764318067866074698206239702416689082828471547351389021,-0.0001179787365844374556607479487268975561679892327542697526198252037623852779348594742294252662304368941,-0.00003640942660953696935053199637098431805242821232510855152330613909711866480720034223631525047779114738,-0.01740370379524194200467539286042862748430457844970706634295476876372591767167120315994967388707584583,-0.004891238797724719774782978877986058862387374513089426619389380837303358367223889417021728064285384984
40,1,2593/3200,279/320,41/599,607/5793,300553/3470007,7,7/10,8/10,-4.392087249269686035078552787718749175687650864339444166200682096518075303009982912693903286044974552,-4.392087249269686035078552787718749175687650864339444166200682096518075303009982431969677074733115521,0.3639460661764011259632917773295350299951458667896303640041998064508752520333563976793464294275778937,0.6030723262221531251762458471089962849720922127264233386360208033856058414402309991854430608012789803,-0.4392087249269686035078552787718749175687650864339444166200682096518075303009982919019222051983288486,-0.4392087249269686035078552787718749175687650864339444166200682096518075303009982423535918720148696942,0.00001516441942401671358180382405539729291646441111623459850017499193545313550138984980086970519573530343,0.00002512801359258971354901024362954151187383717553026763910983420014106691006000962505948829778223134904,-0.4391935605075445867942734749478195202758486220228281820215680346598720771654969024544673055799279236,-0.4391835969133760137943062685282453760568912492584141489809583754516664633909382322345920607726959129,-0.3315239043311910891631194812929984686423151735776354429351966670575545562033627388491399662987145417,-0.1973970549775326009502777573536187205327659947393052076047701485364353514057171862201702829742473405,-2.850473495450127181453169968000733571990924094571490654183647563323196944768942667654779998101144830,-0.5335654602100302085776676968839763285598584858391097697071494752480543859305641520673353118644829963,-0.03315239043311910891631194812929984686423151735776354429351966670575545562033627392444723891698591627,-0.01973970549775326009502777573536187205327659947393052076047701485364353514057171857589491229579119494,-0.0001187697289770886325605487486666972321662885039404787772576519818051332060320392782726205754726633166,-0.00002223189417541792535740282070349901368999410357662957373779789480200226608044017286939810380064037538,-0.03327116016209619754887249687796654409639780586170402307077731868756058882636831324724623264135702972,-0.01976193739192867802038517855606537106696659357750715033421481274844553740665215872627591818060338398
40,1,2593/3200,279/320,41/599,607/5793,300553/3470007,8,8/10,9/10,-4.345833939725057978320485332482856098261316353097609418718045091041785905896979133574585373244210398,-4.345833939725057978320485332482856098261316353097609418718045091041785905896978669717875871101188527,0.3103339933781242142099779933979690035943096743443875957789789579421568358470802916471751771169424483,0.5797358358745406890981894457712824773822666635662765583496077001078546848092985568467286904011134249,-0.4345833939725057978320485332482856098261316353097609418718045091041785905896979140954123933505576655,-0.4345833939725057978320485332482856098261316353097609418718045091041785905896978661284117516516769947,0.00001293058305742184225874908305824870848309623643101614982412412324758986816029501207277903812855609049,0.00002415565982810586204575789357380343655759444431526152326456698750449394520038743997276594399361617781,-0.4345704633894483759897897841652273611176485390733299257219803849809310007215376195528933831767158723,-0.4345592383126776919700027753547118063895740408654456803485399421166740966444974786282769063807757906,-0.5084360762570829243586212920407654521409216824108470119513135998045793517462507788392913870205067647,-0.3620128779799406385148922652144014683122638432197698497731677214494703934178427812434097466027733700,-2.884044194656291074293936285004658572061408560467000136449959959875516995232663424268602103358594472,-0.1649827141156361493778813561825208029257164201551865106119237147688333247699748764664211119819530571,-0.05084360762570829243586212920407654521409216824108470119513135998045793517462507796299562327627960065,-0.03620128779799406385148922652144014683122638432197698497731677214494703934178427804527449008604841282,-0.0001201685081106787947622473452085274405025586900194583390187483316614798748013609765183977621221912191,-0.000006874279754818172890745056507605033455238184173132771275496821448701388532082286474457428561271141375,-0.05096377613381897123062437654928507265459472693110415953415010831211941504942643894234517771260920777,-0.03620816207774888202437997157794775186468162250615011774859226896639574073031636032678638027601316233
40,1,2593/3200,279/320,41/599,607/5793,300553/3470007,9,9/10,10/10,-4.295126976886277615008675176849557782843459671252325792174359596160284658997562518505739799196995322,-4.295126976886277615008675176849557782843459671252325792174359596160284658997562079950305360807229189,0.2548783840629420140868463856146769332294738616828232276006463819941001161632425766933674629547667099,0.5538715497107435445362837611007759987552830873995730782114260286294453700219486106472255234502333705,-0.4295126976886277615008675176849557782843459671252325792174359596160284658997562525885278359458361579,-0.4295126976886277615008675176849557782843459671252325792174359596160284658997562072570766800545862932,0.00001061993266928925058695193273394487221789474423678430115002693258308750484013510729161631268757881625,0.00002307798123794764768901182337919899994813679530831554492547608452622689041758119221908611386785073491,-0.4295020777559584722502805657522218334121280723809957949162859326834453783949161176850473279411483491,-0.4294896197073898138531785058615765792843978303299242636725104835315022390093386259797942047747592646,-0.7020019311954968294048919302294487261223225419251917260122066177657347209466181468625684892737996100,-0.5406882070204580779636636889656412684172582414731004971122372414563916507277026855911095350328101545,-2.938059432358132370568756271353829210736061810533422325545089069918710684587833577422560907757748857,0.2281864115417170949498271514173837658721826319952905794542982473870979312401293623913857960331464249,-0.07020019311954968294048919302294487261223225419251917260122066177657347209466181473896783864353257712,-0.05406882070204580779636636889656412684172582414731004971122372414563916507277026850639996378712839933,-0.0001224191430149221821070315113064095504473359087722259302310453779132796118578263997161017195726933590,0.000009507767147571545622909464642390990244674276333137107477262426974462413801672056800367414218361225711,-0.07032261226256460512259622453425128216267959010129139853145170715448675170651964117703324440464208592,-0.05405931293489823625074345943192173585148114987097691260374646171866470265896859643399606242983507544
41,1,279/320,2987/3200,213/6187,41/599,190627/3706013,0,0/10,1/10,-4.576542658356208531621510059542944951164803027945416452341469829845985773481201222587841994221004019,-4.576542658356208531621510059542944951164803027945416452341469829845985773481200691261065655402633512,0.7136856583026346234919559703158742186514376586557509581138917576682820527328116718250550520062864499,0.7320350952110880737894350995819580245904290471984805097137987459983298618217018987466216243937302213,-0.4576542658356208531621510059542944951164803027945416452341469829845985773481201225750501377190160987,-0.4576542658356208531621510059542944951164803027945416452341469829845985773481200682827307300818214933,0.00002973690242927644264549816542982809244380990244398962325474548990284508553053381946008102249469141580,0.00003050146230046200307455979581591491769126787696660335457140828108326374424257091257449161034381007109,-0.4576245289331915767195055077888646670240364928920976556108922374946957322625895892475357010749940959,-0.4576237643733203911590764461584785801987890349175750418795755747035153136038774971859701934733247735,0.3271400491022062193873682374462040604867563728855615194414234273301252858235944163782998734383249214,0.4226906520741182107474450315435615175971694153798839868651182440484245994671192540312105909095443157,-2.656316779991279384555905515240879570099929331881263929136314467546018806386044637815087943353577793,-2.197336164554590756097063649573245998208296055567349417657891681861301105040228205771011033819569997,0.03271400491022062193873682374462040604867563728855615194414234273301252858235944159829674505671803005,0.04226906520741182107474450315435615175971694153798839868651182440484245994671192545583204880710704769,-0.0001106798658329699743564960631350366487541637221617193303806797694810841169327518603869985124483300269,-0.00009155567352310794817071098539888524992534566898197289240241215341088754604334284130451805126875816451,0.03260332504438765196438032768148536939992147356639443261376166296353144446542668968321694715617189276,0.04217750953388871312657379216895726650979159586900642579410941225143157240066858264695714356948687171
41,1,279/320,2987/3200,213/6187,41/599,190627/3706013,1,1/10,2/10,-4.569311438809410190987284601985508461843938780534608716931805045374853060954772202449265359378500526,-4.569311438809410190987284601985508461843938780534608716931805045374853060954771671122489020560130019,0.6905515749133018454031269474137751876010635303905881284124611348793286722695033592095487194262073875,0.7410366835411306128334135674318588677499007554847394099842850977204986562038026573016775744328905906,-0.4569311438809410190987284601985508461843938780534608716931805045374853060954772205611924742347657493,-0.4569311438809410190987284601985508461843938780534608716931805045374853060954771662688730665975711439,0.00002877298228805424355846362280890729948337764709960783868385254728663869467789597312486614950856552170,0.00003087652848088044220139223197632745282291253147853080874934521240502077734182511083569376651317415282,-0.4569023708986529648551699965757419388849105004063612638544966519901986674007993246091082497322077520,-0.4569002673524601386565270679665745187315709655219823408844311593250802853181353408375375684168048193,0.3027482374590909080469856380396789291937027781754525303932132739946220823880508176582925151143373293,0.3979645652883797502081840812089898467446208368326642272533104374209298597832447136508748951913696656,-2.708878758288712557710375955226801823920298667504636683231154853075598213772893570455402323269909170,-2.070324036383436582314660398413705468116359702487357611295235546495956303791200785863946287615334053,0.03027482374590909080469856380396789291937027781754525303932132739946220823880508172629600922431927084,0.03979645652883797502081840812089898467446208368326642272533104374209298597832447139144298437721327463,-0.0001128699482620296899045989981344500759966791111460265284679647855448165922405372325000430465491425832,-0.00008626350151597652426311084993390439450484832093697323380396814777066484599130003221001461753052418383,0.03016195379764706111479396480583344284337359870639922651085336261391739164656454447539344779542192487,0.03971019302732199849655529727096508027995723536232944949152707559432232113233317136502397204783428297
41,1,279/320,2987/3200,213/6187,41/599,190627/3706013,2,2/10,3/10,-4.554921355184350234081983171327403868910464490138511528378762925944776019866696407395975602209064845,-4.554921355184350234081983171327403868910464490138511528378762925944776019866695918237991036312787235,0.6596428021655308147960382902129312083116557440926561293142978176129594793539543612264848782651326810,0.7434206110167138262694938483092024105376198023053839146916020398085614091175868763530401113889761474,-0.4554921355184350234081983171327403868910464490138511528378762925944776019866696412667074573824326457,-0.4554921355184350234081983171327403868910464490138511528378762925944776019866695911912672270374473300,0.00002748511675689711728316826209220546701298565600386067205476240906720664497308143154824397331456677600,0.00003097585879236307609456224367955010043906749176272432977881675165869005871323278668131928528698920879,-0.4554646504016781262909151488706481814240334633578472921658215301854103953416965603455395484048731461,-0.4554611596596426603321037548890608367906073815220884285080974758428189119279563582942351419279394709,0.2538252350094858953925857325837328540286495807344769448044733712721245127981552632479053729106932883,0.3497897644209991256284130663307545859749056881074164636077138636026320628937996857530961808061521923,-2.740024839798285716953455370138555563739822187677949331538163218784371585911792473993110539331223271,-1.897248407677191785745874302710820765765291040010278464428029476897139307840511740345610989094542962,0.02538252350094858953925857325837328540286495807344769448044733712721245127981552628525729500395486673,0.03497897644209991256284130663307545859749056881074164636077138636026320628937996861484286036772968133,-0.0001141677016582619048730606404224398151558259244865812221474234674493488160796580201543109656709880426,-0.00007905201698654965773941142927961753190688712666709493601783456153738080449335465537175629943946221610,0.02526835579929032763438551261795084558770913214896111325829991365976310246373586826471691721907377652,0.03489992442511336290510189520379584106558368168407455142475355179872582548488661400309665463903176419
41,1,279/320,2987/3200,213/6187,41/599,190627/3706013,3,3/10,4/10,-4.533515348688976754676187433163981960890724573950293483535578672204843194952605696142457332952921286,-4.533515348688976754676187433163981960890724573950293483535578672204843194952605173249439348718969359,0.6220369699563617806545807818027761832266392456580758578753415371942637325750477986494346363921631734,0.7389452313581861864345918552149783664294141458302167881760335955112684177610206849975439889770154979,-0.4533515348688976754676187433163981960890724573950293483535578672204843194952605702467776098891235221,-0.4533515348688976754676187433163981960890724573950293483535578672204843194952605164815680994134550779,0.00002591820708151507419394086590844900763444330190241982741147256404976098885729365810478818252214343110,0.00003078938463992442443477466063395743193455892274292569950733473314630285074004252867025327261074303537,-0.4533256166618161603934248024504897470814380140931269285261463946564345585064032768612359960689335099,-0.4533207454842577510431839686557642386571378984722864226540505324873380166445204734918053750642456445,0.1812002267692584057835429149846168144637059929637993884745374375195423600292380951244619212994337016,0.2797215016995509849295934357164882796489179304837589659920359693272964950277950547971327348040060299,-2.751123487078194752397098822908334026767537688291613004089354781662900139876190344479471301475985497,-1.680185696872311079709917747408083277121577206979321263427501090494826273184954051419507132383122593,0.01812002267692584057835429149846168144637059929637993884745374375195423600292380948609069727186706210,0.02797215016995509849295934357164882796489179304837589659920359693272964950277950550606876833847691105,-0.0001146301452949247813498791176211805844486474036788172085037231159026208391615079314952691216557140658,-0.00007000773736967962832124657280867013654673238362413838597614587877061776138270641836474032529189027809,0.01800539253163091579700441238084050086192195189270112163895002063605161516376230152564041670945368537,0.02790214243258541886463809699884015782834506066475175821322745105395903174139679911537215005657567620
41,1,279/320,2987/3200,213/6187,41/599,190627/3706013,4,4/10,5/10,-4.505303486790737348464939467379800234319387783775790084666887715543362169688103353434251949635591349,-4.505303486790737348464939467379800234319387783775790084666887715543362169688102830541233965401639421,0.5784114355630967111396030472311216725909849316987762806264784485438873859674405428027182148731401916,0.7280501790800143832998188112644805709457843291446486281498906975937668653348878259493779352705994044,-0.4505303486790737348464939467379800234319387783775790084666887715543362169688103359759570715573905283,-0.4505303486790737348464939467379800234319387783775790084666887715543362169688102822107475610817220842,0.00002410047648179569629748346030129673635795770548744901169276993535599530774864335578376135618673904011,0.00003033542412833393263749245046935335712274101371436035950624544573307361938895365953681190671947399532,-0.4505062482025919391501964632776787266955808206720915594549960016189802216610616926220714720623201250,-0.4505000132549454009138564542875106700748160373638646481071825261086031433494213281823560756546841630,0.08577628455205761074962772900365008988005401998029460181698430796708420627140139424180449267842796985,0.1880990066128718198096568291331261664359953239596666896134471272342947756105805787789886579118708545,-2.746203907439451339693374280622313632612625304354294323395326051385217807020845033660001575356170607,-1.421579287000165741511020163864453536009497937930493908438582661465189371129791836538563658866031534,0.008577628455205761074962772900365008988005401998029460181698430796708420627140139414297138696064181462,0.01880990066128718198096568291331261664359953239596666896134471272342947756105805791084323436378247052,-0.0001144251628099771391538905950259297346921927210147622634748052521410507419592018768427878247923391821,-0.00005923247029167357256295917349435223066706241408043724618494094422771622379707465945923996614406415294,0.008463203292395783935808882305339079253313209277014697918223625544567369885180937531920726462593711193,0.01875066819099550840840272373981826441293246998188623171515977177920176133726098326882134573196135433
41,1,279/320,2987/3200,213/6187,41/599,190627/3706013,5,5/10,6/10,-4.470557968209664090251613256031840386951890911230610981259742727021505754691063552232746534732209072,-4.470557968209664090251613256031840386951890911230610981259742727021505754691063037773486905082675724,0.5294703915469393151404843541148994143287148279361673626084560622148365380008392064341464369428717706,0.7113008782539830742024852258806616850778742038097436578971386702556591577295576758583366094367585296,-0.4470557968209664090251613256031840386951890911230610981259742727021505754691063557503845506347470684,-0.4470557968209664090251613256031840386951890911230610981259742727021505754691063030393948344821309467,0.00002206126631445580479752018142145414226369645116400697344201900259228485575003496679088186691365491551,0.00002963753659391596142510355107836090354491142515873931907904744459398579823873156994359390832886012465,-0.4470337355546519532203638054217625845529253946718970911525322536995582906133563208239054791403549150,-0.4470261592843724930637362220521056777916441796979023588068952252575565896708675714655262279118327145,-0.03128291665212559883295505893516820586689888718448884201118013471095544614385242180973880296983673400,0.07636905519318832302922357409566338156758563188408675729663127193434801964101572574585907029868701503,-2.730687236729488815692745711356674401161504808933991465465331193556519851402644900830809714911707683,-1.124528779869926359500784430678698081618062971892965848496620446734189582909379605242026608483008447,-0.003128291665212559883295505893516820586689888718448884201118013471095544614385242186739144797187865788,0.007636905519318832302922357409566338156758563188408675729663127193434801964101572586116436030277086280,-0.0001137786348637287006538644046398614333817293670389163110610554663981883271417768712948545142078696851,-0.00004685536582791359831253268461161242006741929049554024368735918528059123262122414992637967477763917799,-0.003242070300076288583949370298156682020071618085487800512179068937493732941527019061637289624023355716,0.007590050153490918704609824724954725736691143897913135485975768008154210731480348443782703799964789756
41,1,279/320,2987/3200,213/6187,41/599,190627/3706013,6,6/10,7/10,-4.429606809982526808517507985357861336321849409963799747407812025127286674661828945768243605969566225,-4.429606809982526808517507985357861336321849409963799747407812025127286674661828465044017394657707194,0.4760301986265812473999438711328869288324652880470915510731288092593128577147355392112277910366691452,0.6893615164633912828306914184875754599203789472915938096856434141606169374783020972913477896948167327,-0.4429606809982526808517507985357861336321849409963799747407812025127286674661828952093562371907880159,-0.4429606809982526808517507985357861336321849409963799747407812025127286674661828456610259040073288615,0.00001983459160944088530833099463053695536801938700196214796138036705247136907144731401146087258350439376,0.00002872339651930797011794547577031564416334912280381640873690180892335903906159592082222287958910206881,-0.4429408464066432399664424675411555966768169216093780125928198221456761960971114482536791290150476746,-0.4429319576017333728816328530600158179880215918735761583320443007038053084271212493031116973120357539,-0.1685753302749120192118845002105619704374565700502910867313923243598019274636634906898482197607585614,-0.05377542429727558427371928177678425336992184398425713226604855249069930404759208041257700991078431325,-2.711054393468518662224721230876182022582429942239460695303494750003103830104858061369902281977782443,-0.7923164519464218677500106785260833336597929781138812840287718373706360707683904952931912934713751308,-0.01685753302749120192118845002105619704374565700502910867313923243598019274636634909534031683415216420,-0.005377542429727558427371928177678425336992184398425713226604855249069930404759208029727171990670046548,-0.0001129605997278549442593633846198409176076012475933108623043122812501293262543690863626152112896081212,-0.00003301318549776757782291711160525347223582470742141172016786549322377650294868293705834447354368231772,-0.01697049362721905686544781340567603796135325825262241953544354471723032207262071819405707026016504173,-0.005410555615225326005194845289283678809228009105847124946772720742293706907707890964790837898294867660
41,1,279/320,2987/3200,213/6187,41/599,190627/3706013,7,7/10,8/10,-4.382826482666438752367195466848195617753237092747661368811945531904133789420964094272730411440077003,-4.382826482666438752367195466848195617753237092747661368811945531904133789420963613548504200128217972,0.4189884994985428074988435663631351836817296345870150370756659410789206370205955042145452256851429218,0.6629659132069492312212309203835880224103076072588982846162360376123074685894871299809068941979438232,-0.4382826482666438752367195466848195617753237092747661368811945531904133789420964100598049177378390937,-0.4382826482666438752367195466848195617753237092747661368811945531904133789420963605114745845543799393,0.00001745785414577261697911848193179729932007206810779229321148608087828835987585814588780019579806667453,0.00002762357971695621796755128834931616760042948363578742852567650156717947785789529719492612796163295735,-0.4382651904124981026197404282028877644760036372066583445879830671095350905822205519336065253217562377,-0.4382550246869269190187519953964702456077232797911303494526688766888461994642384649121823723945133592,-0.3244912540040376617334485219507804402148303026345330664772676484101003543043844155699470753193913185,-0.2004628614535348583679233730435869905216772584028652140413731514933694762597477693597557722117068238,-2.693595316759796673446125080626771889704583552598362908208991959442815024726331412003430526433115508,-0.4291716258327159580057036562540929558166093582409565378556051923211497768208037690265659715916240979,-0.03244912540040376617334485219507804402148303026345330664772676484101003543043844163606119210616805603,-0.02004628614535348583679233730435869905216772584028652140413731514933694762597477690303120864857529731,-0.0001122331381983248613935885450261154954043576480249317878420413316434506260302638092277791832879641613,-0.00001788215107636316491690431901058720649235872326003985574398354968004790736753349024424364856611166329,-0.03256135853860209103473844074010415951688738791147823843556880617265348605646870548917189973967096672,-0.02006416829642984900170924162336928625866008456354656125988129869901699553334231036261531240487246173
41,1,279/320,2987/3200,213/6187,41/599,190627/3706013,8,8/10,9/10,-4.330633790747772515614920334526455240269756052872618034582121604938480580270295634293595942097296278,-4.330633790747772515614920334526455240269756052872618034582121604938480580270295178870644794538692987,0.3592911517122030326415746231267482304406670376561251689380558157930058237412412551848063013697718339,0.6328880901012445267772470471548666635727298765947842394872252699459312312583245714906745598895453757,-0.4330633790747772515614920334526455240269756052872618034582121604938480580270295641673134502358662535,-0.4330633790747772515614920334526455240269756052872618034582121604938480580270295172545326028600379052,0.00001497046465467512636006560929694784293502779323567188203908565899137524265588505220164912765033907745,0.00002637033708755185528238529363145277764886374485811600997863438624774713463576352391892325997685932404,-0.4330484086101225764351319678433485761840405774940261315761730748348566827843736791489248200240340294,-0.4330370087376896997062096481590140712493267415424036874482335261076003108923937532635693450606399471,-0.4972517759362457958818606935323164653165927512617935295965460875117855842635552440216620850244251884,-0.3617070438738453648086109587834593027609536153439286943894082306088858462365394764221737496885315750,-2.685099196168885950230833956917634363596834859826704485811222164712281461003181117769247993083224412,-0.03988530446327220915447878217350796400655456380324375054413269032092571554264879482377331825312871813,-0.04972517759362457958818606935323164653165927512617935295965460875117855842635552442852170336051882690,-0.03617070438738453648086109587834593027609536153439286943894082306088858462365394756315089039462423332,-0.0001118791331737035812596180815382347651498681191594460202421342568630117275417992136854774792811365843,-0.000001661887685969675381436615923896165166939773491801822939338862096705238147610366439526515212335940519,-0.04983705672679828316944568743476988129680914324533879897989674300804157015389732365160147344057911626,-0.03617236627507050615624253249426982644126230130788467126188016192298528986180155791361288073565182012
41,1,279/320,2987/3200,213/6187,41/599,190627/3706013,9,9/10,10/10,-4.273477307906873909930738911920927385467462506733337189148314873251442437608488296001320320285344984,-4.273477307906873909930738911920927385467462506733337189148314873251442437608487840578369172726741692,0.2978989460676579231315204242697110349677339011365094442698554100673036465826418817951844128199401532,0.5999141778170371979266071943102396649940625301257771171164094923302202560597440988288510730141280452,-0.4273477307906873909930738911920927385467462506733337189148314873251442437608488299163979703254501952,-0.4273477307906873909930738911920927385467462506733337189148314873251442437608487835307270201111480080,0.00001241245608615241346381335101123795979032224588068789351124397541947098527427674499462614107819962265,0.00002499642407570988324694196642959331937475260542190737987985039551375917733582267088662868690003790876,-0.4273353183346012385796100778410815005869559284274530310213202433497247727755745532111199682106112562,-0.4273227343666116811098269492256631452273714980679118115349516369296304845835129605636627966202312562,-0.6849197154493730809968372455159392506558528231604977026123380311350871773287525329308723449261889253,-0.5355157723060071063173642759154965248605052178579928859242611367556162378908802148166671092183837464,-2.695780150020126796948218102545257846128273065724640903873217316842194324313516770325345248896917368,0.3711607423050979216185086262953793223764103628625331258973261822753013182893414723859037764813875788,-0.06849197154493730809968372455159392506558528231604977026123380311350871773287525345122020364107674090,-0.05355157723060071063173642759154965248605052178579928859242611367556162378908802140260022634760945045,-0.0001123241729175052832061757542727190769220113777385267043280507215350914301797298658574699986298846239,0.00001546503092937908006743785942897413843235043178593888024572192426147088826205589474125656195367774449,-0.06860429571785481338288990030586664414250729369378829696556185383504380916305498334037037173204945638,-0.05353611219967133155166898973212067834761817135401334971218039175130015290082596548437323828370789077
42,1,2987/3200,199/200,1/399,213/6187,45587/2468613,0,0/10,1/10,-4.588844904220654255157417796718878263150577496739596650419276558539002309407284718580050795216249275,-4.588844904220654255157417796718878263150577496739596650419276558539002309407284195687032810982297347,0.7935939122048123996190699397507284988429584587372373850964916700863245822412931835836022939249397392,0.8121374673447954526062753042700242641149972294459690199687437199986290489863103119606746076289976735,-0.4588844904220654255157417796718878263150577496739596650419276558539002309407284725959589355477615532,-0.4588844904220654255157417796718878263150577496739596650419276558539002309407284188307494250720931090,0.00003306641300853384998412791415628035411845660244738489104568715292026352426005388239914546339872628371,0.00003383906113936647719192813767791767767145821789358204249869765499994287704109626317509425255627722925,-0.4588514240090568916657576517577315459609392930715122801508819687009799674164684187239835942030355855,-0.4588506513609260590385498515342099086373862914560660829994289581989002880636873225290963378382633156,0.3275023302512849680751105053643266871288534818505168241743457552145498215715355709133464825515974204,0.4168971152826318195555178537726349493926734883968038546792906278012404656785582689783534672063871357,-2.651515661621362113648725009298510848885758452332027402723303497812579369141031450536629138434762022,-2.212796031926571190529576469924356069565460189500489606945738891146692127976159113860257316699147172,0.03275023302512849680751105053643266871288534818505168241743457552145498215715355701226816368093081786,0.04168971152826318195555178537726349493926734883968038546792906278012404656785582697690183129486763775,-0.0001104798192342234214020302087207712853702399355138344751134709790755241403808763109352507657261664053,-0.00009219983466360713293873235291351483623189417456252040028940578713111217199900662911034146367930117138,0.03263975320589427338610902032771189742751510824953784794232110454237945801677268066967543373997627361,0.04159751169359957482261305302434998010303545466511786506763965699299293439585682040531544589349355974
42,1,2987/3200,199/200,1/399,213/6187,45587/2468613,1,1/10,2/10,-4.580812755804026393002801099511644928492957119845296262585904876468774674652350532927077040506538469,-4.580812755804026393002801099511644928492957119845296262585904876468774674652349967865267283350493644,0.7685348943276318563428301225705021019929827523324221300528415111973391137468688749119455682740113002,0.8207288395296982080593541775846261881707578642281181042840960394775491929186020315579176073167932409,-0.4580812755804026393002801099511644928492957119845296262585904876468774674652350537143956217798747758,-0.4580812755804026393002801099511644928492957119845296262585904876468774674652349962594168311735232031,0.00003202228726365132734761792177377092091637428134718425541886839629988912973945286954606252530641977835,0.00003419703498040409200247309073269275784044824434283825434517066831156454970494175149576409028150980103,-0.4580492532931389879729324920293907219283793377031824420031716192505775783354956012886977124064491495,-0.4580470785454222352082776368604318000914552637401867880042453169785659029155300540849205221687064170,0.3036050960918400662195744062423032483166800145858474130056992152521633430668090628562550877329370947,0.3921964794296604498692931925877606965673556028731513171841916301236195508102797901006415267181905083,-2.701024507411200856455961386056709600793231614260225849520899776920056849677163058097921619058081114,-2.079194976191597732752586654504725924353335431771811584634918900595266901005671524241852501567551175,0.03036050960918400662195744062423032483166800145858474130056992152521633430668090623291451905714109335,0.03921964794296604498692931925877606965673556028731513171841916301236195508102797903641964752989535890,-0.0001125426878088000356856650577523629000330513172608427437300374907050023687365484612616292457823010311,-0.00008663312400798323886469111060436358018138897632382548269312162085813612087523631298639899546343382369,0.03024796692137520658627177556647796193163495014132389855683988403451133193794435774501427928586174267,0.03913301481895806174806462814817170607655417131099130623572604139150381896015274274891365860229866822
42,1,2987/3200,199/200,1/399,213/6187,45587/2468613,2,2/10,3/10,-4.564833499773064154813498902662390115711396119859413261700587723436187567359416079015551703993213578,-4.564833499773064154813498902662390115711396119859413261700587723436187567359415564556292074343680230,0.7347987499324136652170769227624702078913370436238300347344804491179204553509984578439611220136246101,0.8210943644684125576386542178082228708533301340593802266820116336196852984218993643784047110996933142,-0.4564833499773064154813498902662390115711396119859413261700587723436187567359416083232430881285422867,-0.4564833499773064154813498902662390115711396119859413261700587723436187567359415556122533719759261650,0.00003061661458051723605071153844843625866213904348432625144727001871324668563962493553279168942167637504,0.00003421226518618385656827725907534261961888875558580750944508381806748688743424580698653998393461692687,-0.4564527333627258982452991787277905753124774729424569999186115023249055100503019835593813420478793748,-0.4564491377121202316247816130071636689515207232303555186606136885255512698485073097089431605990710569,0.2547106484509110984413738561123603907576335669032793229053170157401616850785756070631916371634950044,0.3433483391934070413573380517828999987579078344532251228710976760263157999102363005663998449267284192,-2.722603011368379529637152167446163044121449694253115596360277575517530852528363093749031614500501984,-1.894564847670836070501079639814616849099845853286732384540132298992192006778091495500215093868854540,0.02547106484509110984413738561123603907576335669032793229053170157401616850785756066678592142923503835,0.03433483391934070413573380517828999987579078344532251228710976760263157999102363009617322677978730401,-0.0001134417921403491470682146736435901268383937372605464831816782323132304521886817960866025646997635354,-0.00007894020198628483627087831832560903537916024388694718268917217912467466694908714511461435234476835480,0.02535762305295076069706917093759244894892496295306738580735002334170293805566887884380333045956482372,0.03425589371735441929946292685996439084041162320143556510442059542350690532407454300613747863475044508
42,1,2987/3200,199/200,1/399,213/6187,45587/2468613,3,3/10,4/10,-4.541074994645369652283705086084645224239375096918544977516683519292947205031972280959136740351222138,-4.541074994645369652283705086084645224239375096918544977516683519292947205031971741198602046948433051,0.6931450464675603148335742893897254035077326054293975421938980381161947383465778715120752697258891332,0.8133990125184195654965564619351537218588198676911901263617210830876463530853557041619696551556152530,-0.4541074994645369652283705086084645224239375096918544977516683519292947205031972288338675300612588395,-0.4541074994645369652283705086084645224239375096918544977516683519292947205031971734873283281010119116,0.00002888104360281501311806559539123855847948885855955823092474575158817478076444074445879378806229352697,0.00003389162552160081522902318591396473841078416115379958859840504512865193137855648784877553084602815402,-0.4540786184209341502152524430130732838654580208332949395207436061777065457224327882683507069770789012,-0.4540736078390153644131414854225505576855267255307006981630699468841660685718186168585651635584785918,0.1821794032011984877642846130359173340793695434256776946779990535000200598439584302126116150955641087,0.2732284734250495914914060270299939441860141495360203927883112741144867639741145900284041658884274180,-2.718045660612616215288950912423703149416411460444021863045958286528631326187299289950918116387977374,-1.662464507223109897655984374519123454524618660177325515289357254614878752929304293735816838622168564,0.01821794032011984877642846130359173340793695434256776946779990535000200598439584297513904550792287176,0.02732284734250495914914060270299939441860141495360203927883112741144867639741145904237365887595720389,-0.0001132519025255256756370396213509876312256838108518342442935815952720263052578041376070254699871670774,-0.00006926935446762957906899934893829681060519244417405522980372321894228661470538767847360736793324046297,0.01810468841759432310079142168224074577671127053171593522350632375472997967913803883392872972530808444,0.02725357798803732957007160335406109760799622250942798404902740419250638978270607139105341779246781597
42,1,2987/3200,199/200,1/399,213/6187,45587/2468613,4,4/10,5/10,-4.509783577660787216042243547907551025549387486651173856743612617381154081712651446802718750880387789,-4.509783577660787216042243547907551025549387486651173856743612617381154081712650907042184057477598702,0.6445524814686461465309439978170959633953009490098015019708581427623294906073591092090979225287060431,0.7981804943280774332074818588522942087958689053023791169220463168282920623721508844628234503594070034,-0.4509783577660787216042243547907551025549387486651173856743612617381154081712651452073817722495649401,-0.4509783577660787216042243547907551025549387486651173856743612617381154081712650898608425702893180122,0.00002685635339452692277212266657571233180813753954207506258211908928176372877530662937484736630450296569,0.00003325752059700322638364507745217892536649453772093246320508526320117883593217295369738980302723575904,-0.4509515014126841946814522321241793902231306111255753106117791426488336444424898389779078051150579337,-0.4509451002454817183778407097133029236295722541273964532111561764749142293353329164110493178013094895,0.08713221973387620437656612824482119562985723641368701778871769005957259011614348867450249863769654855,0.1817729237532931391302929729034908232668315774617456801426936216674965221665818774587999531521878949,-2.692812102081371649640740947383528625989641187297372433202314185685429342258730384776762961340959610,-1.385922569091185957004130043717181177249209955230165581883397131805861776405635804865070259532364721,0.008713221973387620437656612824482119562985723641368701778871769005957259011614348850978065577471962317,0.01817729237532931391302929729034908232668315774617456801426936216674965221665818776564661645877602053,-0.0001122005042533904854016975394743136927495683828040571847167630910702262225941137664675053249522373616,-0.00005774677371213274820850541848821588238538374813459023257847488049191090735023482481801712362760450224,0.008601021469134229952254915285007805870236155258564644594155005914887032789020235073700689314636864227,0.01811954560161718116482079187186086644429777399803997778169088728625774130930795294404582282856593411
42,1,2987/3200,199/200,1/399,213/6187,45587/2468613,5,5/10,6/10,-4.471277816046149318515103864816826335015663076515104830142354545081920726004918256633820025342694626,-4.471277816046149318515103864816826335015663076515104830142354545081920726004917742174560395693161278,0.5899107587379702346744577072798999694383911791925258863877422418651384963166923938198510717477951829,0.7761310719028834403867066743731250159537950323244099934500224786559395718857693448945766577518946740,-0.4471277816046149318515103864816826335015663076515104830142354545081920726004918260850699202634903915,-0.4471277816046149318515103864816826335015663076515104830142354545081920726004917733740802041108742698,0.00002457961494741542644476907113666249872659963246635524526615592674438077067986218291316430816230175214,0.00003233879466262014334944611143221354233140812634685041639375093661066414882857372282284927438970707943,-0.4471032019896675164250656174105459710028397080190441277689692985814476918298119640187489353567789448,-0.4470954428099523117081609403702504199592348995251636325978417035715814084516631991768455784971373476,-0.02906446985064265670518098436940271379154532001567490424324084087802506854344981478597302986444874912,0.07061338999273200157947377274047330536643805662485521385613598111484103970176549789008701197420545155,-2.652789905885700142156772958925662875335954532952926326813402188604146826047607742118343983944923924,-1.068824463017941573940042880663346316151429732764121876017112166166551593470045187707570470458705178,-0.002906446985064265670518098436940271379154532001567490424324084087802506854344981480244521415074644165,0.007061338999273200157947377274047330536643805662485521385613598111484103970176549800539230197828929932,-0.0001105329127452375059231988732885692864723314388730385969505584245251727844186503230724779165803310837,-0.00004453435262574756558083512002763942983964290553183841150071300692360631639458521585815437103540318437,-0.003016979897809503176441297310228840665626863440440529021274642512327679638763631804732577668758683202,0.007016804646647452592366542154019691106804162756953682974112885104560497653781964585131487115871979278
42,1,2987/3200,199/200,1/399,213/6187,45587/2468613,6,6/10,7/10,-4.425940638195848924264882601514718744544912771977301357615523073485472090518088259298583936081471878,-4.425940638195848924264882601514718744544912771977301357615523073485472090518087770140599370185194269,0.5302445858690435775799922038640800644869319011285726169294469780142164914821654817740580921172717644,0.7480621379628162027092334867296388415189532277688475509160048168303278331450252173238035915362053823,-0.4425940638195848924264882601514718744544912771977301357615523073485472090518088265623902702019785813,-0.4425940638195848924264882601514718744544912771977301357615523073485472090518087764869500398569932656,0.00002209352441121014906583300849433666935362216254702385903872695741725902047842356159044865747873548007,0.00003116925574845067511288472861373495172995638449036864795483353403459699304770938419414253789631200505,-0.4425719702951736822774224271429775377851376550351831119025135803911299500313304032202788082654429288,-0.4425628945638364417513753754228581395027613208132397671135974738145126120587610667839933935912892629,-0.1647705842515718335549140352335735471065121999688033588109789083892670855262515936214182071630811702,-0.05834550884819034917981321096078703859203672860785918762665124993746214027050167092221310333515811309,-2.604558278406946961020979927600420096053690979068185688024920347559729142832531504508853751589821930,-0.7162951032466670853233172299280880401785463780375225425735631212227790441988667693702506653251608172,-0.01647705842515718335549140352335735471065121999688033588109789083892670855262515939508618928890350210,-0.005834550884819034917981321096078703859203672860785918762665124993746214027050167080690781333107426533,-0.0001085232616002894567092074969833508373355704574611744036677050144816553809513554797790374888610393652,-0.00002984562930194446188847155124700366834077276575156343927389846338428246017495278187984621139119923830,-0.01658558168675747281220061102034070554798679045434151028476559585340836393357651490536450549536261281,-0.005864396514120979379869792647325707527544445626537482201939023457130496487225119862506283074630275410
42,1,2987/3200,199/200,1/399,213/6187,45587/2468613,7,7/10,8/10,-4.374210196818154015450625596746467070422180040265836735595427730203960810037322107797212748707241990,-4.374210196818154015450625596746467070422180040265836735595427730203960810037321618639228182810964380,0.4666727816934981652821392452548067357495195722971670345284751968267914372502480691964896918223770830,0.7148663772422846858510756801861253325726208933887748487467204857233834852711384704797836113401755429,-0.4374210196818154015450625596746467070422180040265836735595427730203960810037322115176751308968608247,-0.4374210196818154015450625596746467070422180040265836735595427730203960810037321614422349005518755090,0.00001944469923722909022008913521895028065622998217904862643868646653444964321876033608860359772765185984,0.00002978609905176186191046148667442188885719253722453228536444668690514097855296410305805421695746166294,-0.4374015749825781724548424705394277567615617740444046249331040865538616313605134516220565957829255723,-0.4373912335827636396831520981879722851533608114893591412741783263334909400251791971780904660195029174,-0.3181121449423475182376945154741735759996642627130740846985708712660023501168039992715743074961417802,-0.2030038984524123345512085034566522234472844781291085430053531154410596200618546103840308154877538577,-2.555234241402490437062212165313222801705939108437168441800571418036794211244941737138492110276259575,-0.3339817345700158380191133468673706291352578867740219509901213862130854616566027112809585428241510229,-0.03181121449423475182376945154741735759996642627130740846985708712660023501168039997986842046576679415,-0.02030038984524123345512085034566522234472844781291085430053531154410596200618546100545871297618000069,-0.0001064680933917704348775921735547176167377474628515486850750238090848664254685392395182671054448531940,-0.00001391590560708399325079638945280710954730241194891758129125505775887856090235844620943034660988143153,-0.03191768258762652225864704372097207521670417373415895715493211093568510143714893926828848467115792206,-0.02031430575084831744837164673511802945427575022485977188182656660186484056708781944912653676299004285
42,1,2987/3200,199/200,1/399,213/6187,45587/2468613,8,8/10,9/10,-4.316569853975761691107140005536667750966536357156810420274326488981386933285561401216235160855906921,-4.316569853975761691107140005536667750966536357156810420274326488981386933285560912058250594959629311,0.4003649304777303367240531690216236031090250815796003586490546647876491807134508548072818676923240344,0.6774799739075528370200871699393232857052050415133325649095433863789648474503519672386637830945104804,-0.4316569853975761691107140005536667750966536357156810420274326488981386933285561405433114338148116210,-0.4316569853975761691107140005536667750966536357156810420274326488981386933285560904678712034698263054,0.00001668187210323876403016888204256765012954271173248334827704394436615204919639378550612600439396861206,0.00002822833224614803487583696541413847023771687672972219020456430776579020197709799873772389083198291408,-0.4316403035254729303466838316716242074465240930039485586791556049537725412793597467880472086485423223,-0.4316287570653300210758381635882526366264159188389513198372280845903729031265789919935635027820168008,-0.4870240159013474947007859920749276563361168075986488120943893030241280810164731793215200471814289270,-0.3611490125785819859924855834325895582475644114349811613043633707067117378795750214235413141411726927,-2.511821078740256459236732045274364999559204778138494331978445272336920528530417212041976449169789589,0.07367630964759674207964860419640494541179757019498820189532004306556250738113694693564260714597935984,-0.04870240159013474947007859920749276563361168075986488120943893030241280810164731795850749957621920076,-0.03611490125785819859924855834325895582475644114349811613043633707067117378795750208964314169796465314,-0.0001046592116141773524681971685530985416483001990891039304991018863473716886887673842836062033443888193,0.000003069846235316530919985358508183539392158232091457841745638335127731771140880706133653792739556862007,-0.04880706080174892682254679637604586417525998095895398513993803218876017979033608539259372545766676937,-0.03611183141162288206832857298475077228536428291140665828869069873554344201681662133116124013795530532
42,1,2987/3200,199/200,1/399,213/6187,45587/2468613,9,9/10,10/10,-4.253537690321071448276624475019922762659336552858416146940993570046737070152852930301982964347877495,-4.253537690321071448276624475019922762659336552858416146940993570046737070152852483312790171373692783,0.3324983040285494513516136490414431217391051381630738028583924979777952089780429024939904236285950226,0.6368470429361024368533944555585972453848054146945649452518722181173992174412969079176406835923809474,-0.4253537690321071448276624475019922762659336552858416146940993570046737070152852936627301730286191430,-0.4253537690321071448276624475019922762659336552858416146940993570046737070152852478041691199758431171,0.00001385409600118956047298390204339346340579604742346140845243302074907480037408512085205752287882891401,0.00002653529345567093486889143564827488522436689227894020605216134242155830072672070461393267485622026547,-0.4253399149361059552671894635999488828025278592384181532856469239839246322149112086868140338841995033,-0.4253272337386514738927935560663440013807092883935626744880471956622521487145585269793597175869084215,-0.6692935938319758059695143218208276203630750641154938008968841039773340977356971971880965306157605144,-0.5305380284595014398986469417297216774032468308235816541578054265075108789797853599524485555697591590,-2.489428812352396530464787617497587895378285128005829493914744044491114439579229092431361324102415417,0.5001126039257252923738014076304105114201803978327240835376097560177478880634488966513435229454987523,-0.06692935938319758059695143218208276203630750641154938008968841039773340977356971985058712735195759174,-0.05305380284595014398986469417297216774032468308235816541578054265075108789797853588982287612467068365,-0.0001037262005146831887693661507290661623074285470002428955797810018537964349824678793279705546223401202,0.00002083802516357188718224172531793377130917418324303017014740040650073949533597703746531123636156130364,-0.06703308558371226378572079833281182819861493495854962298526819139958720620855218775526681903470997428,-0.05303296482078657210268245244765423396901550889911513524563314224425034840264255879399713071771534449
