q_slab_index,x_panel_index,x_lo,x_hi,kind,contribution_lower,contribution_upper
31,0,0/10,1/10,C,9.44427607028707704370556605923624147294783488726809056205791642799961809680439073488881303038230e-02,9.44912845657711054191154725695368443641427199998796451975105075920448186826882910230735609908357e-02
31,1,1/10,2/10,C,9.17493036969408367984678608128821912777597713040410180444734674476504310779821669782675367243032e-02,9.18864634883343674357144400631930358183577702786293169299331489692191663037788825833424929793220e-02
31,2,2/10,3/10,C,8.59808996313487078638799236369703204779153239605166767444116147587904427757180884201205077598837e-02,8.62183214174201703685241196694596447610136192280282422061978085581030059111749048449577562640986e-02
31,3,3/10,4/10,C,7.62179306755650136490200600420929597776282654953860976278077494912220681841101845431009947246647e-02,7.65727279520789525818617575071549518799558898930446811437206007961381347911474575284913067589027e-02
31,4,4/10,5/10,C,6.08608266131307232624114897433658439629511745490560179454238200499476760286862080746475934214957e-02,6.13639360305012146318013735471971337977479601462989064440900593843357617279205854826492826405052e-02
31,5,5/10,6/10,C,3.72958006700480522062355659024832619450704433066976746853795175462610720942947277765148801673363e-02,3.80054696387123110684865296187345539932517755679527525069432765416346881750941166362060199202508e-02
31,6,6/10,7/10,C,1.27279092086031896033132696704075193705804232143847451143625309106409266807647414892891802566277e-03,2.30278658080526799602629203581533738315300373841006694218703794173416282739083846138614981357292e-03
31,7,7/10,8/10,C,-5.42250949156601844724681777451434439752921955250924912600330890706850199111501025838131698160820e-02,-5.26563046515957871384216249301002741815285162762136442194115544875399508489724419859056644026790e-02
31,8,8/10,9/10,C,-1.41234226085428368367990655001733085779965662264285269381104865084607074494636085477247259199991e-01,-1.38701560155132657610684258575082043019928149104729010022774801446135360002915542291004937234536e-01
31,9,9/10,10/10,C,-2.81437085123512491864752082642826354598122965613388231959862834685493095640605501195355554771465e-01,-2.77022104857489863108894975351211848062179733251838096192167625332491572716391083404630136367281e-01
31,0,0/10,1/10,Cq,-4.18726684553436407928935959790618637190364066439721875469753044353124340839129943314438653518235e-02,4.74340085028362910851676902407081020455665032815866024185216213167143796336180128010166469887312e-02
31,1,1/10,2/10,Cq,-3.93490157574948479589784512272800394665747770582825723792125331389567294405312972556882160241269e-02,5.03848712693470933801446450642200111970198280269490660054798278178268934050564562912966724086979e-02
31,2,2/10,3/10,Cq,-3.42355678851024862425476583094990458260631550344992619741335832127954414840442991771840806972229e-02,5.60223969822445343170764950323960213224303694441709646415368013730378731846472912557960193447722e-02
31,3,3/10,4/10,Cq,-2.67780405658746060872460201410205921394223362025353792036943140024715355969371439144851385124431e-02,6.38794329743609972359768862279992168890258791136130127408978096070559779601121648214947536894700e-02
31,4,4/10,5/10,Cq,-1.82043545205634676068119748681560395899995629387434674327610157844175710697087359363996715118545e-02,7.33938768252645606174091762999055554062755060710679020031578814099616755063414429527250803981714e-02
31,5,5/10,6/10,Cq,-1.08294403706287906933976505566151056462934293563305165709673268420624091891056373867013624918948e-02,8.28006858774228316762774106979907367532388123782174894859954762738603880235216145604772550317554e-02
31,6,6/10,7/10,Cq,-9.69321227968520919833080755122756727845008867264304387251528215022505835442003219032802958069519e-03,8.79890525613685651311893425252121768268974908633442991305599018574544460659209059936107592603628e-02
31,7,7/10,8/10,Cq,-2.59659455542694919657039226646067977916081000244127131747529820793851767111083352645724909059766e-02,8.00904032160043556944113875235777198516192133004627940635946485194820826405348174845658459039045e-02
31,8,8/10,9/10,Cq,-8.42502189741839810416104277912867948437780313267104231008542735015487045705639054393366647486203e-02,3.82333149162855043205449108725659217206450318466881134786988120035606876099930079828380217827313e-02
31,9,9/10,10/10,Cq,-2.37911615313574985902284458285085196941675922771688218982226405339480702468552554882611549039584e-01,-8.80395007853761347375219125405474294131043503951866144366411000269841640608422743392548702392193e-02
30,0,0/10,1/10,C,9.43396160048329446145565135407932849701259998508974295833919577299157681367661198748894590890184e-02,9.43868743622546278094609592142394756235510868894428091399912628366838170807404706045953321843630e-02
30,1,1/10,2/10,C,9.15620779316149234558441664338446722387389655369490243856557557118906154240623905865873693757061e-02,9.16955834931717582573114579267363761461654354015938086996230623632800216652468017466457174228899e-02
30,2,2/10,3/10,C,8.56287022105653974613361919555496480084074799037549262934807036493701416457643897457608145156453e-02,8.58593338472862817333462323192631548221608135256966080629999904139751700241646497343889455143572e-02
30,3,3/10,4/10,C,7.56317059731421573617068901481914169958024195083463723768742706634126376228079577705941709462964e-02,7.59753780932240762762667183588419335894626835436600803077989295567790599685497962654908362714222e-02
30,4,4/10,5/10,C,6.00002861291314614743283710992754281123549358096849402226279073141790081909049008761017922845563e-02,6.04861944511138319978983897233608384890317876278446531319247075025564120014208953090519161641937e-02
30,5,5/10,6/10,C,3.61856732754246168221688832416695776790720318318107981320118392630683479422365368617796251849451e-02,3.68692769007297242501636075538270436890125349082162694977725390521681947007786942045698171156948e-02
30,6,6/10,7/10,C,8.41322471886448195577810333449935059488367836943359398935973310662395387135303980597506528000246e-05,1.07266900277274872333645054306869123456426701711948003993004331142263076696285272305224833625011e-03
30,7,7/10,8/10,C,-5.50052346573253187812105496829304170783549451335057575407897278421079806897179282200120539020897e-02,-5.35106801683087776921578913865726412736589898435594221511442509410640965352351286249944557427835e-02
30,8,8/10,9/10,C,-1.40420843191401911986730790214135003919709388217355190313513685519299609278788288774896375076438e-01,-1.38035696405834838822718472760066611527564715294255968543088254771573292777735546405383319238960e-01
30,9,9/10,10/10,C,-2.76244017162113409334196102378526092306305220200936614534470562680312120439179819167414612394479e-01,-2.72157655406218853921786517997505265541031323434568323760086887935122452266390333408177036114932e-01
30,0,0/10,1/10,Cq,-3.99201901762176417634414443920913924231649847356010193466499185801070588267659697420166082298465e-02,4.67062022242287282730146130738019062950662709184832454373040626361747962461636556924190741094424e-02
30,1,1/10,2/10,Cq,-3.74044488389098646529349644449372288146669297765768740953866648055286098938409239351482358702434e-02,4.96235189809070015296918885436839201153599014453301187591957924814923394711529638663495344802310e-02
30,2,2/10,3/10,Cq,-3.23268301761393867842898881501346675594638543651773079482419470175585342919366260941920743396359e-02,5.51861753097155923263721814235197680450614848649788419412458763816618088153551019113864421856947e-02
30,3,3/10,4/10,Cq,-2.49726129370915031639789710214771154790264595752871127946230386514893478809040339636555382945741e-02,6.28924056483526613564062030957834280162028653766888379978600578350298919894662216491440850327686e-02
30,4,4/10,5/10,Cq,-1.66671498834382111087192161289962595097220175712881503473483398319749919405899373720146579522528e-02,7.21710285060104080744167269691723943561264283471859401396155049147744592032583829831363318823219e-02
30,5,5/10,6/10,Cq,-9.67845939427729022859295792958962680039573710171714998876594439307826124391821733049922591432701e-03,8.10952458319987371441813427424600977895127060297973399488112922420991578468638469645211310199193e-02
30,6,6/10,7/10,Cq,-9.24311956843045017625768917607813659680512784985316732139908241497548974877684887993585274332070e-03,8.57014940381429922330145132665361664006438858556343463174476690618810942024541597755082571861205e-02
30,7,7/10,8/10,Cq,-2.65586048882951276694541031806876343652501690335503974037521551494558673535563901570828186595431e-02,7.72084512528896229563685127585498586968200862321453559529463465251578389573326723746538885774912e-02
30,8,8/10,9/10,Cq,-8.45494445245589785142189004162373515885786140807244044681271665604183354203308495061924706699897e-02,3.52620116469187694079056181566459991844786872122891652867986035598787747400942453986501072551298e-02
30,9,9/10,10/10,Cq,-2.33571473433648986486464155661843087913854846976501770025358915713397454370475417286300285431588e-01,-8.79606519345779714028284175823475283712842502799971550254497196109981676894892321724080190928882e-02
29,0,0/10,1/10,C,9.42174944507499589971666108975328605717712097863831464687995341187553368622234007685992004995067e-02,9.42635073385529075673632142296145926022153125392687002890923499117884233825170998760941657705274e-02
29,1,1/10,2/10,C,9.13564854381399393406816029533515633129947081341453338158930784546910984047878922986939023019628e-02,9.14863840384144836587386958113852929970450385043707270468951723528736914170458400361019400439285e-02
29,2,2/10,3/10,C,8.52598972262811064381661314976000960056145946725928114754742774630613993237915522984975953363218e-02,8.54838541892682893575858809212937420614136604380471220487320566303997988285753036332707102886067e-02
29,3,3/10,4/10,C,7.50328283655867991264537327483827471067357763922496408739683284861178972677770746481575964521452e-02,7.53656901466574355220955741019799103870155166135646785009159494590961082833081038136001134409660e-02
29,4,4/10,5/10,C,5.91350151868058751595071995795379772585542283018680245768547753524014652312125353190779954926933e-02,5.96043004474774289096036528408415313839868690218935860959344327957687805689790045282186559424332e-02
29,5,5/10,6/10,C,3.50843463654134349114373606837175926034645060866384018481628196719474194689707001650073746039206e-02,3.57428618786845090952194959235351027821736889093792762045522165742842314606521332132566806712520e-02
29,6,6/10,7/10,C,-1.07559395094141887918924792256587894516698348847051836404232443729820070685860466034691476038531e-03,-1.27316776656073180428772237850489564939698852250508179325758788210969298820291366838128837121357e-04
29,7,7/10,8/10,C,-5.57355303615955342247176855973123615467253012602016810892958063465086997408616474299285890216074e-02,-5.43124840169776037249495169006686180616046302112280646419333376676654925480866529168616369683965e-02
29,8,8/10,9/10,C,-1.39561726547419991386064801243915389256277593932299553372624346880520184807482186539109191832431e-01,-1.37316502266540949129857042401537783126989552119880246717462306150369515776549447638384209344330e-01
29,9,9/10,10/10,C,-2.71129980798673830256882261277565841709888336892996557521101514216945093426883713463973214448638e-01,-2.67348322992894887519099170765303523280823903184145166069428551859820115130174974077956736208363e-01
29,0,0/10,1/10,Cq,-3.79928700323541724145130296481615989659287367103421976799845434019833802229529645362854173385604e-02,4.60086679615428397378850507607105265019025719127218119323694113957496155220438698615721606423868e-02
29,1,1/10,2/10,Cq,-3.54874431055354704118207713183140667588894619634917518974053660089435591762938628130719974157343e-02,4.88904743027206352058903076478225524196820537711234912487682379543850911993037777324562225957905e-02
29,2,2/10,3/10,Cq,-3.04504402366201664715934537554171704733736112272691837940675305593362690124489287431326378290937e-02,5.43739975698827072592556950121004434415353597317348476495529442788997222948578928614885649182200e-02
29,3,3/10,4/10,Cq,-2.32069272812887208386979278262540588114563949292062923163364802184593036026569760777921532087672e-02,6.19238599635979405389148610903853170389967201037825634886154143982666779228948582249457697069194e-02
29,4,4/10,5/10,Cq,-1.51733803140884265946178508368850672644031451675899029708018232717512220373597890660235821050219e-02,7.09584954253989515837478771153726338730925520034934728013959337577793002954527569883409406624975e-02
29,5,5/10,6/10,Cq,-8.63460566989558552141305971648146411909268390383658431094214596184758548730181253327382889146997e-03,7.94419879866001653208587665542288337807982799479976788781977622191597543148034046854218660259374e-02
29,6,6/10,7/10,Cq,-8.86203146625764884564198265674413413478097595268801581695424198293382525081523693601628831993309e-03,8.35343509273187476373810474798578937549798513472352890785190433326836366868885248804365403685654e-02
29,7,7/10,8/10,Cq,-2.71728119989398571602783978279111994620527969494623141644874031252141693572662299125691557964689e-02,7.45568869644327665063634843326310231695615825588366458687336699956914041367491572416743260996408e-02
29,8,8/10,9/10,Cq,-8.48001853839852412363277079229096488298901836701517591644192030344306740567875761093651165383222e-02,3.23808669528072777466249404966829418412976383424997905605297519679504730107350669216795057810537e-02
29,9,9/10,10/10,Cq,-2.29344068044449921007767409205371541708886846333592017994832411355479466383295488317752848549505e-01,-8.78182625112283300579644260729470424503815090864131058613119958164339255176662392404080288417929e-02
28,0,0/10,1/10,C,9.40762901821531716669546833933226945490056174392400268858527903012828592775579196701194871289648e-02,9.41211062576708654789177293214769177485870899379531858068556244859855694845143019188582388621882e-02
28,1,1/10,2/10,C,9.11325212102627394160985113406603270524107346466418648288145792115937766555370893532761987015298e-02,9.12588595054677856276024387579086323969480560519857196026988263161350071759734494016442543392665e-02
28,2,2/10,3/10,C,8.48746230938984208799909053344237453279166454712078452004820330250058546212779416350945789126928e-02,8.50920196747866037897878103109465058318952431227164786603374219892712844866016832020712068329780e-02
28,3,3/10,4/10,C,7.44215965393661466442229866866934199392172055066406378098568602552264499357857826816637167063617e-02,7.47440788659635231265777356233574000364107131249917041471110044867743167051407917457953182788852e-02
28,4,4/10,5/10,C,5.82655485070036883391158914707708615217890323094380551000150507687792840487198883231248940554557e-02,5.87187711924801320227122958567435296610048379256060001637253355854611250866980638815459858094301e-02
28,5,5/10,6/10,C,3.39926423336302951716942035202898044469774011069638408218150089066683116058233489887059767450726e-02,3.46266666490516328509290166327493523953127552034191880007807644013180330584215623704069856142126e-02
28,6,6/10,7/10,C,-2.20610022798143738200338525581014562740788290410407597669492676074514776147863222353668117395561e-03,-1.29658441357749511850183523383337909356632976131130153218749902965506807113930826431116080174526e-03
28,7,7/10,8/10,C,-5.64168623441749507331343888250078157158333679113356155220074530299218254783601103754210719418257e-02,-5.50621024545881318077914724720212673668897855461413376571679110564878640615413683479262242310779e-02
28,8,8/10,9/10,C,-1.38658573067456211151808006215707183061394085510287194875913833339331525658738765324578043336786e-01,-1.36545776030452468689901795960611945586562341449649341302367771104865805014622407951888028793487e-01
28,9,9/10,10/10,C,-2.66093385162101627457805377465417039833932285095842198376519369601179856238047568298400120414089e-01,-2.62593789292863690293238251196041073272586415758591243285099160334151010322242873153494963503716e-01
28,0,0/10,1/10,Cq,-3.60910398144716027588282757582545783126095950664997388583049347670193966430675754596724234528496e-02,4.53408039641123510847985776210479954819092402011225759095441971993750816049842860643039010625190e-02
28,1,1/10,2/10,Cq,-3.35981408773418724685113528724154028772751948033971407778160990343819774044056488778469318532210e-02,4.81851037793736958366185108502596811549245496968137937845039454881057408481935715551088550270971e-02
28,2,2/10,3/10,Cq,-2.86065614186308084598463121183034825533331540918182044864663591142811347860409497609758892430014e-02,5.35852629484557028897591262315230580423724753510106059665088213497155702321988921559158899488148e-02
28,3,3/10,4/10,Cq,-2.14805067576235945431230862340100950311790326656021869755685522923780468538574183735934962971524e-02,6.09729494618961749286194605810870455248578646060912937558470506862596338268117004994278697241685e-02
28,4,4/10,5/10,Cq,-1.37234453675929187597463107712281325361640512182221665365607358124070584214597597282119057248234e-02,6.97560491091200631823893735409107554491786103234591950192993119906619640143924292004975152774630e-02
28,5,5/10,6/10,Cq,-7.66432925979598330390032316897175717680576976420212134453184446837827339064329690467156956876532e-03,7.78257417511638767524794806231705955860477230098649051730279458984575199839456855729866359082675e-02
28,6,6/10,7/10,Cq,-8.63735799878966767752277292370099579231324625051274235483751003318082697042151253793228352274727e-03,8.13910867639943847650385711937557710879796171131777474881343134302188274593506781869530768589281e-02
28,7,7/10,8/10,Cq,-2.77801150804118464800406861737973426643704011662188810691112292627680031331127206770535697156577e-02,7.19250425671125674941705216658798920922680430744542883560684341669972519320830453445475115842379e-02
28,8,8/10,9/10,Cq,-8.50035838846272510441538547198581043619844339336737767519856026694621250482759721669315352224326e-02,2.95943183244338045505839663653211944156380291524402121362629803760282669282055175569671092683157e-02
28,9,9/10,10/10,Cq,-2.25210002904421079086221167748018158463629723519880518291765239253553238300958431266197853275538e-01,-8.76226110386989493184049576756324306523977034715311501929318938519898903674135004162239361466661e-02
27,0,0/10,1/10,C,9.39159583476367797398277973749632103524017416406348309536268030997779950794032509032601646159903e-02,9.39596060050293167523654915580328664826576859543248744101338986362511035544257510900804665702704e-02
27,1,1/10,2/10,C,9.08901923368521933449869393729167370425326147934794486691154401790646956193394613624935778414858e-02,9.10130170101329244586612867844093957165746842548640655671745996133321372035419772945495169687474e-02
27,2,2/10,3/10,C,8.44730282856258070223099966524162510476003457203860078607323324553152965694708884435652530327771e-02,8.46839679277621865273418469162738051475801827412421124447020385744062006811434993736998517974232e-02
27,3,3/10,4/10,C,7.37984556304858355646189497278958371631212554391750100257909676293784040096340924660494311530528e-02,7.41107922429807345561917345402680069942106587680179263934879584139262261965515937803562210794790e-02
27,4,4/10,5/10,C,5.73924586019489381525089992119395200733347856680845710915457453603573781379544085476089180724215e-02,5.78299807461379057581388433208229410006702973037084304869318997561727495278907556769066676232332e-02
27,5,5/10,6/10,C,3.29111671018373623621773116822826389201364019449593462851737693093474648302497778139226133895257e-02,3.35212872271917714658715449671935615387177206443548893524874610808890295202539314577520462772317e-02
27,6,6/10,7/10,C,-3.30710442088555607139147305749617398777407662587216616162846765703943872374377538569375947227244e-03,-2.43478173309684607545293280179062116723330153800104398443091079756698062549215519053955623550802e-03
27,7,7/10,8/10,C,-5.70500824532560495707182682653814249149665087107248218727205086054053534303201268164951760786515e-02,-5.57601761437775930277177397001118244443483297821489503446385047502964297726364399604166609212995e-02
27,8,8/10,9/10,C,-1.37713460648888991241667151816558951119790979574274679978300465609119454985571297482068826946535e-01,-1.35725562866959612372076911408820227740547273832151539313308176794891155116369057600598137134163e-01
27,9,9/10,10/10,C,-2.61133337676960682973506214829840178232120832077958578140896583530321970419277401497852258238341e-01,-2.57893481729427510711820355736277628900754637522127738432533014939797238031459279298823333765966e-01
27,0,0/10,1/10,Cq,-3.42146913770016894195471606213145236288639951390181162237513594630428271973582752075582348834026e-02,4.47019830582285893103355823639228968010612006748919374874613101178548649528017282958141243762409e-02
27,1,1/10,2/10,Cq,-3.17367077333461382056734261309742789107046707326907347784030506620849228064184664288064076725476e-02,4.75067926309057042002808163595422573515842787954524011681126408307389495531082867046778340047002e-02
27,2,2/10,3/10,Cq,-2.67953887612417844600622470239702310867560988541889730941358340701615680438150235037616966596350e-02,5.28194222925234560009772898291929268275283536152763180775045600205405487340045531098159004913064e-02
27,3,3/10,4/10,Cq,-1.97955781569874398362417987131401078596062658025279068043429394202933732197130429229344405470283e-02,6.00417530353013553807126730378761417828573395839317870542785073969172412300841386236233140126069e-02
27,4,4/10,5/10,Cq,-1.23169046749949969596166499810684052123948489060598261009821500546043589762239856706278900200314e-02,6.85626553382926579886997095360663126928977260681855473372973852205669367785533927358041281584669e-02
27,5,5/10,6/10,Cq,-6.73983081812288296951152879668268151658696809756746747373313957648953488918159794546756591974390e-03,7.62182186391247683428562092463036927304688275125527454836903393817305598594970832316570254465526e-02
27,6,6/10,7/10,Cq,-8.44029708617864894941061816515177600785826152247757613152552732129797390762937047106899412333079e-03,7.92637417479707559436530326112221354972188149218008865744348610687001759006852286361485432639410e-02
27,7,7/10,8/10,Cq,-2.83768939387922417297150922850628346513786798323488027612465111912235809251381394365060496255668e-02,6.93171454569626038311086511524708678497804378089901043723581329234704530205260216982844855648387e-02
27,8,8/10,9/10,Cq,-8.51606179711687163006089183235491415827510770432839545650732781547978516536387133280171289170332e-02,2.68790015007710198962295265337369464600578599649054717633231097198627657247889427349941355848485e-02
27,9,9/10,10/10,Cq,-2.21168939702709512474318195200736989073979202365392926708256712531222389708094815937547123919979e-01,-8.73917919148324296532026928505759973715731963474689931565313095656346811078355020766260444235930e-02
26,0,0/10,1/10,C,9.37364576705821291347796068921437547027495159576367449784566768350767017273843044339678111722317e-02,9.37789598206141368748820289837342701094477299961846791483168030080755341870768285542749552560147e-02
26,1,1/10,2/10,C,9.06295180903493486216737664593427430681329496566344704188948956380000685949808375599625276309180e-02,9.07488758710343040261960982480778034516915677022056639435608756723890125130659718975954337460528e-02
26,2,2/10,3/10,C,8.40552725265216636478136718234018823274984103107087620934509891134499565010504663807869231578220e-02,8.42598583315883250406792678698370919626903909950425624561342481031135041160139783484839765708732e-02
26,3,3/10,4/10,C,7.31637574171531767189888430229045460316923092483386766095157081140097781990539858444943543586301e-02,7.34661433161025334691522128899915229988011620137576085790843271254554199035811586941027661592243e-02
26,4,4/10,5/10,C,5.65162831806133128129234441434478053638070571565627616057227930733941347013157452388357039253884e-02,5.69384623617935584883045573736848084050596479804910619217778951806311519067808371935161626553339e-02
26,5,5/10,6/10,C,3.18402198721624207315090291584324024409183065166098003932903677489816868578545438349443723136341e-02,3.24274158952485510130623574525746701487704542327280525354644054771515800780998392400853335621244e-02
26,6,6/10,7/10,C,-4.37860576432303722655956746207639480452306293297809366761391286306570209056591714501814233279740e-03,-3.54173217444657730295619217723530089789316271960589097566682272855586000864866682607517673387739e-03
26,7,7/10,8/10,C,-5.76352985067889200082770807000013404547618889812213729001211776672544812575113418514361387403578e-02,-5.64074904354924720662623649896666484990190663121136935179432807921528142594974478942575139805775e-02
26,8,8/10,9/10,C,-1.36727824653519489090698113663114343003194709700908512404707886546916118597429656152716231637658e-01,-1.34857998275510212451701651345756970219493745024224136026571117992988502293367272842055922049951e-01
26,9,9/10,10/10,C,-2.56247756081392421401251529237921158995033337137121082718119166008311677818137254597439069181797e-01,-2.53248648191464021552425712410652678531716167210616923361732827075582918451333568699233541210865e-01
26,0,0/10,1/10,Cq,-3.23639387531948597112572408505912000632529869627452315254793643460876630963765718982655294876482e-02,4.40915670551292195448098733705460602725787817010621663261763407232233887476315880482657308391266e-02
26,1,1/10,2/10,Cq,-2.99032963822790769559720666797449349126641744631987849501163739527851030009723305468487093640584e-02,4.68549069970375319568275302181462394706730228966172585115000458191973310481618955971828277533890e-02
26,2,2/10,3/10,Cq,-2.50170311019534647395582621080214195011079487370418914632168186234284290865039198862500850239862e-02,5.20758898026340028716452486791735260865400526923775692506045817966272456419515707999014160596914e-02
26,3,3/10,4/10,Cq,-1.81500359935878657835875706407035335359345436173597172726899051778964957591136554414391873011178e-02,5.91278901018945342811913672682124761693556335265038614947384813833150090316013659155454560157499e-02
26,4,4/10,5/10,Cq,-1.09540552399329874562405148857544580978358565849037207394398668191720353955006118747108603959800e-02,6.73784397409220835375312246563140507451885151462531811054496388593447214691994327868778193939457e-02
26,5,5/10,6/10,Cq,-5.86178638724552449968870668408389959844575450618926145526493807510409131441411132203354286668706e-03,7.46187940318849733061193406243911602577810402219212005334753692300226233601333323731848110670613e-02
26,6,6/10,7/10,Cq,-8.39303310516681459996236090728703388942251880602740720978108975511201192060149693953405156988637e-03,7.71648715924963478811821597178488062070640798027819160162646785546148116570105855926526905329941e-02
26,7,7/10,8/10,Cq,-2.89563143511175879040272659416869337323093845853062642234257289745979626599599355842438790680726e-02,6.67431721857278638037787665619904456482863485641452286902569043786608347198833613730938185020541e-02
26,8,8/10,9/10,Cq,-8.52739352583330606675233353926927822433071518627634799731592197693333185289384224504110359762188e-02,2.42351357769858918250409142199750412121593015151449774741239993500997745971909445110478571108185e-02
26,9,9/10,10/10,Cq,-2.17213617058300295808469581998170342797769704562091088167850583606198506182570798893583062023966e-01,-8.71294443111959915602519120255073533294466459188028251265492399855621117187957785042988543409640e-02
25,0,0/10,1/10,C,9.35377450599003092059278788549067616229362378811920766982265739761213045779712050167044157434455e-02,9.35791221959641486541413364307230535690163720965080069303438329853542421449723190619112882691125e-02
25,1,1/10,2/10,C,9.03505299906560928173332620741354124830161095760173151584089795074546694487052937453224364565991e-02,9.04664676722171662420746491136435957407204517124683025142049608626020797007226847827044813289790e-02
25,2,2/10,3/10,C,8.36215249167739978835039427184570097204186616587203379486988129016600373611090393246779862892426e-02,8.38198825666690451815933730126302490294271267502612397481003910568418455905268220801285665850541e-02
25,3,3/10,4/10,C,7.25178593409582464504847161491665439401373373959120682254253215116723054176918485391914955321296e-02,7.28104876548876642327871331488386247911909106931017525058775036887383054242037161395043916079988e-02
25,4,4/10,5/10,C,5.56370262899465754896383145514002369905511227197430153008981763368545228930331363214687904750921e-02,5.60448190152286590800108117053581044392388211923104084111693125887161023147288221025648282020873e-02
25,5,5/10,6/10,C,3.07804721341278821208966552749085882923712923351786655946279805049631009757636254654831650903055e-02,3.13462205586021939885679052017438296637777394930383846409805920439624921446535638019018282872921e-02
25,6,6/10,7/10,C,-5.41995551153931555906362758456821794034776425305124356672367081000821425729740324513724507571546e-03,-4.61746516409432110444615961289289892766888169440086802339129405173266577638856672115375396599639e-03
25,7,7/10,8/10,C,-5.81728410770097057456457620766712779137050682753444695497166491218713736366444534471995953708384e-02,-5.70048509797270402749528134304168233593500130922680559207004459299942756245429375236231497302740e-02
25,8,8/10,9/10,C,-1.35703111728967264318405018391659802983675028270844892502768133340587919832988243511745659496563e-01,-1.33945142045254581128681672337562099210168183711597604797822894410701245527709473421942477565987e-01
25,9,9/10,10/10,C,-2.51435012218429473095919170262700915149768670789562917972407904783682019281705618801249383056248e-01,-2.48659282013403029927429677010742573991602358305100471515476090068367543542388054665858966667549e-01
25,0,0/10,1/10,Cq,-3.05389100179580666310389337685342109979909506524208836542006034620100778126399795294216719948042e-02,4.35088762815884562231368125133867090560680967071250510405552839877328886176753427048676146250551e-02
25,1,1/10,2/10,Cq,-2.80980460687172285770397408446783636497964143634769749548636560264683974684563387612115517964490e-02,4.62287951014328181911012780037549218548170424527548901830567144453094689445753603849936038652060e-02
25,2,2/10,3/10,Cq,-2.32716150191022913401811635366957972656154076140272302451572797958505192192393020991309807621218e-02,5.13540793933615023142109348314325952219078051707170658065057666891751332008644224544316228123912e-02
25,3,3/10,4/10,Cq,-1.65437253556718939671354973686097185320580994510635256671585739785682765424761358227505656432098e-02,5.82302220169332470388933438529788454800226942932016785451240950690043197814509457867101894774392e-02
25,4,4/10,5/10,Cq,-9.63587517007362431314853996087047195325421888201186958218685633250879592869031735172817886461269e-03,6.62040709645827628672269642258667157498959287500769665061161881785504364210358516642240649820922e-02
25,5,5/10,6/10,Cq,-5.02943861264741355528538778499882101267150776423204525775813303381441779315829239486098797809700e-03,7.30279696625018564446242913903524294905117123535683882077631739108236707080392839535008515338900e-02
25,6,6/10,7/10,Cq,-8.50581896763915440600568265582592265220241884261325704261470674410228058129523395208276761166589e-03,7.51908224885757596400673807882896160306589297572196351770780805793905324302183058138012650163522e-02
25,7,7/10,8/10,Cq,-2.95149719136611348710878314135547728759845837675525683496992939279344190944932598418327077004058e-02,6.41957738422124789183691321648410046567192478063144765472437037956930592985374203296067089370339e-02
25,8,8/10,9/10,Cq,-8.53429337976220451767466832776126750188270214444587976514849563671617026658288341467303063108856e-02,2.16612061173459930796217439999263970838801206156953325788899572952988587004111311368968129928832e-02
25,9,9/10,10/10,Cq,-2.13337393154654640385987007078141776984002845495545117091888289913612725033755664252233315252440e-01,-8.68399822390214478891256444665116664278186479977126284782529860188645007620965438177647181815567e-02
24,0,0/10,1/10,C,9.33197941673165658004205991887820152113704385521938819415233349991502672414234714932401842026064e-02,9.33600684509342212369507645627793209234867634627040516855239423949611331078962951847484645124834e-02
24,1,1/10,2/10,C,9.00532718567003108018769253539964158398066747701096933890894744444179726726442469247199057639344e-02,9.01658363096627719710290125275709579719658300743870742561511057762405846855218464158633665965928e-02
24,2,2/10,3/10,C,8.31719613935898971763649949708887578222935312997432012659495664092358406398216013999907107970299e-02,8.33642785716468207771577299392803403578665300632054859591412565581712529475218254193410487035547e-02
24,3,3/10,4/10,C,7.18610944743755357014938493779096088168931020151880514464780696307729487275416669327837830293888e-02,7.21441925814266322397071309410727725433576492417700605593936350597397416292593738203014140907007e-02
24,4,4/10,5/10,C,5.47555616909229792249222145911890159194962075288700005331949719524083814193151050851679155263433e-02,5.51495331394064168076045021496217219855768614736988864049765211042791549787938982581652084588289e-02
24,5,5/10,6/10,C,2.97327065634737938022679498627621364109713802804011179158336603565725842649491908841623500428202e-02,3.02777164468928389900914381117890684475598940110788348429046982252612636272124088716590924551339e-02
24,6,6/10,7/10,C,-6.43086785932137791501028086255751875330569230594426991852167615879060116242692839512777188631412e-03,-5.66184436577384447425168192042686631967454961058607070271073089330169255699754638257691320456475e-03
24,7,7/10,8/10,C,-5.86633654256816264922305453126305988814916808059305702004646676845211875308392179108529582032746e-02,-5.75529746546066442642614238876172737325942855698038376030006415960299185886870138264238105921216e-02
24,8,8/10,9/10,C,-1.34640948118206319208292794541595051989947626942451284889962318187535883956813603505289424808853e-01,-1.32988902047274068811555661043621096199616758173077125748149304079776670441219483789273382745438e-01
24,9,9/10,10/10,C,-2.46693762657397636055618429564896061165932148242016136933730250152353665433004451648553102101779e-01,-2.44125238664543613627061988180913392942064099144753026189168864134813400859496689466924548311237e-01
24,0,0/10,1/10,Cq,-2.87397243473543987412380724788992985341820187675985044992792474037969312679368832286970121223207e-02,4.29532252799983567552305259005157416211533130494184800070114279746195796219802235497979385056460e-02
24,1,1/10,2/10,Cq,-2.63210973158912982363684546567907533734549561716242051387999173134230414587730055130940318795856e-02,4.56277883477699377768156146041070927013774787010230160447389569299987714697569454214108965203468e-02
24,2,2/10,3/10,Cq,-2.15592679557956304132414567192792143948338549691691078732881260445401070113652698435686626590884e-02,5.06533935057063245061910391502831368671181661698771420301237164366315780220917615776729722632091e-02
24,3,3/10,4/10,Cq,-1.49766449080890563109762995414738585910041710209035872190009902064578437326209637619937410117981e-02,5.73483242695180275371533009628608332461635910010173720311356930921452768313946352675026911785603e-02
24,4,4/10,5/10,Cq,-8.36069970984225756540856612606239709307485151898708396310082455762134029819889267487330959547488e-03,6.50387936093291412691440841803976659807055640828548559775255037884318714501881493770599166652467e-02
24,5,5/10,6/10,Cq,-4.24381065197494880450728564746478635169836169326897396867841716179574104953673847106888348875446e-03,7.14825730798317587514682756696109708743886192708258319547866462687728172394153904184407004752434e-02
24,6,6/10,7/10,Cq,-8.63954850793530882621585948405590550428415118698469813394573668720643104081219684177760695436458e-03,7.33311195511952068871965424811719417267895163739100453638551795420984034694740564986371493287091e-02
24,7,7/10,8/10,Cq,-3.00530219565646345582375267521780339481455818615868240409890222757463585647492006197899439373371e-02,6.16723448035348863244338792840813533062053343212059190026288728360860438132923543508650269269252e-02
24,8,8/10,9/10,Cq,-8.53687634117663590711649190420708422253938574911947731337281180769824055464494826489881832414936e-02,1.91557843740608776564618126542245148805916692178893910176603807225951594739085130123143044913064e-02
24,9,9/10,10/10,Cq,-2.09537498952780402376880754933000646685901068436168450068693841633740331638088870193338230228362e-01,-8.65222067444371943356107892942604145603844999744130191150103072295448485997537771046121693540756e-02
23,0,0/10,1/10,C,9.30825887943190797017239529927164990064519510230079027059081661431578830746772949002440813948341e-02,9.31217916401649820887475612403055507078308102293552060509107165229759123411658599582325571440005e-02
23,1,1/10,2/10,C,8.97377998419467397859806092111016958239003514257779406034747415861586244605115597841852335325378e-02,8.98470380223400282867253771916171131564690445689478286675643443268306786110144749055397882075682e-02
23,2,2/10,3/10,C,8.27067801412446098404054694980574443339781384157227788195757365302147295388684910415268608435199e-02,8.28931628842072578819138533890195971244752517813388018856153782235537629638986578473519345806495e-02
23,3,3/10,4/10,C,7.11937726020379974178431969210078949635050339134399051670034437656672858396054652277641762389575e-02,7.14676365797968762766175778035418446399750986146217463586501711839017664120348579186723092698912e-02
23,4,4/10,5/10,C,5.38726892433149111050476613469473191193410483250654407500024215037525145264398143598441612457549e-02,5.42530898093320111071735600889451363656705139827513041269589743773448985465255924838685303975947e-02
23,5,5/10,6/10,C,2.86973695113949554668078440772699613445782389846966456190439176295276225487903124815863203919734e-02,2.92223932508073164915090374623858703543724066300725843475257837417284598711206798519790056622638e-02
23,6,6/10,7/10,C,-7.41141866216017494411259377863407363652812353423983954230033599949533291423381797190910880040286e-03,-6.67449196260565852695783558162044054601119468942150447504345037899575736448865478670884923505995e-03
23,7,7/10,8/10,C,-5.91075534260322895246360836924325791716114246106001083776375539172511666630981261146345168191709e-02,-5.80526073829305628755111259476616676759861213829600483041255390340044161850977389961442422157195e-02
23,8,8/10,9/10,C,-1.33542880474102954321400959311652050872187362820394294795619111605965858154644011001094428355335e-01,-1.31991151850752508563035725019155294163671865844680624150498484626982140019733897627519751439649e-01
23,9,9/10,10/10,C,-2.42023085892635665968642068226322895847919022925642121162904221640295236665365200480095377842928e-01,-2.39645879184115671922185503826483482624802569778389108466508504104834267319985773039890866962026e-01
23,0,0/10,1/10,Cq,-2.69664875291168976487516003085081002755502989651128034431799369505289644361429049342745931293878e-02,4.24239424655609222331997404617342732830999057315784003009887744861590452968194382316695531560085e-02
23,1,1/10,2/10,Cq,-2.45725470293969703336997184912162044054065229270945304842523308291128557621798884812870607318337e-02,4.50512024995417172304307575801190026603690202804002009229442222778351067553598286739403166691825e-02
23,2,2/10,3/10,Cq,-1.98800719913946204400622442264403352307024213956050451742580024568399623780728521705174219923005e-02,4.99739110116760876537862554700999306975956075109650816542803914980754940925744916852827555242474e-02
23,3,3/10,4/10,Cq,-1.34488707616180022356890981592008076846432348213051055080229028863196651294543550333492009568879e-02,5.64818972542750387194711170013948657174355100004647393299779102628434312990644349661600831590724e-02
23,4,4/10,5/10,Cq,-7.12800206427430610339718842337061505049315390344825356418042407068064991140335639175819684270568e-03,6.38823620149451577937742134019043379328926309658168442829719333058446795909589841451171989528058e-02
23,5,5/10,6/10,Cq,-3.53435171179974714111930972082737729219262778528664463669212526392214382983390457620909080847383e-03,7.00329650896523438300255331100186382612810932348672116810525847335389418551950526026135651423235e-02
23,6,6/10,7/10,Cq,-8.77923705625380543670622841610449496181979116450590173408339266529117961543394969859678689492004e-03,7.14689863487822556102531661820443714600648445593284215766827780762911176368751889195621152524532e-02
23,7,7/10,8/10,Cq,-3.05700686440785160524079051950357833530416409424659078466691490187006075511109388655002381731508e-02,5.91744337400828643018100148341177332550648237586655253876554292298886392011521611412701736818417e-02
23,8,8/10,9/10,Cq,-8.53524463944216680746376640335167131857431124559324425526365699476570265586781197718938140200410e-02,1.67180621016525731622761395399784322519548244593932484236296824048021258118746654577146400285384e-02
23,9,9/10,10/10,Cq,-2.05850999478585738585143349156792727678982890098066327778604569237074035131656375280917015783612e-01,-8.61353994652390328071669075705603813112160970735826784343573264848504012639420989336722342697128e-02
22,0,0/10,1/10,C,9.28261284508617362831834552625453950144973151020167436569368899045772032372639797937126863907103e-02,9.28642827978119595201768734481183106099300018084070376377105788557806293353011040324061424439052e-02
22,1,1/10,2/10,C,8.94041824531122796360060688192737383018957461608640859145737308185546490202635410257471658556698e-02,8.95101414059693098971628795700016677360873266349198887732297086834948240341458584345296654151153e-02
22,2,2/10,3/10,C,8.22261844659613246565972969667210565904065659478353825620263641423698395555421905154174828696231e-02,8.24067384043091155755129874746727527742408957506646153255191054142578032151390363738728071608432e-02
22,3,3/10,4/10,C,7.05163595040982270533890913555247314930393400109909470975442094412193109876565857305247557609276e-02,7.07811788075060703608117616732822587782489898332602894209909639949722400733756703476282876495873e-02
22,4,4/10,5/10,C,5.29889299324445301373470220381543382465361833902862563943384430989638255100224929761630184609062e-02,5.33560097406205863745060787841453146111455299398406254915942384375986421645236509868873689875070e-02
22,5,5/10,6/10,C,2.76750158372459089079227033916187670887955046049989430639614619879203865370842445041291782362331e-02,2.81806625155349890922631364500903187710851586045817674791820957414573491181680984957099028540510e-02
22,6,6/10,7/10,C,-8.36132498783891440481021574250072526693929505077548254814430453275992968277870206457779932004881e-03,-7.65538936521357949576270182287501650574407502936556643454811704946824248138622655770982736564720e-03
22,7,7/10,8/10,C,-5.95061122765278534231201522770199914648775895592468740258791243005947889403324848019897452671535e-02,-5.85045064957609043110331396150825821220032218399645008349581284969863859242301871780996076726246e-02
22,8,8/10,9/10,C,-1.32410470474378414909052534445883361784961936477659240287321988398394026879645830591032922566056e-01,-1.30953730183959947278842209866302237689550942912612805704026773093142879948367715887989546640059e-01
22,9,9/10,10/10,C,-2.37422051677806279171438525662998459536990666566071977475772555471491402502616049406909205757443e-01,-2.35220638323665767655827793844084056369683520842766722450036340517952713484186421820266611879464e-01
22,0,0/10,1/10,Cq,-2.52193050752153717507507054703280712740264649144970972191788627896130495248800278586884438344576e-02,4.19203307073990484650615640364092107731069576121768896709060528438474037797221148314575811135378e-02
22,1,1/10,2/10,Cq,-2.28524883011338782646479521994380521543031827844021516154668988218242065100678001106174879829499e-02,4.44985484876932468332655809852390554745881988835715006269454164671508973928188799237189764370606e-02
22,2,2/10,3/10,Cq,-1.82341347535129968353635494037645984820180474574360130097850943100037841084161557645532235126351e-02,4.93143961504185126283855050406190798017664084572674320016943681320817464223204546149639304836749e-02
22,3,3/10,4/10,Cq,-1.19774704709176548385747138168441551932679709670098965517013116520522788367421840700818859119060e-02,5.56485743658099719266172155843702728145385142997555995579748903454552221046092557730171983260306e-02
22,4,4/10,5/10,Cq,-5.94096582827364626333680036712039482505420812971699544628250936394540413520319254315755697040161e-03,6.27412989548980737312948150224224882408929204602035600984311427868992524373519238798254807446686e-02
22,5,5/10,6/10,Cq,-2.94836560756092070942971414418978488826159934207396908550376625674886562222648334733377118229246e-03,6.85943212734994088379862154230357722060396648513226036702620664426165379731926926904471459593878e-02
22,6,6/10,7/10,Cq,-8.92823350071710187134491536663716466506628673886437874813427803820800338120599998548478254630010e-03,6.96161378135409338119471523974663395095583549438788863902227846012870167300758924780606487466011e-02
22,7,7/10,8/10,Cq,-3.10657456402896587866940836835837102133557400429255245461466097402133702062265421494219195516006e-02,5.67034497937027163958510665794455041830742606439340701929181069159154295619778977771855135833668e-02
22,8,8/10,9/10,Cq,-8.52986266045010557968372057757299234035813036338629474611327078661368916299599510405421720788998e-02,1.43520601617239788912918322987266912983487713462409305518195332884475461716295126845856936204936e-02
22,9,9/10,10/10,Cq,-2.02427402316547479591620213265883497117244612135051026936167890819975133568433022742491701397774e-01,-8.55546265941558370226791694065354336770490726917263832928294628901539863665161881813923111015103e-02
21,0,0/10,1/10,C,9.25504233278557080775431024130103015256290888902234543730155355281043414346644166172011951193169e-02,9.25875446901675327612027749854249902051548159727270855210302496384208471680086968041652665360815e-02
21,1,1/10,2/10,C,8.90525005521557863222828903790238580269136266534713756595493592500540503854393111933161122175082e-02,8.91552274082602043858343424541073226213139945384323908499380191232173078905132543648287981081355e-02
21,2,2/10,3/10,C,8.17303208359250661957275764345118997582692637435846766219183658509079403219342988414595262170443e-02,8.19052269208160910531066017057220489151567276833832799894171916449712335169307974707753916911019e-02
21,3,3/10,4/10,C,6.98292445333022843493700562996846194207826560873196799157146404277373496415195448506525752550641e-02,7.00851966666502220581344781882864469029582116106921431993578328960477020905366412979567679371846e-02
21,4,4/10,5/10,C,5.21047417432578675056821985115712392036167548017773696742250262024683953428541371002884367490876e-02,5.24588286111142314557815342251910820533998830624477950467235829183468913698281859815672689054954e-02
21,5,5/10,6/10,C,2.66661941513641901901480675591703796596952622374495311104412903369270517478339036156007881428496e-02,2.71528438607806499683947810665698408342081935746700495358293726141479036116787868176283765923859e-02
21,6,6/10,7/10,C,-9.28027734641166402077048741319798197945974207701161649556561233677609248918046114925508699909252e-03,-8.60450924002198732754422022050864612005889335462164163016749464828667163255627846295348582882769e-03
21,7,7/10,8/10,C,-5.98597727009164209648087273407022706480471683676217119969116150050924021027881025346309805745698e-02,-5.89094116952183142829659826385356282039748869163385068113041031381294685552334233334549058212772e-02
21,8,8/10,9/10,C,-1.31245931897286970626875365444737816895917924559367067501132392644455571648525279574594646845321e-01,-1.29877520116775026899676922655362334686595609720354046025874651178269396512573367243919074514828e-01
21,9,9/10,10/10,C,-2.32889958432841147536626638022978667508817845995974007234806316785880458438659111551287635001871e-01,-2.30849965780528127060037268963547688321269752881779837402599987064736869141606910121241310000003e-01
21,0,0/10,1/10,Cq,-2.34982497836051344439842864672377763048591026816225301537507283120058072490084708489233292438200e-02,4.14420656167611370384797622724371000850663138260115153988982190904105256737594290273439876910484e-02
21,1,1/10,2/10,Cq,-2.11610291645278156642897129813768239794786618473714324871513707885853245830955451179940088689577e-02,4.39689221969485312808618956524595521077210534852128544661487973859537598142265748147636795755760e-02
21,2,2/10,3/10,Cq,-1.66215222843521120759163341426500547889676493117346694323027498010144899492471907590377712756300e-02,4.86741948503732580694172010815641418872292457638255290865141176038393407384447885654187811116571e-02
21,3,3/10,4/10,Cq,-1.05652000893039627691044875598726887885919365562105422251203229210828607312869941024797858960212e-02,5.48488335369156422281943621663507599387657176795452237578539045601486063988978144491038703854711e-02
21,4,4/10,5/10,Cq,-4.83529004584971337043660811320807673057185051187410081036998292499520202868481356775731168170940e-03,6.16413505300902154547812069776255881490382627127062710560470657309424323236141909079090753913579e-02
21,5,5/10,6/10,Cq,-2.51810586865975279944132749631737969081716804584717055792261236211289378678914455728539731925930e-03,6.71734624108439166795844251806263648567826419164025157098559435057583747003566518775012838539708e-02
21,6,6/10,7/10,Cq,-9.08089154131873403915197573044404464995164096779433847078014094236297672471913241457579442641650e-03,6.77605073367161373835062863362897222564700863685920413488500385460883123208113261809257390143622e-02
21,7,7/10,8/10,Cq,-3.15403508246153917044866980779367494364594901952983247283715058691027076644554221485662536975229e-02,5.42607614980982556248229306797297746301657506686765575816042293743269760267758888432079649010264e-02
21,8,8/10,9/10,Cq,-8.52832984598390361045899262853877644111900557477854303542076515994421276625117444894289483033407e-02,1.21388708651135812530902441481663434210097900140159784860910489249179541397774866586550588684985e-02
21,9,9/10,10/10,Cq,-1.99192548933561532649031496914847287918911339092992016670559705305455869030197173381882360815699e-01,-8.48293288831557934500247797143146746752217011779324549193543594188298147043340373580872036165088e-02
20,0,0/10,1/10,C,9.22554963907676414391632067657113886987204889692677373278359339743235678442476876198247406330678e-02,9.22916035287176768182094393658009448517897295819486790782153066591879722103716703723883558611939e-02
20,1,1/10,2/10,C,8.86828461224121769664522898867029600973823045133830940295428419192742072531448169086818903209898e-02,8.87824002415190540349904591147671881409635295239784440584282832979406965606984845748238340533413e-02
20,2,2/10,3/10,C,8.12194740656535190707740188328394961055061606526112365862271538831759810794206721830677567727056e-02,8.13888426573062905584008650332096532973429272976472714937256064705822268520745487227298547836083e-02
20,3,3/10,4/10,C,6.91328154333109665396576166638355774536828277736590590548588609663369603016233518459320643755600e-02,6.93800737932777871415324023778853131025041599256848801157637334533880749852084667333951555052513e-02
20,4,4/10,5/10,C,5.12206053152879214727050679011221333051603108581761174312098337903431217169431562668999570494969e-02,5.15620825140270690446392661767104481128441787023077939555120821515095443860310347619176756203604e-02
20,5,5/10,6/10,C,2.56712891397704304075368296383671107747196615905263831159379334663713058648165570431536122387429e-02,2.61395271133143795996290096497709933044203297744193179046774661014400325696423335722961997789144e-02
20,6,6/10,7/10,C,-1.01681785809448805545997642822154074294916208267491812711745546944200734856634860731220274031395e-02,-9.52176999016739299869978772920283273523777835181486261616742527729898514912194290766600030833074e-03
20,7,7/10,8/10,C,-6.01694430504117427969740206824314081492504533023571098609443984091390464604270345681153585653690e-02,-5.92680008312594636058963636889660317475622507781928940585861043573337286556820339798828557652708e-02
20,8,8/10,9/10,C,-1.30050425507924263919825673453011625750525891260195169954524459855372126941244776522348327115927e-01,-1.28765159378638975996837454432898040893610641317002903687937093615868892185391356120003432548376e-01
20,9,9/10,10/10,C,-2.28424164400126426271563578040930514521844864330613378824859195373611298843996905406652726828736e-01,-2.26534396688232749411115918324485893978135225062796738818543895250168297758487061840817232231060e-01
20,0,0/10,1/10,Cq,-2.18034034805111544943221887796844786442877457789392384683789295017475937020785889653015484192974e-02,4.09885240842673691794021175357785019175441245022318700339600949643174923490062086332967286173964e-02
20,1,1/10,2/10,Cq,-1.94982660471990221715325565766998954654238709267115795743148375421631588931545254167334307233442e-02,4.34619385312256007180023937001260717647922883595955408244508009625892876155479026380210984115567e-02
20,2,2/10,3/10,Cq,-1.50421925496554669189455097666459584730234120419238379780250158466598916107697438890847802425904e-02,4.80526670032457318666246347719446622993066384154757270420621498479128107225890482620558524302119e-02
20,3,3/10,4/10,Cq,-9.19194745132525407445074058529760321956336229400835244197331295794780926728232160784579520134564e-03,5.40635789042491822166059384628680859393099966512286705085011507499306599293392634172131811886171e-02
20,4,4/10,5/10,Cq,-3.79472467155943828571336299041631564525872273120193848278960768434113736584437130810444615241652e-03,6.05770263741252339630549736303436052910307744335145694697064757998760502975378707930628615874073e-02
20,5,5/10,6/10,Cq,-2.20585791226673555668597091533489193744332012881374297105623040652235186065718839342911227823122e-03,6.58678536640118312878349429946415749100516264795655514008457716805943536739305972742234096073952e-02
20,6,6/10,7/10,Cq,-9.23684340559825660368367901888382682459631695344084581882259768315693227749854486470659786514603e-03,6.59037980877974857188735874202901578640724534881326831565353718541338181727482730899660695482496e-02
20,7,7/10,8/10,Cq,-3.19965377367235805246894809725946117803713569858222104611685791439864765646294114343348389847617e-02,5.18520253512463685279045879568773702042990715418736207833478569805646217805748080484875587486201e-02
20,8,8/10,9/10,Cq,-8.53689400047563898118320071813907379728071218326054167194002349485258942978709885138515378950375e-02,1.01124218509558478394354170645968090153656776185420455890827636673219858642939520547018314686349e-02
20,9,9/10,10/10,Cq,-1.96012587209735710569140054174196056735409343729604155411046477385061810005467035334542219997697e-01,-8.40976878681661188560639717607397278123878452792173707485067209243574135217605289967966899826683e-02
19,0,0/10,1/10,C,9.19413836395467740665177899380291841596056986853071456014409285561021558144128698444500907846033e-02,9.19764983327883356788238521038096600636444539831756181368639667146297483716870370425774294675824e-02
19,1,1/10,2/10,C,8.82953252022466269154578775616897567908757584606112445354518049203440434690095928194926277320758e-02,8.83917615751905952107994213129004202450814005813726642900617004220693642525990753483752594506618e-02
19,2,2/10,3/10,C,8.06938901418906275816858792970407416328208172421344135320261754085768036436777878203545166984931e-02,8.08578171703507996829942815971180888204839818957668369642874610827020830748598650145545648923736e-02
19,3,3/10,4/10,C,6.84274621626378588914283062346032010016357957727338449977622415600588513464845740686890653751180e-02,6.86661986569881781047627011678513181880446245914665971114897165605231773949405413382799008672568e-02
19,4,4/10,5/10,C,5.03371062398108739516832785120874146197195569959020442109531155224785863289615264484313681381019e-02,5.06662380165645760420957894198982181053978946331355669435053184057190047084449489255246351880831e-02
19,5,5/10,6/10,C,2.46908271877687256641003800922516010390941949152887349757910302029172644663718994009061282160945e-02,2.51410637765893944699379244493363799482120092629575601603728304181607497084228217156839883751109e-02
19,6,6/10,7/10,C,-1.10249683301898836950141436127681716081983136428292400444102235021694660457123307072516891754665e-02,-1.04071222083517276235547029387309727900294899300869833090099234446040555485983442701392220519211e-02
19,7,7/10,8/10,C,-6.04360029223399294799980683149187574525498459178815211208686135300993013893468324092268363865286e-02,-5.95809731240111286428027688169051673351727881705921431392858329029952758278777679331862680858608e-02
19,8,8/10,9/10,C,-1.28825442934716104845324379036246302993429779267176125287957069206515841738411946820708950767699e-01,-1.27618304582528507087257507171052629530844979179768026266548997174526246079874294092020289582110e-01
19,9,9/10,10/10,C,-2.24023599520655532431439927679885773830516054018270513167919331590602438765547837988527014526830e-01,-2.22273661445378431940586883695311080310486724391833285793856674037493474497624504809105567699537e-01
19,0,0/10,1/10,Cq,-2.01348442094743741434928628693321714744675212256511532850462702382279947960211628911983730128607e-02,4.05583215298656002131382798092401458597071857881329304085734582486455117028137750317977197798282e-02
19,1,1/10,2/10,Cq,-1.78642077608735011544709585066032207497379594432632731659081966575280601724384205748745774514754e-02,4.29785987490351929400815410216725626922921110375290962459317426193955297391643812954221460822227e-02
19,2,2/10,3/10,Cq,-1.34960953893015233431110674722746917685107064569947301705866479928616223791378317135576044450003e-02,4.74491230740152269861635195580345754046650374385148181341557963065396220502122819322719026483958e-02
19,3,3/10,4/10,Cq,-7.85478946719907392887412224530261278071817534452510494127429158511751071816908262733918118529901e-03,5.32894651986727271734192550037856411161435883394934076537005130098940809930061290497730271735884e-02
19,4,4/10,5/10,Cq,-2.79496021581254396525704592337096244666526709647996772797108333645244312646400663203508238883375e-03,5.95206157438347134486698709275513042321576681413966445758542932299440642494422271136488987037158e-02
19,5,5/10,6/10,Cq,-1.91527975426728907105377049744051670071512186057255959037684801743985992914354887987250500867885e-03,6.46239432546976533981897558662576875714674102551584426923917967217237342069701416943178970913537e-02
19,6,6/10,7/10,Cq,-9.39570124053381839603680014858514329527084332446129639352519578317286917716754650940726954277651e-03,6.40476429635575894509996509026824605685019171100831158232256887177501715372953306121038469290079e-02
19,7,7/10,8/10,Cq,-3.25039033391243961182972277241159698763463953683154403588656314386335831769320161223009981072834e-02,4.95493615336416757854975155518716680464575179704129929258676306333820558956861153369607226709520e-02
19,8,8/10,9/10,Cq,-8.54396140444360142375932991899162233795294202821922922304048654379951062845860645112001242726462e-02,8.17691788857637263063666041612332384439275517735637965142247291989886326233986166772714369610102e-03
19,9,9/10,10/10,Cq,-1.92878281564222234237850804226296119865727155010552828046819010587606579514977020859317125368673e-01,-8.33653653636245290027701710381011477359326406523135933678608255846109049527185173096407536980756e-02
18,0,0/10,1/10,C,9.16081242986586563795876196404367045766876214429332904665089977679217512542756145780062097234520e-02,9.16422747566916048961735406199939108478475321493611530207071561532818745956856806330194478341881e-02
18,1,1/10,2/10,C,8.78900537742597521526573944251091991663129257988223016429638697775088910244822147284682025236722e-02,8.79834377911552468149289388088660649000855679104882274289690672782726372438388833187178243656780e-02
18,2,2/10,3/10,C,8.01538098598485741984233943002060031723997281143255552190516036333163942699636814678424763156368e-02,8.03124091161677984259473787356381590041469885367192748801000624756052333771028106163294345973216e-02
18,3,3/10,4/10,C,6.77135783715209261040650406386648852431377983821638470943558510404490076031035765340207334190812e-02,6.79439635710690515226379622983804842296125647080942384981513103599517497862555603545461300728549e-02
18,4,4/10,5/10,C,4.94546857294664549185919320272849278064450267039886241359635160922583861644315156875857812274914e-02,4.97718985750935333688272141704162075973920458762523614101316022082128387460293199213290743903663e-02
18,5,5/10,6/10,C,2.37250862775332079337393134740835222564024117690096339745330548534176924783343938750426844993534e-02,2.41579442823765401055355512906306279180848019252719743602404808869206137148179262616248856761300e-02
18,6,6/10,7/10,C,-1.18506787353830979977302666511605003166975555309765371273644198237176754338933579303899669220917e-02,-1.12604049331617206672560991579124747504170279343881367365679380932827396751781617649303461289889e-02
18,7,7/10,8/10,C,-6.06600947737410264258999508185616130817069564671471163661339249209647918728542340534535725015921e-02,-5.98494811597223843007419403580978095904937265760403244798535040181910616077369467596909807555002e-02
18,8,8/10,9/10,C,-1.27571939174583702621513807859267130490293051785357323217254474675786840024299211861200742572718e-01,-1.26438927640474044191405381699375871163631329327326933530779225714577425304040955999926650683675e-01
18,9,9/10,10/10,C,-2.19687290181703818278876751528112633844247898757747109063669597197199371914095893052984550589096e-01,-2.18067497899787911860596254365728022896465337388417575897897570398908856848535696405484341673584e-01
18,0,0/10,1/10,Cq,-1.84926458652135109700247356695817942765058041374228454372019842525786152758572979141748450861638e-02,4.01507121809463753162652279838996173284215061761196057800462075559601578373735323739206246905691e-02
18,1,1/10,2/10,Cq,-1.62588899546887486559643071785029340984950144364782333990020322273499219766935839042444241979472e-02,4.25159091172720454318770814279323909216435611242915482212263585134758927183021924108920708797990e-02
18,2,2/10,3/10,Cq,-1.19832625295380021221959550827516674342295024207263541822124125371974314972230894464135849249188e-02,4.68629682363186665244882009907488952715510485493493795721239443595397066235571646486030686835370e-02
18,3,3/10,4/10,Cq,-6.55403418740792019793981124965651233542506586512906143557952639874524383628301507787246287827137e-03,5.25263480349829562117051024134187434276811849881716105644899211349744470545722138475286063805330e-02
18,4,4/10,5/10,Cq,-1.83700646355052788885633166381581827553627677214157450897016951835099249305590038582953604234228e-03,5.84985941110513045163623319342007495245385061417420495173349678998651214259338097683438205682881e-02
18,5,5/10,6/10,Cq,-1.64020748275645503517794372322180239560558157025819773847629786201942769115515475203984024880809e-03,6.33769770267171266224584486958653059149028444493472013913983915329992655475285185723682861729445e-02
18,6,6/10,7/10,Cq,-9.55875565571455139961937081658914188517841198292166600539928375066303021812521061887091645642079e-03,6.21959694620199574046636108163162253720243000025821233371969618088379989651130160493095283754717e-02
18,7,7/10,8/10,Cq,-3.30767274936937369729585590092238225933397401933885133776256260261498527296857979771210735440613e-02,4.73598659128215770356099934826366421558939193050268921996103203242847433863229702605180927362503e-02
18,8,8/10,9/10,Cq,-8.54662332219741671649794403745498300215904136365605283285005700794753259785209939832526344207536e-02,6.29547784510784695921687842075943727111028460911363846668429731506898134429907589836324997660563e-03
18,9,9/10,10/10,Cq,-1.89788649230229869946852374733461895358268484984820666468307817516582797322323036959248297731899e-01,-8.26331521260276089725550215165726336110815831336174418657055558454392473507754263763714908536104e-02
17,0,0/10,1/10,C,9.12557760060162798036242514956277078640270624703474155037444369674692723829821272211738863368283e-02,9.12890054677516163181617763797576329993442665135127934230529472005300001666059928351921988608940e-02
17,1,1/10,2/10,C,8.74671562255377018207678122723877921848492042848725112927058371438296706503983013464674017143296e-02,8.75575941000910067441097191523600935554219501414395936729012980479228129450025215532363164227054e-02
17,2,2/10,3/10,C,7.95994870155316925355359594886220850597771992466149602892526065449396253989881301829846488651952e-02,7.97528631492004483124772918082118207951818374675583337127178388563716009021645979966185953484215e-02
17,3,3/10,4/10,C,6.69913645103878114164479623746712478723043590334519485440106867193505882703350193936186004172181e-02,6.72138149884532530181503808234588724187577169570355977480392961920199450387174077360727584278235e-02
17,4,4/10,5/10,C,4.85738371937853570100987139153089081727945224585452620862893592190059070295149968759348554796964e-02,4.88798126144354586722510645671212166002765426722648998957190969960075751135560592670662230271489e-02
17,5,5/10,6/10,C,2.27745774460126973539991335749784419507858776904444561424157449431419249331312197352562732489394e-02,2.31905669085255306153928194097648514803670805696258286717831548697098967985169559546941228128124e-02
17,6,6/10,7/10,C,-1.26453753586931635825261003575965807213845644440756902207341259863384432797447917771932503745886e-02,-1.20815669343724821320660844875284143813477743246227609461770262260611803066623811326712852247427e-02
17,7,7/10,8/10,C,-6.08426440288514043989570961572723878520792407257927567875149800659878669841575344734243246742487e-02,-6.00743130597804965804039356528738822696601069944574063187383830121952757376926705134978698815368e-02
17,8,8/10,9/10,C,-1.26291439841671812588145474210625619035797666038938689492764609517367574383903198438841922784415e-01,-1.25228628001680026847073748166901054775709517800812520187447234891339618366644528342242335239099e-01
17,9,9/10,10/10,C,-2.15414282635347732737581672384615566738896626896597846589169827482497457703493238051383177182569e-01,-2.13915516196540920861773536868931449062220483338213982502819977254966846995704825161799756608744e-01
17,0,0/10,1/10,Cq,-1.68768563981249902992328445491363186046137748147108601330328100430131131688867438634920976500574e-02,3.97648971075216471168933872556813720763224602563562986153417603019244613328676743952723848205099e-02
17,1,1/10,2/10,Cq,-1.46823671488084756383570846748716477204371946479015206855803405241598281358306638928319328217685e-02,4.20731571054913429411184388593270685314098233610370341715996265492632536871788877616173933228060e-02
17,2,2/10,3/10,Cq,-1.05035687978374819789744077993515605303058105425387816661960067427092167600741477641747503971713e-02,4.62935203995176732065094838540604308245556125351264462891882605083955972839023181868601891940223e-02
17,3,3/10,4/10,Cq,-5.28991590701213841465689952427039469009761690225793549425805314469598396820964238027865070992982e-03,5.17740292825521032095403823934230501048985257128695802752455325923786650740482102348334379645184e-02
17,4,4/10,5/10,Cq,-9.45546400663005930148168336942098664379793213988127388858306631469588388484413593470895308333167e-04,5.75523176281906232209517180026570108060408023010460740608583979725264599056003067711855314032077e-02
17,5,5/10,6/10,Cq,-1.38400082650004439278005964641581652638306136538952443180512292795906487076061043310490246047520e-03,6.21207376265813366914716112890519908049114915902210846055650754654209940907047218512777220052729e-02
17,6,6/10,7/10,Cq,-9.75771334995461403608105879599304888133497180213912714901573145321449236668431979418390859208584e-03,6.03856111643521802971839059668712792272669981341404074606013583768238598181237921228580889055080e-02
17,7,7/10,8/10,Cq,-3.36323485834144231025736907554815943399781374255273788934027714522161430808489766844033027716838e-02,4.52096234241816907420153941824849524283107274576473207549513140291074881877702340466694490642971e-02
17,8,8/10,9/10,Cq,-8.54518052628603572912472890654689031498036158569741798173114544232611687534811391003893036286041e-02,4.46730244060862856356038588162704959009389822079695749133407913173168007814027235416082811109944e-03
17,9,9/10,10/10,Cq,-1.86743589570648779295251206379955610127022728250103080416470717146534105586318193275000364703047e-01,-8.19012740021770227129413194417259822342599072861674733829058285010084784436195899315314192844466e-02
16,0,0/10,1/10,C,9.08844172005940634376792721331568502911021721672941235468901695433701919000724685453471802107337e-02,9.09167782500840769695063640090329659240727998377210653570338722919977560794379596717982776196696e-02
16,1,1/10,2/10,C,8.70267493705239321239891124402006417171079211435824238082544594443559227796850460358814222844925e-02,8.71143267821846416061073403890857766346496754887933953505771979296251497481648210648898933130848e-02
16,2,2/10,3/10,C,7.90311720562063611362189600284422352811975062974133262856294462785545397506662767427828821411344e-02,7.91794415613508651602211920602694896932122030240288413389652164648212925143144414548040444061952e-02
16,3,3/10,4/10,C,6.62613917491175533425408557768836699173303088298399510162421591705121329045921154151058060304492e-02,6.64761272673782127656607772822602586629749067910798592393658770801507890530725960928854464453090e-02
16,4,4/10,5/10,C,4.76951016052333518518425953878338115762616659362261872088362785783527163732020044547084805454024e-02,4.79901116940119744307123408302009604276942398946701760100931520730603596751763526839807772407763e-02
16,5,5/10,6/10,C,2.18397707016643092360568108194343208004521899377564950471710291788869869661266400467401775610295e-02,2.22392901410193786658130658195907468826306511767527358933036666076916507772583083703485462576201e-02
16,6,6/10,7/10,C,-1.34090091238267789557778126427469376176393226437378134386932972393427080219866961102880515269316e-02,-1.28708127814574235915378770133626299341450239836961797800626808386211316754380588888945194659407e-02
16,7,7/10,8/10,C,-6.09842755358908423974547343711776487120256900489445008991285391696473108568561378833494766476387e-02,-6.02564011810494157366799129400465372894512624148695344579954784171060215868434914695458947557761e-02
16,8,8/10,9/10,C,-1.24985351644265470454431643845655350649913918301318228322427271689708898948809832614610770162405e-01,-1.23988948531130556936709283554446873588582688711744174582978591981801379598001221278521933926093e-01
16,9,9/10,10/10,C,-2.11203640692100279858816924502844337769452666385989375891402373454263377314122675838925528788803e-01,-2.09817306484516797388923102963874002245062742681664439648200652205469605550888441988019562309934e-01
16,0,0/10,1/10,Cq,-1.52875487371134291440507282594057664564773503224788081508039695349160162662961795870271744321760e-02,3.94000804450226605248089530562438458015309307922967611105655403350646912379813743635836913334878e-02
16,1,1/10,2/10,Cq,-1.31347966307432134900555774824372641597009082858966452084288033963848156806320173902817765080115e-02,4.16497977411658878547370641266502086208437256438597730908965014517366865598602921190273424502678e-02
16,2,2/10,3/10,Cq,-9.05854149829093046084919624218666678124784833779092340079946242523310793492649857074932117811432e-03,4.57416641973294824512142325119534880073959646692775474321200605306297983425493724188222571154309e-02
16,3,3/10,4/10,Cq,-4.06146854883635799311292544437473383474772551923374798687178012188693590589928010369924060221934e-03,5.10317137943332768137178907008453795559193448358097022989297479547395087402476194563333988760315e-02
16,4,4/10,5/10,Cq,-2.30550305947997604326875283682688117359913132231542121203847335942610168808153752295545737635556e-04,5.66205871436537895802871548654028291609412115993207061053833458164797425669275156835781064180867e-02
16,5,5/10,6/10,Cq,-1.14358939572493970892461577454768189060462548046413103827832679750750179642215193036326492142715e-03,6.08563255610282893620276303707163484595974072765757165795330808242104978682701151417333866558248e-02
16,6,6/10,7/10,Cq,-1.00267309007518697063026490121049519622404817043497163785164779249404313532134613305587429466101e-02,5.86403107142234422223123375628407326364360058389764244533448964044080950400632488972424054652051e-02
16,7,7/10,8/10,Cq,-3.41605356647385531865520190297594815754214889255783474091108002660772151160006150750140189227472e-02,4.30876067233236725415505824522735294779635113231621931058904567649464492207293354859657883317493e-02
16,8,8/10,9/10,Cq,-8.53938055225279006601804785740664798194105106804091281263087788797805182433823950330281397202473e-02,2.69164847827073361309227074988690367504549313142277768690551248752909805822319531276558225492154e-03
16,9,9/10,10/10,Cq,-1.83739956620314183765369505660119391536507445450853930622536736237320277871834065160601344340110e-01,-8.11713375948197008251526558689516061953528379266338166724613350311059835189264893029641849204814e-02
15,0,0/10,1/10,C,9.04941424521620263014719366515270293240344676864786748737561344520731017326646305311330880190579e-02,9.05256790805147279134815300738494285617581809135461056605644805397053999472586491628805310255226e-02
15,1,1/10,2/10,C,8.65690087773021193521632822676834097613451207347842866854504968919117668820509000166617891873045e-02,8.66538197821504264631830696303321934668834656792297939576374809222716978277147840242259234281340e-02
15,2,2/10,3/10,C,7.84491110490728640573218015153892431396390411973450591801553567626463506633585930534922378065549e-02,7.85924299422075857685594247457096153096884049632502696807662045877740580344354959349616703461797e-02
15,3,3/10,4/10,C,6.55240795016384062061327001602722890254232948523747411736177705011175890204601370778783311614202e-02,6.57313252034026129010415354261945472660737175580695570700711696827483743205585760758453180802613e-02
15,4,4/10,5/10,C,4.68189284317062734105307629346481403335879140057116845131658758918758712759577781984669467492800e-02,4.71032158098335553197500845012366764702493466871976870950045466585420059920605192715512681815349e-02
15,5,5/10,6/10,C,2.09209397700432144644748223765377781639956322849482043777756061351151545198727381451426167294216e-02,2.13046128606880436109870989813427617117115896196939120376032672544735399328795576053471138800231e-02
15,6,6/10,7/10,C,-1.41417922717021123757224349065160158808144531363722194881330176362748108627841771509532383462528e-02,-1.36281296288716636369583651023354532186524070435545008390808351102940117546066380426042219177767e-02
15,7,7/10,8/10,C,-6.10859121377578980719741557538862636126058921167727844386462374067646768869325495448764626290459e-02,-6.03966569614692871467044095277124894643990916720046107267763969902979110275306253877149234357493e-02
15,8,8/10,9/10,C,-1.23655044758799797040150053675326947886404171803605626092724254339442755049992884884603145180727e-01,-1.22721529073383786681174781615392442395951198129861411509202746994200389221125152680486616748849e-01
15,9,9/10,10/10,C,-2.07054450953575825837154088865244617873705823218435182906544993220807759275518562195601807862977e-01,-2.05772668281742206935542190347499564770511328427210672733755448240015025591032172886865645978090e-01
15,0,0/10,1/10,Cq,-1.37248248182571526772746293986131655528251081527930125680228297394538952911816336202532892552529e-02,3.90555176505525495330453758678089364958354527965646119933685382507560512109299316652425451982180e-02
15,1,1/10,2/10,Cq,-1.16162035195828263747170510051674617539885146889176990354988587080263155037403595552782151978393e-02,4.12449294207358104187916865760988472674717922138671158640372354774244520382959029409031379298625e-02
15,2,2/10,3/10,Cq,-7.64673064528532710427472986419851719180034105098475154873855459982244298595981543731908128076436e-03,4.52053865325704066838488108770887995798036607331139573797048863212450600020289362771165969389581e-02
15,3,3/10,4/10,Cq,-2.86891820081424334168792288452781869816908552412977001853649806936763211590492464593788973530151e-03,5.02994722769197329021378821905175947791197430116633375265677528991487190402753465163681032029062e-02
15,4,4/10,5/10,Cq,3.72928135728960433181854196186499067711290176608767208586703727985966216691447326001965625580372e-04,5.57678987711421466778205530691766382220076546545997468900858006502574656614143642432290784756183e-02
15,5,5/10,6/10,Cq,-9.18482902970449579636481151139793671448526250585507755675799173839522009090170901812835044529671e-04,5.95852276242721226337502903795786571251906168684511935866224027167303325860617016962895486362011e-02
15,6,6/10,7/10,Cq,-1.03068026337999506107022679643626204714989426354692753195049281651367187634082700977698442407216e-02,5.69143292493978574965601613598506031044862004239887679640941853402580812142217285815369501980253e-02
15,7,7/10,8/10,Cq,-3.46604663605599830234304826989468649397112221872616001848906829281225105002907927027818322555467e-02,4.09934156518231714026342482136716576452991601162790385932550132211703886933439547490898976611433e-02
15,8,8/10,9/10,Cq,-8.52942742648714086719475863554098344089784334071583438173199963583059176427861321619106723230772e-02,9.67895160496810280136454230952806926086233896254761333681887299244938247456529759270813826188571e-04
15,9,9/10,10/10,Cq,-1.80776857805015227700628195968738071105657769180490242987710134844265337820042604974340459167514e-01,-8.04432698689509276176046681925308763729551525232742933880351964590411337806113805906750799354882e-02
14,0,0/10,1/10,C,9.00850594571075669720726029362771145139339370385752683687780219524848470751370094593420388964671e-02,9.01157859268249311714760998941321353114625155323300656385247844975590519239151719625143839225311e-02
14,1,1/10,2/10,C,8.60941074165629807677260615360238059781934620024453632847276902158469144465384799442178278006588e-02,8.61762860907162962449404035385381859453287725550523490676395320819026479309198994528152488467306e-02
14,2,2/10,3/10,C,7.78536204800606000988925986299097870218127882184545718028160434602683419411947966008232649336141e-02,7.79920929437396724864074095559197795372812541497985159266923321077074781807394094641651684193201e-02
14,3,3/10,4/10,C,6.47798120355364854227040985976944865063152134460016940467939536535162492552884056616065542925697e-02,6.49797921872778350953770541510331636997828879290788127548415698613338556624596533068625444360381e-02
14,4,4/10,5/10,C,4.59457702850374343541226566484394019952710386155875522771003703089910204279040055116146093742620e-02,4.62196568997253617647733385953553164411340932637212542108669435099824925671855294495180198606611e-02
14,5,5/10,6/10,C,2.00185260225407401179707981805223598888955511143867654375180747396181248554546651219968752839583e-02,2.03867267427132719100148473604013148789299307116571514443775550820736995084991168447539411891337e-02
14,6,6/10,7/10,C,-1.48436470367940782884164755851792581543258868492444325011793650724310656155130175074541518920999e-02,-1.43537506341134279337981927605017644838692493708391596769346857708808828011421703919217510557729e-02
14,7,7/10,8/10,C,-6.11483098281928288424920191860709489363799069325308931090330246049590108059655197343996229170902e-02,-6.04960758629265740941698147453869462937939282396742355935139158501261224624220758572746184537681e-02
14,8,8/10,9/10,C,-1.22301999638777478853322706961376710854475454769842130042670683764393863258341803137687191401388e-01,-1.21427895936100134026129519339547909714048423913263016767952982659486389067993476643094508426927e-01
14,9,9/10,10/10,C,-2.02965984620552440155866135568342028429197892150008895505706987399541959075622482717372492367527e-01,-2.01781180270189906736460895027902765240158411191326506927933862098228403553368044011407258091603e-01
14,0,0/10,1/10,Cq,-1.21885960921327481120211105982228685223172938446601854470399252537188337784793954367982958798641e-02,3.87303546873458710627264798773025490474268039360907332727351361901442678933371636952450520213801e-02
14,1,1/10,2/10,Cq,-1.01265119105785268365664742306541126032929168573013286253412672512615097651193314446619862806796e-02,4.08578687207714198992524228502634058190158494616546923481548608403986597498099547917286749536455e-02
14,2,2/10,3/10,Cq,-6.26765862974765673496047940302122520367496201694230001363295966840867666939999253755157338509483e-03,4.46839205254089912012345691141681151071237616001993708345672475120491452052990480552952034335569e-02
14,3,3/10,4/10,Cq,-1.72379798583348531921063812351302874571598133775850255850859403717859097406789377420550879503146e-03,4.95903899775674828584823715155787407873645634144608016689410151331490959746091193095645344580820e-02
14,4,4/10,5/10,Cq,9.51402013397697409441580439911961850435595557105519982786062317176866430575850372592620118906227e-04,5.49767396879809921954376541765079625353058502940976788903493621097956943740536342448859953798161e-02
14,5,5/10,6/10,Cq,-7.46176401383419673829424555065574017366875667459811899772269047402744787590807327529632536526484e-04,5.83467686148301958095696077009851896593810476734194325662825639235116539681316816778763600894123e-02
14,6,6/10,7/10,Cq,-1.05836501432280261773597121116704161012381005455053500337431803998455789113179411616927373055013e-02,5.51922027433388000005698710106396750348606640219272221935611930423313341798172835955924338595669e-02
14,7,7/10,8/10,Cq,-3.51345929959718237807105512805468212982863829606370655476840174017646250033931993347701137688607e-02,3.89279980844267423303081394936130830018327944641458110054269738957558717924289289669496276171372e-02
14,8,8/10,9/10,Cq,-8.51536668723669770108670113179904493482041169736892164365543182436225033607126266603844520436226e-02,-7.04271865121930095318739947498389870137881606935525534942286913830799574831473156164290876117887e-04
14,9,9/10,10/10,Cq,-1.77853811354804877091909607461468377991016791712163082059939753077562899432740804502143520707257e-01,-7.97166050630163724388349414718789586399360118046101168329165983359593057441512416010182069732787e-02
13,0,0/10,1/10,C,8.96572847072861192975941479223561889065163593251544997646344738872796264480467083292517039049326e-02,8.96872117089523217520260205988940301481454961015715336765990873482710987239947355781241209448928e-02
13,1,1/10,2/10,C,8.56021071234959331867708605812080713311278874842419287709634627410089621041129904942945406439216e-02,8.56818651777536702295401570177529479442629455007978268689528090730672686498429501927436049746358e-02
13,2,2/10,3/10,C,7.72449922341441110229297839503676740191531894358292968958145403112182102987641911867665161473971e-02,7.73787099888235797406856684341290184282702127580475174806674117170840038249201539420613831012638e-02
13,3,3/10,4/10,C,6.40290014219210413427233919126904401992385469577603635610714818639326878082432684685195964866552e-02,6.42219480903426177353905506387749600469990233370346870809754212361705913035374387959653793803190e-02
13,4,4/10,5/10,C,4.50760316463771376230346984874809410539344953006123100465165206273007535661469364530999012716478e-02,4.53398459084626780481348603124656743925384621355093669814229251089292854979778187361894418248175e-02
13,5,5/10,6/10,C,1.91328099040928117128834776719269816539769201227239329401472149004668915248713665602430539871684e-02,1.94859398975791556443747443985125127594118968930306157844017779879786794788510410287705617366124e-02
13,6,6/10,7/10,C,-1.55146941765699166758113887604826598521221890323378606001716263559087368021605738764281889491478e-02,-1.50478158515749882419612473027789548266897379700798314593992863852333021862764227444374459798988e-02
13,7,7/10,8/10,C,-6.11723409955028946707893045907544903511824520873519702755134498623113663346439269054569743379757e-02,-6.05555609985830696213871042715636303957771504838637174052545370081900421839534984769256428437386e-02
13,8,8/10,9/10,C,-1.20927499271649108833676066837719942320450388487036459928922605481593516996529135943937053696827e-01,-1.20109566498182227637892173285700247053871661433357593403678597466567479525199520076175590051709e-01
13,9,9/10,10/10,C,-1.98937347467495319359950376685186926244952882382609345717241616495586519137982177744521646478969e-01,-1.97842551431885551307813863301466638338595903703559106994663711692307771972955217449540969016593e-01
13,0,0/10,1/10,Cq,-1.06788658028751358702000570783337965358627973885576931840927247738059016999331691093482502758230e-02,3.84237319593379162285025949130305676608031420205525585850935935162790406777326871330358012472409e-02
13,1,1/10,2/10,Cq,-8.66570220552254681596766556839147665634633471965501631870663762424169117582596515322731314018755e-03,4.04877929403206204511176655404269973266022335065700865196910443355822971030220110648372699898737e-02
13,2,2/10,3/10,Cq,-4.92163789831101691573568132389750952736132627104512124883661110535027377766754048635891667007456e-03,4.41770245631898570167522756976962592267416247739732752759768299751501119214495737660468620709045e-02
13,3,3/10,4/10,Cq,-6.47627386842376708767479466417415923951963452348762358952611754462551957172575582316317148265671e-04,4.89161476937303913364175665068005274344082439873169250801279410024830214867781027297007754889238e-02
13,4,4/10,5/10,Cq,1.51057515569235235900488484862042562903593756588107865858469085519122223828629977647080115066174e-03,5.41793876744626182651730161242050275557163385313187085343309782166166787413059989486070822077505e-02
13,5,5/10,6/10,Cq,-6.24878513717489313881630767672786718078677214598992243916219744837988278290010010037438103924106e-04,5.71378059886410082128992900573107564144693173680726031320928453509502836273727876666648050428389e-02
13,6,6/10,7/10,Cq,-1.08565577790946949986608837254281649668705166055489130723759197140206943383547594825965712487333e-02,5.34750353107792430380045410535078537256251901874065021985967287861759161375749811833822467319367e-02
13,7,7/10,8/10,Cq,-3.55819130509069754672260337065732033013109340049409545096313022207359720363323532907361452073634e-02,3.68928753227963429956608345239178886138382559789207662123806014709671395643968695858091790324031e-02
13,8,8/10,9/10,Cq,-8.49946325641603216216270110007027098654959824322547138167627537651690116086782584006901489983803e-02,-2.32226679420174497487969892509168686133199501208584597792984523987581115426531211590886185958374e-03
13,9,9/10,10/10,Cq,-1.75078431518000549320822937031013271296202236953821201769383282453281846356200907489654527669997e-01,-7.89579256754844048342229597410761499638875807627313118904609634919595958700289571144922004748680e-02
12,0,0/10,1/10,C,8.92109462768683146272341857788345473036327430041807542949996108493837549314112426062050042360011e-02,8.92400839681439296923450249976513990734723571686833815900041023774990976001530013187790147714738e-02
12,1,1/10,2/10,C,8.50933158804549081046446535071754090793138266151321193749808855613490540959240538835685575145189e-02,8.51706977980303613029040336451343195185113576665317022293939665027626374612683911513962708161221e-02
12,2,2/10,3/10,C,7.66234359028697404137057232597674879959970221087768058100511543030961234027072553564725366370014e-02,7.67526067076589727426887800176273720662707460199050346743661163416122096149263644074709709657640e-02
12,3,3/10,4/10,C,6.32720414860044830389946427169850366170904111195630076126149817060867065946460285115731512807619e-02,6.34582044078675982906413425121020871727961393786723007416235691986792570952671332266354811178536e-02
12,4,4/10,5/10,C,4.42101128361849137813030242727800658297586895033068673786069436225416668652884241998052266537017e-02,4.44643236815064309119833413669295242121467816712522849364359223630517037762739149298652381501177e-02
12,5,5/10,6/10,C,1.82640351829612213245197702581706411442727573579449820807888543392034171792743764947010647476517e-02,1.86026121738067337198514287242819259186039253409213875225463489690644160682564626597743855127251e-02
12,6,6/10,7/10,C,-1.61551219839818169948227060830044652160062038176829187725126526472938710457843913805844133665530e-02,-1.57104293089307672827439978242836267677820683021431537328644369984951275705574838492353162083921e-02
12,7,7/10,8/10,C,-6.11588352084886562315660726969066221880260289642037086348382205495335729593523820842762086495141e-02,-6.05760508577011133781712329316636626074258371793886867450184256450204723262813715473543717496918e-02
12,8,8/10,9/10,C,-1.19532834784746638950661968639992250402071398143485659951809120475571954480191313398590230724250e-01,-1.18768034348788944720675614790579526243418476822166611145923908111440804392297017139120779917585e-01
12,9,9/10,10/10,C,-1.94967609620887302470912626055099348133937007170411470301334258027405663987229771984481687948313e-01,-1.93956185763648359423888751276071596878748791076292136001760661921212378566529804137778517296152e-01
12,0,0/10,1/10,Cq,-9.19564140031850669211920722154120028970593096118279468450739223893633809290822756990639180565146e-03,3.81348208785483214180002767687907020785341723152752715545877788392681930846185714619749660012753e-02
12,1,1/10,2/10,Cq,-7.23361016837874352298794934337618173481533412511088820714864267540667516288319704280027845491994e-03,4.01337994618604423638302371479974865674451403680465783245680671892453195872831091266620826543443e-02
12,2,2/10,3/10,Cq,-3.60953615559968989624895735503524625419200154354274016809045399106813413327199533518560408763758e-03,4.36848020403590065362297917911396392617858992287239981840553961697701376335958866779923504048638e-02
12,3,3/10,4/10,Cq,3.90083454100422493348246501087407901876023599470573217732806307330655421373221196630101634221482e-04,4.82851308788557328848592036762327887667970809168975552116530282665312042699706397350576291492938e-02
12,4,4/10,5/10,Cq,2.04913255516987088484521346161006790959288031138350988867041675898580411920838957335573748995520e-03,5.33737276334057114976187957052320960568693079776212293708560044027348979891581051058191026924576e-02
12,5,5/10,6/10,Cq,-5.15132552839081845019952396136299625693398199531207331124184272390028714823035353341963328891722e-04,5.59210736207826093972996635106963658591360744946573346262662863908479763389536975828452126174876e-02
12,6,6/10,7/10,Cq,-1.11262332706520789963922312200130891442963715684221006579381101844152083295040070402694092536837e-02,5.17639268676940499749350855801196282064432752082327815421924548618076123542613190213639033981508e-02
12,7,7/10,8/10,Cq,-3.60326716562093824740780241122594593181038226891400398203583936891323259876405353985018088412446e-02,3.48927579205351689905572255790031821534709205475078029141946018965729094859003404195752363266501e-02
12,8,8/10,9/10,Cq,-8.48643980532876111279896093809786049781332566025871809242889952609157600093309145834162058878122e-02,-3.87129314878498313816643185657567883539525353230403616454935044571879640099040313304344391447868e-03
12,9,9/10,10/10,Cq,-1.72371557448585173475953978191323439058601780667549623144891287073159550530878563657599206747207e-01,-7.80694053105144181552433978015661757782547805197617274443108607998319519875387631520655293043677e-02
11,0,0/10,1/10,C,8.87461843789473392512056093066236003384942284332219840009969694542386441916712128642249147925824e-02,8.87745432065939661526025635551879382324931520278839263344427634776669723628149632608045724873840e-02
11,1,1/10,2/10,C,8.45679217074421499815116712868667404151846924197846584831948545419979036958540991326835035326102e-02,8.46430425576041128938505683719833281885731661716781269742382609139519005284257286688789173351036e-02
11,2,2/10,3/10,C,7.59891689263162838596481448708740017772294288669797511712608525614007898203153726874101922441740e-02,7.61141129253886945840771846136372911698420759985087241211331333563626805336585448902590312874903e-02
11,3,3/10,4/10,C,6.25091836932151932527061199806010708374469321460873212778868108567019064744933991673294729103866e-02,6.26889677885668130165678682885757954950583497995441593391679614202740690004610986616315958666667e-02
11,4,4/10,5/10,C,4.33484725721695126318311006859737559113496335668848475215099651102883470087110014470126398700836e-02,4.35934016427810247459962347122090980151149879119848457279351645096217467499993738086420427000922e-02
11,5,5/10,6/10,C,1.74126053146095149018284824535941479047884674755922414798756634535326345324592643210839782310931e-02,1.77369466929350894443179318088618834194563839605570304273871241544004625261102694313404449489583e-02
11,6,6/10,7/10,C,-1.67650209062264089425195550908678919219242608554745434506458404612866998409722278454405540341961e-02,-1.63418061671578162056912421348389357350321375826528159424876772853420435448958373027136068309273e-02
11,7,7/10,8/10,C,-6.11086659902677423252972265031496198734560444613269995169068253789736764804017640873405038167702e-02,-6.05584830366011568683025110231281006380452714806987980863640265631225223602405182746484320460191e-02
11,8,8/10,9/10,C,-1.18119289293876200819738319900331701137682979386893445953091089814266227367068527324259103435767e-01,-1.17404728442008271005993145958670845772269493805967457208389680162985534292652728428336113927608e-01
11,9,9/10,10/10,C,-1.91055877893923819498821349130275833674312688532974355815098627339447582437277842635639181080056e-01,-1.90121775117799733365804497422392226753664107210395603627332445785539734109523900088690239387211e-01
11,0,0/10,1/10,Cq,-7.73891652175331861052236166181619092270306355448086691890066361761646042635803631165096258744817e-03,3.78627931041543734431391158185336448773572605651896447039298766492152768404693819720105434857769e-02
11,1,1/10,2/10,Cq,-5.83026695034583595357369310735515440482679821505815983895878925255178343845889825057897544150045e-03,3.97951797108108174901640220182695672857315715651679888643239555119384767877249946920929961225019e-02
11,2,2/10,3/10,Cq,-2.33835751155105788868318094903566242779576006577926202543948609797462496885047832088581773131664e-03,4.32140454276562938423925432693912411469048795084842552586594337494798596500502435392655505039013e-02
11,3,3/10,4/10,Cq,1.33048000676332130078948035137221302979936368758691040570112663088990811444501260607306115260275e-03,4.77100718121167164935301561896612407510921490100703140749394241523800590506604541669677626836417e-02
11,4,4/10,5/10,Cq,2.54669813145302222070537877706962418000460089463085227239803218944208201282854790267373811172339e-03,5.25829221387788204706548983022961363922905119533774882158443891790044077486598136138752237390019e-02
11,5,5/10,6/10,Cq,-4.16760034923045414677403690708910670644623882831652520042710054737849774594879191725400761189976e-04,5.46983476060400182308925682305613224803896283711050742918037392205010971729417204508647696143152e-02
11,6,6/10,7/10,Cq,-1.14158989391098743723647698582669492011203565990972658657020794659285281336459255292736469561383e-02,5.00649384978060475891095491710467780760121581748860399226683896516545001119780515633755885137962e-02
11,7,7/10,8/10,Cq,-3.64896032240475015582541523910617943417778759898914242161090555775813855094393944599891685617103e-02,3.29501162227934781475480422998133245793620361849758810476209331057473145428901149983743715336196e-02
11,8,8/10,9/10,Cq,-8.47035139424872632642451857963577704327719937444653706485141820734800924459357753559451072424975e-02,-5.29120387503079098271688125327301676197343900253250262268273536828814257660957215992877744098807e-03
11,9,9/10,10/10,Cq,-1.69725189690470629028599802731871131434744834865969402811489900790137689106574025398381640711696e-01,-7.71497670507828165408382623653747310051351253971339786901236025637752924485300097714569417652350e-02
10,0,0/10,1/10,C,8.82631483887492894808245371034244950901085690115689216376052940578151870031415988095837223516929e-02,8.82907481854918906150445608484585233350347562455167978621970640345875616578938224083136107400926e-02
10,1,1/10,2/10,C,8.40261426557828687060779484750739414525346910841185985753317870859381022367417392124843133518441e-02,8.40990844536276056736014998941497092595799914579962696924902242771542142188953919455090926769146e-02
10,2,2/10,3/10,C,7.53426132198020195883645021177332184036279890909689747602001293817999840375381408468993092389408e-02,7.54635140645553868803922469940673017113426796021750311514547550404889039434545860831989378275437e-02
10,3,3/10,4/10,C,6.17409140716194521308621890506436054895154942934364364964422395165016551168837668935339986538954e-02,6.19146844772217362479305929453974291739622699823447177147662104117216029320813974248292537042199e-02
10,4,4/10,5/10,C,4.24912781469095623207486516111291907953840555599963906821803814728054759049741860494067568001074e-02,4.27275754046658795840569008353605487621281721064433757981543817260495823338019266660677587527811e-02
10,5,5/10,6/10,C,1.65780479546981390029911071470075720660682471438662136692472788101192747034747629628145784533442e-02,1.68893891347731292452509477902297519700680187659030512999880414666916219573915618760720055890213e-02
10,6,6/10,7/10,C,-1.73453906205472353178389474705577172966984916583010648771291177633676329394774714255906882119040e-02,-1.69419937574600112838092397013546908168103045276375034622658386389523789348505539635371658293888e-02
10,7,7/10,8/10,C,-6.10235092840461988638483065788033082625558868729711873968061610097208379657431298011986318726167e-02,-6.05036210880711413435311904028357454885270879002999688207965424546481218865872585528715290551294e-02
10,8,8/10,9/10,C,-1.16688789659772194802131649532446415647149295206922235448319137090951783239888553289772311412829e-01,-1.16020626041625616142822634169215710431035461558057617779269452678161713020702710250006895877494e-01
10,9,9/10,10/10,C,-1.87201492187836295547788116814806901995128458819287672898657107628556014637036995398784437748266e-01,-1.86339074460714732188226863185830053516912067746601175202776162347639910710227255513632926351020e-01
10,0,0/10,1/10,Cq,-6.30875284088720722635115724929776846331720011279933943346155513601208099853593567647194836397563e-03,3.76069091971844150582095228338516077853248664515005797450856953366297572227807188068883852877714e-02
10,1,1/10,2/10,Cq,-4.45560798797467117061805681408065856585952769322855229531248100068145120192515049964704591877668e-03,3.94712172896188570435070739737146655767992230202314188315831669894870213995183814378833812646067e-02
10,2,2/10,3/10,Cq,-1.11376829564581269036472604560156246049283056018183111325054814921409798515367627237627176568830e-03,4.27686766354245439919428751937424908294522088709192839542364436158880517072546924654829342074807e-02
10,3,3/10,4/10,Cq,2.12046200167177183364354585017191442925424834714164243392139294887815129778733890390154050177447e-03,4.71809340584026710817464037209199341857184369931448323617527026185582771950654498137530359304720e-02
10,4,4/10,5/10,Cq,2.99933958648170555622271026103907873892881765840831724935102392268933965979232545103999785874818e-03,5.18083213395609818396549927904534749493973761995236973035483129278051235616237359674677804213289e-02
10,5,5/10,6/10,Cq,-3.39199264278775961139571389781557023531993476967313625601059275773749691289428377276313574983126e-04,5.34721887778064145137838395657824568384578084625691484256031435972430833708561068354675382286024e-02
10,6,6/10,7/10,Cq,-1.17229963910039170053875269728562355629528880988132278018137866282998058309006132603234921294888e-02,4.83969561689675954543065710662099695869576034537256135931026116259848975387398648439982478165480e-02
10,7,7/10,8/10,Cq,-3.69282086977196648075023061268379050072694346247556614161539331500581664798653042702680304760618e-02,3.10805835083570567757520267717102052638394396234396488970731184395081501738376266820119957781545e-02
10,8,8/10,9/10,Cq,-8.45107825611050347166858489220762604807998598928143128248850225586182894923338330384654052925314e-02,-6.66349797841612507782278095585017363630189614521697672094419749400438441702812714280772874266589e-03
10,9,9/10,10/10,Cq,-1.67145890680237242910980626231788234466686064024810569829130316646445263967134029282024995364619e-01,-7.62406947152984375870640034870232832805253400340644038222977820616068284112947781269699538222828e-02
9,0,0/10,1/10,C,8.77619806382824290817566761885270947326438561117612758000254243389483614312091453039627252133247e-02,8.77888836768795120722270381998326584858046941805650129690555680135011004752030771938190619158194e-02
9,1,1/10,2/10,C,8.34681090009442582229111995614939501556699602553149186995516641075165450744554257630896453200946e-02,8.35390832480772352870539610478948395090934526988114874666171492049890356432813810612838418888396e-02
9,2,2/10,3/10,C,7.46839463994801398733174228525813377084177687729648698531387763221385901217974867191603937425100e-02,7.48014762748923407720859585910564775536491445848235572162856478752216886326917646418403574495267e-02
9,3,3/10,4/10,C,6.09675312068644888647263713491796856663437713511612924675618288358324388969778196751419516621479e-02,6.11360007976117868144177734525372055527186319603998097796054570103629067153269019199572134423674e-02
9,4,4/10,5/10,C,4.16391118856264763356610411331553139991559508214395363514199470804608043096884970672666180859504e-02,4.18674112188065727430575887382696182144212699955947607781011810268872508860850840406201410552817e-02
9,5,5/10,6/10,C,1.57611816802659217313933870408950584783103416652778534816344776639083599358642149094580942365943e-02,1.60601906528621743402705716444747794503991334155806487753288439163313470116705478950809031743813e-02
9,6,6/10,7/10,C,-1.78961276494372748150263827283659886521902151962089785427072467591221983780348127263311435874689e-02,-1.75112070280634556733545050957847111409919798285446857517371302682151522304020603840077613680412e-02
9,7,7/10,8/10,C,-6.09042810608754909368695839359113994364490262978003778373572008763373094657070222621069251650080e-02,-6.04123462126831305796944652337050268093596521919771300467186730934202180038028883804659179611871e-02
9,8,8/10,9/10,C,-1.15243382737786723038475126104211690934761521245506719436354864279567981542718500584335735743589e-01,-1.14617054272604487094447451508617550550865206780111374779676749209658326419587474129612993009458e-01
9,9,9/10,10/10,C,-1.83405912820861132138452103703963370082185971524451389422638674910954746800497164361387131376445e-01,-1.82607022481131393489506995847354821270494749045190958896640515633519586176272324911133939629593e-01
9,0,0/10,1/10,Cq,-4.90516499004672579969341734367235636794628419411743468659600879832680913710186145244335074055585e-03,3.73663408184332171352949218922078270974006087678762102030097601568454827896722013173597785555318e-02
9,1,1/10,2/10,Cq,-3.10968627558061796129865547060779681757822425876850782916255499009361969993878724620479084299323e-03,3.91612253100197288747344477541243629695631221775697314282362303094989254418157901355738091395580e-02
9,2,2/10,3/10,Cq,7.69004304242623761045367179050192281807370652613675171941670426119849888315943317087862202587219e-05,4.23373872152125874540426213569437495418012603427953405221460030110101184223335711376202261153748e-02
9,3,3/10,4/10,Cq,2.88139897968848124466999764921032820017032577976313726003454985058456259245237688743956545235054e-03,4.67225473712024501745509989498874461615992958050342946303108542753681477186576168509009749608373e-02
9,4,4/10,5/10,Cq,3.43340558068852796081292502076934165608203783530975566961673976487030998177546060398681107016050e-03,5.10271664400902868923905043779235217864449239887940331147926546260931737440735140788637847463633e-02
9,5,5/10,6/10,Cq,-2.90628059057402513271851948086016389624554406999352779415868692441974351505593629250474509116058e-04,5.22509745922335856598170587177505429858786049120131302644950162042313043354739856824970237038903e-02
9,6,6/10,7/10,Cq,-1.20279113503653211245097019222364412018915046256093206031752020733648140183633130477642430301103e-02,4.67624338784593058465084445677978432343864396503164802241674829466307985254066570676683262070741e-02
9,7,7/10,8/10,Cq,-3.73388456185178408957394590295122788078640551551548928728342932221526965063877536295076696606863e-02,2.92428149131864962392351984943549188914876850762848991893232762295849988996497311332522004154643e-02
9,8,8/10,9/10,Cq,-8.42845694579484352954770481817650606634287911648835545679708558337911135136894903849200789264898e-02,-7.95144507658966688273253575889956119636037221671621309554367483838344655179610373283731839185579e-03
9,9,9/10,10/10,Cq,-1.64606451552049493224597089699305571771454578638414129094287553699794469834306051786350112470223e-01,-7.53425526166035868008311695034929428081669612389900700429177933679391305295379095642242667994359e-02
8,0,0/10,1/10,C,8.72428914193005585597075597018154894569128520933222020430632545015461579440136068960120460354464e-02,8.72691032780896296467757823057743289779045403639237091408847208191402090584853927704540660407461e-02
8,1,1/10,2/10,C,8.28941498399987285600230465026156696785215374197017345874183697934485698216929828947900212779696e-02,8.29631983725803040307941489987235841630080803507681498165800741847436355259328387833530494237572e-02
8,2,2/10,3/10,C,7.40136966479893949700053472770805940526903551592215183466562871511033212826717871124274597371239e-02,7.41279364761723333764577499518177069603412061487910378943497745652171814709584405144856118304454e-02
8,3,3/10,4/10,C,6.01895285877856876249580494313825976161167164288275952111244854978993718557323338532727825751341e-02,6.03532957694747573604329491344942787900501435917277424067201127630540776123209665631368982265891e-02
8,4,4/10,5/10,C,4.07923190059632065718220057003165314565376997762119926818840217820954169643669749840630376477809e-02,4.10138324987606164191436517267530408553358524278995209598522998495973562541297020558584630087681e-02
8,5,5/10,6/10,C,1.49619041518242452387627597619652770364088762073861625672463038317295056668766294979161343272962e-02,1.52506050270928265128404094819119178337614120579910933398772779417531337581293914153238342981526e-02
8,6,6/10,7/10,C,-1.84176381100416720917329621762106823192051689452143323771385455816473048509044324640176931244205e-02,-1.80481696836774491727351600143588622309068385733291238477615155110957827661515906246493864821611e-02
8,7,7/10,8/10,C,-6.07516991884825113155938859144328750421637107189313243230741053978613272221459310388788923330033e-02,-6.02834735464913370241390386694684720203549117762599585595068109367738594053216508687439208358140e-02
8,8,8/10,9/10,C,-1.13783269197200985056004209073885298582470696326735352739740655583194726008753231537133844380229e-01,-1.13193124513872846666367415722772424862199191237414843725429194822382306222909030475374122497293e-01
8,9,9/10,10/10,C,-1.79666827754428797716503506998356995694279236385539408834958014600912199118541104881363051287972e-01,-1.78922828512898918999943894062949539191111260616666490089480840740468536465781101047479412326178e-01
8,0,0/10,1/10,Cq,-3.52808404695306012057620877279268572217297113593558120057146127142733105233746555060088532232055e-03,3.71402123289744923965190979247509500489747999123239888363019975232851738254219595394199379621371e-02
8,1,1/10,2/10,Cq,-1.79255231414738483593684212735211644348279478308689890592398185757463985585365710032503521011988e-03,3.88644480731187279482496060222440887875452216459824805660982266345712009362957674932623442030870e-02
8,2,2/10,3/10,Cq,1.23707902243510884435369235878470280248965145411079808766124377835658420482725414641158510342008e-03,4.19158414520835850241684347818210377288655780274713026596538999326110432262634848354563778485451e-02
8,3,3/10,4/10,Cq,3.61804261209317519896064896964994646965447427411792490375298723142408629006300264352007607176404e-03,4.62657904393159864573806809140549923850949273095688562724246706304432383444911146986518028261080e-02
8,4,4/10,5/10,Cq,3.83546154620587885746539418913049226779293650051417834842641977760882090035914755397895428782319e-03,5.02400567649552172347859732599131382945570074407858853540875258961148115626711116672268654971856e-02
8,5,5/10,6/10,Cq,-2.55495401094919162452207545470241044672201743203822233518704384171705017695586448422701869874618e-04,5.10493426571073998886627220359794762705433843343678719462518115104566408679230730289399869232226e-02
8,6,6/10,7/10,Cq,-1.23289277511752108360730690050040999496610717505426977168176969141769565877030778864160423638930e-02,4.51429730766402272213585837398828243456231312848531799200539381212515457437599902460142984160714e-02
8,7,7/10,8/10,Cq,-3.77247278784581719565725788424497809663152519554064011156849157348764081912575094125561328011380e-02,2.74442130237720889592742013184420764880775203567583608762468084608394169145567684196131025675583e-02
8,8,8/10,9/10,Cq,-8.40259077267858781975827209735586422833091936420565247757390943144462337939077519744948343894421e-02,-9.18481171497082371365312897570319995139645471791598033365653865944618283090487486765821877735085e-03
8,9,9/10,10/10,Cq,-1.62100568430241866989762237009511415938482379873354004360265801940726056816815569211618708793910e-01,-7.44363453598944689823248950941654569590774108284490686497624234351024002492177260318409683881874e-02
7,0,0/10,1/10,C,8.67060565914159314266128971081858592912702266816988464253224909255170487828012604339668697842353e-02,8.67316205294403221446861007430702881141774584548426987541161563991074443566098845900920260537382e-02
7,1,1/10,2/10,C,8.23043909762114691642108024137009539777763975800381910721718039553954179149259856974782435356562e-02,8.23718640436809666617959827574975858688225871563630103771364371226055558648266143875870243116056e-02
7,2,2/10,3/10,C,7.33320592966629641573792922979431994027540047581332641537919536458757076361907212731644181139775e-02,7.34435496022148326226998453481868736548482602708330806678178075526817529777520411447633334041071e-02
7,3,3/10,4/10,C,5.94073093323413204302406628602936782756023761280348024521286065574207447849162477794549659886799e-02,5.95670368935173169550227702079120830245494398425692063383770164834200050574921022689652354033945e-02
7,4,4/10,5/10,C,3.99514779649454913392954659223368363454567140358796624594208689346061463602501688759546455921354e-02,4.01666077171720643769042379378334930246930640925814345198734941435963942673217183934503171050892e-02
7,5,5/10,6/10,C,1.41807726105768072797332205835622853316300055889070863038784503722408630024754483197174323349124e-02,1.44597262558083560472863910566826489935723494407067628307652399699455791757822660543142906978808e-02
7,6,6/10,7/10,C,-1.89096577260119118984027846800899878240383615998264413003163525291818826836198495127693341783002e-02,-1.85546638854896531401657691217364843630096752335590462218587166563253358648352466548862035124680e-02
7,7,7/10,8/10,C,-6.05662867754118558013747407073337627400519796998127732788003488689597947125196950654868192308831e-02,-6.01197019920421886729078244971209135942788976720768883616915299831157049743228108870198737580602e-02
7,8,8/10,9/10,C,-1.12309545091726159395102453605247378605133570770840234117084035465170776818692984668466739164627e-01,-1.11751734577148640393381051837295356967989409325708382802541413751253961913844228604303820122163e-01
7,9,9/10,10/10,C,-1.75983511840746106707157696926554022853816543007494925387568020896487062742418962598799281198474e-01,-1.75287134604106538652211509914009063029528010646219374183333890804411293168308520228799257830482e-01
7,0,0/10,1/10,Cq,-2.17743488152950093941938983793624042450696631424265113866442874752185608251444110630765554794812e-03,3.69276800677450151649384542313599734498844472136057280866156436670596900788843686022790136205899e-02
7,1,1/10,2/10,Cq,-5.03955491888548891503241277269612294254479322002428264148617288556546602760769173363550897026606e-04,3.85800017977855491416440462008693183678935412767591766590435364483884845292222542140047994610295e-02
7,2,2/10,3/10,Cq,2.34394907556164623594500669835650874652106498653303438161843862565598312182384963388857944210318e-03,4.15193016580647164812910781502020064556056898672994082036968697387053952811463616670725399801730e-02
7,3,3/10,4/10,Cq,4.31354616290545923390923523289352965694095137837015405058216616767234145716250314346293842584820e-03,4.58211676418314661413397771600901412731347798098284004677451979885344167505680043896209416870957e-02
7,4,4/10,5/10,Cq,4.21486628112437707502879408250972383834047575982018651381431931709065163728097268607155731682779e-03,4.94580033945688833087608958218350638487933940836427339766405865085785293977490617293115688464632e-02
7,5,5/10,6/10,Cq,-2.30878802449054264275006434007054587580482983926421018843138932898251510318198377217243489103759e-04,4.98467413364131121517912644262846304003483395638692859515340442336329254266354467697331138795331e-02
7,6,6/10,7/10,Cq,-1.26264430702050329963958253892742211867177786912979021926862843496433730474568763390150966411988e-02,4.35380126206231949736958779781752106977111896930162120179034479773360882263802174072302178719360e-02
7,7,7/10,8/10,Cq,-3.80863058734593955225475641640874523822772274095682488968909893066066141688098910766236880074373e-02,2.56832050530385997506092474611613133143650815350752419404817302399394375600698197685606374671428e-02
7,8,8/10,9/10,Cq,-8.37713852389150226042364969898672706526258935794449297058677656619099423024331467312398336587529e-02,-1.03642391178665059999433775613864348624518401863546660034045173357652094567925691940938725365208e-02
7,9,9/10,10/10,Cq,-1.59622801434573330997858990854514599292503680603242371202016936216448754422538945986172290715272e-01,-7.35286113681764821671849416679301677767029685404968532766137814304298243922921580845379567675509e-02
6,0,0/10,1/10,C,8.61516979121281443331700407287555930317998070079737370279740565290423879345859603398108087205920e-02,8.61766250156871112232113534003148033854209060439773135222184113568204965300358345403475861565344e-02
6,1,1/10,2/10,C,8.16992126747564916165399474071165563548899324739437362029370505889456922880179122574174848548806e-02,8.17652409146255359962668506719604732934010771246905236970668465325891745514423057020056581273487e-02
6,2,2/10,3/10,C,7.26394619916734036677766388266465089213097871738722104881805719970012794498020211074543244642002e-02,7.27484809969956567800201779899278950136666693470508060798627095826360521086344981665268581929167e-02
6,3,3/10,4/10,C,5.86213099536616754848841280391417028028482049600112164951559812256772558999746876090202233580538e-02,5.87773600350418188826687703881459641406416974589610283249391341674827841373161608635963454584918e-02
6,4,4/10,5/10,C,3.91167775851856780564129486980102210660695554806103734825324388895670521777440162949742954988349e-02,3.93260809659008869468954882772597718103385292587354464343263144847469913286291702228525606049579e-02
6,5,5/10,6/10,C,1.34175599213723221724011632512830011063867074789318049692065209227194768716178154080328386113377e-02,1.36876996915156753954582264406263383461912726370531396727091598424764442468316470020433339254019e-02
6,6,6/10,7/10,C,-1.93731068298443675226200684729729753132902969257765993224490822451245729661930647891219283797681e-02,-1.90309405195167367320126736958975508195614745167487834492969828141490800945245806272591615726325e-02
6,7,7/10,8/10,C,-6.03497973126921522756652516592931382150852408196461259282091959034095799128606759334884696878151e-02,-5.99224029463020967507913479546085764977508423014576380659878376537728489721803773479548594663626e-02
6,8,8/10,9/10,C,-1.10824533212180835205064395479420557420153399400921494862754686030875485489132848766150142630216e-01,-1.10294861407304556776941494462834967851884753205197061731118466827348417181427023758986615317325e-01
6,9,9/10,10/10,C,-1.72355724419544305085824551436780901501301587046529146992932928141504627863755949788246310443920e-01,-1.71700655338454053095320421963099489388985359609605750724397179070740432707869150133112456101645e-01
6,0,0/10,1/10,Cq,-8.53149130993020419801491203844848382696000112119495330743739315145406236018786575664857012087531e-04,3.67278861352497197973180668114288576597006781255420017338112016750116751901279899522564642894303e-02
6,1,1/10,2/10,Cq,7.55555317966619867449476312067496976656907542317252472926467973461553922403406841199366031485505e-04,3.83078496627632707576178496198340146224815766233591678886079552979732121477473375569677761870760e-02
6,2,2/10,3/10,Cq,3.36695717640332655272204599960527169191882880569210008871993271499390396032209560825472965729484e-03,4.12069410409468701346847461752294419733770378369032139511184866298275336448100842282977757476360e-02
6,3,3/10,4/10,Cq,4.97434790497963365727752489624054808549316591947247797480116824257900119939383716929675628078197e-03,4.53785241514347373577914950433953926495142944510022706074802269662828011201606897655069713289637e-02
6,4,4/10,5/10,Cq,4.57773471568913211711042443677386784581167914125385194470146835020144124544504479884588180577271e-03,4.86750293269253992089050960385585716304154855171427489056152536358463188653588059244208236152610e-02
6,5,5/10,6/10,Cq,-2.15802348444007755457911616402350639889481896107238317969796091093335986146123409462021258491770e-04,4.86445229105758925748861018534111749967741680028908134452061573531216516503464055107291683058133e-02
6,6,6/10,7/10,Cq,-1.29186015547042918051312746623585856411253442902534470400060445851593256232425228551594215051783e-02,4.19467046375899242773876978562912338719686834230206073740457153927773374849892917702902413146500e-02
6,7,7/10,8/10,Cq,-3.84242234086193430233728806055854620311049929603693328665746135245531187604858574720449202924917e-02,2.39562613224867099295818190832443175623231626794519122955882667956047798554335140959190616314215e-02
6,8,8/10,9/10,Cq,-8.34890788003998038956148915771692815897922351660079490767573957526410989720426179567310923409262e-02,-1.15000400002065261829330712652849831749195108291800588530205646216398566967196322814911973891751e-02
6,9,9/10,10/10,Cq,-1.57177970050443445950682969480350426053801239346529574230107289762208436755666661847932707770784e-01,-7.26345704327675302749339451961771041676295165964309073173681190966589987065388454560109295188661e-02
5,0,0/10,1/10,C,8.55800306182150670090515922925842402459153510978189946301880150100264067706326983626896196714820e-02,8.56043196638661136931119708597985988075395952894667919109266111394241059764019279622597910825087e-02
5,1,1/10,2/10,C,8.10789100372368077564206851244202253339584741405346779229781057452760216426004031130809520435820e-02,8.11435063290824441376620306737028819564870970964950804954781614051675234666709910747565215033186e-02
5,2,2/10,3/10,C,7.19361135759892762821247441409878508626263907695527664040278652289119544863768742515594607340937e-02,7.20430462264745099325258895544535331026502703146745694076131534321149286924629271894572486514957e-02
5,3,3/10,4/10,C,5.78318680967858380720293764727221133861342555061944656431652918217819570728423139199890660636865e-02,5.79849009931335313742892795304638630925658326776445221198787172363248180269527589578252109394051e-02
5,4,4/10,5/10,C,3.82886938175554774952309120725224345079482389289550794190563247606028152856557725101405013709791e-02,3.84932114443683181223923524637733496682491158565889731651923679943604273792632877472162596697541e-02
5,5,5/10,6/10,C,1.26726924338841723853688118918950255539025000611794403003818182818676301173799758454932335960672e-02,1.29354421782156501879641206108155150789413551057363765536143950816635592091612497998995664599305e-02
5,6,6/10,7/10,C,-1.98076002698163411252752937889586902578610502591000925659003342530864499743350194374955963668190e-02,-1.94766733096641522734929634183357154146243271699083485949545539110045192328620408786801874398468e-02
5,7,7/10,8/10,C,-6.01020662203519339576620912922240387913189667633229555727786544966202843148461107598098252691417e-02,-5.96917940089689869538743425518823434737263936674751729098489494108082025611905538269871881642449e-02
5,8,8/10,9/10,C,-1.09327726714398301883094571560270972991219689670615135552849372351329015845462439767217828683844e-01,-1.08822971743425131691035486128718825368087434644224919123564528075690697248969826160569016696704e-01
5,9,9/10,10/10,C,-1.68781698249708396858577283900412488263889320863822517033782373581293343639483456103117624249634e-01,-1.68163656401206158167966605346595605377132279891066317345779724829826061659551531227858970935947e-01
5,0,0/10,1/10,Cq,4.44845130702605359488477377467855743885012782528259210908375581465998436359366875601622716182809e-04,3.65400202674835868771076528472287476356971452042288298644225545914272566592948146402516016034301e-02
5,1,1/10,2/10,Cq,1.98658094070543505880378929512719471557536110318929499053282845500243842717988391064523115905432e-03,3.80473308827440390507396073123177631659722231476896037624067187832584321520354458839818799266466e-02
5,2,2/10,3/10,Cq,4.26172296751186984582720587853885229745984885124904518287541398848932909592785154252620663012492e-03,4.09440920584135534367631725963693647756790951062986422816068989607975728216714510936797833024540e-02
5,3,3/10,4/10,Cq,5.61302134596227915667819035297357271160171286245983343723063803087199020731322642501913156797069e-03,4.49364281963884150581749808474581936255040994358804976649772013785746192129495926309417854846163e-02
5,4,4/10,5/10,Cq,4.92380218346268605090611193568158326501129048435718274679001366703067539161295858933580174008413e-03,4.78855232055328311196160554731544973153177727375119766753913196091479400835460302619812681246714e-02
5,5,5/10,6/10,Cq,-2.11564865945246614016099892354883855565280771000035082425907600086341557581572245240622264665824e-04,4.74435983906703063083489805191270605048143828401570970391721539644861176223069854324742355379635e-02
5,6,6/10,7/10,Cq,-1.32085595379835676060200271121563255557749757019681750981621630919334455667905392684919549902467e-02,4.03731161873635992208327151074655782580285460060900888107107682933758165178414321062439792851335e-02
5,7,7/10,8/10,Cq,-3.87406808202861920956299662507814773766704223832840171888179149719752302252193068399516528952445e-02,2.22900795897621190730553010903960789507732608473891946321157856889812404653003857267747427116776e-02
5,8,8/10,9/10,Cq,-8.31768755283980225571211468124939766239063386610681231004816966979628791082080203092254038221545e-02,-1.25866284734311790294802949578624568915728366305663292734021100987134727266627952231150965142038e-02
5,9,9/10,10/10,Cq,-1.54763623114559353988543406432966686398772680011926731027878420063600940800305264063998097993394e-01,-7.17473653617919046085392220749144213030165497012947335062732339219082478526346022785711612530575e-02
4,0,0/10,1/10,C,8.49912466162040270399688214780759434649355700031006496558753262889518451275913756105525189467485e-02,8.50149739321250255275558227233911607391660290905925379169279757830691061917363528394570441917723e-02
4,1,1/10,2/10,C,8.04435532566817593441327019012968697352017265555459250757896458764355422611096807711856700680262e-02,8.05070383370598577463588115259521867950816886004705934534559954445195582347207476682936959750492e-02
4,2,2/10,3/10,C,7.12223613866195882904469972247150191045701181839337669800226530827648540328385669256050640302452e-02,7.13276270860809912106615781588855529755392845801821336150075663621480724338971942745245462197581e-02
4,3,3/10,4/10,C,5.70392981394981781509689522450506375132672858894326868809049919946416846084710455830308591120307e-02,5.71898857946794962903521370001686973472507695086380448779748208786482528829477962341179783719284e-02
4,4,4/10,5/10,C,3.74673788140602253396080540323462504285345383107065103625730360063070811870197577073974892458287e-02,3.76680392518415818593396160830649690906343083813182824965362677034410934456998073469826907740822e-02
4,5,5/10,6/10,C,1.19458373190866757970659248848756798179468213417232898250289292886439121850588383482288806349796e-02,1.22031173100109452993466757351518069164880640835126826008209868502465705741202368652373980242933e-02
4,6,6/10,7/10,C,-2.02143903127351991600296367067187905752306509739464337510777539016982876499115932339851348655856e-02,-1.98916737268480653204899336231933409220531803366306847241005704710458567604800986904925904177206e-02
4,7,7/10,8/10,C,-5.98256894911332792680238957075314477967137794665976966071657142804603748516562112565583730558606e-02,-5.94272480489332486262982291017730332521403723396305316277931620655459733472579377306480202369572e-02
4,8,8/10,9/10,C,-1.07822482847857613681304108932871817779925575231562613206034059160621698432390677921022141172311e-01,-1.07335121247286666823253137522040898018863033646903585461185236853322097860341227584457608659756e-01
4,9,9/10,10/10,C,-1.65262666518004669881350147949830052837445933941980039522505370974440432998867189092505647064533e-01,-1.64671159420495391955422690873705567068993374538338710848895727136238872287283810319802389965348e-01
4,0,0/10,1/10,Cq,1.71658983351628100561823441243253042698261843467931950833339311373460592830538526877988425055781e-03,3.63633150993528521137410783139155743237922425852561845736067842956006012795541816067586850160259e-02
4,1,1/10,2/10,Cq,3.18763823004444776395394228083520830741264871937125997529107705815868872421016920650935763812398e-03,3.77987137828765472751825111303702104432091315125847612248595152883152979765805862642018412696738e-02
4,2,2/10,3/10,Cq,5.11756392139428761636752790515022035380497126050045045418582958381901829206448341130251779258289e-03,4.07366035270393608797811483012025513004557934913162845856431350045304797142048781951463603438889e-02
4,3,3/10,4/10,Cq,6.23348566693775609097499099050892435341954069026347240061644774865413138342240137948845542246862e-03,4.44913422622125090632575541220883767527217686238319013576456689062337579254602738121350654448821e-02
4,4,4/10,5/10,Cq,5.25348873605105228540613598420189259917839344979117908564517362172246746949926053474017561834394e-03,4.70903611614146863963031190553323959407447819697388267216872182776650727334024237363180535132660e-02
4,5,5/10,6/10,Cq,-2.16484944798291553688481049323122408063232301805790828457250362024001987331204437261870076419747e-04,4.62430650228390558278094286784839629278557076121121159418316469370814445510334528652207903466385e-02
4,6,6/10,7/10,Cq,-1.34943358279376330780610238186540192672009477766273057586933646982541926096973944409889710998851e-02,3.88160248332332820769707757901669853254668677183718152280643041349561615255085619759451768624630e-02
4,7,7/10,8/10,Cq,-3.90400673521923964103180873234488561483748968102829051640663982502499187547473492819855201240226e-02,2.06674308402647978136512164851454092272995738700180804472495670454226385978984209968272880662221e-02
4,8,8/10,9/10,Cq,-8.28429612839700789131747771947879423950011094409278295824471061855057837941398503100811056762457e-02,-1.36229935664058695731566955262953498399733685451429077924035901454515106843434803434826288762585e-02
4,9,9/10,10/10,Cq,-1.52381958449849471693358325535623442467105192436223834989173691088653280165194203256784189371089e-01,-7.08480512673899888671765925618484591002473405656824956312971303433078782909714485378750938978495e-02
3,0,0/10,1/10,C,8.43856259789939190540885593121615207031327110657129727902063336937321649946876542332997213219838e-02,8.44087852344092814236517407198822304532713079030611062433418896701922515682153431059286058195926e-02
3,1,1/10,2/10,C,7.97936152862235951261069776390652477641651032493815469099696658745892888970122970001032258221929e-02,7.98560301410394763012430759536551640195214988391226715312766529663403573687021258674853103555938e-02
3,2,2/10,3/10,C,7.04985234234059439726150206056396412266197230288720839166942097887716440725074942224963343357676e-02,7.06024713193384554099278193115506443333475378350076310568921718606867222352865609440891948252676e-02
3,3,3/10,4/10,C,5.62436482037894196228369127661687952447572548147129303105592725277850065403847145966174350857553e-02,5.63926421074680114350405691888944838223254807905011377318486815781881007173125931777584492208255e-02
3,4,4/10,5/10,C,3.66523630985306431879525152677218956721393294557616181038719835777947711861728967006703392666114e-02,3.68508440436314932481690289308440797081466537431459312705413086522215729239782753232882539734764e-02
3,5,5/10,6/10,C,1.12360651655462535997215899572572034191999605880088446413277600829172405460070469617010039390674e-02,1.14904962382950388455592838832226075826716459895656143395086368774728836045641828701516046052090e-02
3,6,6/10,7/10,C,-2.05953591551478829516417777067827747213951387126518640061440594928796497293216554453655443194010e-02,-2.02767350849705390057885385182564783910412835961094807821408778447480636549241853061861616667404e-02
3,7,7/10,8/10,C,-5.95235130528845907506367008571094916521954599881659003513126622456459898531309046455849995916917e-02,-5.91309142194360623762140017619701162146456710772201645019983068532106534301310812758746595581641e-02
3,8,8/10,9/10,C,-1.06312386477636521395548959657798149360539666621147055437985245983406543091526890556826671339654e-01,-1.05834009588973736502980645453731392288847561904050514219223492630755676737359377110794666257569e-01
3,9,9/10,10/10,C,-1.61801912984721863131184347951905049785163066621143541093921055262987311426150169202498410769064e-01,-1.61225084867177203432365393399293466418401985395393149096548646483691616887875404043756356198392e-01
3,0,0/10,1/10,Cq,2.93352145268321499388475576839376093216704751174005581708491615949274075385714942605230229711041e-03,3.61977506074330624635543196480632116897402536267420115734232232910947652126063990999720831455533e-02
3,1,1/10,2/10,Cq,4.34081781476313638619452415721560706482782373664291500997588089247869551118885978708682997906899e-03,3.75703092236632432304107757945936475554535909859218025476873188118077433858669719806093009030868e-02
3,2,2/10,3/10,Cq,5.93549017122974922002390946893021681090254949906756503454601611147708258101444445260810926855888e-03,4.05453320498447479348012035212918558078420745405340532335697971532808400733952953815902691049344e-02
3,3,3/10,4/10,Cq,6.83324221305043164689801534913742311243974198117649898883122054231092630779034620897081887365974e-03,4.40481812103196804450199785705229777444327551950059211941856503051274625879642847039241448350465e-02
3,4,4/10,5/10,Cq,5.56190641101801708592479465998532897891769131353705408629603072115729201865513866758248312171543e-03,4.63010034436529850091199097976819416170834493523347417355466203461768570739759394684494001372626e-02
3,5,5/10,6/10,Cq,-2.38861890418363019953559136379646625989036226074049998316102956153913452239867004634781633541268e-04,4.50614851108158511016775767769347019427358346277544166250508261734762088763131345649663665893960e-02
3,6,6/10,7/10,Cq,-1.37881819868702913464741915154617936675978868234571668903942104956927577347954808125940232723793e-02,3.72968197657004531511021233342961916501647813727713961462989794884556749969458605869485150333262e-02
3,7,7/10,8/10,Cq,-3.93534382983356177758536198943013400930742484752094906071460032667247457082356190322325510887666e-02,1.91039723609649343376606166473062155467918847512524335436024380292787801795096607461871699438649e-02
3,8,8/10,9/10,Cq,-8.25184489019526498837779355891100510992856165969436335830701103456024434267691625949102426141556e-02,-1.45953168522475578681886419793162129652256719900882336098508220505176639863934171342633260812799e-02
3,9,9/10,10/10,Cq,-1.50083677549447064500381263906611507004180350709748452458195240502423804917063613964412578511293e-01,-6.99393847192226664287451747113076361002559798055941089242636379759151434608146614023540933802137e-02
2,0,0/10,1/10,C,8.37633833611972991046810325207198865882023781698868825026518070703076542423127561193443509292313e-02,8.37860497315135341069371048691822524994588555038027240423236438715226931944714537245257078169348e-02
2,1,1/10,2/10,C,7.91291697511116641008863177407143287173728399582263608307101762826079829389739004152160169634868e-02,7.91908888718349871356158507158561623510805110705865322023426489644083517155754926285957028057385e-02
2,2,2/10,3/10,C,6.97648780550970289701944042057680824373923305693398194944233144123260124773873775079252275909909e-02,6.98679988479178088973078626446201193141653897433529522541839113491686375175476339141313531677881e-02
2,3,3/10,4/10,C,5.54457607625735557056370798960850398099471019768043915254384379831596350791342670513639764364001e-02,5.55935267137499172465559062582620504667464136338318191126011597787426415819337430352716510488196e-02
2,4,4/10,5/10,C,3.58450887407548020177408729071057090595193490547482558080976925574762248035002058256253674240787e-02,3.60417633314407950560779255396358585109128120535336811029568255722883270646896620226182176774057e-02
2,5,5/10,6/10,C,1.05451366040287919954253512401638804036985907503614947713833483847291282946603729343687863783187e-02,1.07971145080107314582956299898751198199822005581541947692856280118305761831275588907264647601341e-02
2,6,6/10,7/10,C,-2.09485342414393828274832414365853083109802845738880009966207809138705556345025736130327922825650e-02,-2.06333734692561750065574545145142079619372961002507923229379864959195440461102323810067019478497e-02
2,7,7/10,8/10,C,-5.91928151247894297982388334349987944677041579685330947351437896184296413203768386275106567575879e-02,-5.88054586131145312686684664714818886744683770113427810170215138204392004628988299109117868250919e-02
2,8,8/10,9/10,C,-1.04793175500629073503986821287587373959394917962822677687088220998044006299969950570790673440015e-01,-1.04323144442978629340169133379754317568174880937400085443735503942987260084419246514258993850619e-01
2,9,9/10,10/10,C,-1.58391984422067402945869363065203064720234519962840175073776127227329127594489118612261499886846e-01,-1.57827498190339865281618982279792935822960537341076900127204590631606999789729235014822546525426e-01
2,0,0/10,1/10,Cq,4.02211503910946441115039727071620028212013827589902856458850150223200647581262828166407411626129e-03,3.60487058424919619663281082015643530052599272623374133342695262190520547087231275858248130456531e-02
2,1,1/10,2/10,Cq,5.37121385135662493159060227045452028775533897263148645079569014803319117699136051555012822863222e-03,3.74319542617171595194404976007920714165583105765816877301582657186946272213032616853098608369136e-02
2,2,2/10,3/10,Cq,6.72453688233872808221466355166067190757895355634985425053309578855509137652799560062900132984137e-03,4.03925774667083060975325840853730949068979930632017584185839212963484203838787811601496059324407e-02
2,3,3/10,4/10,Cq,7.39876851692068556870058166117671470718131395677819410782053504908456545459373434913480708390122e-03,4.36383991052438503468630111822232780445997320560817637483225236725538736160485582175393669742480e-02
2,4,4/10,5/10,Cq,5.83101877251963877211461867553756297660044172075855773785182037579401068642132723795101958212038e-03,4.55524443077602556240396407352472325877778688354100942009934272169142557066273828880496317977548e-02
2,5,5/10,6/10,Cq,-3.03119198120230357796314582652673009932605637286780143289953294619893563462209142806016918219006e-04,4.39327000314264014601829459940653787774896024278339660491508382581566765060304650786772202719495e-02
2,6,6/10,7/10,Cq,-1.41247218688870012617973239851561788327735222155501406812097222250408913769621437125035697472918e-02,3.58514250062126786889066241676089712516918552957994181510045461141069031178855328704261745568898e-02
2,7,7/10,8/10,Cq,-3.97209127954764071607995586741667345841170672859008340238281600787378552705043936429428372775162e-02,1.76407242495987168333744580800488995705225704888834989193594414719152296422227286442081707695174e-02
2,8,8/10,9/10,Cq,-8.22384552292038757368054100389161355456774832228204845956660978330352851969097578643471148094408e-02,-1.54592882763640096048041045893056143257199742648209407302992892622828078633287073130548319832790e-02
2,9,9/10,10/10,Cq,-1.47850483497903121756078886255601387955687062261121424071602477209785671038257818590460128983620e-01,-6.89978875415801568908521358166090363966412323979432494585923312719543233844546125315754157538790e-02
1,0,0/10,1/10,C,8.31247930463332508019402347312905917072959468916131482021017552306993881091934715707914057690982e-02,8.31470115464978075884295157879139787773287400227770622687642266010687034768804722490841058264052e-02
1,1,1/10,2/10,C,7.84506216269980237231601914423200610798942854166137451237442529074922535786490911760945230663070e-02,7.85118376400084051107505416789619585615095241331831780914613274766620580639013392698785078307204e-02
1,2,2/10,3/10,C,6.90220191663795805251144706950981041156735045975095647239077047262092932498978700912386857325658e-02,6.91244995946932678354903221027853675864706513023179336211175086072433259259006201433739513356128e-02
1,3,3/10,4/10,C,5.46460664622319242587085597317024549688350060720983627471818041804934918394449469598570873194071e-02,5.47929548887582585023808082627862417111983765570468905297669966228336319224889532986371319227727e-02
1,4,4/10,5/10,C,3.50456600026605869648885746341975758481191603811114703849713071556238856621727816151261763526648e-02,3.52412144618375581679596367955053860984902684070896956211933243071207744761139608795023241917678e-02
1,5,5/10,6/10,C,9.87271620731663682526483775111560370441244047714420343466723387795960547579094198446774711645863e-03,1.01233126251410119098110231896670597561967263469899754877346917541438165493476594386001147529406e-02
1,6,6/10,7/10,C,-2.12744770744762883858100756771867973134724876107404041859431229541216615792717140106114915394940e-02,-2.09614693092642913499878073551862949191681435565892421105700319785651542319048058518613981121285e-02
1,7,7/10,8/10,C,-5.88345549828029827211084216830092910590019845137171832125469368283810399262312585511613999295428e-02,-5.84507235280328304137012477159919089345238900920070479664205281409295344279362616966198191855565e-02
1,8,8/10,9/10,C,-1.03266039824638623342739847782433997210049540312061254694982621554956607032269230036754982721563e-01,-1.02801756294298851652342144834332946926208264518114115585565287436755520455804857708040346533740e-01
1,9,9/10,10/10,C,-1.55032490907305537882763214390961637608074863458471492773161438018628534175654059852523404232550e-01,-1.54476817395055512252237864302464199901755375022925748923413163281072029722240407149807208693329e-01
1,0,0/10,1/10,Cq,5.06873608753515795941541362718020330819497063271270167535810058468322567803584117393119100391708e-03,3.60221286826332525556857220009167411321156382828610829145990204025964098959854803795184819486347e-02
1,1,1/10,2/10,Cq,6.21285985001451670058187877958396335426982720403274794577021338947052655396657526496077975635060e-03,3.74492090631564887594788373599803306268110963141215596702601522007208965069371290568777197495684e-02
1,2,2/10,3/10,Cq,7.42881066775871420768566824362267785563693442763670931925205727139529861426165715505857292364046e-03,4.02560051404582852171494370473203217138078444376042598492123948843089867682616411833441224264153e-02
1,3,3/10,4/10,Cq,7.86992258865745375676211318216299788619237482314317118951154297159127473374779103558377734709714e-03,4.32547098044774155534531780645446766809867955273597375294597532570975287754271189867921179927752e-02
1,4,4/10,5/10,Cq,5.99354927609820577977920775093105602324214273691242704835779119774248865957284347244373000197213e-03,4.48482364512170770244705532756767107961370864844787495260224098591883655892433808969944875746084e-02
1,5,5/10,6/10,Cq,-4.81395178227693299382496269155858203620482506949752113477589298970525393470571322268767440502048e-04,4.28781910378724206745529096899982048857557693088006184054014627847238009742548937381689908936786e-02
1,6,6/10,7/10,Cq,-1.45676277671434634804983915959707979305503540125953461625392200944101602276478415260507984608968e-02,3.45182285806722890410674534898449116422204153920448465358088744069724307480849673916956814854864e-02
1,7,7/10,8/10,Cq,-4.01641740238265615420339155335979018281277258848686834750778319104230517836646549706112854040460e-02,1.63200844132716169145558349680258854165885380290240317928598683660646060834661957326803645971540e-02
1,8,8/10,9/10,Cq,-8.20093382521012554497806244191662707759522790552692021724795638424091807735018455006912749415476e-02,-1.61895598524502088970708893118421768568088499433920656915211335155207231001181917810096183955906e-02
1,9,9/10,10/10,Cq,-1.45674983825919695200403663037719922707970863548757970535324854907385863926603169398876815044788e-01,-6.80206729533646254198322575426993960613806860471325290134806136530184109562726862875739494068103e-02
0,0,0/10,1/10,C,8.24700984548176579146458613818896765744592087667842777082331404846269445753268027687486455388709e-02,8.24919750065130650737254455429162901881263791461325666058606235158885693492681395307130848838755e-02
0,1,1/10,2/10,C,7.77582670497524403187627608481379843563956608191043717021417390176055516455823216037649864323325e-02,7.78193313345553914182371722837718865837222778733716603145272619301528194676503789317467329562266e-02
0,2,2/10,3/10,C,6.82702224034548788602979746859606549563476141996212750413649699979099786347672705359528825805492e-02,6.83725789567319188908024542334553852561445631748361281032872872921259521254022202955958280967192e-02
0,3,3/10,4/10,C,5.38448439833358321567896708273589704724023811391506916017917428437475844760476637526280065710033e-02,5.39917000129511217028364239351579709203855677494483184655021369084351950313223190491591223705576e-02
0,4,4/10,5/10,C,3.42542877254241035936020251243473719498347571278561808394083800198890722175169623037800009628039e-02,3.44499125971783092332761944520488284117469909953557397971771319217382718436892302279438423332129e-02
0,5,5/10,6/10,C,9.21902432915980988624969227431899987302458060955289019330101360697302514593402602407508149919467e-03,9.46953473592073857328652273492678554716665670339608183257930491683150741590068604226485289832934e-03
0,6,6/10,7/10,C,-2.15734231140082013502662252990431726982973796870679541323352838345921988813589704194084241165644e-02,-2.12610993756688733854914395447002012012350710146962451959791574654135993259928512497076633073112e-02
0,7,7/10,8/10,C,-5.84499862311668009052367475850164680231836538803725284327393392295602703252059989833875770615555e-02,-5.80678407739480675645528388021175096197742702991698157951227724299184540494411591036639685396499e-02
0,8,8/10,9/10,C,-1.01732734688940528519700079296670512299464512384101525369748793692884685928920512696839141212549e-01,-1.01272137663063584209748737108113544233265455138901094209548870027883885134313262756358081062137e-01
0,9,9/10,10/10,C,-1.51722752132863491942103701638822873998087779847520260697180676457620995831877459972973001830338e-01,-1.51174420852521132789079976869545330508359588999739838082209610739231405425477053876853147258438e-01
0,0,0/10,1/10,Cq,6.04586988275319223811628551870038041173809634524136500843015935981121169953786135750785593934925e-03,3.60973181301441136160761674939716473758455005452725623721202681425256572182649568487964645665128e-02
0,1,1/10,2/10,Cq,6.93286027264278648391598910067536705733496794829459167412442943228771479242882759121116901095556e-03,3.75381596977672791071275536152853754545260538605865502282741893661483341288688109495990868572493e-02
0,2,2/10,3/10,Cq,8.08443840035640598061881323128981329887925385592079984153635355201450172339775993052599042797818e-03,4.01455920357128732464245394488061896660122379673346778830066015908731213994108320606074577541475e-02
0,3,3/10,4/10,Cq,8.28918656389835670544492972668274723506432493244361054848017285980251142357163446856663386593551e-03,4.29023710469241488239388946101521365908473100303601485186712401868636247709825150732618114419739e-02
0,4,4/10,5/10,Cq,6.10391283470693057699828095622544964073931203638593921940383348079243547162770107211850852989034e-03,4.41841792888163547312898299395239983004450959929935643591583074809102570243655818601313508004116e-02
0,5,5/10,6/10,Cq,-7.07051737870032751643220481864299381408103392474307555714821857546385687207778716426130034471209e-04,4.18778897295412967015904486673728451808646501489263866649783069569822016411094696622533460043540e-02
0,6,6/10,7/10,Cq,-1.50507119645234643188316848913134732471924626548972859948573316588926938100034043213844155836718e-02,3.32731691437987834306212363054647831548749902854807101958864379125576298206966934852848035326318e-02
0,7,7/10,8/10,Cq,-4.06289784352032029874911784161530335111348875785265916583624265104032096941534289480854929755601e-02,1.50794872140165528970915311835658635318768491616946322299312783853369241232084083242677689750299e-02
0,8,8/10,9/10,Cq,-8.17847313628701162783171684185862488831662363778104032665960292434949861682103443735668581232655e-02,-1.68558079344623484045293529363986115777946138279336080700229146072515035400315792316379694787871e-02
0,9,9/10,10/10,Cq,-1.43537078011936008988640959653596152598564812272512056717525448424159120544888120335527473281717e-01,-6.70495176967717341648269326040944334296537244026050237468168651699023548843147054191108694834939e-02
